timestampFuente,lluviaLote,humedadFoliar,horasHumectacion,tempFoliar,riesgoMonilia,bateria
2026-08-13T00:00:00+00:00,1.8,29.8,0.0,21.1,9,58
2026-08-13T00:01:00+00:00,1.6,29.1,0.0,21.1,9,58
2026-08-13T00:02:00+00:00,1.5,28.4,0.0,21.1,8,58
2026-08-13T00:03:00+00:00,1.4,27.7,0.0,21.0,8,58
2026-08-13T00:04:00+00:00,1.3,27.0,0.0,21.0,8,58
2026-08-13T00:05:00+00:00,1.1,26.3,0.0,20.9,7,58
2026-08-13T00:06:00+00:00,1.0,25.6,0.0,20.8,7,58
2026-08-13T00:07:00+00:00,0.9,25.0,0.0,20.7,6,58
2026-08-13T00:08:00+00:00,0.8,24.3,0.0,20.7,6,58
2026-08-13T00:09:00+00:00,0.6,23.6,0.0,20.6,6,58
2026-08-13T00:10:00+00:00,0.5,22.8,0.0,20.5,5,58
2026-08-13T00:11:00+00:00,0.4,22.1,0.0,20.4,5,58
2026-08-13T00:12:00+00:00,0.2,21.4,0.0,20.4,5,58
2026-08-13T00:13:00+00:00,0.1,20.7,0.0,20.3,4,58
2026-08-13T00:14:00+00:00,0.0,20.1,0.0,20.3,4,58
2026-08-13T00:15:00+00:00,0.0,20.1,0.0,20.3,4,58
2026-08-13T00:16:00+00:00,0.0,20.1,0.0,20.3,4,58
2026-08-13T00:17:00+00:00,0.0,20.1,0.0,20.3,4,58
2026-08-13T00:18:00+00:00,0.0,20.0,0.0,20.4,4,58
2026-08-13T00:19:00+00:00,0.0,19.9,0.0,20.4,4,58
2026-08-13T00:20:00+00:00,0.0,19.9,0.0,20.5,4,58
2026-08-13T00:21:00+00:00,0.0,19.8,0.0,20.6,5,59
2026-08-13T00:22:00+00:00,0.0,19.7,0.0,20.7,5,59
2026-08-13T00:23:00+00:00,0.0,19.6,0.0,20.8,5,59
2026-08-13T00:24:00+00:00,0.0,19.5,0.0,20.8,5,59
2026-08-13T00:25:00+00:00,0.0,19.4,0.0,20.9,5,59
2026-08-13T00:26:00+00:00,0.0,19.3,0.0,21.0,5,59
2026-08-13T00:27:00+00:00,0.0,19.2,0.0,21.1,5,59
2026-08-13T00:28:00+00:00,0.0,19.2,0.0,21.1,5,59
2026-08-13T00:29:00+00:00,0.0,19.2,0.0,21.1,5,59
2026-08-13T00:30:00+00:00,0.0,19.1,0.0,21.1,5,59
2026-08-13T00:31:00+00:00,0.0,19.8,0.0,21.1,6,59
2026-08-13T00:32:00+00:00,0.0,20.4,0.0,21.1,6,59
2026-08-13T00:33:00+00:00,0.0,21.1,0.0,21.1,6,59
2026-08-13T00:34:00+00:00,0.0,21.7,0.0,21.0,6,59
2026-08-13T00:35:00+00:00,0.0,22.4,0.0,20.9,6,59
2026-08-13T00:36:00+00:00,0.0,23.0,0.0,20.9,6,59
2026-08-13T00:37:00+00:00,0.0,23.7,0.0,20.8,6,59
2026-08-13T00:38:00+00:00,0.0,24.3,0.0,20.7,6,59
2026-08-13T00:39:00+00:00,0.0,25.0,0.0,20.6,6,59
2026-08-13T00:40:00+00:00,0.0,25.6,0.0,20.6,6,59
2026-08-13T00:41:00+00:00,0.0,26.3,0.0,20.5,6,59
2026-08-13T00:42:00+00:00,0.0,26.9,0.0,20.4,6,59
2026-08-13T00:43:00+00:00,0.0,27.6,0.0,20.4,6,59
2026-08-13T00:44:00+00:00,0.0,28.2,0.0,20.4,6,59
2026-08-13T00:45:00+00:00,0.0,28.9,0.0,20.4,6,59
2026-08-13T00:46:00+00:00,0.0,29.5,0.0,20.4,7,59
2026-08-13T00:47:00+00:00,0.0,30.2,0.0,20.4,7,59
2026-08-13T00:48:00+00:00,0.0,31.0,0.0,20.3,7,59
2026-08-13T00:49:00+00:00,0.0,31.8,0.0,20.3,7,59
2026-08-13T00:50:00+00:00,0.0,32.6,0.0,20.3,7,59
2026-08-13T00:51:00+00:00,0.0,33.4,0.0,20.2,7,59
2026-08-13T00:52:00+00:00,0.0,34.2,0.0,20.2,7,59
2026-08-13T00:53:00+00:00,0.0,35.1,0.0,20.2,7,59
2026-08-13T00:54:00+00:00,0.0,35.9,0.0,20.1,7,59
2026-08-13T00:55:00+00:00,0.0,36.8,0.0,20.1,7,59
2026-08-13T00:56:00+00:00,0.0,37.6,0.0,20.1,7,59
2026-08-13T00:57:00+00:00,0.0,38.3,0.0,20.0,7,60
2026-08-13T00:58:00+00:00,0.0,39.1,0.0,20.0,7,60
2026-08-13T00:59:00+00:00,0.0,39.8,0.0,20.0,7,60
2026-08-13T01:00:00+00:00,0.0,40.5,0.0,20.0,8,60
2026-08-13T01:01:00+00:00,0.0,41.1,0.0,20.0,8,60
2026-08-13T01:02:00+00:00,0.0,41.6,0.0,20.0,8,60
2026-08-13T01:03:00+00:00,0.0,42.1,0.0,20.0,8,60
2026-08-13T01:04:00+00:00,0.0,42.5,0.0,20.0,8,60
2026-08-13T01:05:00+00:00,0.0,42.8,0.0,20.1,8,60
2026-08-13T01:06:00+00:00,0.0,43.1,0.0,20.1,9,60
2026-08-13T01:07:00+00:00,0.0,43.4,0.0,20.1,9,60
2026-08-13T01:08:00+00:00,0.0,43.7,0.0,20.2,9,60
2026-08-13T01:09:00+00:00,0.0,44.0,0.0,20.2,9,60
2026-08-13T01:10:00+00:00,0.0,44.3,0.0,20.3,9,60
2026-08-13T01:11:00+00:00,0.0,44.7,0.0,20.3,10,60
2026-08-13T01:12:00+00:00,0.0,45.1,0.0,20.3,10,60
2026-08-13T01:13:00+00:00,0.0,45.5,0.0,20.3,10,60
2026-08-13T01:14:00+00:00,0.0,46.1,0.0,20.3,10,60
2026-08-13T01:15:00+00:00,0.0,46.7,0.0,20.3,10,60
2026-08-13T01:16:00+00:00,0.0,47.3,0.0,20.3,11,60
2026-08-13T01:17:00+00:00,0.0,48.0,0.0,20.4,11,60
2026-08-13T01:18:00+00:00,0.0,48.7,0.0,20.4,11,60
2026-08-13T01:19:00+00:00,0.0,49.4,0.0,20.4,12,60
2026-08-13T01:20:00+00:00,0.0,50.1,0.02,20.5,12,60
2026-08-13T01:21:00+00:00,0.0,50.9,0.03,20.6,13,60
2026-08-13T01:22:00+00:00,0.0,51.6,0.05,20.6,13,60
2026-08-13T01:23:00+00:00,0.0,52.3,0.07,20.7,14,60
2026-08-13T01:24:00+00:00,0.0,53.1,0.08,20.8,14,60
2026-08-13T01:25:00+00:00,0.0,53.8,0.1,20.8,15,60
2026-08-13T01:26:00+00:00,0.0,54.5,0.12,20.9,15,60
2026-08-13T01:27:00+00:00,0.0,55.2,0.13,20.9,16,60
2026-08-13T01:28:00+00:00,0.0,55.9,0.15,20.9,16,60
2026-08-13T01:29:00+00:00,0.0,56.6,0.17,21.0,17,61
2026-08-13T01:30:00+00:00,0.0,57.3,0.18,21.0,17,61
2026-08-13T01:31:00+00:00,0.0,57.9,0.2,21.0,17,61
2026-08-13T01:32:00+00:00,0.0,58.7,0.22,20.9,17,61
2026-08-13T01:33:00+00:00,0.0,59.4,0.23,20.9,17,61
2026-08-13T01:34:00+00:00,0.0,60.2,0.25,20.8,17,61
2026-08-13T01:35:00+00:00,0.0,61.1,0.27,20.7,17,61
2026-08-13T01:36:00+00:00,0.0,62.0,0.28,20.6,16,61
2026-08-13T01:37:00+00:00,0.0,62.9,0.3,20.5,16,61
2026-08-13T01:38:00+00:00,0.0,63.7,0.32,20.4,15,61
2026-08-13T01:39:00+00:00,0.0,64.6,0.33,20.3,15,61
2026-08-13T01:40:00+00:00,0.0,65.5,0.35,20.2,15,61
2026-08-13T01:41:00+00:00,0.0,66.4,0.37,20.2,14,61
2026-08-13T01:42:00+00:00,0.0,67.2,0.38,20.1,14,61
2026-08-13T01:43:00+00:00,0.0,67.9,0.4,20.0,14,61
2026-08-13T01:44:00+00:00,0.0,68.7,0.42,20.0,14,61
2026-08-13T01:45:00+00:00,0.0,69.3,0.43,20.0,14,61
2026-08-13T01:46:00+00:00,0.0,69.9,0.45,20.0,14,61
2026-08-13T01:47:00+00:00,0.0,70.4,0.47,20.0,14,61
2026-08-13T01:48:00+00:00,0.0,70.9,0.48,20.1,15,61
2026-08-13T01:49:00+00:00,0.0,71.2,0.5,20.2,16,61
2026-08-13T01:50:00+00:00,0.0,71.5,0.52,20.3,16,61
2026-08-13T01:51:00+00:00,0.0,71.8,0.53,20.4,17,61
2026-08-13T01:52:00+00:00,0.0,72.0,0.55,20.5,18,61
2026-08-13T01:53:00+00:00,0.0,72.3,0.57,20.6,19,61
2026-08-13T01:54:00+00:00,0.0,72.5,0.58,20.7,20,61
2026-08-13T01:55:00+00:00,0.0,72.8,0.6,20.8,21,61
2026-08-13T01:56:00+00:00,0.0,73.1,0.62,20.9,22,61
2026-08-13T01:57:00+00:00,0.0,73.4,0.63,21.0,23,61
2026-08-13T01:58:00+00:00,0.0,73.9,0.65,21.1,23,61
2026-08-13T01:59:00+00:00,0.0,74.4,0.67,21.1,24,61
2026-08-13T02:00:00+00:00,0.0,75.0,0.68,21.1,24,61
2026-08-13T02:01:00+00:00,0.0,74.9,0.7,21.1,24,61
2026-08-13T02:02:00+00:00,0.0,74.9,0.72,21.1,24,61
2026-08-13T02:03:00+00:00,0.0,74.7,0.73,21.1,24,61
2026-08-13T02:04:00+00:00,0.0,74.5,0.75,21.0,24,61
2026-08-13T02:05:00+00:00,0.0,74.3,0.77,21.0,23,61
2026-08-13T02:06:00+00:00,0.0,74.0,0.78,21.0,23,61
2026-08-13T02:07:00+00:00,0.0,73.7,0.8,21.0,23,61
2026-08-13T02:08:00+00:00,0.0,73.5,0.82,20.9,22,61
2026-08-13T02:09:00+00:00,0.0,73.2,0.83,20.9,22,61
2026-08-13T02:10:00+00:00,0.0,72.9,0.85,20.9,22,61
2026-08-13T02:11:00+00:00,0.0,72.7,0.87,20.8,22,61
2026-08-13T02:12:00+00:00,0.0,72.5,0.88,20.8,21,61
2026-08-13T02:13:00+00:00,0.0,72.3,0.9,20.8,21,61
2026-08-13T02:14:00+00:00,0.0,72.3,0.92,20.8,21,61
2026-08-13T02:15:00+00:00,0.0,72.2,0.93,20.8,21,61
2026-08-13T02:16:00+00:00,0.0,72.3,0.95,20.8,21,61
2026-08-13T02:17:00+00:00,0.0,72.5,0.97,20.8,21,61
2026-08-13T02:18:00+00:00,0.0,72.9,0.98,20.8,22,61
2026-08-13T02:19:00+00:00,0.0,73.3,1.0,20.8,22,61
2026-08-13T02:20:00+00:00,0.0,73.9,1.02,20.8,22,61
2026-08-13T02:21:00+00:00,0.0,74.5,1.03,20.8,22,61
2026-08-13T02:22:00+00:00,0.0,75.2,1.05,20.8,23,61
2026-08-13T02:23:00+00:00,0.0,75.9,1.07,20.9,23,61
2026-08-13T02:24:00+00:00,0.0,76.6,1.08,20.9,24,61
2026-08-13T02:25:00+00:00,0.0,77.2,1.1,20.9,24,61
2026-08-13T02:26:00+00:00,0.0,77.7,1.12,20.9,24,61
2026-08-13T02:27:00+00:00,0.0,78.2,1.13,20.9,25,61
2026-08-13T02:28:00+00:00,0.0,78.5,1.15,20.9,25,61
2026-08-13T02:29:00+00:00,0.0,78.8,1.17,20.9,25,61
2026-08-13T02:30:00+00:00,0.0,78.8,1.18,20.9,25,61
2026-08-13T02:31:00+00:00,0.0,78.8,1.2,20.9,25,61
2026-08-13T02:32:00+00:00,0.0,78.5,1.22,20.9,25,61
2026-08-13T02:33:00+00:00,0.0,78.2,1.23,20.9,25,61
2026-08-13T02:34:00+00:00,0.0,77.7,1.25,20.9,24,61
2026-08-13T02:35:00+00:00,0.0,77.1,1.27,20.9,24,61
2026-08-13T02:36:00+00:00,0.0,76.4,1.28,20.8,23,61
2026-08-13T02:37:00+00:00,0.0,75.7,1.3,20.8,23,61
2026-08-13T02:38:00+00:00,0.0,75.0,1.32,20.7,22,61
2026-08-13T02:39:00+00:00,0.0,74.3,1.33,20.7,22,61
2026-08-13T02:40:00+00:00,0.0,73.6,1.35,20.7,22,61
2026-08-13T02:41:00+00:00,0.0,73.0,1.37,20.6,21,61
2026-08-13T02:42:00+00:00,0.0,72.6,1.38,20.6,21,61
2026-08-13T02:43:00+00:00,0.0,72.2,1.4,20.6,21,61
2026-08-13T02:44:00+00:00,0.0,72.0,1.42,20.6,21,61
2026-08-13T02:45:00+00:00,0.0,71.9,1.43,20.6,20,61
2026-08-13T02:46:00+00:00,0.0,71.9,1.45,20.6,21,61
2026-08-13T02:47:00+00:00,0.0,71.9,1.47,20.6,21,61
2026-08-13T02:48:00+00:00,0.0,72.0,1.48,20.6,21,61
2026-08-13T02:49:00+00:00,0.0,72.1,1.5,20.6,21,61
2026-08-13T02:50:00+00:00,0.0,72.2,1.52,20.6,21,61
2026-08-13T02:51:00+00:00,0.0,72.3,1.53,20.7,21,61
2026-08-13T02:52:00+00:00,0.0,72.5,1.55,20.7,22,61
2026-08-13T02:53:00+00:00,0.0,72.6,1.57,20.7,22,61
2026-08-13T02:54:00+00:00,0.0,72.7,1.58,20.7,22,61
2026-08-13T02:55:00+00:00,0.0,72.9,1.6,20.7,22,61
2026-08-13T02:56:00+00:00,0.0,73.0,1.62,20.8,23,61
2026-08-13T02:57:00+00:00,0.0,73.1,1.63,20.8,23,61
2026-08-13T02:58:00+00:00,0.0,73.1,1.65,20.8,23,61
2026-08-13T02:59:00+00:00,0.0,73.2,1.67,20.8,23,61
2026-08-13T03:00:00+00:00,0.0,73.2,1.68,20.8,23,61
2026-08-13T03:01:00+00:00,0.0,73.2,1.7,20.8,23,61
2026-08-13T03:02:00+00:00,0.0,73.3,1.72,20.8,23,61
2026-08-13T03:03:00+00:00,0.0,73.4,1.73,20.7,23,61
2026-08-13T03:04:00+00:00,0.0,73.6,1.75,20.6,22,61
2026-08-13T03:05:00+00:00,0.0,73.8,1.77,20.6,21,61
2026-08-13T03:06:00+00:00,0.0,74.0,1.78,20.5,21,61
2026-08-13T03:07:00+00:00,0.0,74.2,1.8,20.4,20,61
2026-08-13T03:08:00+00:00,0.0,74.5,1.82,20.3,19,61
2026-08-13T03:09:00+00:00,0.0,74.7,1.83,20.2,19,61
2026-08-13T03:10:00+00:00,0.0,75.0,1.85,20.1,18,61
2026-08-13T03:11:00+00:00,0.0,75.2,1.87,20.0,17,61
2026-08-13T03:12:00+00:00,0.0,75.3,1.88,20.0,17,61
2026-08-13T03:13:00+00:00,0.0,75.4,1.9,19.9,17,61
2026-08-13T03:14:00+00:00,0.0,75.5,1.92,19.9,16,61
2026-08-13T03:15:00+00:00,0.0,75.5,1.93,19.9,16,61
2026-08-13T03:16:00+00:00,0.0,75.6,1.95,19.9,16,61
2026-08-13T03:17:00+00:00,0.0,75.7,1.97,19.9,17,61
2026-08-13T03:18:00+00:00,0.0,75.9,1.98,20.0,17,62
2026-08-13T03:19:00+00:00,0.0,76.1,2.0,20.1,18,62
2026-08-13T03:20:00+00:00,0.0,76.5,2.02,20.1,19,62
2026-08-13T03:21:00+00:00,0.0,76.8,2.03,20.2,20,62
2026-08-13T03:22:00+00:00,0.0,77.2,2.05,20.3,21,62
2026-08-13T03:23:00+00:00,0.0,77.6,2.07,20.4,22,62
2026-08-13T03:24:00+00:00,0.0,77.9,2.08,20.5,23,62
2026-08-13T03:25:00+00:00,0.0,78.3,2.1,20.6,24,62
2026-08-13T03:26:00+00:00,0.0,78.6,2.12,20.7,25,62
2026-08-13T03:27:00+00:00,0.0,78.9,2.13,20.8,25,62
2026-08-13T03:28:00+00:00,0.0,79.0,2.15,20.8,26,62
2026-08-13T03:29:00+00:00,0.0,79.2,2.17,20.9,26,62
2026-08-13T03:30:00+00:00,0.0,79.2,2.18,20.9,27,62
2026-08-13T03:31:00+00:00,0.0,79.2,2.2,20.9,27,62
2026-08-13T03:32:00+00:00,0.0,79.1,2.22,20.9,27,62
2026-08-13T03:33:00+00:00,0.0,78.9,2.23,20.9,27,62
2026-08-13T03:34:00+00:00,0.0,78.7,2.25,20.9,27,62
2026-08-13T03:35:00+00:00,0.0,78.4,2.27,20.9,27,62
2026-08-13T03:36:00+00:00,0.0,78.1,2.28,20.9,26,62
2026-08-13T03:37:00+00:00,0.0,77.7,2.3,20.9,26,62
2026-08-13T03:38:00+00:00,0.0,77.4,2.32,20.9,26,62
2026-08-13T03:39:00+00:00,0.0,77.0,2.33,20.9,26,62
2026-08-13T03:40:00+00:00,0.0,76.7,2.35,20.9,26,62
2026-08-13T03:41:00+00:00,0.0,76.5,2.37,20.9,26,62
2026-08-13T03:42:00+00:00,0.0,76.2,2.38,20.9,26,62
2026-08-13T03:43:00+00:00,0.0,76.1,2.4,20.9,26,62
2026-08-13T03:44:00+00:00,0.0,75.9,2.42,20.9,26,62
2026-08-13T03:45:00+00:00,0.0,75.9,2.43,20.9,26,62
2026-08-13T03:46:00+00:00,0.0,75.9,2.45,20.9,26,62
2026-08-13T03:47:00+00:00,0.0,75.9,2.47,20.9,26,62
2026-08-13T03:48:00+00:00,0.0,75.9,2.48,20.8,26,62
2026-08-13T03:49:00+00:00,0.0,75.9,2.5,20.8,25,62
2026-08-13T03:50:00+00:00,0.0,75.9,2.52,20.7,24,62
2026-08-13T03:51:00+00:00,0.0,75.9,2.53,20.6,24,62
2026-08-13T03:52:00+00:00,0.0,75.8,2.55,20.5,23,62
2026-08-13T03:53:00+00:00,0.0,75.8,2.57,20.4,22,62
2026-08-13T03:54:00+00:00,0.0,75.8,2.58,20.4,21,62
2026-08-13T03:55:00+00:00,0.0,75.8,2.6,20.3,21,62
2026-08-13T03:56:00+00:00,0.0,75.8,2.62,20.2,20,62
2026-08-13T03:57:00+00:00,0.0,75.8,2.63,20.2,20,62
2026-08-13T03:58:00+00:00,0.0,75.8,2.65,20.1,19,62
2026-08-13T03:59:00+00:00,0.0,75.8,2.67,20.1,19,62
2026-08-13T04:00:00+00:00,0.0,75.8,2.68,20.1,19,62
2026-08-13T04:01:00+00:00,0.0,75.7,2.7,20.1,19,62
2026-08-13T04:02:00+00:00,0.0,75.6,2.72,20.1,19,62
2026-08-13T04:03:00+00:00,0.0,75.5,2.73,20.1,20,62
2026-08-13T04:04:00+00:00,0.0,75.3,2.75,20.2,20,62
2026-08-13T04:05:00+00:00,0.0,75.0,2.77,20.2,20,62
2026-08-13T04:06:00+00:00,0.0,74.7,2.78,20.3,21,62
2026-08-13T04:07:00+00:00,0.0,74.4,2.8,20.4,22,62
2026-08-13T04:08:00+00:00,0.0,74.1,2.82,20.4,22,62
2026-08-13T04:09:00+00:00,0.0,73.8,2.83,20.5,23,62
2026-08-13T04:10:00+00:00,0.0,73.6,2.85,20.6,23,62
2026-08-13T04:11:00+00:00,0.0,73.3,2.87,20.6,24,62
2026-08-13T04:12:00+00:00,0.0,73.1,2.88,20.7,24,62
2026-08-13T04:13:00+00:00,0.0,73.0,2.9,20.7,24,62
2026-08-13T04:14:00+00:00,0.0,72.9,2.92,20.7,25,62
2026-08-13T04:15:00+00:00,0.0,72.8,2.93,20.7,25,62
2026-08-13T04:16:00+00:00,0.0,72.9,2.95,20.7,25,62
2026-08-13T04:17:00+00:00,0.0,73.2,2.97,20.7,25,62
2026-08-13T04:18:00+00:00,0.0,73.6,2.98,20.7,24,62
2026-08-13T04:19:00+00:00,0.0,74.1,3.0,20.6,24,62
2026-08-13T04:20:00+00:00,0.0,74.8,3.02,20.6,24,62
2026-08-13T04:21:00+00:00,0.0,75.6,3.03,20.5,23,62
2026-08-13T04:22:00+00:00,0.0,76.4,3.05,20.4,23,62
2026-08-13T04:23:00+00:00,0.0,77.2,3.07,20.3,22,62
2026-08-13T04:24:00+00:00,0.0,78.0,3.08,20.3,22,62
2026-08-13T04:25:00+00:00,0.0,78.7,3.1,20.2,21,62
2026-08-13T04:26:00+00:00,0.0,79.4,3.12,20.1,21,62
2026-08-13T04:27:00+00:00,0.0,79.9,3.13,20.1,20,62
2026-08-13T04:28:00+00:00,0.0,80.4,3.15,20.0,20,62
2026-08-13T04:29:00+00:00,0.0,80.6,3.17,20.0,20,62
2026-08-13T04:30:00+00:00,0.0,80.7,3.18,20.0,20,62
2026-08-13T04:31:00+00:00,0.0,80.7,3.2,20.0,20,62
2026-08-13T04:32:00+00:00,0.0,80.7,3.22,20.0,20,62
2026-08-13T04:33:00+00:00,0.0,80.7,3.23,20.1,21,62
2026-08-13T04:34:00+00:00,0.0,80.6,3.25,20.1,21,62
2026-08-13T04:35:00+00:00,0.0,80.6,3.27,20.2,22,62
2026-08-13T04:36:00+00:00,0.0,80.6,3.28,20.3,23,62
2026-08-13T04:37:00+00:00,0.0,80.5,3.3,20.3,23,62
2026-08-13T04:38:00+00:00,0.0,80.5,3.32,20.4,24,62
2026-08-13T04:39:00+00:00,0.0,80.5,3.33,20.5,25,62
2026-08-13T04:40:00+00:00,0.0,80.4,3.35,20.6,26,62
2026-08-13T04:41:00+00:00,0.0,80.4,3.37,20.6,26,62
2026-08-13T04:42:00+00:00,0.0,80.4,3.38,20.7,27,62
2026-08-13T04:43:00+00:00,0.0,80.3,3.4,20.7,27,62
2026-08-13T04:44:00+00:00,0.0,80.3,3.42,20.7,28,62
2026-08-13T04:45:00+00:00,0.0,80.3,3.43,20.7,28,62
2026-08-13T04:46:00+00:00,0.0,80.2,3.45,20.7,28,62
2026-08-13T04:47:00+00:00,0.0,79.9,3.47,20.7,27,62
2026-08-13T04:48:00+00:00,0.0,79.5,3.48,20.7,27,62
2026-08-13T04:49:00+00:00,0.0,78.9,3.5,20.6,26,62
2026-08-13T04:50:00+00:00,0.0,78.2,3.52,20.6,26,62
2026-08-13T04:51:00+00:00,0.0,77.3,3.53,20.5,25,62
2026-08-13T04:52:00+00:00,0.0,76.5,3.55,20.5,24,62
2026-08-13T04:53:00+00:00,0.0,75.6,3.57,20.4,23,62
2026-08-13T04:54:00+00:00,0.0,74.7,3.58,20.3,23,62
2026-08-13T04:55:00+00:00,0.0,73.8,3.6,20.3,22,62
2026-08-13T04:56:00+00:00,0.0,73.1,3.62,20.2,21,62
2026-08-13T04:57:00+00:00,0.0,72.5,3.63,20.2,21,62
2026-08-13T04:58:00+00:00,0.0,72.1,3.65,20.2,20,62
2026-08-13T04:59:00+00:00,0.0,71.8,3.67,20.1,20,62
2026-08-13T05:00:00+00:00,0.0,71.7,0.02,20.1,15,62
2026-08-13T05:01:00+00:00,0.0,71.7,0.03,20.1,15,62
2026-08-13T05:02:00+00:00,0.0,71.8,0.05,20.1,15,62
2026-08-13T05:03:00+00:00,0.0,71.9,0.07,20.1,15,62
2026-08-13T05:04:00+00:00,0.0,72.1,0.08,20.1,15,62
2026-08-13T05:05:00+00:00,0.0,72.3,0.1,20.1,15,62
2026-08-13T05:06:00+00:00,0.0,72.6,0.12,20.1,15,62
2026-08-13T05:07:00+00:00,0.0,72.9,0.13,20.1,15,62
2026-08-13T05:08:00+00:00,0.0,73.1,0.15,20.1,15,62
2026-08-13T05:09:00+00:00,0.0,73.4,0.17,20.1,15,62
2026-08-13T05:10:00+00:00,0.0,73.6,0.18,20.1,15,62
2026-08-13T05:11:00+00:00,0.0,73.9,0.2,20.0,15,62
2026-08-13T05:12:00+00:00,0.0,74.1,0.22,20.0,15,62
2026-08-13T05:13:00+00:00,0.0,74.2,0.23,20.0,15,62
2026-08-13T05:14:00+00:00,0.0,74.3,0.25,20.0,15,62
2026-08-13T05:15:00+00:00,0.0,74.3,0.27,20.0,15,61
2026-08-13T05:16:00+00:00,0.0,74.4,0.28,20.0,15,61
2026-08-13T05:17:00+00:00,0.0,74.6,0.3,20.0,15,61
2026-08-13T05:18:00+00:00,0.0,74.9,0.32,20.0,15,61
2026-08-13T05:19:00+00:00,0.0,75.4,0.33,20.0,15,61
2026-08-13T05:20:00+00:00,0.0,75.9,0.35,20.1,16,61
2026-08-13T05:21:00+00:00,0.0,76.5,0.37,20.1,16,61
2026-08-13T05:22:00+00:00,0.0,77.2,0.38,20.1,16,61
2026-08-13T05:23:00+00:00,0.0,77.9,0.4,20.1,16,61
2026-08-13T05:24:00+00:00,0.0,78.5,0.42,20.1,17,61
2026-08-13T05:25:00+00:00,0.0,79.1,0.43,20.1,17,61
2026-08-13T05:26:00+00:00,0.0,79.7,0.45,20.1,17,61
2026-08-13T05:27:00+00:00,0.0,80.1,0.47,20.2,17,61
2026-08-13T05:28:00+00:00,0.0,80.5,0.48,20.2,18,61
2026-08-13T05:29:00+00:00,0.0,80.7,0.5,20.2,18,61
2026-08-13T05:30:00+00:00,0.0,80.7,0.52,20.2,18,61
2026-08-13T05:31:00+00:00,0.0,80.7,0.53,20.2,18,61
2026-08-13T05:32:00+00:00,0.0,80.7,0.55,20.2,18,61
2026-08-13T05:33:00+00:00,0.0,80.8,0.57,20.3,19,61
2026-08-13T05:34:00+00:00,0.0,80.8,0.58,20.4,19,61
2026-08-13T05:35:00+00:00,0.0,80.8,0.6,20.5,20,61
2026-08-13T05:36:00+00:00,0.0,80.8,0.62,20.6,21,61
2026-08-13T05:37:00+00:00,0.0,80.8,0.63,20.7,22,61
2026-08-13T05:38:00+00:00,0.0,80.8,0.65,20.8,23,61
2026-08-13T05:39:00+00:00,0.0,80.8,0.67,20.9,24,61
2026-08-13T05:40:00+00:00,0.0,80.8,0.68,21.0,25,61
2026-08-13T05:41:00+00:00,0.0,80.8,0.7,21.1,26,61
2026-08-13T05:42:00+00:00,0.0,80.8,0.72,21.2,27,61
2026-08-13T05:43:00+00:00,0.0,80.8,0.73,21.3,28,61
2026-08-13T05:44:00+00:00,0.0,80.9,0.75,21.3,28,61
2026-08-13T05:45:00+00:00,0.0,80.9,0.77,21.3,28,61
2026-08-13T05:46:00+00:00,0.0,80.8,0.78,21.3,28,61
2026-08-13T05:47:00+00:00,0.0,80.8,0.8,21.3,28,61
2026-08-13T05:48:00+00:00,0.0,80.8,0.82,21.2,27,61
2026-08-13T05:49:00+00:00,0.0,80.8,0.83,21.1,26,61
2026-08-13T05:50:00+00:00,0.0,80.7,0.85,21.0,25,61
2026-08-13T05:51:00+00:00,0.0,80.7,0.87,20.8,24,61
2026-08-13T05:52:00+00:00,0.0,80.6,0.88,20.7,22,61
2026-08-13T05:53:00+00:00,0.0,80.6,0.9,20.5,21,61
2026-08-13T05:54:00+00:00,0.0,80.5,0.92,20.3,20,61
2026-08-13T05:55:00+00:00,0.0,80.5,0.93,20.2,18,61
2026-08-13T05:56:00+00:00,0.0,80.4,0.95,20.1,17,61
2026-08-13T05:57:00+00:00,0.0,80.4,0.97,20.0,16,61
2026-08-13T05:58:00+00:00,0.0,80.4,0.98,19.9,16,61
2026-08-13T05:59:00+00:00,0.0,80.3,1.0,19.8,15,61
2026-08-13T06:00:00+00:00,0.0,80.3,1.02,19.8,15,61
2026-08-13T06:01:00+00:00,0.0,80.2,1.03,19.8,15,61
2026-08-13T06:02:00+00:00,0.0,80.0,1.05,19.8,15,61
2026-08-13T06:03:00+00:00,0.0,79.6,1.07,19.9,16,61
2026-08-13T06:04:00+00:00,0.0,79.0,1.08,19.9,16,61
2026-08-13T06:05:00+00:00,0.0,78.3,1.1,19.9,16,61
2026-08-13T06:06:00+00:00,0.0,77.5,1.12,20.0,16,61
2026-08-13T06:07:00+00:00,0.0,76.7,1.13,20.0,17,61
2026-08-13T06:08:00+00:00,0.0,75.9,1.15,20.1,17,61
2026-08-13T06:09:00+00:00,0.0,75.0,1.17,20.2,17,61
2026-08-13T06:10:00+00:00,0.0,74.3,1.18,20.2,18,61
2026-08-13T06:11:00+00:00,0.0,73.6,1.2,20.3,18,61
2026-08-13T06:12:00+00:00,0.0,73.0,1.22,20.3,18,61
2026-08-13T06:13:00+00:00,0.0,72.6,1.23,20.3,18,61
2026-08-13T06:14:00+00:00,0.0,72.3,1.25,20.3,18,61
2026-08-13T06:15:00+00:00,0.0,72.2,1.27,20.3,18,61
2026-08-13T06:16:00+00:00,0.0,72.3,1.28,20.4,19,61
2026-08-13T06:17:00+00:00,0.0,72.6,1.3,20.4,19,61
2026-08-13T06:18:00+00:00,0.0,72.9,1.32,20.4,19,61
2026-08-13T06:19:00+00:00,0.0,73.5,1.33,20.5,20,61
2026-08-13T06:20:00+00:00,0.0,74.1,1.35,20.6,21,61
2026-08-13T06:21:00+00:00,0.0,74.8,1.37,20.7,22,61
2026-08-13T06:22:00+00:00,0.0,75.6,1.38,20.8,23,61
2026-08-13T06:23:00+00:00,0.0,76.3,1.4,20.9,24,61
2026-08-13T06:24:00+00:00,0.0,77.1,1.42,20.9,25,61
2026-08-13T06:25:00+00:00,0.0,77.8,1.43,21.0,26,61
2026-08-13T06:26:00+00:00,0.0,78.4,1.45,21.1,27,61
2026-08-13T06:27:00+00:00,0.0,79.0,1.47,21.2,28,61
2026-08-13T06:28:00+00:00,0.0,79.3,1.48,21.2,28,61
2026-08-13T06:29:00+00:00,0.0,79.6,1.5,21.3,29,61
2026-08-13T06:30:00+00:00,0.0,79.7,1.52,21.3,29,61
2026-08-13T06:31:00+00:00,0.0,79.7,1.53,21.3,29,61
2026-08-13T06:32:00+00:00,0.0,79.7,1.55,21.2,29,61
2026-08-13T06:33:00+00:00,0.0,79.6,1.57,21.2,28,61
2026-08-13T06:34:00+00:00,0.0,79.6,1.58,21.1,28,61
2026-08-13T06:35:00+00:00,0.0,79.6,1.6,21.1,27,61
2026-08-13T06:36:00+00:00,0.0,79.5,1.62,21.0,27,61
2026-08-13T06:37:00+00:00,0.0,79.5,1.63,20.9,26,61
2026-08-13T06:38:00+00:00,0.0,79.5,1.65,20.9,25,61
2026-08-13T06:39:00+00:00,0.0,79.4,1.67,20.8,25,61
2026-08-13T06:40:00+00:00,0.0,79.4,1.68,20.7,24,61
2026-08-13T06:41:00+00:00,0.0,79.4,1.7,20.6,24,61
2026-08-13T06:42:00+00:00,0.0,79.3,1.72,20.6,23,61
2026-08-13T06:43:00+00:00,0.0,79.3,1.73,20.6,23,61
2026-08-13T06:44:00+00:00,0.0,79.3,1.75,20.5,23,61
2026-08-13T06:45:00+00:00,0.0,79.3,1.77,20.5,23,61
2026-08-13T06:46:00+00:00,0.0,79.3,1.78,20.5,23,61
2026-08-13T06:47:00+00:00,0.0,79.4,1.8,20.5,23,61
2026-08-13T06:48:00+00:00,0.0,79.5,1.82,20.6,23,61
2026-08-13T06:49:00+00:00,0.0,79.6,1.83,20.6,23,61
2026-08-13T06:50:00+00:00,0.0,79.7,1.85,20.6,24,61
2026-08-13T06:51:00+00:00,0.0,79.8,1.87,20.7,24,61
2026-08-13T06:52:00+00:00,0.0,80.0,1.88,20.7,25,61
2026-08-13T06:53:00+00:00,0.0,80.1,1.9,20.8,25,61
2026-08-13T06:54:00+00:00,0.0,80.3,1.92,20.8,26,61
2026-08-13T06:55:00+00:00,0.0,80.4,1.93,20.9,26,61
2026-08-13T06:56:00+00:00,0.0,80.6,1.95,20.9,26,61
2026-08-13T06:57:00+00:00,0.0,80.7,1.97,20.9,27,61
2026-08-13T06:58:00+00:00,0.0,80.7,1.98,20.9,27,61
2026-08-13T06:59:00+00:00,0.0,80.8,2.0,21.0,27,61
2026-08-13T07:00:00+00:00,0.0,80.8,2.02,21.0,27,61
2026-08-13T07:01:00+00:00,0.0,80.8,2.03,21.0,27,61
2026-08-13T07:02:00+00:00,0.0,80.7,2.05,20.9,27,60
2026-08-13T07:03:00+00:00,0.0,80.6,2.07,20.9,27,60
2026-08-13T07:04:00+00:00,0.0,80.4,2.08,20.9,27,60
2026-08-13T07:05:00+00:00,0.0,80.2,2.1,20.9,27,60
2026-08-13T07:06:00+00:00,0.0,79.9,2.12,20.8,26,60
2026-08-13T07:07:00+00:00,0.0,79.7,2.13,20.8,26,60
2026-08-13T07:08:00+00:00,0.0,79.4,2.15,20.8,25,60
2026-08-13T07:09:00+00:00,0.0,79.2,2.17,20.7,25,60
2026-08-13T07:10:00+00:00,0.0,78.9,2.18,20.7,25,60
2026-08-13T07:11:00+00:00,0.0,78.7,2.2,20.7,24,60
2026-08-13T07:12:00+00:00,0.0,78.5,2.22,20.6,24,60
2026-08-13T07:13:00+00:00,0.0,78.4,2.23,20.6,24,60
2026-08-13T07:14:00+00:00,0.0,78.3,2.25,20.6,24,60
2026-08-13T07:15:00+00:00,0.0,78.3,2.27,20.6,24,60
2026-08-13T07:16:00+00:00,0.0,78.3,2.28,20.6,24,60
2026-08-13T07:17:00+00:00,0.0,78.2,2.3,20.6,24,60
2026-08-13T07:18:00+00:00,0.0,78.0,2.32,20.7,24,60
2026-08-13T07:19:00+00:00,0.0,77.8,2.33,20.7,25,60
2026-08-13T07:20:00+00:00,0.0,77.6,2.35,20.7,25,60
2026-08-13T07:21:00+00:00,0.0,77.3,2.37,20.8,25,60
2026-08-13T07:22:00+00:00,0.0,77.1,2.38,20.8,26,60
2026-08-13T07:23:00+00:00,0.0,76.8,2.4,20.9,26,60
2026-08-13T07:24:00+00:00,0.0,76.5,2.42,20.9,26,60
2026-08-13T07:25:00+00:00,0.0,76.2,2.43,20.9,27,60
2026-08-13T07:26:00+00:00,0.0,76.0,2.45,21.0,27,60
2026-08-13T07:27:00+00:00,0.0,75.8,2.47,21.0,27,60
2026-08-13T07:28:00+00:00,0.0,75.6,2.48,21.0,27,60
2026-08-13T07:29:00+00:00,0.0,75.6,2.5,21.1,28,60
2026-08-13T07:30:00+00:00,0.0,75.5,2.52,21.1,28,60
2026-08-13T07:31:00+00:00,0.0,75.5,2.53,21.1,28,60
2026-08-13T07:32:00+00:00,0.0,75.4,2.55,21.0,27,60
2026-08-13T07:33:00+00:00,0.0,75.2,2.57,21.0,27,60
2026-08-13T07:34:00+00:00,0.0,74.9,2.58,21.0,27,60
2026-08-13T07:35:00+00:00,0.0,74.6,2.6,20.9,26,60
2026-08-13T07:36:00+00:00,0.0,74.3,2.62,20.9,26,60
2026-08-13T07:37:00+00:00,0.0,73.9,2.63,20.8,25,60
2026-08-13T07:38:00+00:00,0.0,73.5,2.65,20.7,25,60
2026-08-13T07:39:00+00:00,0.0,73.1,2.67,20.7,24,60
2026-08-13T07:40:00+00:00,0.0,72.8,2.68,20.6,23,60
2026-08-13T07:41:00+00:00,0.0,72.4,2.7,20.6,23,60
2026-08-13T07:42:00+00:00,0.0,72.2,2.72,20.6,23,60
2026-08-13T07:43:00+00:00,0.0,72.0,2.73,20.5,22,60
2026-08-13T07:44:00+00:00,0.0,71.9,2.75,20.5,22,60
2026-08-13T07:45:00+00:00,0.0,71.8,2.77,20.5,22,60
2026-08-13T07:46:00+00:00,0.0,71.9,2.78,20.5,22,60
2026-08-13T07:47:00+00:00,0.0,72.0,2.8,20.5,22,60
2026-08-13T07:48:00+00:00,0.0,72.2,2.82,20.5,22,60
2026-08-13T07:49:00+00:00,0.0,72.5,2.83,20.5,22,60
2026-08-13T07:50:00+00:00,0.0,72.8,2.85,20.5,22,60
2026-08-13T07:51:00+00:00,0.0,73.2,2.87,20.5,22,60
2026-08-13T07:52:00+00:00,0.0,73.6,2.88,20.5,22,60
2026-08-13T07:53:00+00:00,0.0,74.1,2.9,20.5,23,60
2026-08-13T07:54:00+00:00,0.0,74.5,2.92,20.5,23,60
2026-08-13T07:55:00+00:00,0.0,74.8,2.93,20.5,23,60
2026-08-13T07:56:00+00:00,0.0,75.2,2.95,20.5,23,60
2026-08-13T07:57:00+00:00,0.0,75.5,2.97,20.5,23,60
2026-08-13T07:58:00+00:00,0.0,75.7,2.98,20.5,23,60
2026-08-13T07:59:00+00:00,0.0,75.8,3.0,20.5,23,60
2026-08-13T08:00:00+00:00,0.0,75.8,3.02,20.5,23,60
2026-08-13T08:01:00+00:00,0.0,75.9,3.03,20.5,23,60
2026-08-13T08:02:00+00:00,0.0,76.1,3.05,20.4,23,60
2026-08-13T08:03:00+00:00,0.0,76.3,3.07,20.4,23,60
2026-08-13T08:04:00+00:00,0.0,76.6,3.08,20.4,23,60
2026-08-13T08:05:00+00:00,0.0,77.0,3.1,20.4,23,60
2026-08-13T08:06:00+00:00,0.0,77.5,3.12,20.4,23,60
2026-08-13T08:07:00+00:00,0.0,78.0,3.13,20.4,23,60
2026-08-13T08:08:00+00:00,0.0,78.5,3.15,20.4,23,60
2026-08-13T08:09:00+00:00,0.0,79.0,3.17,20.3,23,60
2026-08-13T08:10:00+00:00,0.0,79.4,3.18,20.3,23,60
2026-08-13T08:11:00+00:00,0.0,79.8,3.2,20.3,23,60
2026-08-13T08:12:00+00:00,0.0,80.2,3.22,20.3,23,60
2026-08-13T08:13:00+00:00,0.0,80.4,3.23,20.3,23,60
2026-08-13T08:14:00+00:00,0.0,80.6,3.25,20.3,23,60
2026-08-13T08:15:00+00:00,0.0,80.6,3.27,20.3,23,60
2026-08-13T08:16:00+00:00,0.0,80.6,3.28,20.3,23,60
2026-08-13T08:17:00+00:00,0.0,80.3,3.3,20.3,23,60
2026-08-13T08:18:00+00:00,0.0,80.0,3.32,20.3,23,60
2026-08-13T08:19:00+00:00,0.0,79.6,3.33,20.3,23,60
2026-08-13T08:20:00+00:00,0.0,79.0,3.35,20.3,22,60
2026-08-13T08:21:00+00:00,0.0,78.4,3.37,20.2,22,60
2026-08-13T08:22:00+00:00,0.0,77.8,3.38,20.2,22,60
2026-08-13T08:23:00+00:00,0.0,77.1,3.4,20.2,22,60
2026-08-13T08:24:00+00:00,0.0,76.4,3.42,20.2,21,60
2026-08-13T08:25:00+00:00,0.0,75.8,3.43,20.2,21,60
2026-08-13T08:26:00+00:00,0.0,75.3,3.45,20.2,21,60
2026-08-13T08:27:00+00:00,0.0,74.9,3.47,20.2,21,60
2026-08-13T08:28:00+00:00,0.0,74.5,3.48,20.2,21,60
2026-08-13T08:29:00+00:00,0.0,74.3,3.5,20.2,21,60
2026-08-13T08:30:00+00:00,0.0,74.2,3.52,20.2,21,60
2026-08-13T08:31:00+00:00,0.0,74.3,3.53,20.2,21,59
2026-08-13T08:32:00+00:00,0.0,74.3,3.55,20.2,21,59
2026-08-13T08:33:00+00:00,0.0,74.3,3.57,20.3,22,59
2026-08-13T08:34:00+00:00,0.0,74.4,3.58,20.4,23,59
2026-08-13T08:35:00+00:00,0.0,74.5,3.6,20.5,24,59
2026-08-13T08:36:00+00:00,0.0,74.5,3.62,20.6,25,59
2026-08-13T08:37:00+00:00,0.0,74.6,3.63,20.7,26,59
2026-08-13T08:38:00+00:00,0.0,74.7,3.65,20.8,27,59
2026-08-13T08:39:00+00:00,0.0,74.8,3.67,20.9,29,59
2026-08-13T08:40:00+00:00,0.0,74.9,3.68,21.1,30,59
2026-08-13T08:41:00+00:00,0.0,75.0,3.7,21.2,31,59
2026-08-13T08:42:00+00:00,0.0,75.0,3.72,21.2,32,59
2026-08-13T08:43:00+00:00,0.0,75.1,3.73,21.3,32,59
2026-08-13T08:44:00+00:00,0.0,75.1,3.75,21.3,33,59
2026-08-13T08:45:00+00:00,0.0,75.1,3.77,21.4,33,59
2026-08-13T08:46:00+00:00,0.0,75.1,3.78,21.3,33,59
2026-08-13T08:47:00+00:00,0.0,75.2,3.8,21.3,33,59
2026-08-13T08:48:00+00:00,0.0,75.4,3.82,21.3,32,59
2026-08-13T08:49:00+00:00,0.0,75.6,3.83,21.2,32,59
2026-08-13T08:50:00+00:00,0.0,75.8,3.85,21.1,31,59
2026-08-13T08:51:00+00:00,0.0,76.1,3.87,21.0,30,59
2026-08-13T08:52:00+00:00,0.0,76.4,3.88,20.9,29,59
2026-08-13T08:53:00+00:00,0.0,76.7,3.9,20.8,28,59
2026-08-13T08:54:00+00:00,0.0,77.0,3.92,20.7,27,59
2026-08-13T08:55:00+00:00,0.0,77.2,3.93,20.6,26,59
2026-08-13T08:56:00+00:00,0.0,77.5,3.95,20.5,26,59
2026-08-13T08:57:00+00:00,0.0,77.7,3.97,20.4,25,59
2026-08-13T08:58:00+00:00,0.0,77.8,3.98,20.4,24,59
2026-08-13T08:59:00+00:00,0.0,77.9,4.0,20.4,24,59
2026-08-13T09:00:00+00:00,0.0,77.9,4.02,20.3,24,59
2026-08-13T09:01:00+00:00,0.0,77.9,4.03,20.3,24,59
2026-08-13T09:02:00+00:00,0.0,78.0,4.05,20.3,24,59
2026-08-13T09:03:00+00:00,0.0,78.1,4.07,20.3,24,59
2026-08-13T09:04:00+00:00,0.0,78.3,4.08,20.3,24,59
2026-08-13T09:05:00+00:00,0.0,78.5,4.1,20.3,24,59
2026-08-13T09:06:00+00:00,0.0,78.7,4.12,20.3,24,59
2026-08-13T09:07:00+00:00,0.0,79.0,4.13,20.2,23,59
2026-08-13T09:08:00+00:00,0.0,79.2,4.15,20.2,23,59
2026-08-13T09:09:00+00:00,0.0,79.5,4.17,20.2,23,59
2026-08-13T09:10:00+00:00,0.0,79.7,4.18,20.2,23,59
2026-08-13T09:11:00+00:00,0.0,79.9,4.2,20.2,23,59
2026-08-13T09:12:00+00:00,0.0,80.1,4.22,20.1,23,59
2026-08-13T09:13:00+00:00,0.0,80.2,4.23,20.1,23,59
2026-08-13T09:14:00+00:00,0.0,80.3,4.25,20.1,23,59
2026-08-13T09:15:00+00:00,0.0,80.3,4.27,20.1,23,59
2026-08-13T09:16:00+00:00,0.0,80.3,4.28,20.1,23,59
2026-08-13T09:17:00+00:00,0.0,80.1,4.3,20.1,23,59
2026-08-13T09:18:00+00:00,0.0,79.9,4.32,20.1,22,59
2026-08-13T09:19:00+00:00,0.0,79.6,4.33,20.1,22,59
2026-08-13T09:20:00+00:00,0.0,79.2,4.35,20.1,22,59
2026-08-13T09:21:00+00:00,0.0,78.7,4.37,20.1,22,59
2026-08-13T09:22:00+00:00,0.0,78.3,4.38,20.1,22,59
2026-08-13T09:23:00+00:00,0.0,77.8,4.4,20.1,22,59
2026-08-13T09:24:00+00:00,0.0,77.3,4.42,20.1,22,59
2026-08-13T09:25:00+00:00,0.0,76.9,4.43,20.1,22,59
2026-08-13T09:26:00+00:00,0.0,76.5,4.45,20.1,21,59
2026-08-13T09:27:00+00:00,0.0,76.2,4.47,20.1,21,59
2026-08-13T09:28:00+00:00,0.0,75.9,4.48,20.1,21,59
2026-08-13T09:29:00+00:00,0.0,75.8,4.5,20.1,21,59
2026-08-13T09:30:00+00:00,0.0,75.7,4.52,20.1,21,59
2026-08-13T09:31:00+00:00,0.0,75.7,4.53,20.1,21,59
2026-08-13T09:32:00+00:00,0.0,75.6,4.55,20.1,22,59
2026-08-13T09:33:00+00:00,0.0,75.3,4.57,20.2,22,59
2026-08-13T09:34:00+00:00,0.0,75.0,4.58,20.2,23,59
2026-08-13T09:35:00+00:00,0.0,74.7,4.6,20.3,24,59
2026-08-13T09:36:00+00:00,0.0,74.3,4.62,20.4,25,59
2026-08-13T09:37:00+00:00,0.0,73.8,4.63,20.5,26,59
2026-08-13T09:38:00+00:00,0.0,73.4,4.65,20.6,27,59
2026-08-13T09:39:00+00:00,0.0,72.9,4.67,20.7,28,59
2026-08-13T09:40:00+00:00,0.0,72.5,4.68,20.8,29,59
2026-08-13T09:41:00+00:00,0.0,72.2,4.7,20.9,29,59
2026-08-13T09:42:00+00:00,0.0,71.9,4.72,21.0,30,59
2026-08-13T09:43:00+00:00,0.0,71.6,4.73,21.0,31,59
2026-08-13T09:44:00+00:00,0.0,71.5,4.75,21.1,31,59
2026-08-13T09:45:00+00:00,0.0,71.5,4.77,21.1,31,59
2026-08-13T09:46:00+00:00,0.0,71.5,4.78,21.1,31,59
2026-08-13T09:47:00+00:00,0.0,71.6,4.8,21.0,31,59
2026-08-13T09:48:00+00:00,0.0,71.8,4.82,21.0,30,59
2026-08-13T09:49:00+00:00,0.0,72.1,4.83,20.9,30,59
2026-08-13T09:50:00+00:00,0.0,72.4,4.85,20.8,29,59
2026-08-13T09:51:00+00:00,0.0,72.8,4.87,20.7,28,59
2026-08-13T09:52:00+00:00,0.0,73.2,4.88,20.6,27,59
2026-08-13T09:53:00+00:00,0.0,73.5,4.9,20.5,27,59
2026-08-13T09:54:00+00:00,0.0,73.9,4.92,20.5,26,59
2026-08-13T09:55:00+00:00,0.0,74.3,4.93,20.4,25,59
2026-08-13T09:56:00+00:00,0.0,74.6,4.95,20.3,24,59
2026-08-13T09:57:00+00:00,0.0,74.9,4.97,20.2,23,59
2026-08-13T09:58:00+00:00,0.0,75.1,4.98,20.2,23,59
2026-08-13T09:59:00+00:00,0.0,75.2,5.0,20.1,23,59
2026-08-13T10:00:00+00:00,0.0,75.2,5.02,20.1,23,59
2026-08-13T10:01:00+00:00,0.0,75.3,5.03,20.1,23,59
2026-08-13T10:02:00+00:00,0.0,75.4,5.05,20.2,23,59
2026-08-13T10:03:00+00:00,0.0,75.7,5.07,20.2,24,59
2026-08-13T10:04:00+00:00,0.0,76.0,5.08,20.3,25,59
2026-08-13T10:05:00+00:00,0.0,76.4,5.1,20.4,26,59
2026-08-13T10:06:00+00:00,0.0,76.8,5.12,20.6,28,59
2026-08-13T10:07:00+00:00,0.0,77.3,5.13,20.7,29,59
2026-08-13T10:08:00+00:00,0.0,77.8,5.15,20.8,31,59
2026-08-13T10:09:00+00:00,0.0,78.2,5.17,21.0,33,59
2026-08-13T10:10:00+00:00,0.0,78.7,5.18,21.1,34,59
2026-08-13T10:11:00+00:00,0.0,79.1,5.2,21.2,36,59
2026-08-13T10:12:00+00:00,0.0,79.4,5.22,21.3,37,59
2026-08-13T10:13:00+00:00,0.0,79.6,5.23,21.3,38,59
2026-08-13T10:14:00+00:00,0.0,79.8,5.25,21.4,38,59
2026-08-13T10:15:00+00:00,0.0,79.8,5.27,21.4,38,59
2026-08-13T10:16:00+00:00,0.0,79.8,5.28,21.4,38,59
2026-08-13T10:17:00+00:00,0.0,79.8,5.3,21.3,38,59
2026-08-13T10:18:00+00:00,0.0,79.7,5.32,21.3,37,59
2026-08-13T10:19:00+00:00,0.0,79.7,5.33,21.2,36,59
2026-08-13T10:20:00+00:00,0.0,79.6,5.35,21.0,34,59
2026-08-13T10:21:00+00:00,0.0,79.5,5.37,20.9,33,59
2026-08-13T10:22:00+00:00,0.0,79.4,5.38,20.8,31,59
2026-08-13T10:23:00+00:00,0.0,79.2,5.4,20.6,29,59
2026-08-13T10:24:00+00:00,0.0,79.1,5.42,20.5,28,59
2026-08-13T10:25:00+00:00,0.0,79.0,5.43,20.3,26,59
2026-08-13T10:26:00+00:00,0.0,79.0,5.45,20.2,25,59
2026-08-13T10:27:00+00:00,0.0,78.9,5.47,20.1,24,59
2026-08-13T10:28:00+00:00,0.0,78.8,5.48,20.0,23,59
2026-08-13T10:29:00+00:00,0.0,78.8,5.5,20.0,22,59
2026-08-13T10:30:00+00:00,0.0,78.8,5.52,20.0,22,59
2026-08-13T10:31:00+00:00,0.0,78.7,5.53,20.0,22,59
2026-08-13T10:32:00+00:00,0.0,78.6,5.55,20.0,22,59
2026-08-13T10:33:00+00:00,0.0,78.3,5.57,20.0,22,59
2026-08-13T10:34:00+00:00,0.0,78.0,5.58,20.0,23,59
2026-08-13T10:35:00+00:00,0.0,77.5,5.6,20.0,23,59
2026-08-13T10:36:00+00:00,0.0,77.1,5.62,20.1,23,59
2026-08-13T10:37:00+00:00,0.0,76.6,5.63,20.1,23,59
2026-08-13T10:38:00+00:00,0.0,76.0,5.65,20.1,24,59
2026-08-13T10:39:00+00:00,0.0,75.5,5.67,20.2,24,59
2026-08-13T10:40:00+00:00,0.0,75.1,5.68,20.2,24,59
2026-08-13T10:41:00+00:00,0.0,74.6,5.7,20.2,24,59
2026-08-13T10:42:00+00:00,0.0,74.3,5.72,20.2,25,59
2026-08-13T10:43:00+00:00,0.0,74.0,5.73,20.2,25,59
2026-08-13T10:44:00+00:00,0.0,73.9,5.75,20.3,25,59
2026-08-13T10:45:00+00:00,0.0,73.8,5.77,20.3,25,59
2026-08-13T10:46:00+00:00,0.0,73.8,5.78,20.3,25,59
2026-08-13T10:47:00+00:00,0.1,74.3,5.8,20.3,25,59
2026-08-13T10:48:00+00:00,0.1,74.8,5.82,20.3,26,59
2026-08-13T10:49:00+00:00,0.2,75.4,5.83,20.4,27,60
2026-08-13T10:50:00+00:00,0.3,76.0,5.85,20.4,27,60
2026-08-13T10:51:00+00:00,0.4,76.6,5.87,20.5,28,60
2026-08-13T10:52:00+00:00,0.5,77.2,5.88,20.6,29,60
2026-08-13T10:53:00+00:00,0.5,77.8,5.9,20.6,30,60
2026-08-13T10:54:00+00:00,0.6,78.4,5.92,20.7,31,60
2026-08-13T10:55:00+00:00,0.7,79.0,5.93,20.8,33,60
2026-08-13T10:56:00+00:00,0.8,79.6,5.95,20.9,34,60
2026-08-13T10:57:00+00:00,0.8,80.1,5.97,21.0,35,60
2026-08-13T10:58:00+00:00,0.9,80.6,5.98,21.1,36,60
2026-08-13T10:59:00+00:00,1.0,81.0,6.0,21.1,37,60
2026-08-13T11:00:00+00:00,1.0,81.4,6.02,21.2,38,61
2026-08-13T11:01:00+00:00,1.1,81.8,6.03,21.2,38,61
2026-08-13T11:02:00+00:00,1.2,82.2,6.05,21.2,39,61
2026-08-13T11:03:00+00:00,1.2,82.6,6.07,21.2,39,61
2026-08-13T11:04:00+00:00,1.3,83.1,6.08,21.2,39,61
2026-08-13T11:05:00+00:00,1.3,83.5,6.1,21.2,40,61
2026-08-13T11:06:00+00:00,1.4,84.0,6.12,21.2,40,62
2026-08-13T11:07:00+00:00,1.4,84.4,6.13,21.2,40,62
2026-08-13T11:08:00+00:00,1.5,84.9,6.15,21.2,40,62
2026-08-13T11:09:00+00:00,1.5,85.3,6.17,21.2,40,62
2026-08-13T11:10:00+00:00,1.6,85.7,6.18,21.2,40,62
2026-08-13T11:11:00+00:00,1.6,86.0,6.2,21.2,40,62
2026-08-13T11:12:00+00:00,1.6,86.3,6.22,21.2,40,63
2026-08-13T11:13:00+00:00,1.7,86.6,6.23,21.2,41,63
2026-08-13T11:14:00+00:00,1.7,86.8,6.25,21.2,41,63
2026-08-13T11:15:00+00:00,1.7,87.0,6.27,21.3,42,63
2026-08-13T11:16:00+00:00,1.7,87.1,6.28,21.3,42,63
2026-08-13T11:17:00+00:00,1.8,87.1,6.3,21.4,43,63
2026-08-13T11:18:00+00:00,1.8,87.2,6.32,21.4,43,64
2026-08-13T11:19:00+00:00,1.8,87.1,6.33,21.5,44,64
2026-08-13T11:20:00+00:00,1.8,87.1,6.35,21.5,45,64
2026-08-13T11:21:00+00:00,1.8,87.0,6.37,21.6,46,64
2026-08-13T11:22:00+00:00,1.8,86.9,6.38,21.7,47,64
2026-08-13T11:23:00+00:00,1.8,86.8,6.4,21.7,48,64
2026-08-13T11:24:00+00:00,1.8,86.7,6.42,21.8,49,65
2026-08-13T11:25:00+00:00,1.8,86.5,6.43,21.9,50,65
2026-08-13T11:26:00+00:00,1.7,86.4,6.45,22.0,51,65
2026-08-13T11:27:00+00:00,1.7,86.2,6.47,22.0,51,65
2026-08-13T11:28:00+00:00,1.7,86.0,6.48,22.1,52,65
2026-08-13T11:29:00+00:00,1.7,85.9,6.5,22.1,53,65
2026-08-13T11:30:00+00:00,1.7,85.7,6.52,22.1,53,65
2026-08-13T11:31:00+00:00,1.6,85.5,6.53,22.2,53,66
2026-08-13T11:32:00+00:00,1.6,85.3,6.55,22.2,53,66
2026-08-13T11:33:00+00:00,1.5,85.2,6.57,22.1,53,66
2026-08-13T11:34:00+00:00,1.5,85.0,6.58,22.1,52,66
2026-08-13T11:35:00+00:00,1.5,84.9,6.6,22.0,52,66
2026-08-13T11:36:00+00:00,1.4,84.7,6.62,22.0,51,66
2026-08-13T11:37:00+00:00,1.4,84.6,6.63,21.9,50,66
2026-08-13T11:38:00+00:00,1.3,84.4,6.65,21.8,49,67
2026-08-13T11:39:00+00:00,1.2,84.2,6.67,21.7,48,67
2026-08-13T11:40:00+00:00,1.2,84.0,6.68,21.7,47,67
2026-08-13T11:41:00+00:00,1.1,83.8,6.7,21.6,46,67
2026-08-13T11:42:00+00:00,1.1,83.5,6.72,21.6,45,67
2026-08-13T11:43:00+00:00,1.0,83.2,6.73,21.5,45,67
2026-08-13T11:44:00+00:00,0.9,82.9,6.75,21.5,45,67
2026-08-13T11:45:00+00:00,0.9,82.5,6.77,21.6,45,68
2026-08-13T11:46:00+00:00,0.8,82.0,6.78,21.6,45,68
2026-08-13T11:47:00+00:00,0.7,81.4,6.8,21.7,46,68
2026-08-13T11:48:00+00:00,0.6,80.8,6.82,21.7,46,68
2026-08-13T11:49:00+00:00,0.6,80.0,6.83,21.8,47,68
2026-08-13T11:50:00+00:00,0.5,79.2,6.85,21.9,48,68
2026-08-13T11:51:00+00:00,0.4,78.3,6.87,21.9,48,68
2026-08-13T11:52:00+00:00,0.3,77.4,6.88,22.0,49,69
2026-08-13T11:53:00+00:00,0.2,76.4,6.9,22.1,50,69
2026-08-13T11:54:00+00:00,0.2,75.5,6.92,22.2,50,69
2026-08-13T11:55:00+00:00,0.1,74.6,6.93,22.3,51,69
2026-08-13T11:56:00+00:00,0.0,73.7,6.95,22.3,51,69
2026-08-13T11:57:00+00:00,0.0,73.3,6.97,22.4,52,69
2026-08-13T11:58:00+00:00,0.0,73.1,6.98,22.5,53,69
2026-08-13T11:59:00+00:00,0.0,72.9,7.0,22.5,53,69
2026-08-13T12:00:00+00:00,0.0,72.9,7.02,22.5,54,70
2026-08-13T12:01:00+00:00,0.0,72.5,7.03,22.6,54,70
2026-08-13T12:02:00+00:00,0.0,72.3,7.05,22.6,54,70
2026-08-13T12:03:00+00:00,0.0,72.1,7.07,22.6,54,70
2026-08-13T12:04:00+00:00,0.0,72.0,7.08,22.6,54,70
2026-08-13T12:05:00+00:00,0.0,72.0,7.1,22.6,54,70
2026-08-13T12:06:00+00:00,0.0,72.0,7.12,22.6,54,70
2026-08-13T12:07:00+00:00,0.0,72.1,7.13,22.6,54,70
2026-08-13T12:08:00+00:00,0.0,72.2,7.15,22.6,54,71
2026-08-13T12:09:00+00:00,0.0,72.2,7.17,22.5,54,71
2026-08-13T12:10:00+00:00,0.0,72.2,7.18,22.5,54,71
2026-08-13T12:11:00+00:00,0.0,72.2,7.2,22.5,54,71
2026-08-13T12:12:00+00:00,0.0,72.1,7.22,22.5,54,71
2026-08-13T12:13:00+00:00,0.0,72.0,7.23,22.5,54,71
2026-08-13T12:14:00+00:00,0.0,71.7,7.25,22.6,54,71
2026-08-13T12:15:00+00:00,0.0,71.4,7.27,22.6,54,71
2026-08-13T12:16:00+00:00,0.0,70.9,7.28,22.6,55,71
2026-08-13T12:17:00+00:00,0.0,70.4,7.3,22.7,55,72
2026-08-13T12:18:00+00:00,0.0,69.7,7.32,22.7,56,72
2026-08-13T12:19:00+00:00,0.0,69.0,7.33,22.8,56,72
2026-08-13T12:20:00+00:00,0.0,68.1,7.35,22.9,57,72
2026-08-13T12:21:00+00:00,0.0,67.2,7.37,23.0,58,72
2026-08-13T12:22:00+00:00,0.0,66.3,7.38,23.1,59,72
2026-08-13T12:23:00+00:00,0.0,65.4,7.4,23.2,59,72
2026-08-13T12:24:00+00:00,0.0,64.5,7.42,23.3,60,72
2026-08-13T12:25:00+00:00,0.0,63.6,7.43,23.4,61,73
2026-08-13T12:26:00+00:00,0.0,62.8,7.45,23.5,62,73
2026-08-13T12:27:00+00:00,0.0,62.0,7.47,23.6,62,73
2026-08-13T12:28:00+00:00,0.0,61.4,7.48,23.7,63,73
2026-08-13T12:29:00+00:00,0.0,60.8,7.5,23.7,63,73
2026-08-13T12:30:00+00:00,0.0,60.4,7.52,23.8,63,73
2026-08-13T12:31:00+00:00,0.0,60.0,7.53,23.8,63,73
2026-08-13T12:32:00+00:00,0.0,59.6,7.55,23.8,63,73
2026-08-13T12:33:00+00:00,0.0,59.3,7.57,23.8,63,73
2026-08-13T12:34:00+00:00,0.0,59.0,7.58,23.8,63,74
2026-08-13T12:35:00+00:00,0.0,58.7,7.6,23.8,63,74
2026-08-13T12:36:00+00:00,0.0,58.4,7.62,23.8,63,74
2026-08-13T12:37:00+00:00,0.0,58.2,7.63,23.8,63,74
2026-08-13T12:38:00+00:00,0.0,57.9,7.65,23.8,62,74
2026-08-13T12:39:00+00:00,0.0,57.7,7.67,23.8,62,74
2026-08-13T12:40:00+00:00,0.0,57.4,7.68,23.8,62,74
2026-08-13T12:41:00+00:00,0.0,57.1,7.7,23.7,62,74
2026-08-13T12:42:00+00:00,0.0,56.8,7.72,23.7,62,75
2026-08-13T12:43:00+00:00,0.0,56.5,7.73,23.8,62,75
2026-08-13T12:44:00+00:00,0.0,56.1,7.75,23.8,62,75
2026-08-13T12:45:00+00:00,0.0,55.7,7.77,23.8,62,75
2026-08-13T12:46:00+00:00,0.0,55.4,7.78,23.8,62,75
2026-08-13T12:47:00+00:00,0.0,55.1,7.8,23.9,62,75
2026-08-13T12:48:00+00:00,0.0,54.8,7.82,23.9,63,75
2026-08-13T12:49:00+00:00,0.0,54.6,7.83,24.0,63,75
2026-08-13T12:50:00+00:00,0.0,54.5,7.85,24.0,63,75
2026-08-13T12:51:00+00:00,0.0,54.3,7.87,24.1,62,76
2026-08-13T12:52:00+00:00,0.0,54.2,7.88,24.2,62,76
2026-08-13T12:53:00+00:00,0.0,54.1,7.9,24.3,61,76
2026-08-13T12:54:00+00:00,0.0,54.0,7.92,24.3,60,76
2026-08-13T12:55:00+00:00,0.0,53.8,7.93,24.4,59,76
2026-08-13T12:56:00+00:00,0.0,53.7,7.95,24.5,59,76
2026-08-13T12:57:00+00:00,0.0,53.5,7.97,24.5,58,76
2026-08-13T12:58:00+00:00,0.0,53.2,7.98,24.6,57,76
2026-08-13T12:59:00+00:00,0.0,52.9,8.0,24.6,57,76
2026-08-13T13:00:00+00:00,0.0,52.6,8.02,24.6,56,77
2026-08-13T13:01:00+00:00,0.0,52.2,8.03,24.7,56,77
2026-08-13T13:02:00+00:00,0.0,51.8,8.05,24.7,55,77
2026-08-13T13:03:00+00:00,0.0,51.3,8.07,24.8,54,77
2026-08-13T13:04:00+00:00,0.0,50.9,8.08,24.9,53,77
2026-08-13T13:05:00+00:00,0.0,50.4,8.1,25.0,52,77
2026-08-13T13:06:00+00:00,0.0,50.0,8.1,25.1,51,77
2026-08-13T13:07:00+00:00,0.0,49.5,8.1,25.1,50,77
2026-08-13T13:08:00+00:00,0.0,49.0,8.1,25.2,48,77
2026-08-13T13:09:00+00:00,0.0,48.6,8.1,25.3,47,77
2026-08-13T13:10:00+00:00,0.0,48.1,8.1,25.4,46,78
2026-08-13T13:11:00+00:00,0.0,47.7,8.1,25.5,45,78
2026-08-13T13:12:00+00:00,0.0,47.2,8.1,25.6,44,78
2026-08-13T13:13:00+00:00,0.0,46.8,8.1,25.7,43,78
2026-08-13T13:14:00+00:00,0.0,46.4,8.1,25.7,43,78
2026-08-13T13:15:00+00:00,0.0,46.0,8.1,25.8,42,78
2026-08-13T13:16:00+00:00,0.0,45.6,8.1,25.8,42,78
2026-08-13T13:17:00+00:00,0.0,45.3,8.1,25.8,41,78
2026-08-13T13:18:00+00:00,0.0,45.0,8.1,25.8,41,78
2026-08-13T13:19:00+00:00,0.0,44.8,8.1,25.8,41,79
2026-08-13T13:20:00+00:00,0.0,44.6,8.1,25.9,40,79
2026-08-13T13:21:00+00:00,0.0,44.4,8.1,25.9,40,79
2026-08-13T13:22:00+00:00,0.0,44.2,8.1,25.9,40,79
2026-08-13T13:23:00+00:00,0.0,44.0,8.1,25.9,40,79
2026-08-13T13:24:00+00:00,0.0,43.9,8.1,25.9,39,79
2026-08-13T13:25:00+00:00,0.0,43.7,8.1,25.9,39,79
2026-08-13T13:26:00+00:00,0.0,43.5,8.1,25.9,39,79
2026-08-13T13:27:00+00:00,0.0,43.2,8.1,26.0,39,79
2026-08-13T13:28:00+00:00,0.0,42.9,8.1,26.0,38,79
2026-08-13T13:29:00+00:00,0.0,42.6,8.1,26.0,38,80
2026-08-13T13:30:00+00:00,0.0,42.3,8.1,26.0,38,80
2026-08-13T13:31:00+00:00,0.0,41.8,8.1,26.1,37,80
2026-08-13T13:32:00+00:00,0.0,41.3,8.1,26.0,37,80
2026-08-13T13:33:00+00:00,0.0,40.6,8.1,26.0,37,80
2026-08-13T13:34:00+00:00,0.0,39.9,8.1,26.0,37,80
2026-08-13T13:35:00+00:00,0.0,39.1,8.1,25.9,38,80
2026-08-13T13:36:00+00:00,0.0,38.3,8.1,25.8,38,80
2026-08-13T13:37:00+00:00,0.0,37.4,8.1,25.7,39,80
2026-08-13T13:38:00+00:00,0.0,36.5,8.1,25.6,39,80
2026-08-13T13:39:00+00:00,0.0,35.7,8.1,25.6,39,81
2026-08-13T13:40:00+00:00,0.0,34.8,8.1,25.5,40,81
2026-08-13T13:41:00+00:00,0.0,34.0,8.1,25.4,40,81
2026-08-13T13:42:00+00:00,0.0,33.3,8.1,25.4,40,81
2026-08-13T13:43:00+00:00,0.0,32.7,8.1,25.3,40,81
2026-08-13T13:44:00+00:00,0.0,32.1,8.1,25.3,40,81
2026-08-13T13:45:00+00:00,0.0,31.7,8.1,25.3,39,81
2026-08-13T13:46:00+00:00,0.0,31.4,8.1,25.4,39,81
2026-08-13T13:47:00+00:00,0.0,31.2,8.1,25.4,39,81
2026-08-13T13:48:00+00:00,0.0,31.1,8.1,25.4,38,81
2026-08-13T13:49:00+00:00,0.0,31.2,8.1,25.5,38,81
2026-08-13T13:50:00+00:00,0.0,31.3,8.1,25.5,38,82
2026-08-13T13:51:00+00:00,0.0,31.5,8.1,25.5,38,82
2026-08-13T13:52:00+00:00,0.0,31.8,8.1,25.6,38,82
2026-08-13T13:53:00+00:00,0.0,32.0,8.1,25.6,37,82
2026-08-13T13:54:00+00:00,0.0,32.3,8.1,25.6,37,82
2026-08-13T13:55:00+00:00,0.0,32.5,8.1,25.7,37,82
2026-08-13T13:56:00+00:00,0.0,32.6,8.1,25.7,37,82
2026-08-13T13:57:00+00:00,0.0,32.6,8.1,25.7,36,82
2026-08-13T13:58:00+00:00,0.0,32.6,8.1,25.8,36,82
2026-08-13T13:59:00+00:00,0.0,32.4,8.1,25.8,36,82
2026-08-13T14:00:00+00:00,0.0,32.1,8.1,25.8,36,83
2026-08-13T14:01:00+00:00,0.0,31.6,8.1,25.8,35,83
2026-08-13T14:02:00+00:00,0.0,31.1,8.1,25.9,34,83
2026-08-13T14:03:00+00:00,0.0,30.5,8.1,25.9,34,83
2026-08-13T14:04:00+00:00,0.0,29.7,8.1,26.0,33,83
2026-08-13T14:05:00+00:00,0.0,28.9,8.1,26.1,32,83
2026-08-13T14:06:00+00:00,0.0,28.1,8.1,26.2,31,83
2026-08-13T14:07:00+00:00,0.0,27.2,8.1,26.3,30,83
2026-08-13T14:08:00+00:00,0.0,26.3,8.1,26.3,29,83
2026-08-13T14:09:00+00:00,0.0,25.5,8.1,26.4,28,83
2026-08-13T14:10:00+00:00,0.0,24.6,8.1,26.5,27,83
2026-08-13T14:11:00+00:00,0.0,23.8,8.1,26.6,26,83
2026-08-13T14:12:00+00:00,0.0,23.1,8.1,26.7,25,84
2026-08-13T14:13:00+00:00,0.0,22.5,8.1,26.7,25,84
2026-08-13T14:14:00+00:00,0.0,21.9,8.1,26.8,24,84
2026-08-13T14:15:00+00:00,0.0,21.5,8.1,26.8,24,84
2026-08-13T14:16:00+00:00,0.0,21.1,8.1,26.8,23,84
2026-08-13T14:17:00+00:00,0.0,20.7,8.1,26.8,23,84
2026-08-13T14:18:00+00:00,0.0,20.2,8.1,26.9,23,84
2026-08-13T14:19:00+00:00,0.0,19.8,8.1,26.9,23,84
2026-08-13T14:20:00+00:00,0.0,19.3,8.1,26.9,22,84
2026-08-13T14:21:00+00:00,0.0,18.8,8.1,26.9,22,84
2026-08-13T14:22:00+00:00,0.0,18.4,8.1,27.0,22,84
2026-08-13T14:23:00+00:00,0.0,17.9,8.1,27.0,21,85
2026-08-13T14:24:00+00:00,0.0,17.4,8.1,27.0,21,85
2026-08-13T14:25:00+00:00,0.0,16.9,8.1,27.0,21,85
2026-08-13T14:26:00+00:00,0.0,16.4,8.1,27.0,20,85
2026-08-13T14:27:00+00:00,0.0,16.0,8.1,27.1,20,85
2026-08-13T14:28:00+00:00,0.0,15.5,8.1,27.1,20,85
2026-08-13T14:29:00+00:00,0.0,15.1,8.1,27.1,19,85
2026-08-13T14:30:00+00:00,0.0,14.7,8.1,27.1,19,85
2026-08-13T14:31:00+00:00,0.0,14.8,8.1,27.2,19,85
2026-08-13T14:32:00+00:00,0.0,14.9,8.1,27.2,19,85
2026-08-13T14:33:00+00:00,0.0,15.1,8.1,27.2,19,85
2026-08-13T14:34:00+00:00,0.0,15.4,8.1,27.3,19,85
2026-08-13T14:35:00+00:00,0.0,15.8,8.1,27.3,18,86
2026-08-13T14:36:00+00:00,0.0,16.2,8.1,27.3,18,86
2026-08-13T14:37:00+00:00,0.0,16.6,8.1,27.4,18,86
2026-08-13T14:38:00+00:00,0.0,17.0,8.1,27.4,18,86
2026-08-13T14:39:00+00:00,0.0,17.5,8.1,27.5,18,86
2026-08-13T14:40:00+00:00,0.0,17.9,8.1,27.5,17,86
2026-08-13T14:41:00+00:00,0.0,18.2,8.1,27.6,17,86
2026-08-13T14:42:00+00:00,0.0,18.5,8.1,27.6,17,86
2026-08-13T14:43:00+00:00,0.0,18.7,8.1,27.6,17,86
2026-08-13T14:44:00+00:00,0.0,18.9,8.1,27.7,17,86
2026-08-13T14:45:00+00:00,0.0,18.9,8.1,27.7,16,86
2026-08-13T14:46:00+00:00,0.0,18.9,8.1,27.7,16,86
2026-08-13T14:47:00+00:00,0.0,18.9,8.1,27.7,16,87
2026-08-13T14:48:00+00:00,0.0,19.0,8.1,27.8,16,87
2026-08-13T14:49:00+00:00,0.0,19.0,8.1,27.8,15,87
2026-08-13T14:50:00+00:00,0.0,19.1,8.1,27.9,15,87
2026-08-13T14:51:00+00:00,0.0,19.1,8.1,27.9,15,87
2026-08-13T14:52:00+00:00,0.0,19.2,8.1,28.0,14,87
2026-08-13T14:53:00+00:00,0.0,19.3,8.1,28.1,14,87
2026-08-13T14:54:00+00:00,0.0,19.3,8.1,28.1,13,87
2026-08-13T14:55:00+00:00,0.0,19.4,8.1,28.2,13,87
2026-08-13T14:56:00+00:00,0.0,19.5,8.1,28.2,12,87
2026-08-13T14:57:00+00:00,0.0,19.5,8.1,28.3,12,87
2026-08-13T14:58:00+00:00,0.0,19.6,8.1,28.3,12,87
2026-08-13T14:59:00+00:00,0.0,19.6,8.1,28.3,12,88
2026-08-13T15:00:00+00:00,0.0,19.6,8.1,28.4,11,88
2026-08-13T15:01:00+00:00,0.0,19.5,8.1,28.4,11,88
2026-08-13T15:02:00+00:00,0.0,19.3,8.1,28.4,11,88
2026-08-13T15:03:00+00:00,0.0,19.0,8.1,28.3,12,88
2026-08-13T15:04:00+00:00,0.0,18.6,8.1,28.3,12,88
2026-08-13T15:05:00+00:00,0.0,18.1,8.1,28.2,12,88
2026-08-13T15:06:00+00:00,0.0,17.5,8.1,28.1,13,88
2026-08-13T15:07:00+00:00,0.0,16.8,8.1,28.0,13,88
2026-08-13T15:08:00+00:00,0.0,16.2,8.1,28.0,14,88
2026-08-13T15:09:00+00:00,0.0,15.6,8.1,27.9,14,88
2026-08-13T15:10:00+00:00,0.0,15.0,8.1,27.8,15,88
2026-08-13T15:11:00+00:00,0.0,14.5,8.1,27.7,15,88
2026-08-13T15:12:00+00:00,0.0,14.0,8.1,27.7,15,88
2026-08-13T15:13:00+00:00,0.0,13.7,8.1,27.6,16,89
2026-08-13T15:14:00+00:00,0.0,13.5,8.1,27.6,16,89
2026-08-13T15:15:00+00:00,0.0,13.5,8.1,27.6,16,89
2026-08-13T15:16:00+00:00,0.0,13.5,8.1,27.6,15,89
2026-08-13T15:17:00+00:00,0.0,13.5,8.1,27.7,15,89
2026-08-13T15:18:00+00:00,0.0,13.4,8.1,27.7,15,89
2026-08-13T15:19:00+00:00,0.0,13.4,8.1,27.7,15,89
2026-08-13T15:20:00+00:00,0.0,13.4,8.1,27.7,15,89
2026-08-13T15:21:00+00:00,0.0,13.4,8.1,27.8,15,89
2026-08-13T15:22:00+00:00,0.0,13.3,8.1,27.8,14,89
2026-08-13T15:23:00+00:00,0.0,13.3,8.1,27.8,14,89
2026-08-13T15:24:00+00:00,0.0,13.3,8.1,27.8,14,89
2026-08-13T15:25:00+00:00,0.0,13.2,8.1,27.9,14,89
2026-08-13T15:26:00+00:00,0.0,13.2,8.1,27.9,14,89
2026-08-13T15:27:00+00:00,0.0,13.2,8.1,27.9,14,89
2026-08-13T15:28:00+00:00,0.0,13.2,8.1,27.9,13,89
2026-08-13T15:29:00+00:00,0.0,13.1,8.1,27.9,13,90
2026-08-13T15:30:00+00:00,0.0,13.1,8.1,28.0,13,90
2026-08-13T15:31:00+00:00,0.0,13.2,8.1,28.0,13,90
2026-08-13T15:32:00+00:00,0.0,13.3,8.1,28.0,13,90
2026-08-13T15:33:00+00:00,0.0,13.5,8.1,28.0,13,90
2026-08-13T15:34:00+00:00,0.0,13.8,8.1,28.1,13,90
2026-08-13T15:35:00+00:00,0.0,14.1,8.1,28.1,12,90
2026-08-13T15:36:00+00:00,0.0,14.5,8.1,28.2,12,90
2026-08-13T15:37:00+00:00,0.0,14.8,8.1,28.2,12,90
2026-08-13T15:38:00+00:00,0.0,15.2,8.1,28.3,11,90
2026-08-13T15:39:00+00:00,0.0,15.6,8.1,28.3,11,90
2026-08-13T15:40:00+00:00,0.0,16.0,8.1,28.4,11,90
2026-08-13T15:41:00+00:00,0.0,16.3,8.1,28.4,11,90
2026-08-13T15:42:00+00:00,0.0,16.6,8.1,28.5,10,90
2026-08-13T15:43:00+00:00,0.0,16.8,8.1,28.5,10,90
2026-08-13T15:44:00+00:00,0.0,16.9,8.1,28.5,10,90
2026-08-13T15:45:00+00:00,0.0,16.9,8.1,28.5,10,90
2026-08-13T15:46:00+00:00,0.0,17.0,8.1,28.5,10,90
2026-08-13T15:47:00+00:00,0.0,17.1,8.1,28.5,10,90
2026-08-13T15:48:00+00:00,0.0,17.4,8.1,28.5,10,91
2026-08-13T15:49:00+00:00,0.0,17.8,8.1,28.5,10,91
2026-08-13T15:50:00+00:00,0.0,18.2,8.1,28.5,10,91
2026-08-13T15:51:00+00:00,0.0,18.7,8.1,28.5,10,91
2026-08-13T15:52:00+00:00,0.0,19.2,8.1,28.5,10,91
2026-08-13T15:53:00+00:00,0.0,19.7,8.1,28.5,11,91
2026-08-13T15:54:00+00:00,0.0,20.2,8.1,28.5,11,91
2026-08-13T15:55:00+00:00,0.0,20.7,8.1,28.5,11,91
2026-08-13T15:56:00+00:00,0.0,21.1,8.1,28.5,11,91
2026-08-13T15:57:00+00:00,0.0,21.5,8.1,28.5,11,91
2026-08-13T15:58:00+00:00,0.0,21.8,8.1,28.5,11,91
2026-08-13T15:59:00+00:00,0.0,21.9,8.1,28.5,11,91
2026-08-13T16:00:00+00:00,0.0,22.0,8.1,28.5,11,91
2026-08-13T16:01:00+00:00,0.0,21.9,8.1,28.5,11,91
2026-08-13T16:02:00+00:00,0.0,21.7,8.1,28.5,11,91
2026-08-13T16:03:00+00:00,0.0,21.4,8.1,28.6,10,91
2026-08-13T16:04:00+00:00,0.0,20.9,8.1,28.6,10,91
2026-08-13T16:05:00+00:00,0.0,20.4,8.1,28.7,10,91
2026-08-13T16:06:00+00:00,0.0,19.8,8.1,28.7,9,91
2026-08-13T16:07:00+00:00,0.0,19.1,8.1,28.8,8,91
2026-08-13T16:08:00+00:00,0.0,18.5,8.1,28.8,8,91
2026-08-13T16:09:00+00:00,0.0,17.8,8.1,28.9,7,91
2026-08-13T16:10:00+00:00,0.0,17.2,8.1,29.0,7,91
2026-08-13T16:11:00+00:00,0.0,16.7,8.1,29.0,6,91
2026-08-13T16:12:00+00:00,0.0,16.2,8.1,29.1,6,91
2026-08-13T16:13:00+00:00,0.0,15.9,8.1,29.1,6,91
2026-08-13T16:14:00+00:00,0.0,15.7,8.1,29.1,6,91
2026-08-13T16:15:00+00:00,0.0,15.6,8.1,29.1,6,91
2026-08-13T16:16:00+00:00,0.0,15.7,8.1,29.1,6,91
2026-08-13T16:17:00+00:00,0.0,15.9,8.1,29.1,6,92
2026-08-13T16:18:00+00:00,0.0,16.1,8.1,29.1,6,92
2026-08-13T16:19:00+00:00,0.0,16.5,8.1,29.0,6,92
2026-08-13T16:20:00+00:00,0.0,16.9,8.1,29.0,7,92
2026-08-13T16:21:00+00:00,0.0,17.4,8.1,28.9,7,92
2026-08-13T16:22:00+00:00,0.0,17.9,8.1,28.8,8,92
2026-08-13T16:23:00+00:00,0.0,18.5,8.1,28.7,9,92
2026-08-13T16:24:00+00:00,0.0,19.0,8.1,28.6,9,92
2026-08-13T16:25:00+00:00,0.0,19.5,8.1,28.6,10,92
2026-08-13T16:26:00+00:00,0.0,20.0,8.1,28.5,11,92
2026-08-13T16:27:00+00:00,0.0,20.3,8.1,28.4,11,92
2026-08-13T16:28:00+00:00,0.0,20.6,8.1,28.4,11,92
2026-08-13T16:29:00+00:00,0.0,20.8,8.1,28.4,12,92
2026-08-13T16:30:00+00:00,0.0,20.8,8.1,28.4,12,92
2026-08-13T16:31:00+00:00,0.0,20.7,8.1,28.4,12,92
2026-08-13T16:32:00+00:00,0.0,20.6,8.1,28.4,12,92
2026-08-13T16:33:00+00:00,0.0,20.2,8.1,28.4,11,92
2026-08-13T16:34:00+00:00,0.0,19.8,8.1,28.4,11,92
2026-08-13T16:35:00+00:00,0.0,19.3,8.1,28.4,11,92
2026-08-13T16:36:00+00:00,0.0,18.7,8.1,28.4,11,92
2026-08-13T16:37:00+00:00,0.0,18.1,8.1,28.4,11,92
2026-08-13T16:38:00+00:00,0.0,17.5,8.1,28.4,11,92
2026-08-13T16:39:00+00:00,0.0,16.9,8.1,28.4,11,92
2026-08-13T16:40:00+00:00,0.0,16.3,8.1,28.4,11,92
2026-08-13T16:41:00+00:00,0.0,15.8,8.1,28.4,11,92
2026-08-13T16:42:00+00:00,0.0,15.4,8.1,28.4,11,92
2026-08-13T16:43:00+00:00,0.0,15.1,8.1,28.4,11,92
2026-08-13T16:44:00+00:00,0.0,14.9,8.1,28.4,11,92
2026-08-13T16:45:00+00:00,0.0,14.8,8.1,28.4,11,92
2026-08-13T16:46:00+00:00,0.0,14.8,8.1,28.4,11,92
2026-08-13T16:47:00+00:00,0.0,14.8,8.1,28.4,11,92
2026-08-13T16:48:00+00:00,0.0,14.7,8.1,28.4,11,92
2026-08-13T16:49:00+00:00,0.0,14.7,8.1,28.4,10,92
2026-08-13T16:50:00+00:00,0.0,14.6,8.1,28.4,10,92
2026-08-13T16:51:00+00:00,0.0,14.5,8.1,28.5,10,92
2026-08-13T16:52:00+00:00,0.0,14.4,8.1,28.5,10,92
2026-08-13T16:53:00+00:00,0.0,14.3,8.1,28.6,9,92
2026-08-13T16:54:00+00:00,0.0,14.3,8.1,28.6,9,92
2026-08-13T16:55:00+00:00,0.0,14.2,8.1,28.6,9,92
2026-08-13T16:56:00+00:00,0.0,14.1,8.1,28.6,9,92
2026-08-13T16:57:00+00:00,0.0,14.0,8.1,28.7,9,92
2026-08-13T16:58:00+00:00,0.0,14.0,8.1,28.7,8,92
2026-08-13T16:59:00+00:00,0.0,14.0,8.1,28.7,8,92
2026-08-13T17:00:00+00:00,0.0,13.9,8.1,28.7,8,92
2026-08-13T17:01:00+00:00,0.0,14.0,8.1,28.7,8,92
2026-08-13T17:02:00+00:00,0.0,14.3,8.1,28.7,8,92
2026-08-13T17:03:00+00:00,0.0,14.7,8.1,28.7,8,92
2026-08-13T17:04:00+00:00,0.0,15.3,8.1,28.7,8,92
2026-08-13T17:05:00+00:00,0.0,16.0,8.1,28.8,8,92
2026-08-13T17:06:00+00:00,0.0,16.8,8.1,28.8,8,92
2026-08-13T17:07:00+00:00,0.0,17.7,8.1,28.8,8,92
2026-08-13T17:08:00+00:00,0.0,18.6,8.1,28.8,8,92
2026-08-13T17:09:00+00:00,0.0,19.4,8.1,28.9,8,92
2026-08-13T17:10:00+00:00,0.0,20.2,8.1,28.9,8,92
2026-08-13T17:11:00+00:00,0.0,20.9,8.1,28.9,8,92
2026-08-13T17:12:00+00:00,0.0,21.5,8.1,28.9,8,92
2026-08-13T17:13:00+00:00,0.0,21.9,8.1,28.9,8,92
2026-08-13T17:14:00+00:00,0.0,22.2,8.1,28.9,8,92
2026-08-13T17:15:00+00:00,0.0,22.3,8.1,28.9,8,92
2026-08-13T17:16:00+00:00,0.0,22.3,8.1,28.9,8,92
2026-08-13T17:17:00+00:00,0.0,22.2,8.1,28.9,8,92
2026-08-13T17:18:00+00:00,0.0,22.1,8.1,28.9,8,92
2026-08-13T17:19:00+00:00,0.0,21.9,8.1,28.8,9,92
2026-08-13T17:20:00+00:00,0.0,21.8,8.1,28.8,9,92
2026-08-13T17:21:00+00:00,0.0,21.5,8.1,28.7,9,92
2026-08-13T17:22:00+00:00,0.0,21.3,8.1,28.6,10,92
2026-08-13T17:23:00+00:00,0.0,21.1,8.1,28.5,10,92
2026-08-13T17:24:00+00:00,0.0,20.9,8.1,28.5,11,92
2026-08-13T17:25:00+00:00,0.0,20.7,8.1,28.4,11,92
2026-08-13T17:26:00+00:00,0.0,20.5,8.1,28.4,12,92
2026-08-13T17:27:00+00:00,0.0,20.3,8.1,28.3,12,92
2026-08-13T17:28:00+00:00,0.0,20.2,8.1,28.3,12,92
2026-08-13T17:29:00+00:00,0.0,20.2,8.1,28.2,12,92
2026-08-13T17:30:00+00:00,0.0,20.1,8.1,28.2,13,92
2026-08-13T17:31:00+00:00,0.0,20.1,8.1,28.2,13,92
2026-08-13T17:32:00+00:00,0.0,19.8,8.1,28.2,13,92
2026-08-13T17:33:00+00:00,0.0,19.5,8.1,28.2,13,92
2026-08-13T17:34:00+00:00,0.0,19.0,8.1,28.2,13,92
2026-08-13T17:35:00+00:00,0.0,18.4,8.1,28.2,13,92
2026-08-13T17:36:00+00:00,0.0,17.8,8.1,28.2,12,92
2026-08-13T17:37:00+00:00,0.0,17.1,8.1,28.2,12,92
2026-08-13T17:38:00+00:00,0.0,16.4,8.1,28.2,12,92
2026-08-13T17:39:00+00:00,0.0,15.7,8.1,28.2,12,92
2026-08-13T17:40:00+00:00,0.0,15.1,8.1,28.2,12,92
2026-08-13T17:41:00+00:00,0.0,14.5,8.1,28.1,12,92
2026-08-13T17:42:00+00:00,0.0,14.0,8.1,28.1,12,92
2026-08-13T17:43:00+00:00,0.0,13.7,8.1,28.1,12,92
2026-08-13T17:44:00+00:00,0.0,13.5,8.1,28.1,12,92
2026-08-13T17:45:00+00:00,0.0,13.4,8.1,28.1,12,92
2026-08-13T17:46:00+00:00,0.0,13.4,8.1,28.1,12,92
2026-08-13T17:47:00+00:00,0.0,13.4,8.1,28.1,12,92
2026-08-13T17:48:00+00:00,0.0,13.4,8.1,28.2,12,92
2026-08-13T17:49:00+00:00,0.0,13.5,8.1,28.2,12,92
2026-08-13T17:50:00+00:00,0.0,13.5,8.1,28.2,11,92
2026-08-13T17:51:00+00:00,0.0,13.5,8.1,28.3,11,92
2026-08-13T17:52:00+00:00,0.0,13.6,8.1,28.4,11,92
2026-08-13T17:53:00+00:00,0.0,13.6,8.1,28.4,10,92
2026-08-13T17:54:00+00:00,0.0,13.7,8.1,28.5,10,92
2026-08-13T17:55:00+00:00,0.0,13.7,8.1,28.5,9,92
2026-08-13T17:56:00+00:00,0.0,13.8,8.1,28.6,9,92
2026-08-13T17:57:00+00:00,0.0,13.8,8.1,28.6,9,92
2026-08-13T17:58:00+00:00,0.0,13.8,8.1,28.7,9,92
2026-08-13T17:59:00+00:00,0.0,13.8,8.1,28.7,8,92
2026-08-13T18:00:00+00:00,0.0,13.8,8.1,28.7,8,92
2026-08-13T18:01:00+00:00,0.0,13.9,8.1,28.7,9,92
2026-08-13T18:02:00+00:00,0.0,13.9,8.1,28.6,9,92
2026-08-13T18:03:00+00:00,0.0,14.1,8.1,28.6,9,92
2026-08-13T18:04:00+00:00,0.0,14.3,8.1,28.5,9,92
2026-08-13T18:05:00+00:00,0.0,14.5,8.1,28.5,10,92
2026-08-13T18:06:00+00:00,0.0,14.8,8.1,28.4,10,92
2026-08-13T18:07:00+00:00,0.0,15.0,8.1,28.3,11,92
2026-08-13T18:08:00+00:00,0.0,15.3,8.1,28.3,12,92
2026-08-13T18:09:00+00:00,0.0,15.6,8.1,28.2,12,92
2026-08-13T18:10:00+00:00,0.0,15.8,8.1,28.1,13,91
2026-08-13T18:11:00+00:00,0.0,16.1,8.1,28.1,13,91
2026-08-13T18:12:00+00:00,0.0,16.2,8.1,28.0,13,91
2026-08-13T18:13:00+00:00,0.0,16.4,8.1,28.0,14,91
2026-08-13T18:14:00+00:00,0.0,16.5,8.1,27.9,14,91
2026-08-13T18:15:00+00:00,0.0,16.5,8.1,27.9,14,91
2026-08-13T18:16:00+00:00,0.0,16.5,8.1,27.9,14,91
2026-08-13T18:17:00+00:00,0.0,16.7,8.1,27.9,14,91
2026-08-13T18:18:00+00:00,0.0,16.9,8.1,27.9,14,91
2026-08-13T18:19:00+00:00,0.0,17.2,8.1,27.9,14,91
2026-08-13T18:20:00+00:00,0.0,17.6,8.1,28.0,14,91
2026-08-13T18:21:00+00:00,0.0,18.0,8.1,28.0,14,91
2026-08-13T18:22:00+00:00,0.0,18.5,8.1,28.0,14,91
2026-08-13T18:23:00+00:00,0.0,18.9,8.1,28.1,14,91
2026-08-13T18:24:00+00:00,0.0,19.4,8.1,28.1,13,91
2026-08-13T18:25:00+00:00,0.0,19.8,8.1,28.1,13,91
2026-08-13T18:26:00+00:00,0.0,20.2,8.1,28.2,13,91
2026-08-13T18:27:00+00:00,0.0,20.5,8.1,28.2,13,91
2026-08-13T18:28:00+00:00,0.0,20.7,8.1,28.2,13,91
2026-08-13T18:29:00+00:00,0.0,20.9,8.1,28.2,13,91
2026-08-13T18:30:00+00:00,0.0,20.9,8.1,28.2,13,91
2026-08-13T18:31:00+00:00,0.0,20.9,8.1,28.2,13,91
2026-08-13T18:32:00+00:00,0.0,20.9,8.1,28.1,13,91
2026-08-13T18:33:00+00:00,0.0,20.9,8.1,28.1,14,91
2026-08-13T18:34:00+00:00,0.0,20.9,8.1,28.0,14,91
2026-08-13T18:35:00+00:00,0.0,20.9,8.1,28.0,15,90
2026-08-13T18:36:00+00:00,0.0,20.9,8.1,27.9,15,90
2026-08-13T18:37:00+00:00,0.0,20.8,8.1,27.9,16,90
2026-08-13T18:38:00+00:00,0.0,20.8,8.1,27.8,16,90
2026-08-13T18:39:00+00:00,0.0,20.8,8.1,27.7,17,90
2026-08-13T18:40:00+00:00,0.0,20.8,8.1,27.7,17,90
2026-08-13T18:41:00+00:00,0.0,20.7,8.1,27.6,17,90
2026-08-13T18:42:00+00:00,0.0,20.7,8.1,27.5,18,90
2026-08-13T18:43:00+00:00,0.0,20.7,8.1,27.5,18,90
2026-08-13T18:44:00+00:00,0.0,20.7,8.1,27.5,18,90
2026-08-13T18:45:00+00:00,0.0,20.7,8.1,27.5,19,90
2026-08-13T18:46:00+00:00,0.0,20.7,8.1,27.4,19,90
2026-08-13T18:47:00+00:00,0.0,20.7,8.1,27.4,19,90
2026-08-13T18:48:00+00:00,0.0,20.7,8.1,27.4,19,90
2026-08-13T18:49:00+00:00,0.0,20.8,8.1,27.4,19,90
2026-08-13T18:50:00+00:00,0.0,20.8,8.1,27.5,19,90
2026-08-13T18:51:00+00:00,0.0,20.9,8.1,27.5,18,90
2026-08-13T18:52:00+00:00,0.0,20.9,8.1,27.5,18,90
2026-08-13T18:53:00+00:00,0.0,21.0,8.1,27.5,18,90
2026-08-13T18:54:00+00:00,0.0,21.1,8.1,27.5,18,89
2026-08-13T18:55:00+00:00,0.0,21.1,8.1,27.5,18,89
2026-08-13T18:56:00+00:00,0.0,21.2,8.1,27.5,18,89
2026-08-13T18:57:00+00:00,0.0,21.2,8.1,27.5,18,89
2026-08-13T18:58:00+00:00,0.0,21.2,8.1,27.5,18,89
2026-08-13T18:59:00+00:00,0.0,21.3,8.1,27.5,18,89
2026-08-13T19:00:00+00:00,0.0,21.3,8.1,27.5,18,89
2026-08-13T19:01:00+00:00,0.0,21.3,8.1,27.5,18,89
2026-08-13T19:02:00+00:00,0.0,21.2,8.1,27.5,19,89
2026-08-13T19:03:00+00:00,0.0,21.2,8.1,27.4,19,89
2026-08-13T19:04:00+00:00,0.0,21.1,8.1,27.4,19,89
2026-08-13T19:05:00+00:00,0.0,21.1,8.1,27.3,20,89
2026-08-13T19:06:00+00:00,0.0,21.0,8.1,27.3,20,89
2026-08-13T19:07:00+00:00,0.0,21.0,8.1,27.2,21,89
2026-08-13T19:08:00+00:00,0.0,20.9,8.1,27.1,21,89
2026-08-13T19:09:00+00:00,0.0,20.8,8.1,27.1,21,89
2026-08-13T19:10:00+00:00,0.0,20.7,8.1,27.0,22,89
2026-08-13T19:11:00+00:00,0.0,20.7,8.1,26.9,22,88
2026-08-13T19:12:00+00:00,0.0,20.6,8.1,26.9,23,88
2026-08-13T19:13:00+00:00,0.0,20.6,8.1,26.9,23,88
2026-08-13T19:14:00+00:00,0.0,20.6,8.1,26.8,23,88
2026-08-13T19:15:00+00:00,0.0,20.6,8.1,26.8,23,88
2026-08-13T19:16:00+00:00,0.0,20.5,8.1,26.8,23,88
2026-08-13T19:17:00+00:00,0.1,21.0,8.1,26.8,24,88
2026-08-13T19:18:00+00:00,0.5,22.6,8.1,26.8,24,88
2026-08-13T19:19:00+00:00,0.8,24.1,8.1,26.8,25,88
2026-08-13T19:20:00+00:00,1.1,25.6,8.1,26.8,25,88
2026-08-13T19:21:00+00:00,1.4,26.9,8.1,26.8,25,88
2026-08-13T19:22:00+00:00,1.8,28.2,8.1,26.8,26,88
2026-08-13T19:23:00+00:00,2.1,29.4,8.1,26.8,26,88
2026-08-13T19:24:00+00:00,2.4,30.5,8.1,26.8,26,88
2026-08-13T19:25:00+00:00,2.7,31.7,8.1,26.9,26,88
2026-08-13T19:26:00+00:00,3.0,32.9,8.1,26.9,27,87
2026-08-13T19:27:00+00:00,3.3,34.1,8.1,26.9,27,87
2026-08-13T19:28:00+00:00,3.5,35.3,8.1,26.9,28,87
2026-08-13T19:29:00+00:00,3.8,36.5,8.1,26.8,28,87
2026-08-13T19:30:00+00:00,4.0,37.8,8.1,26.8,29,87
2026-08-13T19:31:00+00:00,4.2,39.1,8.1,26.8,29,87
2026-08-13T19:32:00+00:00,4.4,40.5,8.1,26.8,30,87
2026-08-13T19:33:00+00:00,4.6,42.0,8.1,26.8,30,87
2026-08-13T19:34:00+00:00,4.8,43.4,8.1,26.9,30,87
2026-08-13T19:35:00+00:00,4.9,44.9,8.1,26.9,30,87
2026-08-13T19:36:00+00:00,5.1,46.3,8.1,27.0,30,87
2026-08-13T19:37:00+00:00,5.2,47.7,8.1,27.0,30,87
2026-08-13T19:38:00+00:00,5.3,49.0,8.1,27.1,29,87
2026-08-13T19:39:00+00:00,5.4,50.1,8.12,27.2,29,86
2026-08-13T19:40:00+00:00,5.4,51.1,8.13,27.2,29,86
2026-08-13T19:41:00+00:00,5.5,51.9,8.15,27.3,28,86
2026-08-13T19:42:00+00:00,5.5,52.5,8.17,27.3,28,86
2026-08-13T19:43:00+00:00,5.5,52.8,8.18,27.3,28,86
2026-08-13T19:44:00+00:00,5.4,52.9,8.2,27.3,28,86
2026-08-13T19:45:00+00:00,5.4,52.7,8.22,27.3,28,86
2026-08-13T19:46:00+00:00,5.3,52.3,8.23,27.3,28,86
2026-08-13T19:47:00+00:00,5.2,51.7,8.25,27.3,28,86
2026-08-13T19:48:00+00:00,5.1,51.0,8.27,27.3,28,86
2026-08-13T19:49:00+00:00,5.0,50.1,8.28,27.3,28,86
2026-08-13T19:50:00+00:00,4.8,49.1,8.28,27.3,28,86
2026-08-13T19:51:00+00:00,4.7,48.0,8.28,27.3,27,85
2026-08-13T19:52:00+00:00,4.5,46.7,8.28,27.3,27,85
2026-08-13T19:53:00+00:00,4.3,45.4,8.28,27.3,26,85
2026-08-13T19:54:00+00:00,4.1,44.0,8.28,27.3,26,85
2026-08-13T19:55:00+00:00,3.8,42.4,8.28,27.4,25,85
2026-08-13T19:56:00+00:00,3.6,40.9,8.28,27.4,25,85
2026-08-13T19:57:00+00:00,3.3,39.2,8.28,27.4,24,85
2026-08-13T19:58:00+00:00,3.1,37.6,8.28,27.4,24,85
2026-08-13T19:59:00+00:00,2.8,35.9,8.28,27.4,24,85
2026-08-13T20:00:00+00:00,2.5,34.2,8.28,27.3,23,85
2026-08-13T20:01:00+00:00,2.2,32.5,8.28,27.3,23,85
2026-08-13T20:02:00+00:00,1.9,30.7,8.28,27.2,23,85
2026-08-13T20:03:00+00:00,1.6,28.9,8.28,27.1,24,84
2026-08-13T20:04:00+00:00,1.2,27.0,8.28,27.0,24,84
2026-08-13T20:05:00+00:00,0.9,25.1,8.28,26.9,24,84
2026-08-13T20:06:00+00:00,0.6,23.2,8.28,26.8,25,84
2026-08-13T20:07:00+00:00,0.2,21.3,8.28,26.6,25,84
2026-08-13T20:08:00+00:00,0.0,19.9,8.28,26.5,26,84
2026-08-13T20:09:00+00:00,0.0,19.9,8.28,26.3,27,84
2026-08-13T20:10:00+00:00,0.0,19.9,8.28,26.2,28,84
2026-08-13T20:11:00+00:00,0.0,19.8,8.28,26.0,29,84
2026-08-13T20:12:00+00:00,0.0,19.8,8.28,25.9,30,84
2026-08-13T20:13:00+00:00,0.0,19.8,8.28,25.8,31,83
2026-08-13T20:14:00+00:00,0.0,19.8,8.28,25.8,31,83
2026-08-13T20:15:00+00:00,0.0,19.8,8.28,25.7,31,83
2026-08-13T20:16:00+00:00,0.0,19.7,8.28,25.7,32,83
2026-08-13T20:17:00+00:00,0.0,19.5,8.28,25.7,32,83
2026-08-13T20:18:00+00:00,0.0,19.2,8.28,25.7,31,83
2026-08-13T20:19:00+00:00,0.0,18.7,8.28,25.7,31,83
2026-08-13T20:20:00+00:00,0.0,18.1,8.28,25.8,31,83
2026-08-13T20:21:00+00:00,0.0,17.5,8.28,25.8,30,83
2026-08-13T20:22:00+00:00,0.0,16.8,8.28,25.8,30,82
2026-08-13T20:23:00+00:00,0.0,16.1,8.28,25.8,29,82
2026-08-13T20:24:00+00:00,0.0,15.4,8.28,25.9,29,82
2026-08-13T20:25:00+00:00,0.0,14.8,8.28,25.9,28,82
2026-08-13T20:26:00+00:00,0.0,14.2,8.28,25.9,28,82
2026-08-13T20:27:00+00:00,0.0,13.8,8.28,25.9,28,82
2026-08-13T20:28:00+00:00,0.0,13.4,8.28,25.9,27,82
2026-08-13T20:29:00+00:00,0.0,13.2,8.28,25.9,27,81
2026-08-13T20:30:00+00:00,0.0,13.1,8.28,25.9,27,81
2026-08-13T20:31:00+00:00,0.0,13.2,8.28,25.9,28,81
2026-08-13T20:32:00+00:00,0.0,13.3,8.28,25.9,28,81
2026-08-13T20:33:00+00:00,0.0,13.6,8.28,25.9,28,81
2026-08-13T20:34:00+00:00,0.0,13.9,8.28,25.9,28,81
2026-08-13T20:35:00+00:00,0.0,14.3,8.28,25.9,28,81
2026-08-13T20:36:00+00:00,0.0,14.8,8.28,26.0,28,81
2026-08-13T20:37:00+00:00,0.0,15.3,8.28,26.0,28,80
2026-08-13T20:38:00+00:00,0.0,15.8,8.28,26.0,28,80
2026-08-13T20:39:00+00:00,0.0,16.3,8.28,26.1,28,80
2026-08-13T20:40:00+00:00,0.0,16.8,8.28,26.1,28,80
2026-08-13T20:41:00+00:00,0.0,17.2,8.28,26.1,28,80
2026-08-13T20:42:00+00:00,0.0,17.5,8.28,26.1,28,80
2026-08-13T20:43:00+00:00,0.0,17.8,8.28,26.2,28,79
2026-08-13T20:44:00+00:00,0.0,17.9,8.28,26.1,28,79
2026-08-13T20:45:00+00:00,0.0,18.0,8.28,26.1,28,79
2026-08-13T20:46:00+00:00,0.0,17.9,8.28,26.1,28,79
2026-08-13T20:47:00+00:00,0.0,17.8,8.28,26.1,28,79
2026-08-13T20:48:00+00:00,0.0,17.6,8.28,26.0,28,79
2026-08-13T20:49:00+00:00,0.0,17.3,8.28,26.0,29,79
2026-08-13T20:50:00+00:00,0.0,17.0,8.28,26.0,29,78
2026-08-13T20:51:00+00:00,0.0,16.6,8.28,25.9,29,78
2026-08-13T20:52:00+00:00,0.0,16.1,8.28,25.9,29,78
2026-08-13T20:53:00+00:00,0.0,15.7,8.28,25.9,29,78
2026-08-13T20:54:00+00:00,0.0,15.3,8.28,25.8,29,78
2026-08-13T20:55:00+00:00,0.0,14.9,8.28,25.8,29,78
2026-08-13T20:56:00+00:00,0.0,14.6,8.28,25.8,29,77
2026-08-13T20:57:00+00:00,0.0,14.3,8.28,25.7,29,77
2026-08-13T20:58:00+00:00,0.0,14.1,8.28,25.7,29,77
2026-08-13T20:59:00+00:00,0.0,13.9,8.28,25.7,30,77
2026-08-13T21:00:00+00:00,0.0,13.9,8.28,25.6,30,77
2026-08-13T21:01:00+00:00,0.0,13.9,8.28,25.6,30,77
2026-08-13T21:02:00+00:00,0.0,13.9,8.28,25.5,31,76
2026-08-13T21:03:00+00:00,0.0,14.0,8.28,25.4,31,76
2026-08-13T21:04:00+00:00,0.0,14.1,8.28,25.3,32,76
2026-08-13T21:05:00+00:00,0.0,14.2,8.28,25.1,33,76
2026-08-13T21:06:00+00:00,0.0,14.3,8.28,25.0,34,76
2026-08-13T21:07:00+00:00,0.0,14.4,8.28,24.8,36,76
2026-08-13T21:08:00+00:00,0.0,14.6,8.28,24.6,37,76
2026-08-13T21:09:00+00:00,0.0,14.7,8.28,24.5,38,75
2026-08-13T21:10:00+00:00,0.0,14.8,8.28,24.3,39,75
2026-08-13T21:11:00+00:00,0.0,14.9,8.28,24.2,40,75
2026-08-13T21:12:00+00:00,0.0,15.0,8.28,24.0,41,75
2026-08-13T21:13:00+00:00,0.0,15.0,8.28,23.9,41,75
2026-08-13T21:14:00+00:00,0.0,15.1,8.28,23.8,41,75
2026-08-13T21:15:00+00:00,0.0,15.1,8.28,23.8,40,74
2026-08-13T21:16:00+00:00,0.0,15.1,8.28,23.8,40,74
2026-08-13T21:17:00+00:00,0.0,15.2,8.28,23.8,40,74
2026-08-13T21:18:00+00:00,0.0,15.4,8.28,23.8,40,74
2026-08-13T21:19:00+00:00,0.0,15.7,8.28,23.8,40,74
2026-08-13T21:20:00+00:00,0.0,15.9,8.28,23.8,41,74
2026-08-13T21:21:00+00:00,0.0,16.3,8.28,23.8,41,73
2026-08-13T21:22:00+00:00,0.0,16.6,8.28,23.8,42,73
2026-08-13T21:23:00+00:00,0.0,17.0,8.28,23.9,42,73
2026-08-13T21:24:00+00:00,0.0,17.3,8.28,23.9,42,73
2026-08-13T21:25:00+00:00,0.0,17.7,8.28,23.9,43,73
2026-08-13T21:26:00+00:00,0.0,18.0,8.28,24.0,43,73
2026-08-13T21:27:00+00:00,0.0,18.2,8.28,24.0,43,72
2026-08-13T21:28:00+00:00,0.0,18.4,8.28,24.0,43,72
2026-08-13T21:29:00+00:00,0.0,18.5,8.28,23.9,43,72
2026-08-13T21:30:00+00:00,0.0,18.5,8.28,23.9,43,72
2026-08-13T21:31:00+00:00,0.0,18.5,8.28,23.9,43,72
2026-08-13T21:32:00+00:00,0.0,18.4,8.28,23.9,43,72
2026-08-13T21:33:00+00:00,0.0,18.3,8.28,23.9,43,72
2026-08-13T21:34:00+00:00,0.0,18.1,8.28,23.9,43,71
2026-08-13T21:35:00+00:00,0.0,17.9,8.28,24.0,43,71
2026-08-13T21:36:00+00:00,0.0,17.7,8.28,24.0,43,71
2026-08-13T21:37:00+00:00,0.0,17.4,8.28,24.1,43,71
2026-08-13T21:38:00+00:00,0.0,17.1,8.28,24.1,42,71
2026-08-13T21:39:00+00:00,0.0,16.9,8.28,24.2,42,71
2026-08-13T21:40:00+00:00,0.0,16.6,8.28,24.2,41,71
2026-08-13T21:41:00+00:00,0.0,16.4,8.28,24.2,41,70
2026-08-13T21:42:00+00:00,0.0,16.2,8.28,24.3,40,70
2026-08-13T21:43:00+00:00,0.0,16.1,8.28,24.3,40,70
2026-08-13T21:44:00+00:00,0.0,16.0,8.28,24.3,40,70
2026-08-13T21:45:00+00:00,0.0,16.0,8.28,24.3,40,70
2026-08-13T21:46:00+00:00,0.0,16.0,8.28,24.2,41,70
2026-08-13T21:47:00+00:00,0.0,16.0,8.28,24.1,41,70
2026-08-13T21:48:00+00:00,0.0,16.0,8.28,24.1,42,69
2026-08-13T21:49:00+00:00,0.0,16.0,8.28,23.9,42,69
2026-08-13T21:50:00+00:00,0.0,16.0,8.28,23.8,41,69
2026-08-13T21:51:00+00:00,0.0,16.0,8.28,23.7,40,69
2026-08-13T21:52:00+00:00,0.0,16.0,8.28,23.5,39,69
2026-08-13T21:53:00+00:00,0.0,16.0,8.28,23.4,38,69
2026-08-13T21:54:00+00:00,0.0,16.0,8.28,23.2,37,69
2026-08-13T21:55:00+00:00,0.0,16.0,8.28,23.1,36,68
2026-08-13T21:56:00+00:00,0.0,16.0,8.28,23.0,35,68
2026-08-13T21:57:00+00:00,0.0,16.0,8.28,22.9,34,68
2026-08-13T21:58:00+00:00,0.0,16.0,8.28,22.8,34,68
2026-08-13T21:59:00+00:00,0.0,16.0,8.28,22.7,33,68
2026-08-13T22:00:00+00:00,0.0,16.0,8.28,22.7,33,68
2026-08-13T22:01:00+00:00,0.0,16.0,8.28,22.7,33,68
2026-08-13T22:02:00+00:00,0.0,16.0,8.28,22.6,33,68
2026-08-13T22:03:00+00:00,0.0,15.9,8.28,22.7,33,68
2026-08-13T22:04:00+00:00,0.0,15.8,8.28,22.7,33,67
2026-08-13T22:05:00+00:00,0.0,15.7,8.28,22.7,33,67
2026-08-13T22:06:00+00:00,0.0,15.5,8.28,22.8,33,67
2026-08-13T22:07:00+00:00,0.0,15.4,8.28,22.8,33,67
2026-08-13T22:08:00+00:00,0.0,15.2,8.28,22.8,34,67
2026-08-13T22:09:00+00:00,0.0,15.1,8.28,22.9,34,67
2026-08-13T22:10:00+00:00,0.0,15.0,8.28,22.9,34,67
2026-08-13T22:11:00+00:00,0.0,14.8,8.28,23.0,34,67
2026-08-13T22:12:00+00:00,0.0,14.7,8.28,23.0,34,66
2026-08-13T22:13:00+00:00,0.0,14.7,8.28,23.0,34,66
2026-08-13T22:14:00+00:00,0.0,14.6,8.28,23.0,34,66
2026-08-13T22:15:00+00:00,0.0,14.6,8.28,23.0,34,66
2026-08-13T22:16:00+00:00,0.0,14.6,8.28,22.9,34,66
2026-08-13T22:17:00+00:00,0.0,14.6,8.28,22.9,33,66
2026-08-13T22:18:00+00:00,0.0,14.6,8.28,22.8,33,66
2026-08-13T22:19:00+00:00,0.0,14.6,8.28,22.7,32,66
2026-08-13T22:20:00+00:00,0.0,14.7,8.28,22.6,32,65
2026-08-13T22:21:00+00:00,0.0,14.7,8.28,22.5,31,65
2026-08-13T22:22:00+00:00,0.0,14.7,8.28,22.3,30,65
2026-08-13T22:23:00+00:00,0.0,14.8,8.28,22.2,29,65
2026-08-13T22:24:00+00:00,0.0,14.8,8.28,22.1,28,65
2026-08-13T22:25:00+00:00,0.0,14.8,8.28,22.0,27,65
2026-08-13T22:26:00+00:00,0.0,14.9,8.28,21.9,27,65
2026-08-13T22:27:00+00:00,0.0,14.9,8.28,21.8,26,65
2026-08-13T22:28:00+00:00,0.0,14.9,8.28,21.7,26,64
2026-08-13T22:29:00+00:00,0.0,14.9,8.28,21.6,25,64
2026-08-13T22:30:00+00:00,0.0,14.9,8.28,21.6,25,64
2026-08-13T22:31:00+00:00,0.0,14.9,8.28,21.6,25,64
2026-08-13T22:32:00+00:00,0.0,15.0,8.28,21.5,24,64
2026-08-13T22:33:00+00:00,0.0,15.1,8.28,21.5,24,64
2026-08-13T22:34:00+00:00,0.0,15.3,8.28,21.5,24,64
2026-08-13T22:35:00+00:00,0.0,15.4,8.28,21.5,24,64
2026-08-13T22:36:00+00:00,0.0,15.6,8.28,21.5,24,63
2026-08-13T22:37:00+00:00,0.0,15.8,8.28,21.5,24,63
2026-08-13T22:38:00+00:00,0.0,16.1,8.28,21.5,24,63
2026-08-13T22:39:00+00:00,0.0,16.3,8.28,21.5,24,63
2026-08-13T22:40:00+00:00,0.0,16.5,8.28,21.4,24,63
2026-08-13T22:41:00+00:00,0.0,16.7,8.28,21.4,24,63
2026-08-13T22:42:00+00:00,0.0,16.8,8.28,21.4,24,63
2026-08-13T22:43:00+00:00,0.0,16.9,8.28,21.4,24,63
2026-08-13T22:44:00+00:00,0.0,17.0,8.28,21.4,24,63
2026-08-13T22:45:00+00:00,0.0,17.0,8.28,21.3,24,62
2026-08-13T22:46:00+00:00,0.0,17.0,8.28,21.3,23,62
2026-08-13T22:47:00+00:00,0.0,16.9,8.28,21.3,23,62
2026-08-13T22:48:00+00:00,0.0,16.8,8.28,21.3,23,62
2026-08-13T22:49:00+00:00,0.0,16.6,8.28,21.4,24,62
2026-08-13T22:50:00+00:00,0.0,16.4,8.28,21.4,24,62
2026-08-13T22:51:00+00:00,0.0,16.1,8.28,21.5,24,62
2026-08-13T22:52:00+00:00,0.0,15.9,8.28,21.5,25,62
2026-08-13T22:53:00+00:00,0.0,15.6,8.28,21.6,25,61
2026-08-13T22:54:00+00:00,0.0,15.3,8.28,21.7,25,61
2026-08-13T22:55:00+00:00,0.0,15.1,8.28,21.7,26,61
2026-08-13T22:56:00+00:00,0.0,14.9,8.28,21.8,26,61
2026-08-13T22:57:00+00:00,0.0,14.7,8.28,21.8,26,61
2026-08-13T22:58:00+00:00,0.0,14.6,8.28,21.8,26,61
2026-08-13T22:59:00+00:00,0.0,14.5,8.28,21.8,26,61
2026-08-13T23:00:00+00:00,0.0,14.5,8.28,21.8,26,61
2026-08-13T23:01:00+00:00,0.0,14.5,8.28,21.7,26,60
2026-08-13T23:02:00+00:00,0.0,14.7,8.28,21.7,25,60
2026-08-13T23:03:00+00:00,0.0,15.1,8.28,21.6,25,60
2026-08-13T23:04:00+00:00,0.0,15.6,8.28,21.4,24,60
2026-08-13T23:05:00+00:00,0.0,16.1,8.28,21.3,23,60
2026-08-13T23:06:00+00:00,0.0,16.8,8.28,21.2,22,60
2026-08-13T23:07:00+00:00,0.0,17.4,8.28,21.0,21,60
2026-08-13T23:08:00+00:00,0.0,18.1,8.28,20.8,20,60
2026-08-13T23:09:00+00:00,0.0,18.8,8.28,20.7,19,59
2026-08-13T23:10:00+00:00,0.0,19.4,8.28,20.5,18,59
2026-08-13T23:11:00+00:00,0.0,20.0,8.28,20.4,17,59
2026-08-13T23:12:00+00:00,0.0,20.5,8.28,20.3,17,59
2026-08-13T23:13:00+00:00,0.0,20.8,8.28,20.2,16,59
2026-08-13T23:14:00+00:00,0.0,21.0,8.28,20.1,16,59
2026-08-13T23:15:00+00:00,0.0,21.1,8.28,20.1,16,59
2026-08-13T23:16:00+00:00,0.0,21.1,8.28,20.1,16,59
2026-08-13T23:17:00+00:00,0.0,21.1,8.28,20.1,16,59
2026-08-13T23:18:00+00:00,0.0,21.0,8.28,20.1,16,59
2026-08-13T23:19:00+00:00,0.0,21.0,8.28,20.1,16,59
2026-08-13T23:20:00+00:00,0.0,20.9,8.28,20.1,16,59
2026-08-13T23:21:00+00:00,0.0,20.8,8.28,20.1,16,59
2026-08-13T23:22:00+00:00,0.0,20.8,8.28,20.1,16,59
2026-08-13T23:23:00+00:00,0.0,20.7,8.28,20.1,16,59
2026-08-13T23:24:00+00:00,0.0,20.6,8.28,20.1,16,59
2026-08-13T23:25:00+00:00,0.0,20.6,8.28,20.1,15,59
2026-08-13T23:26:00+00:00,0.0,20.5,8.28,20.1,15,59
2026-08-13T23:27:00+00:00,0.0,20.4,8.28,20.1,15,59
2026-08-13T23:28:00+00:00,0.0,20.4,8.28,20.1,15,59
2026-08-13T23:29:00+00:00,0.0,20.4,8.28,20.1,15,59
2026-08-13T23:30:00+00:00,0.0,20.4,8.28,20.1,15,59
2026-08-13T23:31:00+00:00,0.0,20.4,8.28,20.1,15,59
2026-08-13T23:32:00+00:00,0.0,20.4,8.28,20.1,15,59
2026-08-13T23:33:00+00:00,0.0,20.4,8.28,20.1,15,59
2026-08-13T23:34:00+00:00,0.0,20.5,8.28,20.1,16,59
2026-08-13T23:35:00+00:00,0.0,20.6,8.28,20.1,16,59
2026-08-13T23:36:00+00:00,0.0,20.6,8.28,20.1,16,59
2026-08-13T23:37:00+00:00,0.0,20.7,8.28,20.1,16,59
2026-08-13T23:38:00+00:00,0.0,20.8,8.28,20.2,16,59
2026-08-13T23:39:00+00:00,0.0,20.9,8.28,20.2,16,59
2026-08-13T23:40:00+00:00,0.0,20.9,8.28,20.2,16,59
2026-08-13T23:41:00+00:00,0.0,21.0,8.28,20.2,16,59
2026-08-13T23:42:00+00:00,0.0,21.1,8.28,20.2,16,59
2026-08-13T23:43:00+00:00,0.0,21.1,8.28,20.2,16,59
2026-08-13T23:44:00+00:00,0.0,21.1,8.28,20.2,16,59
2026-08-13T23:45:00+00:00,0.0,21.1,8.28,20.2,16,59
2026-08-13T23:46:00+00:00,0.0,21.1,8.28,20.2,16,59
2026-08-13T23:47:00+00:00,0.0,21.1,8.28,20.2,16,59
2026-08-13T23:48:00+00:00,0.0,21.0,8.28,20.2,16,59
2026-08-13T23:49:00+00:00,0.0,20.8,8.28,20.2,16,59
2026-08-13T23:50:00+00:00,0.0,20.7,8.28,20.2,16,59
2026-08-13T23:51:00+00:00,0.0,20.5,8.28,20.2,16,59
2026-08-13T23:52:00+00:00,0.0,20.3,8.28,20.2,16,59
2026-08-13T23:53:00+00:00,0.0,20.1,8.28,20.3,16,59
2026-08-13T23:54:00+00:00,0.0,20.0,8.28,20.3,17,59
2026-08-13T23:55:00+00:00,0.0,19.8,8.28,20.3,17,59
2026-08-13T23:56:00+00:00,0.0,19.6,8.28,20.3,17,59
2026-08-13T23:57:00+00:00,0.0,19.5,8.28,20.3,17,59
2026-08-13T23:58:00+00:00,0.0,19.4,8.28,20.3,17,59
2026-08-13T23:59:00+00:00,0.0,19.4,8.28,20.3,17,59
2026-08-14T00:00:00+00:00,0.0,19.3,8.28,20.3,17,59
2026-08-14T00:01:00+00:00,0.0,19.3,8.28,20.3,17,59
2026-08-14T00:02:00+00:00,0.0,19.2,8.28,20.3,17,59
2026-08-14T00:03:00+00:00,0.0,19.1,8.28,20.3,17,59
2026-08-14T00:04:00+00:00,0.0,18.9,8.28,20.3,17,59
2026-08-14T00:05:00+00:00,0.0,18.7,8.28,20.3,17,59
2026-08-14T00:06:00+00:00,0.0,18.5,8.28,20.3,17,59
2026-08-14T00:07:00+00:00,0.0,18.2,8.28,20.3,16,59
2026-08-14T00:08:00+00:00,0.0,17.9,8.28,20.3,16,59
2026-08-14T00:09:00+00:00,0.0,17.7,8.28,20.3,16,59
2026-08-14T00:10:00+00:00,0.0,17.4,8.28,20.3,16,59
2026-08-14T00:11:00+00:00,0.0,17.2,8.28,20.3,16,59
2026-08-14T00:12:00+00:00,0.0,17.0,8.28,20.3,16,59
2026-08-14T00:13:00+00:00,0.0,16.9,8.28,20.3,16,59
2026-08-14T00:14:00+00:00,0.0,16.8,8.28,20.3,16,59
2026-08-14T00:15:00+00:00,0.0,16.8,8.28,20.3,16,59
2026-08-14T00:16:00+00:00,0.0,16.9,8.28,20.3,16,59
2026-08-14T00:17:00+00:00,0.0,17.0,8.28,20.3,16,59
2026-08-14T00:18:00+00:00,0.0,17.3,8.28,20.3,16,59
2026-08-14T00:19:00+00:00,0.0,17.7,8.28,20.3,16,59
2026-08-14T00:20:00+00:00,0.0,18.2,8.28,20.3,16,59
2026-08-14T00:21:00+00:00,0.0,18.7,8.28,20.3,16,59
2026-08-14T00:22:00+00:00,0.0,19.3,8.28,20.3,16,59
2026-08-14T00:23:00+00:00,0.0,19.8,8.28,20.3,17,60
2026-08-14T00:24:00+00:00,0.0,20.4,8.28,20.3,17,60
2026-08-14T00:25:00+00:00,0.0,20.9,8.28,20.2,17,60
2026-08-14T00:26:00+00:00,0.0,21.4,8.28,20.2,17,60
2026-08-14T00:27:00+00:00,0.0,21.8,8.28,20.2,17,60
2026-08-14T00:28:00+00:00,0.0,22.1,8.28,20.2,17,60
2026-08-14T00:29:00+00:00,0.0,22.2,8.28,20.2,17,60
2026-08-14T00:30:00+00:00,0.0,22.3,8.28,20.2,17,60
2026-08-14T00:31:00+00:00,0.0,22.9,8.28,20.2,17,60
2026-08-14T00:32:00+00:00,0.0,23.4,8.28,20.2,17,60
2026-08-14T00:33:00+00:00,0.0,23.7,8.28,20.3,17,60
2026-08-14T00:34:00+00:00,0.0,24.0,8.28,20.3,18,60
2026-08-14T00:35:00+00:00,0.0,24.2,8.28,20.3,18,60
2026-08-14T00:36:00+00:00,0.0,24.3,8.28,20.4,19,60
2026-08-14T00:37:00+00:00,0.0,24.5,8.28,20.4,19,60
2026-08-14T00:38:00+00:00,0.0,24.5,8.28,20.5,19,60
2026-08-14T00:39:00+00:00,0.0,24.6,8.28,20.6,20,60
2026-08-14T00:40:00+00:00,0.0,24.8,8.28,20.6,20,60
2026-08-14T00:41:00+00:00,0.0,25.0,8.28,20.6,21,60
2026-08-14T00:42:00+00:00,0.0,25.3,8.28,20.7,21,60
2026-08-14T00:43:00+00:00,0.0,25.6,8.28,20.7,21,60
2026-08-14T00:44:00+00:00,0.0,26.1,8.28,20.7,22,60
2026-08-14T00:45:00+00:00,0.0,26.7,8.28,20.7,22,60
2026-08-14T00:46:00+00:00,0.0,27.4,8.28,20.7,22,60
2026-08-14T00:47:00+00:00,0.0,28.2,8.28,20.7,22,60
2026-08-14T00:48:00+00:00,0.0,29.1,8.28,20.7,22,60
2026-08-14T00:49:00+00:00,0.0,30.1,8.28,20.6,22,60
2026-08-14T00:50:00+00:00,0.0,31.2,8.28,20.5,21,60
2026-08-14T00:51:00+00:00,0.0,32.4,8.28,20.5,21,60
2026-08-14T00:52:00+00:00,0.0,33.6,8.28,20.4,21,60
2026-08-14T00:53:00+00:00,0.0,34.8,8.28,20.3,20,60
2026-08-14T00:54:00+00:00,0.0,36.0,8.28,20.2,20,60
2026-08-14T00:55:00+00:00,0.0,37.1,8.28,20.2,20,60
2026-08-14T00:56:00+00:00,0.0,38.2,8.28,20.1,19,61
2026-08-14T00:57:00+00:00,0.0,39.2,8.28,20.0,19,61
2026-08-14T00:58:00+00:00,0.0,40.2,8.28,20.0,19,61
2026-08-14T00:59:00+00:00,0.0,41.0,8.28,20.0,19,61
2026-08-14T01:00:00+00:00,0.0,41.7,8.28,20.0,19,61
2026-08-14T01:01:00+00:00,0.0,42.3,8.28,20.0,19,61
2026-08-14T01:02:00+00:00,0.0,42.8,8.28,20.0,19,61
2026-08-14T01:03:00+00:00,0.0,43.2,8.28,20.0,19,61
2026-08-14T01:04:00+00:00,0.0,43.5,8.28,20.0,19,61
2026-08-14T01:05:00+00:00,0.0,43.8,8.28,20.0,19,61
2026-08-14T01:06:00+00:00,0.0,44.0,8.28,20.0,19,61
2026-08-14T01:07:00+00:00,0.0,44.2,8.28,19.9,19,61
2026-08-14T01:08:00+00:00,0.0,44.3,8.28,19.9,19,61
2026-08-14T01:09:00+00:00,0.0,44.5,8.28,19.9,19,61
2026-08-14T01:10:00+00:00,0.0,44.7,8.28,19.9,19,61
2026-08-14T01:11:00+00:00,0.0,45.0,8.28,19.9,19,61
2026-08-14T01:12:00+00:00,0.0,45.3,8.28,19.9,19,61
2026-08-14T01:13:00+00:00,0.0,45.7,8.28,19.9,19,61
2026-08-14T01:14:00+00:00,0.0,46.2,8.28,19.9,19,61
2026-08-14T01:15:00+00:00,0.0,46.8,8.28,19.9,19,61
2026-08-14T01:16:00+00:00,0.0,47.5,8.28,19.9,19,61
2026-08-14T01:17:00+00:00,0.0,48.3,8.28,20.0,20,61
2026-08-14T01:18:00+00:00,0.0,49.2,8.28,20.0,21,61
2026-08-14T01:19:00+00:00,0.0,50.2,8.3,20.2,22,61
2026-08-14T01:20:00+00:00,0.0,51.2,8.32,20.3,24,61
2026-08-14T01:21:00+00:00,0.0,52.3,8.33,20.4,26,61
2026-08-14T01:22:00+00:00,0.0,53.4,8.35,20.6,27,61
2026-08-14T01:23:00+00:00,0.0,54.5,8.37,20.7,29,61
2026-08-14T01:24:00+00:00,0.0,55.6,8.38,20.9,31,62
2026-08-14T01:25:00+00:00,0.0,56.7,8.4,21.0,33,62
2026-08-14T01:26:00+00:00,0.0,57.7,8.42,21.1,35,62
2026-08-14T01:27:00+00:00,0.0,58.7,8.43,21.2,37,62
2026-08-14T01:28:00+00:00,0.0,59.5,8.45,21.3,38,62
2026-08-14T01:29:00+00:00,0.0,60.3,8.47,21.4,39,62
2026-08-14T01:30:00+00:00,0.0,61.0,8.48,21.4,39,62
2026-08-14T01:31:00+00:00,0.0,61.6,8.5,21.4,39,62
2026-08-14T01:32:00+00:00,0.0,62.1,8.52,21.3,39,62
2026-08-14T01:33:00+00:00,0.0,62.5,8.53,21.3,38,62
2026-08-14T01:34:00+00:00,0.0,62.8,8.55,21.2,37,62
2026-08-14T01:35:00+00:00,0.0,63.0,8.57,21.1,36,62
2026-08-14T01:36:00+00:00,0.0,63.1,8.58,20.9,35,62
2026-08-14T01:37:00+00:00,0.0,63.3,8.6,20.8,33,62
2026-08-14T01:38:00+00:00,0.0,63.4,8.62,20.7,32,62
2026-08-14T01:39:00+00:00,0.0,63.5,8.63,20.6,31,62
2026-08-14T01:40:00+00:00,0.0,63.7,8.65,20.5,29,62
2026-08-14T01:41:00+00:00,0.0,63.9,8.67,20.3,28,62
2026-08-14T01:42:00+00:00,0.0,64.2,8.68,20.3,27,62
2026-08-14T01:43:00+00:00,0.0,64.6,8.7,20.2,26,62
2026-08-14T01:44:00+00:00,0.0,65.0,8.72,20.2,26,62
2026-08-14T01:45:00+00:00,0.0,65.6,8.73,20.1,26,62
2026-08-14T01:46:00+00:00,0.0,66.2,8.75,20.1,26,62
2026-08-14T01:47:00+00:00,0.0,66.8,8.77,20.2,26,62
2026-08-14T01:48:00+00:00,0.0,67.3,8.78,20.2,27,62
2026-08-14T01:49:00+00:00,0.0,67.8,8.8,20.2,27,62
2026-08-14T01:50:00+00:00,0.0,68.3,8.82,20.2,28,62
2026-08-14T01:51:00+00:00,0.0,68.7,8.83,20.2,28,62
2026-08-14T01:52:00+00:00,0.0,69.1,8.85,20.3,28,62
2026-08-14T01:53:00+00:00,0.0,69.5,8.87,20.3,29,62
2026-08-14T01:54:00+00:00,0.0,69.9,8.88,20.3,29,62
2026-08-14T01:55:00+00:00,0.0,70.3,8.9,20.3,30,62
2026-08-14T01:56:00+00:00,0.0,70.7,8.92,20.4,30,62
2026-08-14T01:57:00+00:00,0.0,71.2,8.93,20.4,30,62
2026-08-14T01:58:00+00:00,0.0,71.7,8.95,20.4,31,62
2026-08-14T01:59:00+00:00,0.0,72.3,8.97,20.4,31,62
2026-08-14T02:00:00+00:00,0.0,72.9,8.98,20.4,31,62
2026-08-14T02:01:00+00:00,0.0,73.0,9.0,20.4,31,62
2026-08-14T02:02:00+00:00,0.0,73.1,9.02,20.4,31,62
2026-08-14T02:03:00+00:00,0.0,73.4,9.03,20.4,31,62
2026-08-14T02:04:00+00:00,0.0,73.7,9.05,20.4,32,62
2026-08-14T02:05:00+00:00,0.0,74.1,9.07,20.4,32,62
2026-08-14T02:06:00+00:00,0.0,74.6,9.08,20.4,32,62
2026-08-14T02:07:00+00:00,0.0,75.1,9.1,20.4,32,62
2026-08-14T02:08:00+00:00,0.0,75.6,9.12,20.4,32,62
2026-08-14T02:09:00+00:00,0.0,76.1,9.13,20.4,32,62
2026-08-14T02:10:00+00:00,0.0,76.5,9.15,20.4,32,62
2026-08-14T02:11:00+00:00,0.0,76.9,9.17,20.4,32,62
2026-08-14T02:12:00+00:00,0.0,77.3,9.18,20.4,32,62
2026-08-14T02:13:00+00:00,0.0,77.5,9.2,20.4,32,62
2026-08-14T02:14:00+00:00,0.0,77.7,9.22,20.4,32,62
2026-08-14T02:15:00+00:00,0.0,77.7,9.23,20.4,32,62
2026-08-14T02:16:00+00:00,0.0,77.8,9.25,20.4,33,62
2026-08-14T02:17:00+00:00,0.0,77.8,9.27,20.4,33,62
2026-08-14T02:18:00+00:00,0.0,78.0,9.28,20.4,33,62
2026-08-14T02:19:00+00:00,0.0,78.1,9.3,20.5,34,62
2026-08-14T02:20:00+00:00,0.0,78.3,9.32,20.5,34,62
2026-08-14T02:21:00+00:00,0.0,78.5,9.33,20.5,35,62
2026-08-14T02:22:00+00:00,0.0,78.8,9.35,20.6,36,62
2026-08-14T02:23:00+00:00,0.0,79.0,9.37,20.7,37,62
2026-08-14T02:24:00+00:00,0.0,79.3,9.38,20.7,38,62
2026-08-14T02:25:00+00:00,0.0,79.5,9.4,20.8,39,62
2026-08-14T02:26:00+00:00,0.0,79.7,9.42,20.8,39,62
2026-08-14T02:27:00+00:00,0.0,79.8,9.43,20.8,40,62
2026-08-14T02:28:00+00:00,0.0,80.0,9.45,20.9,40,62
2026-08-14T02:29:00+00:00,0.0,80.0,9.47,20.9,41,62
2026-08-14T02:30:00+00:00,0.0,80.1,9.48,20.9,41,62
2026-08-14T02:31:00+00:00,0.0,80.0,9.5,20.9,41,62
2026-08-14T02:32:00+00:00,0.0,79.7,9.52,20.9,41,62
2026-08-14T02:33:00+00:00,0.0,79.4,9.53,20.9,40,62
2026-08-14T02:34:00+00:00,0.0,78.8,9.55,20.8,40,62
2026-08-14T02:35:00+00:00,0.0,78.2,9.57,20.8,40,62
2026-08-14T02:36:00+00:00,0.0,77.5,9.58,20.8,39,62
2026-08-14T02:37:00+00:00,0.0,76.7,9.6,20.8,39,62
2026-08-14T02:38:00+00:00,0.0,75.9,9.62,20.7,38,62
2026-08-14T02:39:00+00:00,0.0,75.2,9.63,20.7,37,62
2026-08-14T02:40:00+00:00,0.0,74.5,9.65,20.7,37,62
2026-08-14T02:41:00+00:00,0.0,73.8,9.67,20.7,37,62
2026-08-14T02:42:00+00:00,0.0,73.3,9.68,20.7,36,62
2026-08-14T02:43:00+00:00,0.0,72.9,9.7,20.6,36,62
2026-08-14T02:44:00+00:00,0.0,72.7,9.72,20.6,36,62
2026-08-14T02:45:00+00:00,0.0,72.6,9.73,20.6,36,62
2026-08-14T02:46:00+00:00,0.0,72.7,9.75,20.6,36,61
2026-08-14T02:47:00+00:00,0.0,72.9,9.77,20.6,36,61
2026-08-14T02:48:00+00:00,0.0,73.2,9.78,20.6,36,61
2026-08-14T02:49:00+00:00,0.0,73.7,9.8,20.6,35,61
2026-08-14T02:50:00+00:00,0.0,74.3,9.82,20.6,35,61
2026-08-14T02:51:00+00:00,0.0,74.9,9.83,20.5,35,61
2026-08-14T02:52:00+00:00,0.0,75.6,9.85,20.5,35,61
2026-08-14T02:53:00+00:00,0.0,76.3,9.87,20.5,35,61
2026-08-14T02:54:00+00:00,0.0,77.0,9.88,20.4,34,61
2026-08-14T02:55:00+00:00,0.0,77.6,9.9,20.4,34,61
2026-08-14T02:56:00+00:00,0.0,78.2,9.92,20.4,34,61
2026-08-14T02:57:00+00:00,0.0,78.7,9.93,20.4,34,61
2026-08-14T02:58:00+00:00,0.0,79.0,9.95,20.3,33,61
2026-08-14T02:59:00+00:00,0.0,79.2,9.97,20.3,33,61
2026-08-14T03:00:00+00:00,0.0,79.3,9.98,20.3,33,61
2026-08-14T03:01:00+00:00,0.0,79.3,10.0,20.3,33,61
2026-08-14T03:02:00+00:00,0.0,79.3,10.02,20.3,33,61
2026-08-14T03:03:00+00:00,0.0,79.3,10.03,20.3,33,61
2026-08-14T03:04:00+00:00,0.0,79.2,10.05,20.3,33,61
2026-08-14T03:05:00+00:00,0.0,79.2,10.07,20.3,33,61
2026-08-14T03:06:00+00:00,0.0,79.1,10.08,20.3,33,61
2026-08-14T03:07:00+00:00,0.0,79.1,10.1,20.3,33,61
2026-08-14T03:08:00+00:00,0.0,79.0,10.12,20.3,33,61
2026-08-14T03:09:00+00:00,0.0,79.0,10.13,20.2,32,61
2026-08-14T03:10:00+00:00,0.0,79.0,10.15,20.2,32,61
2026-08-14T03:11:00+00:00,0.0,78.9,10.17,20.2,32,61
2026-08-14T03:12:00+00:00,0.0,78.9,10.18,20.2,32,61
2026-08-14T03:13:00+00:00,0.0,78.9,10.2,20.2,32,61
2026-08-14T03:14:00+00:00,0.0,78.8,10.22,20.2,32,61
2026-08-14T03:15:00+00:00,0.0,78.8,10.23,20.2,32,61
2026-08-14T03:16:00+00:00,0.0,78.8,10.25,20.2,32,61
2026-08-14T03:17:00+00:00,0.0,78.8,10.27,20.2,32,61
2026-08-14T03:18:00+00:00,0.0,78.7,10.28,20.2,32,61
2026-08-14T03:19:00+00:00,0.0,78.6,10.3,20.2,32,61
2026-08-14T03:20:00+00:00,0.0,78.4,10.32,20.2,32,61
2026-08-14T03:21:00+00:00,0.0,78.3,10.33,20.2,32,61
2026-08-14T03:22:00+00:00,0.0,78.1,10.35,20.2,31,61
2026-08-14T03:23:00+00:00,0.0,77.9,10.37,20.2,31,61
2026-08-14T03:24:00+00:00,0.0,77.8,10.38,20.2,31,61
2026-08-14T03:25:00+00:00,0.0,77.6,10.4,20.2,31,61
2026-08-14T03:26:00+00:00,0.0,77.5,10.42,20.2,31,61
2026-08-14T03:27:00+00:00,0.0,77.3,10.43,20.2,31,61
2026-08-14T03:28:00+00:00,0.0,77.2,10.45,20.2,31,60
2026-08-14T03:29:00+00:00,0.0,77.2,10.47,20.1,31,60
2026-08-14T03:30:00+00:00,0.0,77.2,10.48,20.1,31,60
2026-08-14T03:31:00+00:00,0.0,77.2,10.5,20.1,31,60
2026-08-14T03:32:00+00:00,0.0,77.1,10.52,20.1,31,60
2026-08-14T03:33:00+00:00,0.0,77.0,10.53,20.1,31,60
2026-08-14T03:34:00+00:00,0.0,76.9,10.55,20.1,31,60
2026-08-14T03:35:00+00:00,0.0,76.8,10.57,20.1,30,60
2026-08-14T03:36:00+00:00,0.0,76.6,10.58,20.1,30,60
2026-08-14T03:37:00+00:00,0.0,76.4,10.6,20.1,30,60
2026-08-14T03:38:00+00:00,0.0,76.3,10.62,20.0,30,60
2026-08-14T03:39:00+00:00,0.0,76.1,10.63,20.0,29,60
2026-08-14T03:40:00+00:00,0.0,75.9,10.65,20.0,29,60
2026-08-14T03:41:00+00:00,0.0,75.8,10.67,20.0,29,60
2026-08-14T03:42:00+00:00,0.0,75.7,10.68,20.0,29,60
2026-08-14T03:43:00+00:00,0.0,75.6,10.7,20.0,28,60
2026-08-14T03:44:00+00:00,0.0,75.5,10.72,20.0,28,60
2026-08-14T03:45:00+00:00,0.0,75.5,10.73,20.0,28,60
2026-08-14T03:46:00+00:00,0.0,75.5,10.75,20.0,28,60
2026-08-14T03:47:00+00:00,0.0,75.5,10.77,20.0,29,60
2026-08-14T03:48:00+00:00,0.0,75.5,10.78,20.0,30,60
2026-08-14T03:49:00+00:00,0.0,75.6,10.8,20.1,30,60
2026-08-14T03:50:00+00:00,0.0,75.6,10.82,20.2,31,60
2026-08-14T03:51:00+00:00,0.0,75.6,10.83,20.2,33,60
2026-08-14T03:52:00+00:00,0.0,75.6,10.85,20.3,34,60
2026-08-14T03:53:00+00:00,0.0,75.6,10.87,20.4,35,60
2026-08-14T03:54:00+00:00,0.0,75.7,10.88,20.5,36,60
2026-08-14T03:55:00+00:00,0.0,75.7,10.9,20.6,37,60
2026-08-14T03:56:00+00:00,0.0,75.7,10.92,20.6,39,60
2026-08-14T03:57:00+00:00,0.0,75.7,10.93,20.7,39,60
2026-08-14T03:58:00+00:00,0.0,75.7,10.95,20.7,40,60
2026-08-14T03:59:00+00:00,0.0,75.7,10.97,20.8,40,60
2026-08-14T04:00:00+00:00,0.0,75.7,10.98,20.8,41,60
2026-08-14T04:01:00+00:00,0.0,75.7,11.0,20.8,41,60
2026-08-14T04:02:00+00:00,0.0,75.6,11.02,20.7,40,60
2026-08-14T04:03:00+00:00,0.0,75.3,11.03,20.7,40,60
2026-08-14T04:04:00+00:00,0.0,75.1,11.05,20.7,39,60
2026-08-14T04:05:00+00:00,0.0,74.7,11.07,20.6,38,60
2026-08-14T04:06:00+00:00,0.0,74.3,11.08,20.6,38,60
2026-08-14T04:07:00+00:00,0.0,73.9,11.1,20.5,37,60
2026-08-14T04:08:00+00:00,0.0,73.5,11.12,20.5,36,60
2026-08-14T04:09:00+00:00,0.0,73.0,11.13,20.4,35,60
2026-08-14T04:10:00+00:00,0.0,72.6,11.15,20.3,34,60
2026-08-14T04:11:00+00:00,0.0,72.3,11.17,20.3,33,60
2026-08-14T04:12:00+00:00,0.0,72.0,11.18,20.3,33,60
2026-08-14T04:13:00+00:00,0.0,71.8,11.2,20.2,32,60
2026-08-14T04:14:00+00:00,0.0,71.7,11.22,20.2,32,60
2026-08-14T04:15:00+00:00,0.0,71.6,11.23,20.2,32,60
2026-08-14T04:16:00+00:00,0.0,71.7,11.25,20.2,32,60
2026-08-14T04:17:00+00:00,0.0,72.0,11.27,20.2,32,60
2026-08-14T04:18:00+00:00,0.0,72.4,11.28,20.3,33,60
2026-08-14T04:19:00+00:00,0.0,73.0,11.3,20.3,34,60
2026-08-14T04:20:00+00:00,0.0,73.8,11.32,20.3,35,60
2026-08-14T04:21:00+00:00,0.0,74.6,11.33,20.4,36,60
2026-08-14T04:22:00+00:00,0.0,75.5,11.35,20.5,37,60
2026-08-14T04:23:00+00:00,0.0,76.4,11.37,20.5,38,60
2026-08-14T04:24:00+00:00,0.0,77.3,11.38,20.6,39,60
2026-08-14T04:25:00+00:00,0.0,78.1,11.4,20.6,40,60
2026-08-14T04:26:00+00:00,0.0,78.9,11.42,20.7,41,60
2026-08-14T04:27:00+00:00,0.0,79.5,11.43,20.7,42,60
2026-08-14T04:28:00+00:00,0.0,79.9,11.45,20.8,43,60
2026-08-14T04:29:00+00:00,0.0,80.2,11.47,20.8,43,60
2026-08-14T04:30:00+00:00,0.0,80.3,11.48,20.8,43,60
2026-08-14T04:31:00+00:00,0.0,80.3,11.5,20.8,43,60
2026-08-14T04:32:00+00:00,0.0,80.2,11.52,20.8,43,60
2026-08-14T04:33:00+00:00,0.0,80.1,11.53,20.8,43,60
2026-08-14T04:34:00+00:00,0.0,80.0,11.55,20.8,43,60
2026-08-14T04:35:00+00:00,0.0,79.9,11.57,20.7,43,60
2026-08-14T04:36:00+00:00,0.0,79.7,11.58,20.7,42,60
2026-08-14T04:37:00+00:00,0.0,79.5,11.6,20.7,42,60
2026-08-14T04:38:00+00:00,0.0,79.3,11.62,20.7,42,60
2026-08-14T04:39:00+00:00,0.0,79.1,11.63,20.7,41,60
2026-08-14T04:40:00+00:00,0.0,78.9,11.65,20.7,41,60
2026-08-14T04:41:00+00:00,0.0,78.8,11.67,20.6,41,60
2026-08-14T04:42:00+00:00,0.0,78.7,11.68,20.6,41,60
2026-08-14T04:43:00+00:00,0.0,78.6,11.7,20.6,41,60
2026-08-14T04:44:00+00:00,0.0,78.5,11.72,20.6,41,60
2026-08-14T04:45:00+00:00,0.0,78.5,11.73,20.6,41,60
2026-08-14T04:46:00+00:00,0.0,78.4,11.75,20.6,41,60
2026-08-14T04:47:00+00:00,0.0,78.3,11.77,20.6,41,60
2026-08-14T04:48:00+00:00,0.0,78.0,11.78,20.7,41,60
2026-08-14T04:49:00+00:00,0.0,77.7,11.8,20.7,42,60
2026-08-14T04:50:00+00:00,0.0,77.3,11.82,20.7,42,60
2026-08-14T04:51:00+00:00,0.0,76.9,11.83,20.8,43,60
2026-08-14T04:52:00+00:00,0.0,76.4,11.85,20.8,44,60
2026-08-14T04:53:00+00:00,0.0,75.9,11.87,20.9,44,60
2026-08-14T04:54:00+00:00,0.0,75.4,11.88,21.0,45,60
2026-08-14T04:55:00+00:00,0.0,75.0,11.9,21.0,46,60
2026-08-14T04:56:00+00:00,0.0,74.6,11.92,21.0,46,60
2026-08-14T04:57:00+00:00,0.0,74.3,11.93,21.1,47,60
2026-08-14T04:58:00+00:00,0.0,74.0,11.95,21.1,47,60
2026-08-14T04:59:00+00:00,0.0,73.9,11.97,21.1,47,60
2026-08-14T05:00:00+00:00,0.0,73.8,0.02,21.1,23,60
2026-08-14T05:01:00+00:00,0.0,73.9,0.03,21.1,23,60
2026-08-14T05:02:00+00:00,0.0,74.1,0.05,21.1,23,60
2026-08-14T05:03:00+00:00,0.0,74.5,0.07,21.1,23,60
2026-08-14T05:04:00+00:00,0.0,75.0,0.08,21.0,22,60
2026-08-14T05:05:00+00:00,0.0,75.5,0.1,21.0,22,60
2026-08-14T05:06:00+00:00,0.0,76.2,0.12,20.9,22,60
2026-08-14T05:07:00+00:00,0.0,76.9,0.13,20.9,22,60
2026-08-14T05:08:00+00:00,0.0,77.6,0.15,20.8,22,60
2026-08-14T05:09:00+00:00,0.0,78.3,0.17,20.8,21,60
2026-08-14T05:10:00+00:00,0.0,78.9,0.18,20.7,21,60
2026-08-14T05:11:00+00:00,0.0,79.5,0.2,20.7,21,60
2026-08-14T05:12:00+00:00,0.0,79.9,0.22,20.6,21,60
2026-08-14T05:13:00+00:00,0.0,80.3,0.23,20.6,21,60
2026-08-14T05:14:00+00:00,0.0,80.5,0.25,20.6,21,60
2026-08-14T05:15:00+00:00,0.0,80.6,0.27,20.6,21,60
2026-08-14T05:16:00+00:00,0.0,80.5,0.28,20.6,21,60
2026-08-14T05:17:00+00:00,0.0,80.4,0.3,20.6,21,60
2026-08-14T05:18:00+00:00,0.0,80.2,0.32,20.6,21,60
2026-08-14T05:19:00+00:00,0.0,80.0,0.33,20.6,21,60
2026-08-14T05:20:00+00:00,0.0,79.6,0.35,20.6,21,60
2026-08-14T05:21:00+00:00,0.0,79.3,0.37,20.6,21,60
2026-08-14T05:22:00+00:00,0.0,78.9,0.38,20.6,21,60
2026-08-14T05:23:00+00:00,0.0,78.5,0.4,20.6,21,60
2026-08-14T05:24:00+00:00,0.0,78.1,0.42,20.6,21,60
2026-08-14T05:25:00+00:00,0.0,77.7,0.43,20.7,21,60
2026-08-14T05:26:00+00:00,0.0,77.4,0.45,20.7,21,60
2026-08-14T05:27:00+00:00,0.0,77.1,0.47,20.7,21,60
2026-08-14T05:28:00+00:00,0.0,76.9,0.48,20.7,21,60
2026-08-14T05:29:00+00:00,0.0,76.8,0.5,20.7,21,60
2026-08-14T05:30:00+00:00,0.0,76.7,0.52,20.7,21,60
2026-08-14T05:31:00+00:00,0.0,76.7,0.53,20.7,21,60
2026-08-14T05:32:00+00:00,0.0,76.5,0.55,20.7,21,60
2026-08-14T05:33:00+00:00,0.0,76.3,0.57,20.7,21,60
2026-08-14T05:34:00+00:00,0.0,76.1,0.58,20.7,21,60
2026-08-14T05:35:00+00:00,0.0,75.7,0.6,20.7,21,60
2026-08-14T05:36:00+00:00,0.0,75.3,0.62,20.7,21,60
2026-08-14T05:37:00+00:00,0.0,74.9,0.63,20.7,21,60
2026-08-14T05:38:00+00:00,0.0,74.5,0.65,20.7,21,60
2026-08-14T05:39:00+00:00,0.0,74.1,0.67,20.7,21,60
2026-08-14T05:40:00+00:00,0.0,73.7,0.68,20.7,21,60
2026-08-14T05:41:00+00:00,0.0,73.4,0.7,20.7,21,60
2026-08-14T05:42:00+00:00,0.0,73.1,0.72,20.7,21,60
2026-08-14T05:43:00+00:00,0.0,72.9,0.73,20.7,21,60
2026-08-14T05:44:00+00:00,0.0,72.8,0.75,20.7,21,60
2026-08-14T05:45:00+00:00,0.0,72.7,0.77,20.7,21,60
2026-08-14T05:46:00+00:00,0.0,72.8,0.78,20.7,21,60
2026-08-14T05:47:00+00:00,0.0,73.1,0.8,20.7,21,60
2026-08-14T05:48:00+00:00,0.0,73.5,0.82,20.7,21,60
2026-08-14T05:49:00+00:00,0.0,74.0,0.83,20.7,21,60
2026-08-14T05:50:00+00:00,0.0,74.7,0.85,20.7,21,60
2026-08-14T05:51:00+00:00,0.0,75.5,0.87,20.7,21,60
2026-08-14T05:52:00+00:00,0.0,76.3,0.88,20.6,21,60
2026-08-14T05:53:00+00:00,0.0,77.1,0.9,20.6,21,60
2026-08-14T05:54:00+00:00,0.0,77.9,0.92,20.6,21,60
2026-08-14T05:55:00+00:00,0.0,78.7,0.93,20.6,21,60
2026-08-14T05:56:00+00:00,0.0,79.3,0.95,20.5,21,60
2026-08-14T05:57:00+00:00,0.0,79.9,0.97,20.5,21,60
2026-08-14T05:58:00+00:00,0.0,80.3,0.98,20.5,21,60
2026-08-14T05:59:00+00:00,0.0,80.6,1.0,20.5,21,60
2026-08-14T06:00:00+00:00,0.0,80.7,1.02,20.5,21,60
2026-08-14T06:01:00+00:00,0.0,80.6,1.03,20.5,21,60
2026-08-14T06:02:00+00:00,0.0,80.3,1.05,20.5,21,60
2026-08-14T06:03:00+00:00,0.0,79.9,1.07,20.5,21,60
2026-08-14T06:04:00+00:00,0.0,79.4,1.08,20.5,21,60
2026-08-14T06:05:00+00:00,0.0,78.7,1.1,20.4,20,60
2026-08-14T06:06:00+00:00,0.0,78.0,1.12,20.4,20,60
2026-08-14T06:07:00+00:00,0.0,77.2,1.13,20.4,19,60
2026-08-14T06:08:00+00:00,0.0,76.3,1.15,20.3,19,60
2026-08-14T06:09:00+00:00,0.0,75.6,1.17,20.3,19,60
2026-08-14T06:10:00+00:00,0.0,74.8,1.18,20.3,18,60
2026-08-14T06:11:00+00:00,0.0,74.1,1.2,20.2,18,61
2026-08-14T06:12:00+00:00,0.0,73.6,1.22,20.2,18,61
2026-08-14T06:13:00+00:00,0.0,73.2,1.23,20.2,17,61
2026-08-14T06:14:00+00:00,0.0,72.9,1.25,20.2,17,61
2026-08-14T06:15:00+00:00,0.0,72.9,1.27,20.2,17,61
2026-08-14T06:16:00+00:00,0.0,72.9,1.28,20.2,17,61
2026-08-14T06:17:00+00:00,0.0,73.0,1.3,20.2,17,61
2026-08-14T06:18:00+00:00,0.0,73.1,1.32,20.2,17,61
2026-08-14T06:19:00+00:00,0.0,73.2,1.33,20.2,17,61
2026-08-14T06:20:00+00:00,0.0,73.5,1.35,20.2,17,61
2026-08-14T06:21:00+00:00,0.0,73.7,1.37,20.2,17,61
2026-08-14T06:22:00+00:00,0.0,73.9,1.38,20.2,17,61
2026-08-14T06:23:00+00:00,0.0,74.2,1.4,20.1,17,61
2026-08-14T06:24:00+00:00,0.0,74.4,1.42,20.1,17,61
2026-08-14T06:25:00+00:00,0.0,74.6,1.43,20.1,17,61
2026-08-14T06:26:00+00:00,0.0,74.8,1.45,20.1,17,61
2026-08-14T06:27:00+00:00,0.0,75.0,1.47,20.1,17,61
2026-08-14T06:28:00+00:00,0.0,75.1,1.48,20.1,17,61
2026-08-14T06:29:00+00:00,0.0,75.2,1.5,20.1,17,61
2026-08-14T06:30:00+00:00,0.0,75.2,1.52,20.1,17,61
2026-08-14T06:31:00+00:00,0.0,75.3,1.53,20.1,18,61
2026-08-14T06:32:00+00:00,0.0,75.5,1.55,20.2,18,61
2026-08-14T06:33:00+00:00,0.0,75.8,1.57,20.2,19,61
2026-08-14T06:34:00+00:00,0.0,76.2,1.58,20.3,19,61
2026-08-14T06:35:00+00:00,0.0,76.6,1.6,20.4,20,61
2026-08-14T06:36:00+00:00,0.0,77.2,1.62,20.5,21,61
2026-08-14T06:37:00+00:00,0.0,77.7,1.63,20.6,22,61
2026-08-14T06:38:00+00:00,0.0,78.3,1.65,20.7,24,61
2026-08-14T06:39:00+00:00,0.0,78.9,1.67,20.8,25,61
2026-08-14T06:40:00+00:00,0.0,79.4,1.68,20.9,26,61
2026-08-14T06:41:00+00:00,0.0,79.9,1.7,21.0,27,61
2026-08-14T06:42:00+00:00,0.0,80.3,1.72,21.1,28,61
2026-08-14T06:43:00+00:00,0.0,80.6,1.73,21.1,28,61
2026-08-14T06:44:00+00:00,0.0,80.8,1.75,21.2,29,61
2026-08-14T06:45:00+00:00,0.0,80.8,1.77,21.2,29,61
2026-08-14T06:46:00+00:00,0.0,80.8,1.78,21.2,29,61
2026-08-14T06:47:00+00:00,0.0,80.5,1.8,21.1,29,61
2026-08-14T06:48:00+00:00,0.0,80.1,1.82,21.1,28,61
2026-08-14T06:49:00+00:00,0.0,79.6,1.83,21.0,27,61
2026-08-14T06:50:00+00:00,0.0,78.9,1.85,20.9,26,61
2026-08-14T06:51:00+00:00,0.0,78.2,1.87,20.8,25,61
2026-08-14T06:52:00+00:00,0.0,77.4,1.88,20.7,24,61
2026-08-14T06:53:00+00:00,0.0,76.7,1.9,20.6,23,61
2026-08-14T06:54:00+00:00,0.0,75.9,1.92,20.5,22,61
2026-08-14T06:55:00+00:00,0.0,75.2,1.93,20.4,21,62
2026-08-14T06:56:00+00:00,0.0,74.5,1.95,20.4,20,62
2026-08-14T06:57:00+00:00,0.0,74.0,1.97,20.3,19,62
2026-08-14T06:58:00+00:00,0.0,73.6,1.98,20.2,19,62
2026-08-14T06:59:00+00:00,0.0,73.3,2.0,20.2,19,62
2026-08-14T07:00:00+00:00,0.0,73.3,2.02,20.2,19,62
2026-08-14T07:01:00+00:00,0.0,73.3,2.03,20.2,19,62
2026-08-14T07:02:00+00:00,0.0,73.3,2.05,20.2,19,62
2026-08-14T07:03:00+00:00,0.0,73.4,2.07,20.2,19,62
2026-08-14T07:04:00+00:00,0.0,73.5,2.08,20.2,19,62
2026-08-14T07:05:00+00:00,0.0,73.7,2.1,20.3,19,62
2026-08-14T07:06:00+00:00,0.0,73.8,2.12,20.3,20,62
2026-08-14T07:07:00+00:00,0.0,74.0,2.13,20.3,20,62
2026-08-14T07:08:00+00:00,0.0,74.2,2.15,20.3,20,62
2026-08-14T07:09:00+00:00,0.0,74.4,2.17,20.4,20,62
2026-08-14T07:10:00+00:00,0.0,74.5,2.18,20.4,21,62
2026-08-14T07:11:00+00:00,0.0,74.7,2.2,20.4,21,62
2026-08-14T07:12:00+00:00,0.0,74.8,2.22,20.4,21,62
2026-08-14T07:13:00+00:00,0.0,74.9,2.23,20.4,21,62
2026-08-14T07:14:00+00:00,0.0,74.9,2.25,20.4,21,62
2026-08-14T07:15:00+00:00,0.0,74.9,2.27,20.4,21,62
2026-08-14T07:16:00+00:00,0.0,75.0,2.28,20.4,21,62
2026-08-14T07:17:00+00:00,0.0,75.1,2.3,20.4,21,62
2026-08-14T07:18:00+00:00,0.0,75.2,2.32,20.4,21,62
2026-08-14T07:19:00+00:00,0.0,75.4,2.33,20.4,21,62
2026-08-14T07:20:00+00:00,0.0,75.7,2.35,20.3,21,62
2026-08-14T07:21:00+00:00,0.0,76.0,2.37,20.3,20,62
2026-08-14T07:22:00+00:00,0.0,76.3,2.38,20.2,20,62
2026-08-14T07:23:00+00:00,0.0,76.6,2.4,20.2,20,62
2026-08-14T07:24:00+00:00,0.0,76.9,2.42,20.1,19,62
2026-08-14T07:25:00+00:00,0.0,77.2,2.43,20.1,19,62
2026-08-14T07:26:00+00:00,0.0,77.4,2.45,20.0,18,62
2026-08-14T07:27:00+00:00,0.0,77.6,2.47,20.0,18,62
2026-08-14T07:28:00+00:00,0.0,77.8,2.48,20.0,18,62
2026-08-14T07:29:00+00:00,0.0,77.9,2.5,19.9,18,63
2026-08-14T07:30:00+00:00,0.0,77.9,2.52,19.9,18,63
2026-08-14T07:31:00+00:00,0.0,77.8,2.53,20.0,18,63
2026-08-14T07:32:00+00:00,0.0,77.7,2.55,20.0,18,63
2026-08-14T07:33:00+00:00,0.0,77.5,2.57,20.0,18,63
2026-08-14T07:34:00+00:00,0.0,77.1,2.58,20.1,19,63
2026-08-14T07:35:00+00:00,0.0,76.7,2.6,20.1,19,63
2026-08-14T07:36:00+00:00,0.0,76.3,2.62,20.2,20,63
2026-08-14T07:37:00+00:00,0.0,75.8,2.63,20.3,21,63
2026-08-14T07:38:00+00:00,0.0,75.3,2.65,20.3,21,63
2026-08-14T07:39:00+00:00,0.0,74.8,2.67,20.4,22,63
2026-08-14T07:40:00+00:00,0.0,74.4,2.68,20.5,22,63
2026-08-14T07:41:00+00:00,0.0,74.0,2.7,20.5,23,63
2026-08-14T07:42:00+00:00,0.0,73.7,2.72,20.6,23,63
2026-08-14T07:43:00+00:00,0.0,73.4,2.73,20.6,23,63
2026-08-14T07:44:00+00:00,0.0,73.3,2.75,20.6,24,63
2026-08-14T07:45:00+00:00,0.0,73.2,2.77,20.6,24,63
2026-08-14T07:46:00+00:00,0.0,73.3,2.78,20.6,24,63
2026-08-14T07:47:00+00:00,0.0,73.5,2.8,20.6,24,63
2026-08-14T07:48:00+00:00,0.0,73.8,2.82,20.6,24,63
2026-08-14T07:49:00+00:00,0.0,74.2,2.83,20.6,24,63
2026-08-14T07:50:00+00:00,0.0,74.7,2.85,20.6,23,63
2026-08-14T07:51:00+00:00,0.0,75.2,2.87,20.5,23,63
2026-08-14T07:52:00+00:00,0.0,75.8,2.88,20.5,23,63
2026-08-14T07:53:00+00:00,0.0,76.5,2.9,20.5,23,63
2026-08-14T07:54:00+00:00,0.0,77.0,2.92,20.4,23,63
2026-08-14T07:55:00+00:00,0.0,77.6,2.93,20.4,23,63
2026-08-14T07:56:00+00:00,0.0,78.1,2.95,20.4,23,63
2026-08-14T07:57:00+00:00,0.0,78.5,2.97,20.4,23,63
2026-08-14T07:58:00+00:00,0.0,78.8,2.98,20.3,23,63
2026-08-14T07:59:00+00:00,0.0,79.0,3.0,20.3,23,63
2026-08-14T08:00:00+00:00,0.0,79.1,3.02,20.3,23,63
2026-08-14T08:01:00+00:00,0.0,79.0,3.03,20.3,23,63
2026-08-14T08:02:00+00:00,0.0,78.9,3.05,20.3,23,63
2026-08-14T08:03:00+00:00,0.0,78.6,3.07,20.4,23,63
2026-08-14T08:04:00+00:00,0.0,78.3,3.08,20.4,23,63
2026-08-14T08:05:00+00:00,0.0,78.0,3.1,20.4,23,63
2026-08-14T08:06:00+00:00,0.0,77.5,3.12,20.4,23,63
2026-08-14T08:07:00+00:00,0.0,77.1,3.13,20.4,23,63
2026-08-14T08:08:00+00:00,0.0,76.6,3.15,20.4,23,63
2026-08-14T08:09:00+00:00,0.0,76.2,3.17,20.4,23,63
2026-08-14T08:10:00+00:00,0.0,75.8,3.18,20.5,23,63
2026-08-14T08:11:00+00:00,0.0,75.4,3.2,20.5,23,63
2026-08-14T08:12:00+00:00,0.0,75.1,3.22,20.5,23,63
2026-08-14T08:13:00+00:00,0.0,74.9,3.23,20.5,24,63
2026-08-14T08:14:00+00:00,0.0,74.7,3.25,20.5,24,63
2026-08-14T08:15:00+00:00,0.0,74.7,3.27,20.5,24,63
2026-08-14T08:16:00+00:00,0.0,74.7,3.28,20.5,24,63
2026-08-14T08:17:00+00:00,0.0,74.9,3.3,20.5,24,63
2026-08-14T08:18:00+00:00,0.0,75.1,3.32,20.5,24,63
2026-08-14T08:19:00+00:00,0.0,75.4,3.33,20.6,25,63
2026-08-14T08:20:00+00:00,0.0,75.8,3.35,20.6,25,63
2026-08-14T08:21:00+00:00,0.0,76.2,3.37,20.6,25,63
2026-08-14T08:22:00+00:00,0.0,76.6,3.38,20.7,26,63
2026-08-14T08:23:00+00:00,0.0,77.1,3.4,20.7,27,63
2026-08-14T08:24:00+00:00,0.0,77.5,3.42,20.8,27,63
2026-08-14T08:25:00+00:00,0.0,77.9,3.43,20.8,28,63
2026-08-14T08:26:00+00:00,0.0,78.3,3.45,20.8,28,63
2026-08-14T08:27:00+00:00,0.0,78.6,3.47,20.9,29,62
2026-08-14T08:28:00+00:00,0.0,78.8,3.48,20.9,29,62
2026-08-14T08:29:00+00:00,0.0,79.0,3.5,20.9,29,62
2026-08-14T08:30:00+00:00,0.0,79.0,3.52,20.9,29,62
2026-08-14T08:31:00+00:00,0.0,79.0,3.53,20.9,29,62
2026-08-14T08:32:00+00:00,0.0,78.8,3.55,20.9,29,62
2026-08-14T08:33:00+00:00,0.0,78.6,3.57,20.9,29,62
2026-08-14T08:34:00+00:00,0.0,78.3,3.58,21.0,30,62
2026-08-14T08:35:00+00:00,0.0,78.0,3.6,21.0,30,62
2026-08-14T08:36:00+00:00,0.0,77.6,3.62,21.0,30,62
2026-08-14T08:37:00+00:00,0.0,77.2,3.63,21.0,30,62
2026-08-14T08:38:00+00:00,0.0,76.8,3.65,21.1,31,62
2026-08-14T08:39:00+00:00,0.0,76.4,3.67,21.1,31,62
2026-08-14T08:40:00+00:00,0.0,76.0,3.68,21.2,31,62
2026-08-14T08:41:00+00:00,0.0,75.6,3.7,21.2,31,62
2026-08-14T08:42:00+00:00,0.0,75.4,3.72,21.2,32,62
2026-08-14T08:43:00+00:00,0.0,75.1,3.73,21.2,32,62
2026-08-14T08:44:00+00:00,0.0,75.0,3.75,21.2,32,62
2026-08-14T08:45:00+00:00,0.0,75.0,3.77,21.2,32,62
2026-08-14T08:46:00+00:00,0.0,75.0,3.78,21.2,32,62
2026-08-14T08:47:00+00:00,0.0,75.2,3.8,21.2,32,62
2026-08-14T08:48:00+00:00,0.0,75.5,3.82,21.2,31,62
2026-08-14T08:49:00+00:00,0.0,75.9,3.83,21.1,31,62
2026-08-14T08:50:00+00:00,0.0,76.4,3.85,21.0,30,62
2026-08-14T08:51:00+00:00,0.0,77.0,3.87,21.0,30,62
2026-08-14T08:52:00+00:00,0.0,77.5,3.88,20.9,29,62
2026-08-14T08:53:00+00:00,0.0,78.1,3.9,20.8,28,61
2026-08-14T08:54:00+00:00,0.0,78.7,3.92,20.7,28,61
2026-08-14T08:55:00+00:00,0.0,79.3,3.93,20.6,27,61
2026-08-14T08:56:00+00:00,0.0,79.8,3.95,20.6,27,61
2026-08-14T08:57:00+00:00,0.0,80.2,3.97,20.5,26,61
2026-08-14T08:58:00+00:00,0.0,80.5,3.98,20.5,26,61
2026-08-14T08:59:00+00:00,0.0,80.6,4.0,20.4,25,61
2026-08-14T09:00:00+00:00,0.0,80.7,4.02,20.4,25,61
2026-08-14T09:01:00+00:00,0.0,80.7,4.03,20.4,26,61
2026-08-14T09:02:00+00:00,0.0,80.7,4.05,20.4,26,61
2026-08-14T09:03:00+00:00,0.0,80.7,4.07,20.5,26,61
2026-08-14T09:04:00+00:00,0.0,80.7,4.08,20.5,26,61
2026-08-14T09:05:00+00:00,0.0,80.7,4.1,20.5,27,61
2026-08-14T09:06:00+00:00,0.0,80.7,4.12,20.6,28,61
2026-08-14T09:07:00+00:00,0.0,80.7,4.13,20.7,28,61
2026-08-14T09:08:00+00:00,0.0,80.6,4.15,20.7,29,61
2026-08-14T09:09:00+00:00,0.0,80.6,4.17,20.8,29,61
2026-08-14T09:10:00+00:00,0.0,80.6,4.18,20.8,30,61
2026-08-14T09:11:00+00:00,0.0,80.6,4.2,20.9,31,61
2026-08-14T09:12:00+00:00,0.0,80.6,4.22,20.9,31,61
2026-08-14T09:13:00+00:00,0.0,80.6,4.23,20.9,31,61
2026-08-14T09:14:00+00:00,0.0,80.6,4.25,20.9,32,61
2026-08-14T09:15:00+00:00,0.0,80.6,4.27,21.0,32,60
2026-08-14T09:16:00+00:00,0.0,80.6,4.28,20.9,32,60
2026-08-14T09:17:00+00:00,0.0,80.5,4.3,20.9,31,60
2026-08-14T09:18:00+00:00,0.0,80.4,4.32,20.8,31,60
2026-08-14T09:19:00+00:00,0.0,80.3,4.33,20.8,30,60
2026-08-14T09:20:00+00:00,0.0,80.1,4.35,20.7,29,60
2026-08-14T09:21:00+00:00,0.0,79.9,4.37,20.6,27,60
2026-08-14T09:22:00+00:00,0.0,79.7,4.38,20.4,26,60
2026-08-14T09:23:00+00:00,0.0,79.6,4.4,20.3,25,60
2026-08-14T09:24:00+00:00,0.0,79.4,4.42,20.2,23,60
2026-08-14T09:25:00+00:00,0.0,79.2,4.43,20.1,22,60
2026-08-14T09:26:00+00:00,0.0,79.0,4.45,20.0,21,60
2026-08-14T09:27:00+00:00,0.0,78.9,4.47,19.9,20,60
2026-08-14T09:28:00+00:00,0.0,78.8,4.48,19.9,20,60
2026-08-14T09:29:00+00:00,0.0,78.7,4.5,19.8,19,60
2026-08-14T09:30:00+00:00,0.0,78.7,4.52,19.8,19,60
2026-08-14T09:31:00+00:00,0.0,78.7,4.53,19.8,19,60
2026-08-14T09:32:00+00:00,0.0,78.5,4.55,19.8,19,60
2026-08-14T09:33:00+00:00,0.0,78.2,4.57,19.8,19,60
2026-08-14T09:34:00+00:00,0.0,77.8,4.58,19.9,20,60
2026-08-14T09:35:00+00:00,0.0,77.4,4.6,19.9,20,60
2026-08-14T09:36:00+00:00,0.0,76.8,4.62,19.9,20,60
2026-08-14T09:37:00+00:00,0.0,76.3,4.63,19.9,20,60
2026-08-14T09:38:00+00:00,0.0,75.7,4.65,20.0,21,60
2026-08-14T09:39:00+00:00,0.0,75.2,4.67,20.0,21,60
2026-08-14T09:40:00+00:00,0.0,74.7,4.68,20.0,21,60
2026-08-14T09:41:00+00:00,0.0,74.2,4.7,20.1,21,60
2026-08-14T09:42:00+00:00,0.0,73.8,4.72,20.1,22,60
2026-08-14T09:43:00+00:00,0.0,73.5,4.73,20.1,22,60
2026-08-14T09:44:00+00:00,0.0,73.4,4.75,20.1,22,60
2026-08-14T09:45:00+00:00,0.0,73.3,4.77,20.1,22,60
2026-08-14T09:46:00+00:00,0.0,73.4,4.78,20.1,22,60
2026-08-14T09:47:00+00:00,0.0,73.6,4.8,20.1,22,60
2026-08-14T09:48:00+00:00,0.0,74.0,4.82,20.2,23,60
2026-08-14T09:49:00+00:00,0.0,74.5,4.83,20.2,23,59
2026-08-14T09:50:00+00:00,0.0,75.1,4.85,20.3,24,59
2026-08-14T09:51:00+00:00,0.0,75.8,4.87,20.3,24,59
2026-08-14T09:52:00+00:00,0.0,76.5,4.88,20.4,25,59
2026-08-14T09:53:00+00:00,0.0,77.2,4.9,20.4,26,59
2026-08-14T09:54:00+00:00,0.0,77.9,4.92,20.5,27,59
2026-08-14T09:55:00+00:00,0.0,78.6,4.93,20.5,28,59
2026-08-14T09:56:00+00:00,0.0,79.2,4.95,20.6,28,59
2026-08-14T09:57:00+00:00,0.0,79.7,4.97,20.6,29,59
2026-08-14T09:58:00+00:00,0.0,80.1,4.98,20.6,29,59
2026-08-14T09:59:00+00:00,0.0,80.3,5.0,20.6,30,59
2026-08-14T10:00:00+00:00,0.0,80.4,5.02,20.7,30,59
2026-08-14T10:01:00+00:00,0.0,80.3,5.03,20.7,30,59
2026-08-14T10:02:00+00:00,0.0,80.1,5.05,20.7,30,59
2026-08-14T10:03:00+00:00,0.0,79.7,5.07,20.7,30,59
2026-08-14T10:04:00+00:00,0.0,79.2,5.08,20.7,30,59
2026-08-14T10:05:00+00:00,0.0,78.6,5.1,20.7,30,59
2026-08-14T10:06:00+00:00,0.0,77.9,5.12,20.7,30,59
2026-08-14T10:07:00+00:00,0.0,77.2,5.13,20.7,29,59
2026-08-14T10:08:00+00:00,0.0,76.4,5.15,20.7,29,59
2026-08-14T10:09:00+00:00,0.0,75.7,5.17,20.7,29,59
2026-08-14T10:10:00+00:00,0.0,75.0,5.18,20.7,29,59
2026-08-14T10:11:00+00:00,0.0,74.4,5.2,20.7,29,59
2026-08-14T10:12:00+00:00,0.0,73.9,5.22,20.7,29,59
2026-08-14T10:13:00+00:00,0.0,73.5,5.23,20.7,29,59
2026-08-14T10:14:00+00:00,0.0,73.3,5.25,20.7,29,59
2026-08-14T10:15:00+00:00,0.0,73.2,5.27,20.7,29,59
2026-08-14T10:16:00+00:00,0.0,73.3,5.28,20.7,29,59
2026-08-14T10:17:00+00:00,0.0,73.4,5.3,20.7,29,59
2026-08-14T10:18:00+00:00,0.0,73.7,5.32,20.7,29,59
2026-08-14T10:19:00+00:00,0.0,74.0,5.33,20.7,29,59
2026-08-14T10:20:00+00:00,0.0,74.4,5.35,20.7,29,59
2026-08-14T10:21:00+00:00,0.0,74.8,5.37,20.6,29,59
2026-08-14T10:22:00+00:00,0.0,75.3,5.38,20.6,28,60
2026-08-14T10:23:00+00:00,0.0,75.7,5.4,20.6,28,60
2026-08-14T10:24:00+00:00,0.0,76.2,5.42,20.5,28,60
2026-08-14T10:25:00+00:00,0.0,76.6,5.43,20.5,28,60
2026-08-14T10:26:00+00:00,0.0,77.0,5.45,20.5,28,60
2026-08-14T10:27:00+00:00,0.0,77.3,5.47,20.5,27,60
2026-08-14T10:28:00+00:00,0.0,77.5,5.48,20.4,27,60
2026-08-14T10:29:00+00:00,0.0,77.7,5.5,20.4,27,60
2026-08-14T10:30:00+00:00,0.0,77.7,5.52,20.4,27,60
2026-08-14T10:31:00+00:00,0.0,77.7,5.53,20.4,27,60
2026-08-14T10:32:00+00:00,0.0,77.6,5.55,20.5,28,60
2026-08-14T10:33:00+00:00,0.0,77.4,5.57,20.5,28,60
2026-08-14T10:34:00+00:00,0.0,77.2,5.58,20.6,29,60
2026-08-14T10:35:00+00:00,0.0,76.9,5.6,20.7,30,60
2026-08-14T10:36:00+00:00,0.0,76.5,5.62,20.8,31,60
2026-08-14T10:37:00+00:00,0.0,76.2,5.63,20.9,32,60
2026-08-14T10:38:00+00:00,0.0,75.8,5.65,21.0,33,60
2026-08-14T10:39:00+00:00,0.0,75.4,5.67,21.0,34,60
2026-08-14T10:40:00+00:00,0.0,75.1,5.68,21.1,35,60
2026-08-14T10:41:00+00:00,0.0,74.8,5.7,21.2,36,60
2026-08-14T10:42:00+00:00,0.0,74.5,5.72,21.3,36,60
2026-08-14T10:43:00+00:00,0.0,74.3,5.73,21.3,37,60
2026-08-14T10:44:00+00:00,0.0,74.2,5.75,21.4,37,60
2026-08-14T10:45:00+00:00,0.0,74.2,5.77,21.4,37,60
2026-08-14T10:46:00+00:00,0.0,74.3,5.78,21.4,37,60
2026-08-14T10:47:00+00:00,0.0,74.4,5.8,21.3,37,60
2026-08-14T10:48:00+00:00,0.0,74.7,5.82,21.3,37,60
2026-08-14T10:49:00+00:00,0.0,75.1,5.83,21.2,36,60
2026-08-14T10:50:00+00:00,0.0,75.6,5.85,21.1,35,60
2026-08-14T10:51:00+00:00,0.0,76.2,5.87,21.0,34,60
2026-08-14T10:52:00+00:00,0.0,76.8,5.88,20.9,33,60
2026-08-14T10:53:00+00:00,0.0,77.4,5.9,20.8,32,60
2026-08-14T10:54:00+00:00,0.0,78.0,5.92,20.7,31,60
2026-08-14T10:55:00+00:00,0.0,78.5,5.93,20.6,30,60
2026-08-14T10:56:00+00:00,0.0,79.0,5.95,20.6,30,60
2026-08-14T10:57:00+00:00,0.0,79.4,5.97,20.5,29,60
2026-08-14T10:58:00+00:00,0.0,79.7,5.98,20.5,29,60
2026-08-14T10:59:00+00:00,0.0,79.9,6.0,20.5,29,61
2026-08-14T11:00:00+00:00,0.0,79.9,6.02,20.5,30,61
2026-08-14T11:01:00+00:00,0.0,79.9,6.03,20.6,30,61
2026-08-14T11:02:00+00:00,0.0,79.6,6.05,20.6,31,61
2026-08-14T11:03:00+00:00,0.0,79.1,6.07,20.7,31,61
2026-08-14T11:04:00+00:00,0.0,78.6,6.08,20.7,32,61
2026-08-14T11:05:00+00:00,0.0,77.9,6.1,20.8,32,61
2026-08-14T11:06:00+00:00,0.0,77.0,6.12,20.8,33,62
2026-08-14T11:07:00+00:00,0.0,76.2,6.13,20.9,34,62
2026-08-14T11:08:00+00:00,0.0,75.3,6.15,21.0,34,62
2026-08-14T11:09:00+00:00,0.0,74.5,6.17,21.1,35,62
2026-08-14T11:10:00+00:00,0.0,73.7,6.18,21.1,35,62
2026-08-14T11:11:00+00:00,0.0,72.9,6.2,21.2,36,62
2026-08-14T11:12:00+00:00,0.0,72.4,6.22,21.2,36,62
2026-08-14T11:13:00+00:00,0.0,71.9,6.23,21.3,37,62
2026-08-14T11:14:00+00:00,0.0,71.7,6.25,21.3,37,63
2026-08-14T11:15:00+00:00,0.0,71.6,6.27,21.4,38,63
2026-08-14T11:16:00+00:00,0.0,71.6,6.28,21.4,38,63
2026-08-14T11:17:00+00:00,0.0,71.8,6.3,21.4,39,63
2026-08-14T11:18:00+00:00,0.0,72.1,6.32,21.5,39,63
2026-08-14T11:19:00+00:00,0.0,72.6,6.33,21.5,40,63
2026-08-14T11:20:00+00:00,0.0,73.1,6.35,21.5,40,63
2026-08-14T11:21:00+00:00,0.0,73.7,6.37,21.6,41,64
2026-08-14T11:22:00+00:00,0.0,74.3,6.38,21.6,41,64
2026-08-14T11:23:00+00:00,0.0,74.9,6.4,21.6,42,64
2026-08-14T11:24:00+00:00,0.0,75.5,6.42,21.6,42,64
2026-08-14T11:25:00+00:00,0.0,76.1,6.43,21.7,43,64
2026-08-14T11:26:00+00:00,0.0,76.6,6.45,21.7,43,64
2026-08-14T11:27:00+00:00,0.0,77.0,6.47,21.7,44,64
2026-08-14T11:28:00+00:00,0.0,77.4,6.48,21.7,45,65
2026-08-14T11:29:00+00:00,0.0,77.6,6.5,21.8,45,65
2026-08-14T11:30:00+00:00,0.0,77.6,6.52,21.8,45,65
2026-08-14T11:31:00+00:00,0.0,77.6,6.53,21.8,46,65
2026-08-14T11:32:00+00:00,0.0,77.4,6.55,21.9,47,65
2026-08-14T11:33:00+00:00,0.0,77.1,6.57,21.9,47,65
2026-08-14T11:34:00+00:00,0.0,76.6,6.58,22.0,48,65
2026-08-14T11:35:00+00:00,0.0,76.1,6.6,22.1,49,65
2026-08-14T11:36:00+00:00,0.0,75.6,6.62,22.2,49,66
2026-08-14T11:37:00+00:00,0.0,74.9,6.63,22.2,50,66
2026-08-14T11:38:00+00:00,0.0,74.3,6.65,22.3,51,66
2026-08-14T11:39:00+00:00,0.0,73.7,6.67,22.4,51,66
2026-08-14T11:40:00+00:00,0.0,73.1,6.68,22.5,52,66
2026-08-14T11:41:00+00:00,0.0,72.6,6.7,22.6,53,66
2026-08-14T11:42:00+00:00,0.0,72.2,6.72,22.6,53,66
2026-08-14T11:43:00+00:00,0.0,71.9,6.73,22.7,54,67
2026-08-14T11:44:00+00:00,0.0,71.7,6.75,22.7,55,67
2026-08-14T11:45:00+00:00,0.0,71.6,6.77,22.8,55,67
2026-08-14T11:46:00+00:00,0.0,71.6,6.78,22.8,56,67
2026-08-14T11:47:00+00:00,0.0,71.6,6.8,22.8,56,67
2026-08-14T11:48:00+00:00,0.0,71.6,6.82,22.9,56,67
2026-08-14T11:49:00+00:00,0.0,71.6,6.83,22.9,57,67
2026-08-14T11:50:00+00:00,0.0,71.6,6.85,22.9,57,67
2026-08-14T11:51:00+00:00,0.0,71.6,6.87,23.0,58,68
2026-08-14T11:52:00+00:00,0.0,71.6,6.88,23.0,58,68
2026-08-14T11:53:00+00:00,0.0,71.6,6.9,23.1,59,68
2026-08-14T11:54:00+00:00,0.0,71.7,6.92,23.1,59,68
2026-08-14T11:55:00+00:00,0.0,71.7,6.93,23.1,60,68
2026-08-14T11:56:00+00:00,0.0,71.7,6.95,23.2,60,68
2026-08-14T11:57:00+00:00,0.0,71.7,6.97,23.2,61,68
2026-08-14T11:58:00+00:00,0.0,71.7,6.98,23.2,61,68
2026-08-14T11:59:00+00:00,0.0,71.7,7.0,23.3,62,69
2026-08-14T12:00:00+00:00,0.0,71.7,7.02,23.3,62,69
2026-08-14T12:01:00+00:00,0.0,71.3,7.03,23.3,63,69
2026-08-14T12:02:00+00:00,0.0,70.9,7.05,23.3,62,69
2026-08-14T12:03:00+00:00,0.0,70.6,7.07,23.3,62,69
2026-08-14T12:04:00+00:00,0.0,70.3,7.08,23.3,62,69
2026-08-14T12:05:00+00:00,0.0,69.9,7.1,23.3,61,69
2026-08-14T12:06:00+00:00,0.0,69.6,7.12,23.2,61,69
2026-08-14T12:07:00+00:00,0.0,69.4,7.13,23.2,60,70
2026-08-14T12:08:00+00:00,0.0,69.1,7.15,23.1,59,70
2026-08-14T12:09:00+00:00,0.0,68.8,7.17,23.1,59,70
2026-08-14T12:10:00+00:00,0.0,68.5,7.18,23.0,58,70
2026-08-14T12:11:00+00:00,0.0,68.1,7.2,23.0,58,70
2026-08-14T12:12:00+00:00,0.0,67.8,7.22,23.0,57,70
2026-08-14T12:13:00+00:00,0.0,67.5,7.23,23.0,57,70
2026-08-14T12:14:00+00:00,0.0,67.1,7.25,23.0,57,70
2026-08-14T12:15:00+00:00,0.0,66.7,7.27,23.0,57,71
2026-08-14T12:16:00+00:00,0.0,66.4,7.28,23.0,57,71
2026-08-14T12:17:00+00:00,0.0,65.9,7.3,23.1,58,71
2026-08-14T12:18:00+00:00,0.0,65.5,7.32,23.1,58,71
2026-08-14T12:19:00+00:00,0.0,65.1,7.33,23.2,59,71
2026-08-14T12:20:00+00:00,0.0,64.7,7.35,23.3,59,71
2026-08-14T12:21:00+00:00,0.0,64.2,7.37,23.3,60,71
2026-08-14T12:22:00+00:00,0.0,63.8,7.38,23.4,60,71
2026-08-14T12:23:00+00:00,0.0,63.3,7.4,23.5,61,72
2026-08-14T12:24:00+00:00,0.0,62.9,7.42,23.6,62,72
2026-08-14T12:25:00+00:00,0.0,62.4,7.43,23.6,62,72
2026-08-14T12:26:00+00:00,0.0,62.0,7.45,23.7,63,72
2026-08-14T12:27:00+00:00,0.0,61.5,7.47,23.7,63,72
2026-08-14T12:28:00+00:00,0.0,61.1,7.48,23.8,64,72
2026-08-14T12:29:00+00:00,0.0,60.7,7.5,23.8,64,72
2026-08-14T12:30:00+00:00,0.0,60.3,7.52,23.9,64,72
2026-08-14T12:31:00+00:00,0.0,60.0,7.53,23.9,65,73
2026-08-14T12:32:00+00:00,0.0,59.8,7.55,23.9,65,73
2026-08-14T12:33:00+00:00,0.0,59.8,7.57,24.0,65,73
2026-08-14T12:34:00+00:00,0.0,59.8,7.58,24.0,65,73
2026-08-14T12:35:00+00:00,0.0,60.0,7.6,24.0,66,73
2026-08-14T12:36:00+00:00,0.0,60.2,7.62,24.0,66,73
2026-08-14T12:37:00+00:00,0.0,60.5,7.63,24.0,66,73
2026-08-14T12:38:00+00:00,0.0,60.8,7.65,24.0,67,73
2026-08-14T12:39:00+00:00,0.0,61.1,7.67,24.0,67,74
2026-08-14T12:40:00+00:00,0.0,61.3,7.68,24.0,67,74
2026-08-14T12:41:00+00:00,0.0,61.5,7.7,24.0,67,74
2026-08-14T12:42:00+00:00,0.0,61.6,7.72,24.0,67,74
2026-08-14T12:43:00+00:00,0.0,61.5,7.73,24.1,67,74
2026-08-14T12:44:00+00:00,0.0,61.3,7.75,24.1,66,74
2026-08-14T12:45:00+00:00,0.0,61.0,7.77,24.1,66,74
2026-08-14T12:46:00+00:00,0.0,60.6,7.78,24.1,65,74
2026-08-14T12:47:00+00:00,0.0,60.1,7.8,24.2,65,75
2026-08-14T12:48:00+00:00,0.0,59.5,7.82,24.2,64,75
2026-08-14T12:49:00+00:00,0.0,58.8,7.83,24.2,64,75
2026-08-14T12:50:00+00:00,0.0,58.1,7.85,24.2,63,75
2026-08-14T12:51:00+00:00,0.0,57.4,7.87,24.2,63,75
2026-08-14T12:52:00+00:00,0.0,56.6,7.88,24.3,62,75
2026-08-14T12:53:00+00:00,0.0,55.8,7.9,24.3,62,75
2026-08-14T12:54:00+00:00,0.0,55.0,7.92,24.3,61,75
2026-08-14T12:55:00+00:00,0.0,54.2,7.93,24.3,60,76
2026-08-14T12:56:00+00:00,0.0,53.5,7.95,24.3,60,76
2026-08-14T12:57:00+00:00,0.0,52.9,7.97,24.3,59,76
2026-08-14T12:58:00+00:00,0.0,52.3,7.98,24.4,59,76
2026-08-14T12:59:00+00:00,0.0,51.8,8.0,24.4,58,76
2026-08-14T13:00:00+00:00,0.0,51.3,8.02,24.4,58,76
2026-08-14T13:01:00+00:00,0.0,51.0,8.03,24.5,57,76
2026-08-14T13:02:00+00:00,0.0,50.6,8.05,24.5,57,76
2026-08-14T13:03:00+00:00,0.0,50.3,8.07,24.6,56,76
2026-08-14T13:04:00+00:00,0.0,49.9,8.07,24.6,55,77
2026-08-14T13:05:00+00:00,0.0,49.6,8.07,24.7,55,77
2026-08-14T13:06:00+00:00,0.0,49.4,8.07,24.8,54,77
2026-08-14T13:07:00+00:00,0.0,49.1,8.07,24.8,53,77
2026-08-14T13:08:00+00:00,0.0,48.8,8.07,24.9,52,77
2026-08-14T13:09:00+00:00,0.0,48.5,8.07,25.0,51,77
2026-08-14T13:10:00+00:00,0.0,48.2,8.07,25.0,50,77
2026-08-14T13:11:00+00:00,0.0,47.9,8.07,25.1,49,77
2026-08-14T13:12:00+00:00,0.0,47.6,8.07,25.2,48,78
2026-08-14T13:13:00+00:00,0.0,47.3,8.07,25.2,48,78
2026-08-14T13:14:00+00:00,0.0,46.9,8.07,25.3,47,78
2026-08-14T13:15:00+00:00,0.0,46.5,8.07,25.3,47,78
2026-08-14T13:16:00+00:00,0.0,46.2,8.07,25.3,46,78
2026-08-14T13:17:00+00:00,0.0,45.9,8.07,25.3,46,78
2026-08-14T13:18:00+00:00,0.0,45.7,8.07,25.3,46,78
2026-08-14T13:19:00+00:00,0.0,45.5,8.07,25.3,46,78
2026-08-14T13:20:00+00:00,0.0,45.4,8.07,25.2,47,78
2026-08-14T13:21:00+00:00,0.0,45.4,8.07,25.2,47,79
2026-08-14T13:22:00+00:00,0.0,45.3,8.07,25.1,48,79
2026-08-14T13:23:00+00:00,0.0,45.3,8.07,25.1,48,79
2026-08-14T13:24:00+00:00,0.0,45.3,8.07,25.0,49,79
2026-08-14T13:25:00+00:00,0.0,45.2,8.07,25.0,49,79
2026-08-14T13:26:00+00:00,0.0,45.1,8.07,24.9,50,79
2026-08-14T13:27:00+00:00,0.0,45.0,8.07,24.9,50,79
2026-08-14T13:28:00+00:00,0.0,44.8,8.07,24.9,50,79
2026-08-14T13:29:00+00:00,0.0,44.5,8.07,24.9,50,79
2026-08-14T13:30:00+00:00,0.0,44.1,8.07,24.9,50,80
2026-08-14T13:31:00+00:00,0.0,43.7,8.07,24.9,49,80
2026-08-14T13:32:00+00:00,0.0,43.1,8.07,24.9,49,80
2026-08-14T13:33:00+00:00,0.0,42.3,8.07,25.0,48,80
2026-08-14T13:34:00+00:00,0.0,41.4,8.07,25.0,47,80
2026-08-14T13:35:00+00:00,0.0,40.5,8.07,25.0,46,80
2026-08-14T13:36:00+00:00,0.0,39.4,8.07,25.1,45,80
2026-08-14T13:37:00+00:00,0.0,38.3,8.07,25.1,44,80
2026-08-14T13:38:00+00:00,0.0,37.2,8.07,25.2,44,80
2026-08-14T13:39:00+00:00,0.0,36.1,8.07,25.2,43,80
2026-08-14T13:40:00+00:00,0.0,35.1,8.07,25.2,42,81
2026-08-14T13:41:00+00:00,0.0,34.1,8.07,25.3,41,81
2026-08-14T13:42:00+00:00,0.0,33.2,8.07,25.3,40,81
2026-08-14T13:43:00+00:00,0.0,32.5,8.07,25.3,40,81
2026-08-14T13:44:00+00:00,0.0,31.9,8.07,25.4,39,81
2026-08-14T13:45:00+00:00,0.0,31.4,8.07,25.4,39,81
2026-08-14T13:46:00+00:00,0.0,31.1,8.07,25.4,38,81
2026-08-14T13:47:00+00:00,0.0,31.0,8.07,25.5,38,81
2026-08-14T13:48:00+00:00,0.0,31.1,8.07,25.5,38,81
2026-08-14T13:49:00+00:00,0.0,31.3,8.07,25.6,37,81
2026-08-14T13:50:00+00:00,0.0,31.7,8.07,25.6,37,82
2026-08-14T13:51:00+00:00,0.0,32.1,8.07,25.7,37,82
2026-08-14T13:52:00+00:00,0.0,32.6,8.07,25.7,36,82
2026-08-14T13:53:00+00:00,0.0,33.2,8.07,25.8,36,82
2026-08-14T13:54:00+00:00,0.0,33.7,8.07,25.9,36,82
2026-08-14T13:55:00+00:00,0.0,34.1,8.07,25.9,35,82
2026-08-14T13:56:00+00:00,0.0,34.5,8.07,26.0,35,82
2026-08-14T13:57:00+00:00,0.0,34.7,8.07,26.0,35,82
2026-08-14T13:58:00+00:00,0.0,34.8,8.07,26.1,34,82
2026-08-14T13:59:00+00:00,0.0,34.7,8.07,26.1,34,82
2026-08-14T14:00:00+00:00,0.0,34.4,8.07,26.1,33,83
2026-08-14T14:01:00+00:00,0.0,33.9,8.07,26.2,33,83
2026-08-14T14:02:00+00:00,0.0,33.4,8.07,26.2,33,83
2026-08-14T14:03:00+00:00,0.0,32.6,8.07,26.2,32,83
2026-08-14T14:04:00+00:00,0.0,31.8,8.07,26.3,31,83
2026-08-14T14:05:00+00:00,0.0,30.9,8.07,26.3,31,83
2026-08-14T14:06:00+00:00,0.0,29.9,8.07,26.3,30,83
2026-08-14T14:07:00+00:00,0.0,28.9,8.07,26.4,29,83
2026-08-14T14:08:00+00:00,0.0,27.9,8.07,26.4,29,83
2026-08-14T14:09:00+00:00,0.0,26.8,8.07,26.5,28,83
2026-08-14T14:10:00+00:00,0.0,25.9,8.07,26.5,27,83
2026-08-14T14:11:00+00:00,0.0,24.9,8.07,26.5,27,83
2026-08-14T14:12:00+00:00,0.0,24.1,8.07,26.6,26,84
2026-08-14T14:13:00+00:00,0.0,23.4,8.07,26.6,26,84
2026-08-14T14:14:00+00:00,0.0,22.8,8.07,26.6,25,84
2026-08-14T14:15:00+00:00,0.0,22.4,8.07,26.7,25,84
2026-08-14T14:16:00+00:00,0.0,22.0,8.07,26.7,25,84
2026-08-14T14:17:00+00:00,0.0,21.8,8.07,26.7,24,84
2026-08-14T14:18:00+00:00,0.0,21.6,8.07,26.8,24,84
2026-08-14T14:19:00+00:00,0.0,21.5,8.07,26.8,23,84
2026-08-14T14:20:00+00:00,0.0,21.5,8.07,26.9,23,84
2026-08-14T14:21:00+00:00,0.0,21.5,8.07,26.9,23,84
2026-08-14T14:22:00+00:00,0.0,21.5,8.07,27.0,22,84
2026-08-14T14:23:00+00:00,0.0,21.5,8.07,27.1,22,84
2026-08-14T14:24:00+00:00,0.0,21.6,8.07,27.1,21,84
2026-08-14T14:25:00+00:00,0.0,21.6,8.07,27.2,21,84
2026-08-14T14:26:00+00:00,0.0,21.5,8.07,27.3,20,84
2026-08-14T14:27:00+00:00,0.0,21.4,8.07,27.3,20,85
2026-08-14T14:28:00+00:00,0.0,21.3,8.07,27.3,19,85
2026-08-14T14:29:00+00:00,0.0,21.0,8.07,27.4,19,85
2026-08-14T14:30:00+00:00,0.0,20.7,8.07,27.4,19,85
2026-08-14T14:31:00+00:00,0.0,20.7,8.07,27.4,19,85
2026-08-14T14:32:00+00:00,0.0,20.7,8.07,27.4,19,85
2026-08-14T14:33:00+00:00,0.0,20.6,8.07,27.4,19,85
2026-08-14T14:34:00+00:00,0.0,20.6,8.07,27.4,19,85
2026-08-14T14:35:00+00:00,0.0,20.6,8.07,27.3,20,85
2026-08-14T14:36:00+00:00,0.0,20.5,8.07,27.3,20,85
2026-08-14T14:37:00+00:00,0.0,20.5,8.07,27.2,20,85
2026-08-14T14:38:00+00:00,0.0,20.4,8.07,27.1,21,85
2026-08-14T14:39:00+00:00,0.0,20.3,8.07,27.1,21,85
2026-08-14T14:40:00+00:00,0.0,20.3,8.07,27.0,22,85
2026-08-14T14:41:00+00:00,0.0,20.3,8.07,27.0,22,85
2026-08-14T14:42:00+00:00,0.0,20.2,8.07,26.9,22,85
2026-08-14T14:43:00+00:00,0.0,20.2,8.07,26.9,22,85
2026-08-14T14:44:00+00:00,0.0,20.2,8.07,26.9,22,85
2026-08-14T14:45:00+00:00,0.0,20.2,8.07,26.9,22,85
2026-08-14T14:46:00+00:00,0.0,20.1,8.07,26.9,22,86
2026-08-14T14:47:00+00:00,0.0,20.0,8.07,27.0,22,86
2026-08-14T14:48:00+00:00,0.0,19.7,8.07,27.0,21,86
2026-08-14T14:49:00+00:00,0.0,19.4,8.07,27.1,21,86
2026-08-14T14:50:00+00:00,0.0,19.0,8.07,27.2,20,86
2026-08-14T14:51:00+00:00,0.0,18.6,8.07,27.3,19,86
2026-08-14T14:52:00+00:00,0.0,18.1,8.07,27.4,18,86
2026-08-14T14:53:00+00:00,0.0,17.6,8.07,27.5,18,86
2026-08-14T14:54:00+00:00,0.0,17.1,8.07,27.6,17,86
2026-08-14T14:55:00+00:00,0.0,16.7,8.07,27.6,16,86
2026-08-14T14:56:00+00:00,0.0,16.3,8.07,27.7,15,86
2026-08-14T14:57:00+00:00,0.0,16.0,8.07,27.8,15,86
2026-08-14T14:58:00+00:00,0.0,15.7,8.07,27.8,14,86
2026-08-14T14:59:00+00:00,0.0,15.6,8.07,27.9,14,86
2026-08-14T15:00:00+00:00,0.0,15.5,8.07,27.9,14,86
2026-08-14T15:01:00+00:00,0.0,15.6,8.07,27.9,14,86
2026-08-14T15:02:00+00:00,0.0,15.8,8.07,27.9,14,86
2026-08-14T15:03:00+00:00,0.0,16.1,8.07,27.9,14,86
2026-08-14T15:04:00+00:00,0.0,16.5,8.07,27.8,15,86
2026-08-14T15:05:00+00:00,0.0,16.9,8.07,27.8,15,86
2026-08-14T15:06:00+00:00,0.0,17.5,8.07,27.7,16,86
2026-08-14T15:07:00+00:00,0.0,18.0,8.07,27.7,16,86
2026-08-14T15:08:00+00:00,0.0,18.6,8.07,27.6,17,86
2026-08-14T15:09:00+00:00,0.0,19.2,8.07,27.5,17,86
2026-08-14T15:10:00+00:00,0.0,19.7,8.07,27.5,18,86
2026-08-14T15:11:00+00:00,0.0,20.2,8.07,27.4,18,86
2026-08-14T15:12:00+00:00,0.0,20.6,8.07,27.4,19,86
2026-08-14T15:13:00+00:00,0.0,20.8,8.07,27.4,19,87
2026-08-14T15:14:00+00:00,0.0,21.0,8.07,27.4,19,87
2026-08-14T15:15:00+00:00,0.0,21.1,8.07,27.4,19,87
2026-08-14T15:16:00+00:00,0.0,21.1,8.07,27.4,19,87
2026-08-14T15:17:00+00:00,0.0,21.1,8.07,27.4,19,87
2026-08-14T15:18:00+00:00,0.0,21.0,8.07,27.5,18,87
2026-08-14T15:19:00+00:00,0.0,21.0,8.07,27.6,17,87
2026-08-14T15:20:00+00:00,0.0,20.9,8.07,27.7,17,87
2026-08-14T15:21:00+00:00,0.0,20.8,8.07,27.8,16,87
2026-08-14T15:22:00+00:00,0.0,20.8,8.07,27.9,15,87
2026-08-14T15:23:00+00:00,0.0,20.7,8.07,28.1,14,87
2026-08-14T15:24:00+00:00,0.0,20.6,8.07,28.2,13,87
2026-08-14T15:25:00+00:00,0.0,20.5,8.07,28.3,12,87
2026-08-14T15:26:00+00:00,0.0,20.5,8.07,28.4,11,87
2026-08-14T15:27:00+00:00,0.0,20.4,8.07,28.5,11,87
2026-08-14T15:28:00+00:00,0.0,20.4,8.07,28.6,10,87
2026-08-14T15:29:00+00:00,0.0,20.4,8.07,28.6,10,87
2026-08-14T15:30:00+00:00,0.0,20.3,8.07,28.6,10,87
2026-08-14T15:31:00+00:00,0.0,20.3,8.07,28.6,10,87
2026-08-14T15:32:00+00:00,0.0,20.1,8.07,28.6,10,87
2026-08-14T15:33:00+00:00,0.0,19.8,8.07,28.6,10,87
2026-08-14T15:34:00+00:00,0.0,19.4,8.07,28.5,11,87
2026-08-14T15:35:00+00:00,0.0,18.8,8.07,28.4,11,87
2026-08-14T15:36:00+00:00,0.0,18.3,8.07,28.3,12,87
2026-08-14T15:37:00+00:00,0.0,17.7,8.07,28.2,12,87
2026-08-14T15:38:00+00:00,0.0,17.0,8.07,28.1,13,87
2026-08-14T15:39:00+00:00,0.0,16.4,8.07,28.0,14,87
2026-08-14T15:40:00+00:00,0.0,15.8,8.07,27.9,14,87
2026-08-14T15:41:00+00:00,0.0,15.3,8.07,27.8,15,87
2026-08-14T15:42:00+00:00,0.0,14.9,8.07,27.7,15,87
2026-08-14T15:43:00+00:00,0.0,14.6,8.07,27.7,15,87
2026-08-14T15:44:00+00:00,0.0,14.4,8.07,27.6,16,87
2026-08-14T15:45:00+00:00,0.0,14.3,8.07,27.6,16,87
2026-08-14T15:46:00+00:00,0.0,14.4,8.07,27.7,15,88
2026-08-14T15:47:00+00:00,0.0,14.5,8.07,27.7,15,88
2026-08-14T15:48:00+00:00,0.0,14.8,8.07,27.8,15,88
2026-08-14T15:49:00+00:00,0.0,15.1,8.07,27.9,14,88
2026-08-14T15:50:00+00:00,0.0,15.5,8.07,28.0,13,88
2026-08-14T15:51:00+00:00,0.0,16.0,8.07,28.1,13,88
2026-08-14T15:52:00+00:00,0.0,16.5,8.07,28.2,12,88
2026-08-14T15:53:00+00:00,0.0,17.0,8.07,28.4,11,88
2026-08-14T15:54:00+00:00,0.0,17.4,8.07,28.5,10,88
2026-08-14T15:55:00+00:00,0.0,17.9,8.07,28.6,9,88
2026-08-14T15:56:00+00:00,0.0,18.3,8.07,28.7,9,88
2026-08-14T15:57:00+00:00,0.0,18.6,8.07,28.8,8,88
2026-08-14T15:58:00+00:00,0.0,18.9,8.07,28.9,8,88
2026-08-14T15:59:00+00:00,0.0,19.0,8.07,28.9,7,88
2026-08-14T16:00:00+00:00,0.0,19.1,8.07,28.9,7,88
2026-08-14T16:01:00+00:00,0.0,19.1,8.07,28.9,7,88
2026-08-14T16:02:00+00:00,0.0,19.1,8.07,28.9,7,88
2026-08-14T16:03:00+00:00,0.0,19.1,8.07,28.9,8,88
2026-08-14T16:04:00+00:00,0.0,19.1,8.07,28.8,8,88
2026-08-14T16:05:00+00:00,0.0,19.1,8.07,28.7,9,88
2026-08-14T16:06:00+00:00,0.0,19.1,8.07,28.6,10,88
2026-08-14T16:07:00+00:00,0.0,19.1,8.07,28.5,11,88
2026-08-14T16:08:00+00:00,0.0,19.1,8.07,28.3,12,88
2026-08-14T16:09:00+00:00,0.0,19.1,8.07,28.2,12,88
2026-08-14T16:10:00+00:00,0.0,19.1,8.07,28.1,13,88
2026-08-14T16:11:00+00:00,0.0,19.1,8.07,28.0,14,88
2026-08-14T16:12:00+00:00,0.0,19.1,8.07,28.0,14,88
2026-08-14T16:13:00+00:00,0.0,19.1,8.07,27.9,15,88
2026-08-14T16:14:00+00:00,0.0,19.1,8.07,27.9,15,88
2026-08-14T16:15:00+00:00,0.0,19.1,8.07,27.9,15,89
2026-08-14T16:16:00+00:00,0.0,19.0,8.07,27.9,15,89
2026-08-14T16:17:00+00:00,0.0,18.8,8.07,27.9,14,89
2026-08-14T16:18:00+00:00,0.0,18.5,8.07,28.0,14,89
2026-08-14T16:19:00+00:00,0.0,18.1,8.07,28.1,13,89
2026-08-14T16:20:00+00:00,0.0,17.7,8.07,28.3,12,89
2026-08-14T16:21:00+00:00,0.0,17.1,8.07,28.4,11,89
2026-08-14T16:22:00+00:00,0.0,16.5,8.07,28.6,10,89
2026-08-14T16:23:00+00:00,0.0,15.9,8.07,28.7,8,89
2026-08-14T16:24:00+00:00,0.0,15.4,8.07,28.9,7,89
2026-08-14T16:25:00+00:00,0.0,14.8,8.07,29.0,6,89
2026-08-14T16:26:00+00:00,0.0,14.3,8.07,29.2,5,89
2026-08-14T16:27:00+00:00,0.0,13.9,8.07,29.3,4,89
2026-08-14T16:28:00+00:00,0.0,13.6,8.07,29.4,4,89
2026-08-14T16:29:00+00:00,0.0,13.4,8.07,29.4,3,89
2026-08-14T16:30:00+00:00,0.0,13.4,8.07,29.4,3,89
2026-08-14T16:31:00+00:00,0.0,13.4,8.07,29.4,3,89
2026-08-14T16:32:00+00:00,0.0,13.5,8.07,29.4,3,89
2026-08-14T16:33:00+00:00,0.0,13.6,8.07,29.4,4,89
2026-08-14T16:34:00+00:00,0.0,13.7,8.07,29.4,4,89
2026-08-14T16:35:00+00:00,0.0,13.9,8.07,29.3,4,89
2026-08-14T16:36:00+00:00,0.0,14.1,8.07,29.3,5,89
2026-08-14T16:37:00+00:00,0.0,14.3,8.07,29.2,5,89
2026-08-14T16:38:00+00:00,0.0,14.5,8.07,29.2,5,89
2026-08-14T16:39:00+00:00,0.0,14.7,8.07,29.1,6,89
2026-08-14T16:40:00+00:00,0.0,14.9,8.07,29.1,6,90
2026-08-14T16:41:00+00:00,0.0,15.1,8.07,29.0,6,90
2026-08-14T16:42:00+00:00,0.0,15.2,8.07,29.0,7,90
2026-08-14T16:43:00+00:00,0.0,15.3,8.07,28.9,7,90
2026-08-14T16:44:00+00:00,0.0,15.4,8.07,28.9,7,90
2026-08-14T16:45:00+00:00,0.0,15.4,8.07,28.9,7,90
2026-08-14T16:46:00+00:00,0.0,15.5,8.07,28.9,7,90
2026-08-14T16:47:00+00:00,0.0,15.7,8.07,28.9,7,90
2026-08-14T16:48:00+00:00,0.0,16.1,8.07,28.9,7,90
2026-08-14T16:49:00+00:00,0.0,16.5,8.07,28.9,7,90
2026-08-14T16:50:00+00:00,0.0,17.0,8.07,28.9,8,90
2026-08-14T16:51:00+00:00,0.0,17.7,8.07,28.8,8,90
2026-08-14T16:52:00+00:00,0.0,18.3,8.07,28.8,8,90
2026-08-14T16:53:00+00:00,0.0,19.0,8.07,28.8,9,90
2026-08-14T16:54:00+00:00,0.0,19.7,8.07,28.7,9,90
2026-08-14T16:55:00+00:00,0.0,20.3,8.07,28.7,9,90
2026-08-14T16:56:00+00:00,0.0,20.8,8.07,28.7,9,90
2026-08-14T16:57:00+00:00,0.0,21.3,8.07,28.6,10,90
2026-08-14T16:58:00+00:00,0.0,21.6,8.07,28.6,10,90
2026-08-14T16:59:00+00:00,0.0,21.8,8.07,28.6,10,90
2026-08-14T17:00:00+00:00,0.0,21.9,8.07,28.6,10,90
2026-08-14T17:01:00+00:00,0.0,21.8,8.07,28.6,10,90
2026-08-14T17:02:00+00:00,0.0,21.6,8.07,28.6,10,90
2026-08-14T17:03:00+00:00,0.0,21.2,8.07,28.6,10,90
2026-08-14T17:04:00+00:00,0.0,20.7,8.07,28.5,10,90
2026-08-14T17:05:00+00:00,0.0,20.1,8.07,28.5,11,91
2026-08-14T17:06:00+00:00,0.0,19.4,8.07,28.4,11,91
2026-08-14T17:07:00+00:00,0.0,18.7,8.07,28.4,11,91
2026-08-14T17:08:00+00:00,0.0,17.9,8.07,28.3,12,91
2026-08-14T17:09:00+00:00,0.0,17.2,8.07,28.3,12,91
2026-08-14T17:10:00+00:00,0.0,16.5,8.07,28.2,12,91
2026-08-14T17:11:00+00:00,0.0,15.9,8.07,28.2,12,91
2026-08-14T17:12:00+00:00,0.0,15.4,8.07,28.1,13,91
2026-08-14T17:13:00+00:00,0.0,15.0,8.07,28.1,13,91
2026-08-14T17:14:00+00:00,0.0,14.8,8.07,28.1,13,91
2026-08-14T17:15:00+00:00,0.0,14.7,8.07,28.1,13,91
2026-08-14T17:16:00+00:00,0.0,14.7,8.07,28.1,13,91
2026-08-14T17:17:00+00:00,0.0,14.7,8.07,28.1,13,91
2026-08-14T17:18:00+00:00,0.0,14.6,8.07,28.1,12,91
2026-08-14T17:19:00+00:00,0.0,14.6,8.07,28.1,12,91
2026-08-14T17:20:00+00:00,0.0,14.5,8.07,28.2,12,91
2026-08-14T17:21:00+00:00,0.0,14.5,8.07,28.2,11,91
2026-08-14T17:22:00+00:00,0.0,14.4,8.07,28.3,11,91
2026-08-14T17:23:00+00:00,0.0,14.3,8.07,28.4,11,91
2026-08-14T17:24:00+00:00,0.0,14.3,8.07,28.4,10,91
2026-08-14T17:25:00+00:00,0.0,14.2,8.07,28.5,10,91
2026-08-14T17:26:00+00:00,0.0,14.2,8.07,28.5,10,91
2026-08-14T17:27:00+00:00,0.0,14.1,8.07,28.5,9,91
2026-08-14T17:28:00+00:00,0.0,14.1,8.07,28.6,9,91
2026-08-14T17:29:00+00:00,0.0,14.1,8.07,28.6,9,91
2026-08-14T17:30:00+00:00,0.0,14.1,8.07,28.6,9,91
2026-08-14T17:31:00+00:00,0.0,14.1,8.07,28.6,9,91
2026-08-14T17:32:00+00:00,0.0,14.1,8.07,28.6,9,91
2026-08-14T17:33:00+00:00,0.0,14.0,8.07,28.6,9,91
2026-08-14T17:34:00+00:00,0.0,14.0,8.07,28.7,8,91
2026-08-14T17:35:00+00:00,0.0,14.0,8.07,28.7,8,91
2026-08-14T17:36:00+00:00,0.0,14.0,8.07,28.8,8,91
2026-08-14T17:37:00+00:00,0.0,14.0,8.07,28.9,7,91
2026-08-14T17:38:00+00:00,0.0,14.0,8.07,28.9,7,91
2026-08-14T17:39:00+00:00,0.0,14.0,8.07,29.0,6,91
2026-08-14T17:40:00+00:00,0.0,13.9,8.07,29.1,6,91
2026-08-14T17:41:00+00:00,0.0,13.9,8.07,29.1,5,91
2026-08-14T17:42:00+00:00,0.0,13.9,8.07,29.2,5,91
2026-08-14T17:43:00+00:00,0.0,13.9,8.07,29.2,5,91
2026-08-14T17:44:00+00:00,0.0,13.9,8.07,29.2,5,91
2026-08-14T17:45:00+00:00,0.0,13.9,8.07,29.2,5,91
2026-08-14T17:46:00+00:00,0.0,14.0,8.07,29.2,5,91
2026-08-14T17:47:00+00:00,0.0,14.1,8.07,29.2,5,91
2026-08-14T17:48:00+00:00,0.0,14.4,8.07,29.1,5,91
2026-08-14T17:49:00+00:00,0.0,14.7,8.07,29.1,6,91
2026-08-14T17:50:00+00:00,0.0,15.2,8.07,29.1,6,91
2026-08-14T17:51:00+00:00,0.0,15.6,8.07,29.0,6,91
2026-08-14T17:52:00+00:00,0.0,16.1,8.07,28.9,7,91
2026-08-14T17:53:00+00:00,0.0,16.7,8.07,28.9,7,91
2026-08-14T17:54:00+00:00,0.0,17.2,8.07,28.8,8,91
2026-08-14T17:55:00+00:00,0.0,17.6,8.07,28.8,8,91
2026-08-14T17:56:00+00:00,0.0,18.1,8.07,28.7,9,91
2026-08-14T17:57:00+00:00,0.0,18.4,8.07,28.7,9,91
2026-08-14T17:58:00+00:00,0.0,18.7,8.07,28.6,9,91
2026-08-14T17:59:00+00:00,0.0,18.8,8.07,28.6,10,91
2026-08-14T18:00:00+00:00,0.0,18.9,8.07,28.6,10,91
2026-08-14T18:01:00+00:00,0.0,18.9,8.07,28.6,10,91
2026-08-14T18:02:00+00:00,0.0,18.9,8.07,28.6,10,91
2026-08-14T18:03:00+00:00,0.0,18.8,8.07,28.6,10,91
2026-08-14T18:04:00+00:00,0.0,18.8,8.07,28.5,10,91
2026-08-14T18:05:00+00:00,0.0,18.7,8.07,28.5,10,91
2026-08-14T18:06:00+00:00,0.0,18.6,8.07,28.5,10,91
2026-08-14T18:07:00+00:00,0.0,18.6,8.07,28.5,10,91
2026-08-14T18:08:00+00:00,0.0,18.5,8.07,28.5,11,90
2026-08-14T18:09:00+00:00,0.0,18.4,8.07,28.5,11,90
2026-08-14T18:10:00+00:00,0.0,18.3,8.07,28.4,11,90
2026-08-14T18:11:00+00:00,0.0,18.3,8.07,28.4,11,90
2026-08-14T18:12:00+00:00,0.0,18.2,8.07,28.4,11,90
2026-08-14T18:13:00+00:00,0.0,18.2,8.07,28.4,11,90
2026-08-14T18:14:00+00:00,0.0,18.1,8.07,28.4,11,90
2026-08-14T18:15:00+00:00,0.0,18.1,8.07,28.4,11,90
2026-08-14T18:16:00+00:00,0.0,18.1,8.07,28.4,11,90
2026-08-14T18:17:00+00:00,0.0,18.0,8.07,28.4,11,90
2026-08-14T18:18:00+00:00,0.0,17.8,8.07,28.4,11,90
2026-08-14T18:19:00+00:00,0.0,17.5,8.07,28.4,11,90
2026-08-14T18:20:00+00:00,0.0,17.2,8.07,28.4,11,90
2026-08-14T18:21:00+00:00,0.0,16.9,8.07,28.4,10,90
2026-08-14T18:22:00+00:00,0.0,16.5,8.07,28.5,10,90
2026-08-14T18:23:00+00:00,0.0,16.2,8.07,28.5,10,90
2026-08-14T18:24:00+00:00,0.0,15.8,8.07,28.5,10,90
2026-08-14T18:25:00+00:00,0.0,15.5,8.07,28.6,9,90
2026-08-14T18:26:00+00:00,0.0,15.2,8.07,28.6,9,90
2026-08-14T18:27:00+00:00,0.0,14.9,8.07,28.6,9,90
2026-08-14T18:28:00+00:00,0.0,14.7,8.07,28.6,9,90
2026-08-14T18:29:00+00:00,0.0,14.6,8.07,28.6,9,89
2026-08-14T18:30:00+00:00,0.0,14.6,8.07,28.6,9,89
2026-08-14T18:31:00+00:00,0.0,14.6,8.07,28.6,9,89
2026-08-14T18:32:00+00:00,0.0,14.8,8.07,28.6,9,89
2026-08-14T18:33:00+00:00,0.0,15.1,8.07,28.5,10,89
2026-08-14T18:34:00+00:00,0.0,15.4,8.07,28.5,10,89
2026-08-14T18:35:00+00:00,0.0,15.8,8.07,28.4,11,89
2026-08-14T18:36:00+00:00,0.0,16.3,8.07,28.3,11,89
2026-08-14T18:37:00+00:00,0.0,16.8,8.07,28.3,12,89
2026-08-14T18:38:00+00:00,0.0,17.4,8.07,28.2,12,89
2026-08-14T18:39:00+00:00,0.0,17.9,8.07,28.1,13,89
2026-08-14T18:40:00+00:00,0.0,18.4,8.07,28.1,14,89
2026-08-14T18:41:00+00:00,0.0,18.8,8.07,28.0,14,89
2026-08-14T18:42:00+00:00,0.0,19.2,8.07,27.9,15,89
2026-08-14T18:43:00+00:00,0.0,19.4,8.07,27.9,15,89
2026-08-14T18:44:00+00:00,0.0,19.6,8.07,27.9,15,88
2026-08-14T18:45:00+00:00,0.0,19.6,8.07,27.8,15,88
2026-08-14T18:46:00+00:00,0.0,19.6,8.07,27.8,15,88
2026-08-14T18:47:00+00:00,0.0,19.7,8.07,27.8,15,88
2026-08-14T18:48:00+00:00,0.0,19.7,8.07,27.9,15,88
2026-08-14T18:49:00+00:00,0.0,19.7,8.07,27.9,15,88
2026-08-14T18:50:00+00:00,0.0,19.7,8.07,27.9,15,88
2026-08-14T18:51:00+00:00,0.0,19.7,8.07,28.0,14,88
2026-08-14T18:52:00+00:00,0.0,19.7,8.07,28.0,14,88
2026-08-14T18:53:00+00:00,0.0,19.7,8.07,28.1,14,88
2026-08-14T18:54:00+00:00,0.0,19.8,8.07,28.1,13,88
2026-08-14T18:55:00+00:00,0.0,19.8,8.07,28.2,13,88
2026-08-14T18:56:00+00:00,0.0,19.8,8.07,28.2,13,88
2026-08-14T18:57:00+00:00,0.0,19.8,8.07,28.3,12,88
2026-08-14T18:58:00+00:00,0.0,19.8,8.07,28.3,12,87
2026-08-14T18:59:00+00:00,0.0,19.8,8.07,28.3,12,87
2026-08-14T19:00:00+00:00,0.0,19.8,8.07,28.3,12,87
2026-08-14T19:01:00+00:00,0.0,19.8,8.07,28.2,12,87
2026-08-14T19:02:00+00:00,0.0,19.6,8.07,28.2,13,87
2026-08-14T19:03:00+00:00,0.0,19.3,8.07,28.1,13,87
2026-08-14T19:04:00+00:00,0.0,18.9,8.07,28.0,14,87
2026-08-14T19:05:00+00:00,0.0,18.4,8.07,27.9,15,87
2026-08-14T19:06:00+00:00,0.0,17.8,8.07,27.8,15,87
2026-08-14T19:07:00+00:00,0.0,17.2,8.07,27.6,16,87
2026-08-14T19:08:00+00:00,0.0,16.6,8.07,27.5,17,87
2026-08-14T19:09:00+00:00,0.0,16.0,8.07,27.4,18,87
2026-08-14T19:10:00+00:00,0.0,15.5,8.07,27.2,19,86
2026-08-14T19:11:00+00:00,0.0,15.0,8.07,27.1,19,86
2026-08-14T19:12:00+00:00,0.0,14.6,8.07,27.0,20,86
2026-08-14T19:13:00+00:00,0.0,14.3,8.07,27.0,20,86
2026-08-14T19:14:00+00:00,0.0,14.1,8.07,26.9,20,86
2026-08-14T19:15:00+00:00,0.0,14.0,8.07,26.9,21,86
2026-08-14T19:16:00+00:00,0.0,14.1,8.07,26.9,21,86
2026-08-14T19:17:00+00:00,0.0,14.3,8.07,26.8,21,86
2026-08-14T19:18:00+00:00,0.0,14.6,8.07,26.8,21,86
2026-08-14T19:19:00+00:00,0.0,15.0,8.07,26.8,21,86
2026-08-14T19:20:00+00:00,0.0,15.5,8.07,26.8,22,86
2026-08-14T19:21:00+00:00,0.0,16.1,8.07,26.8,22,86
2026-08-14T19:22:00+00:00,0.0,16.8,8.07,26.8,22,85
2026-08-14T19:23:00+00:00,0.0,17.4,8.07,26.8,23,85
2026-08-14T19:24:00+00:00,0.0,18.1,8.07,26.7,23,85
2026-08-14T19:25:00+00:00,0.0,18.7,8.07,26.7,23,85
2026-08-14T19:26:00+00:00,0.0,19.2,8.07,26.7,23,85
2026-08-14T19:27:00+00:00,0.0,19.6,8.07,26.7,24,85
2026-08-14T19:28:00+00:00,0.0,19.9,8.07,26.7,24,85
2026-08-14T19:29:00+00:00,0.0,20.1,8.07,26.7,24,85
2026-08-14T19:30:00+00:00,0.0,20.2,8.07,26.6,24,85
2026-08-14T19:31:00+00:00,0.0,20.2,8.07,26.6,24,85
2026-08-14T19:32:00+00:00,0.0,20.1,8.07,26.6,24,85
2026-08-14T19:33:00+00:00,0.0,20.0,8.07,26.6,24,84
2026-08-14T19:34:00+00:00,0.0,19.9,8.07,26.6,24,84
2026-08-14T19:35:00+00:00,0.0,19.7,8.07,26.7,24,84
2026-08-14T19:36:00+00:00,0.0,19.5,8.07,26.7,24,84
2026-08-14T19:37:00+00:00,0.0,19.3,8.07,26.7,24,84
2026-08-14T19:38:00+00:00,0.0,19.0,8.07,26.7,23,84
2026-08-14T19:39:00+00:00,0.0,18.8,8.07,26.8,23,84
2026-08-14T19:40:00+00:00,0.0,18.6,8.07,26.8,23,84
2026-08-14T19:41:00+00:00,0.0,18.5,8.07,26.8,23,84
2026-08-14T19:42:00+00:00,0.0,18.3,8.07,26.8,22,84
2026-08-14T19:43:00+00:00,0.0,18.2,8.07,26.8,22,84
2026-08-14T19:44:00+00:00,0.0,18.1,8.07,26.8,22,83
2026-08-14T19:45:00+00:00,0.0,18.1,8.07,26.8,23,83
2026-08-14T19:46:00+00:00,0.0,18.2,8.07,26.8,23,83
2026-08-14T19:47:00+00:00,0.0,18.3,8.07,26.7,23,83
2026-08-14T19:48:00+00:00,0.0,18.5,8.07,26.7,23,83
2026-08-14T19:49:00+00:00,0.0,18.9,8.07,26.7,24,83
2026-08-14T19:50:00+00:00,0.0,19.3,8.07,26.6,24,83
2026-08-14T19:51:00+00:00,0.0,19.7,8.07,26.6,24,83
2026-08-14T19:52:00+00:00,0.0,20.2,8.07,26.6,25,83
2026-08-14T19:53:00+00:00,0.0,20.7,8.07,26.5,25,83
2026-08-14T19:54:00+00:00,0.0,21.1,8.07,26.5,26,83
2026-08-14T19:55:00+00:00,0.0,21.6,8.07,26.4,26,83
2026-08-14T19:56:00+00:00,0.0,22.0,8.07,26.4,27,82
2026-08-14T19:57:00+00:00,0.0,22.3,8.07,26.4,27,82
2026-08-14T19:58:00+00:00,0.0,22.5,8.07,26.3,28,82
2026-08-14T19:59:00+00:00,0.0,22.7,8.07,26.3,28,82
2026-08-14T20:00:00+00:00,0.0,22.7,8.07,26.3,28,82
2026-08-14T20:01:00+00:00,0.0,22.7,8.07,26.2,28,82
2026-08-14T20:02:00+00:00,0.0,22.7,8.07,26.2,29,82
2026-08-14T20:03:00+00:00,0.0,22.6,8.07,26.2,29,82
2026-08-14T20:04:00+00:00,0.0,22.5,8.07,26.1,29,82
2026-08-14T20:05:00+00:00,0.0,22.3,8.07,26.0,30,82
2026-08-14T20:06:00+00:00,0.0,22.2,8.07,26.0,30,82
2026-08-14T20:07:00+00:00,0.0,22.0,8.07,25.9,31,81
2026-08-14T20:08:00+00:00,0.8,26.6,8.07,25.8,33,81
2026-08-14T20:09:00+00:00,1.7,31.3,8.07,25.7,36,81
2026-08-14T20:10:00+00:00,2.6,36.1,8.07,25.7,38,81
2026-08-14T20:11:00+00:00,3.4,40.7,8.07,25.6,41,81
2026-08-14T20:12:00+00:00,4.2,45.4,8.07,25.6,44,81
2026-08-14T20:13:00+00:00,5.1,50.0,8.07,25.5,46,81
2026-08-14T20:14:00+00:00,5.9,54.6,8.08,25.5,49,81
2026-08-14T20:15:00+00:00,6.7,55.2,8.1,25.4,49,81
2026-08-14T20:16:00+00:00,7.5,55.1,8.12,25.4,50,81
2026-08-14T20:17:00+00:00,8.2,55.0,8.13,25.4,50,80
2026-08-14T20:18:00+00:00,9.0,54.7,8.15,25.4,50,80
2026-08-14T20:19:00+00:00,9.7,54.3,8.17,25.4,50,80
2026-08-14T20:20:00+00:00,10.4,53.8,8.18,25.4,50,80
2026-08-14T20:21:00+00:00,11.1,53.3,8.2,25.4,49,80
2026-08-14T20:22:00+00:00,11.7,52.7,8.22,25.4,49,80
2026-08-14T20:23:00+00:00,12.3,52.1,8.23,25.4,49,80
2026-08-14T20:24:00+00:00,12.9,51.5,8.25,25.4,48,80
2026-08-14T20:25:00+00:00,13.4,51.0,8.27,25.4,48,80
2026-08-14T20:26:00+00:00,13.9,50.5,8.28,25.4,48,79
2026-08-14T20:27:00+00:00,14.4,50.1,8.3,25.4,48,79
2026-08-14T20:28:00+00:00,14.8,49.9,8.3,25.4,48,79
2026-08-14T20:29:00+00:00,15.2,49.7,8.3,25.4,48,79
2026-08-14T20:30:00+00:00,15.6,49.6,8.3,25.4,48,79
2026-08-14T20:31:00+00:00,15.9,49.7,8.3,25.3,48,79
2026-08-14T20:32:00+00:00,16.2,49.8,8.3,25.3,49,79
2026-08-14T20:33:00+00:00,16.4,50.0,8.3,25.3,49,79
2026-08-14T20:34:00+00:00,16.6,50.2,8.32,25.3,49,78
2026-08-14T20:35:00+00:00,16.8,50.5,8.33,25.4,49,78
2026-08-14T20:36:00+00:00,16.9,50.8,8.35,25.4,49,78
2026-08-14T20:37:00+00:00,16.9,51.2,8.37,25.4,48,78
2026-08-14T20:38:00+00:00,16.9,51.6,8.38,25.5,48,78
2026-08-14T20:39:00+00:00,16.9,52.0,8.4,25.5,48,78
2026-08-14T20:40:00+00:00,16.8,52.3,8.42,25.5,48,78
2026-08-14T20:41:00+00:00,16.7,52.6,8.43,25.5,48,78
2026-08-14T20:42:00+00:00,16.6,52.8,8.45,25.5,48,77
2026-08-14T20:43:00+00:00,16.4,53.0,8.47,25.5,48,77
2026-08-14T20:44:00+00:00,16.1,53.1,8.48,25.5,48,77
2026-08-14T20:45:00+00:00,15.8,53.2,8.5,25.5,49,77
2026-08-14T20:46:00+00:00,15.5,53.1,8.52,25.5,49,77
2026-08-14T20:47:00+00:00,15.1,52.9,8.53,25.4,50,77
2026-08-14T20:48:00+00:00,14.7,52.6,8.55,25.4,50,77
2026-08-14T20:49:00+00:00,14.3,52.2,8.57,25.3,51,77
2026-08-14T20:50:00+00:00,13.8,51.7,8.58,25.2,52,76
2026-08-14T20:51:00+00:00,13.3,51.1,8.6,25.1,52,76
2026-08-14T20:52:00+00:00,12.7,50.5,8.62,25.0,53,76
2026-08-14T20:53:00+00:00,12.2,49.9,8.62,24.9,54,76
2026-08-14T20:54:00+00:00,11.5,49.3,8.62,24.9,54,76
2026-08-14T20:55:00+00:00,10.9,48.7,8.62,24.8,55,76
2026-08-14T20:56:00+00:00,10.2,48.2,8.62,24.7,56,76
2026-08-14T20:57:00+00:00,9.5,47.8,8.62,24.6,56,76
2026-08-14T20:58:00+00:00,8.8,47.5,8.62,24.5,57,75
2026-08-14T20:59:00+00:00,8.0,47.3,8.62,24.5,57,75
2026-08-14T21:00:00+00:00,7.3,47.2,8.62,24.5,57,75
2026-08-14T21:01:00+00:00,6.5,47.3,8.62,24.4,58,75
2026-08-14T21:02:00+00:00,5.7,45.7,8.62,24.4,57,75
2026-08-14T21:03:00+00:00,4.9,41.3,8.62,24.4,55,75
2026-08-14T21:04:00+00:00,4.0,37.1,8.62,24.4,52,75
2026-08-14T21:05:00+00:00,3.2,32.8,8.62,24.4,50,74
2026-08-14T21:06:00+00:00,2.3,28.6,8.62,24.4,47,74
2026-08-14T21:07:00+00:00,1.5,24.4,8.62,24.5,45,74
2026-08-14T21:08:00+00:00,0.6,20.1,8.62,24.5,42,74
2026-08-14T21:09:00+00:00,0.0,17.3,8.62,24.5,41,74
2026-08-14T21:10:00+00:00,0.0,17.9,8.62,24.5,41,74
2026-08-14T21:11:00+00:00,0.0,18.4,8.62,24.5,41,74
2026-08-14T21:12:00+00:00,0.0,18.8,8.62,24.5,41,73
2026-08-14T21:13:00+00:00,0.0,19.1,8.62,24.5,41,73
2026-08-14T21:14:00+00:00,0.0,19.3,8.62,24.5,42,73
2026-08-14T21:15:00+00:00,0.0,19.4,8.62,24.5,42,73
2026-08-14T21:16:00+00:00,0.0,19.3,8.62,24.4,42,73
2026-08-14T21:17:00+00:00,0.0,19.1,8.62,24.4,42,73
2026-08-14T21:18:00+00:00,0.0,18.8,8.62,24.4,42,73
2026-08-14T21:19:00+00:00,0.0,18.4,8.62,24.4,42,72
2026-08-14T21:20:00+00:00,0.0,17.9,8.62,24.4,42,72
2026-08-14T21:21:00+00:00,0.0,17.3,8.62,24.3,42,72
2026-08-14T21:22:00+00:00,0.0,16.7,8.62,24.3,42,72
2026-08-14T21:23:00+00:00,0.0,16.1,8.62,24.3,41,72
2026-08-14T21:24:00+00:00,0.0,15.5,8.62,24.3,41,72
2026-08-14T21:25:00+00:00,0.0,14.9,8.62,24.3,41,72
2026-08-14T21:26:00+00:00,0.0,14.4,8.62,24.2,41,72
2026-08-14T21:27:00+00:00,0.0,14.0,8.62,24.2,41,71
2026-08-14T21:28:00+00:00,0.0,13.7,8.62,24.2,41,71
2026-08-14T21:29:00+00:00,0.0,13.5,8.62,24.2,41,71
2026-08-14T21:30:00+00:00,0.0,13.5,8.62,24.1,41,71
2026-08-14T21:31:00+00:00,0.0,13.5,8.62,24.1,41,71
2026-08-14T21:32:00+00:00,0.0,13.7,8.62,24.1,42,71
2026-08-14T21:33:00+00:00,0.0,14.0,8.62,24.0,42,71
2026-08-14T21:34:00+00:00,0.0,14.5,8.62,24.0,42,70
2026-08-14T21:35:00+00:00,0.0,15.0,8.62,24.0,43,70
2026-08-14T21:36:00+00:00,0.0,15.6,8.62,24.0,43,70
2026-08-14T21:37:00+00:00,0.0,16.2,8.62,24.0,44,70
2026-08-14T21:38:00+00:00,0.0,16.9,8.62,24.0,44,70
2026-08-14T21:39:00+00:00,0.0,17.5,8.62,23.9,44,70
2026-08-14T21:40:00+00:00,0.0,18.1,8.62,23.9,44,70
2026-08-14T21:41:00+00:00,0.0,18.6,8.62,23.9,44,70
2026-08-14T21:42:00+00:00,0.0,19.1,8.62,23.9,45,69
2026-08-14T21:43:00+00:00,0.0,19.4,8.62,23.9,45,69
2026-08-14T21:44:00+00:00,0.0,19.6,8.62,23.8,45,69
2026-08-14T21:45:00+00:00,0.0,19.7,8.62,23.8,44,69
2026-08-14T21:46:00+00:00,0.0,19.6,8.62,23.8,44,69
2026-08-14T21:47:00+00:00,0.0,19.5,8.62,23.7,44,69
2026-08-14T21:48:00+00:00,0.0,19.4,8.62,23.7,43,69
2026-08-14T21:49:00+00:00,0.0,19.1,8.62,23.6,43,68
2026-08-14T21:50:00+00:00,0.0,18.9,8.62,23.6,42,68
2026-08-14T21:51:00+00:00,0.0,18.6,8.62,23.5,41,68
2026-08-14T21:52:00+00:00,0.0,18.2,8.62,23.4,41,68
2026-08-14T21:53:00+00:00,0.0,17.9,8.62,23.4,40,68
2026-08-14T21:54:00+00:00,0.0,17.6,8.62,23.3,39,68
2026-08-14T21:55:00+00:00,0.0,17.3,8.62,23.3,39,68
2026-08-14T21:56:00+00:00,0.0,17.0,8.62,23.2,38,68
2026-08-14T21:57:00+00:00,0.0,16.8,8.62,23.1,38,67
2026-08-14T21:58:00+00:00,0.0,16.6,8.62,23.1,37,67
2026-08-14T21:59:00+00:00,0.0,16.5,8.62,23.1,37,67
2026-08-14T22:00:00+00:00,0.0,16.5,8.62,23.0,37,67
2026-08-14T22:01:00+00:00,0.0,16.5,8.62,23.0,36,67
2026-08-14T22:02:00+00:00,0.0,16.6,8.62,22.9,36,67
2026-08-14T22:03:00+00:00,0.0,16.7,8.62,22.9,36,67
2026-08-14T22:04:00+00:00,0.0,16.9,8.62,22.8,35,67
2026-08-14T22:05:00+00:00,0.0,17.1,8.62,22.7,35,66
2026-08-14T22:06:00+00:00,0.0,17.4,8.62,22.6,34,66
2026-08-14T22:07:00+00:00,0.0,17.6,8.62,22.6,34,66
2026-08-14T22:08:00+00:00,0.0,17.9,8.62,22.5,33,66
2026-08-14T22:09:00+00:00,0.0,18.1,8.62,22.4,33,66
2026-08-14T22:10:00+00:00,0.0,18.4,8.62,22.3,32,66
2026-08-14T22:11:00+00:00,0.0,18.6,8.62,22.2,32,66
2026-08-14T22:12:00+00:00,0.0,18.8,8.62,22.1,31,66
2026-08-14T22:13:00+00:00,0.0,18.9,8.62,22.1,31,65
2026-08-14T22:14:00+00:00,0.0,19.0,8.62,22.0,30,65
2026-08-14T22:15:00+00:00,0.0,19.0,8.62,22.0,30,65
2026-08-14T22:16:00+00:00,0.0,19.0,8.62,22.0,30,65
2026-08-14T22:17:00+00:00,0.0,19.1,8.62,21.9,29,65
2026-08-14T22:18:00+00:00,0.0,19.1,8.62,21.9,29,65
2026-08-14T22:19:00+00:00,0.0,19.2,8.62,21.8,29,65
2026-08-14T22:20:00+00:00,0.0,19.3,8.62,21.8,29,65
2026-08-14T22:21:00+00:00,0.0,19.4,8.62,21.8,28,64
2026-08-14T22:22:00+00:00,0.0,19.5,8.62,21.7,28,64
2026-08-14T22:23:00+00:00,0.0,19.6,8.62,21.7,28,64
2026-08-14T22:24:00+00:00,0.0,19.7,8.62,21.6,28,64
2026-08-14T22:25:00+00:00,0.0,19.8,8.62,21.6,27,64
2026-08-14T22:26:00+00:00,0.0,19.9,8.62,21.6,27,64
2026-08-14T22:27:00+00:00,0.0,20.0,8.62,21.5,27,64
2026-08-14T22:28:00+00:00,0.0,20.1,8.62,21.5,27,64
2026-08-14T22:29:00+00:00,0.0,20.1,8.62,21.5,26,63
2026-08-14T22:30:00+00:00,0.0,20.1,8.62,21.4,26,63
2026-08-14T22:31:00+00:00,0.0,20.1,8.62,21.4,26,63
2026-08-14T22:32:00+00:00,0.0,20.1,8.62,21.4,26,63
2026-08-14T22:33:00+00:00,0.0,20.0,8.62,21.4,26,63
2026-08-14T22:34:00+00:00,0.0,20.0,8.62,21.4,26,63
2026-08-14T22:35:00+00:00,0.0,19.9,8.62,21.4,26,63
2026-08-14T22:36:00+00:00,0.0,19.8,8.62,21.5,26,63
2026-08-14T22:37:00+00:00,0.0,19.7,8.62,21.5,27,62
2026-08-14T22:38:00+00:00,0.0,19.7,8.62,21.6,27,62
2026-08-14T22:39:00+00:00,0.0,19.6,8.62,21.6,27,62
2026-08-14T22:40:00+00:00,0.0,19.5,8.62,21.6,27,62
2026-08-14T22:41:00+00:00,0.0,19.4,8.62,21.7,28,62
2026-08-14T22:42:00+00:00,0.0,19.4,8.62,21.7,28,62
2026-08-14T22:43:00+00:00,0.0,19.3,8.62,21.7,28,62
2026-08-14T22:44:00+00:00,0.0,19.3,8.62,21.7,28,61
2026-08-14T22:45:00+00:00,0.0,19.3,8.62,21.6,28,61
2026-08-14T22:46:00+00:00,0.0,19.3,8.62,21.6,27,61
2026-08-14T22:47:00+00:00,0.0,19.4,8.62,21.6,27,61
2026-08-14T22:48:00+00:00,0.0,19.6,8.62,21.6,27,61
2026-08-14T22:49:00+00:00,0.0,19.8,8.62,21.6,27,61
2026-08-14T22:50:00+00:00,0.0,20.0,8.62,21.6,27,61
2026-08-14T22:51:00+00:00,0.0,20.3,8.62,21.6,28,61
2026-08-14T22:52:00+00:00,0.0,20.5,8.62,21.6,28,60
2026-08-14T22:53:00+00:00,0.0,20.8,8.62,21.7,28,60
2026-08-14T22:54:00+00:00,0.0,21.1,8.62,21.7,28,60
2026-08-14T22:55:00+00:00,0.0,21.4,8.62,21.7,29,60
2026-08-14T22:56:00+00:00,0.0,21.6,8.62,21.7,29,60
2026-08-14T22:57:00+00:00,0.0,21.8,8.62,21.7,29,60
2026-08-14T22:58:00+00:00,0.0,22.0,8.62,21.7,29,60
2026-08-14T22:59:00+00:00,0.0,22.1,8.62,21.7,29,59
2026-08-14T23:00:00+00:00,0.0,22.1,8.62,21.6,29,59
2026-08-14T23:01:00+00:00,0.0,22.0,8.62,21.6,28,59
2026-08-14T23:02:00+00:00,0.0,21.8,8.62,21.5,27,59
2026-08-14T23:03:00+00:00,0.0,21.4,8.62,21.4,26,59
2026-08-14T23:04:00+00:00,0.0,20.8,8.62,21.3,25,59
2026-08-14T23:05:00+00:00,0.0,20.2,8.62,21.1,24,59
2026-08-14T23:06:00+00:00,0.0,19.4,8.62,21.0,22,59
2026-08-14T23:07:00+00:00,0.0,18.6,8.62,20.8,21,58
2026-08-14T23:08:00+00:00,0.0,17.8,8.62,20.6,19,58
2026-08-14T23:09:00+00:00,0.0,17.0,8.62,20.4,18,58
2026-08-14T23:10:00+00:00,0.0,16.3,8.62,20.3,16,58
2026-08-14T23:11:00+00:00,0.0,15.6,8.62,20.1,15,58
2026-08-14T23:12:00+00:00,0.0,15.1,8.62,20.0,14,58
2026-08-14T23:13:00+00:00,0.0,14.7,8.62,19.9,13,58
2026-08-14T23:14:00+00:00,0.0,14.4,8.62,19.9,13,58
2026-08-14T23:15:00+00:00,0.0,14.3,8.62,19.9,13,58
2026-08-14T23:16:00+00:00,0.0,14.4,8.62,19.9,13,58
2026-08-14T23:17:00+00:00,0.0,14.5,8.62,19.9,13,58
2026-08-14T23:18:00+00:00,0.0,14.8,8.62,19.9,13,58
2026-08-14T23:19:00+00:00,0.0,15.1,8.62,19.9,13,58
2026-08-14T23:20:00+00:00,0.0,15.5,8.62,19.9,13,58
2026-08-14T23:21:00+00:00,0.0,15.9,8.62,19.9,13,58
2026-08-14T23:22:00+00:00,0.0,16.3,8.62,19.9,14,58
2026-08-14T23:23:00+00:00,0.0,16.8,8.62,19.9,14,58
2026-08-14T23:24:00+00:00,0.0,17.3,8.62,19.9,14,58
2026-08-14T23:25:00+00:00,0.0,17.7,8.62,19.9,14,58
2026-08-14T23:26:00+00:00,0.0,18.1,8.62,19.9,14,58
2026-08-14T23:27:00+00:00,0.0,18.4,8.62,19.9,14,58
2026-08-14T23:28:00+00:00,0.0,18.7,8.62,19.9,14,58
2026-08-14T23:29:00+00:00,0.0,18.8,8.62,19.9,14,58
2026-08-14T23:30:00+00:00,0.0,18.8,8.62,19.9,14,58
2026-08-14T23:31:00+00:00,0.0,18.9,8.62,19.9,14,58
2026-08-14T23:32:00+00:00,0.0,19.0,8.62,19.9,14,58
2026-08-14T23:33:00+00:00,0.0,19.2,8.62,20.0,14,58
2026-08-14T23:34:00+00:00,0.0,19.4,8.62,20.0,15,58
2026-08-14T23:35:00+00:00,0.0,19.6,8.62,20.0,15,58
2026-08-14T23:36:00+00:00,0.0,20.0,8.62,20.0,15,58
2026-08-14T23:37:00+00:00,0.0,20.3,8.62,20.0,15,58
2026-08-14T23:38:00+00:00,0.0,20.6,8.62,20.1,16,58
2026-08-14T23:39:00+00:00,0.0,20.9,8.62,20.1,16,58
2026-08-14T23:40:00+00:00,0.0,21.2,8.62,20.1,16,58
2026-08-14T23:41:00+00:00,0.0,21.5,8.62,20.1,16,58
2026-08-14T23:42:00+00:00,0.0,21.7,8.62,20.1,16,58
2026-08-14T23:43:00+00:00,0.0,21.9,8.62,20.2,17,58
2026-08-14T23:44:00+00:00,0.0,22.0,8.62,20.2,17,58
2026-08-14T23:45:00+00:00,0.0,22.0,8.62,20.2,17,58
2026-08-14T23:46:00+00:00,0.0,22.0,8.62,20.2,17,58
2026-08-14T23:47:00+00:00,0.0,22.0,8.62,20.2,17,58
2026-08-14T23:48:00+00:00,0.0,22.0,8.62,20.2,17,58
2026-08-14T23:49:00+00:00,0.0,22.0,8.62,20.3,18,58
2026-08-14T23:50:00+00:00,0.0,22.0,8.62,20.4,18,58
2026-08-14T23:51:00+00:00,0.0,22.0,8.62,20.4,19,58
2026-08-14T23:52:00+00:00,0.0,22.0,8.62,20.5,19,58
2026-08-14T23:53:00+00:00,0.0,22.0,8.62,20.6,20,58
2026-08-14T23:54:00+00:00,0.0,21.9,8.62,20.7,21,58
2026-08-14T23:55:00+00:00,0.0,21.9,8.62,20.7,21,58
2026-08-14T23:56:00+00:00,0.0,21.9,8.62,20.8,22,58
2026-08-14T23:57:00+00:00,0.0,21.9,8.62,20.9,22,58
2026-08-14T23:58:00+00:00,0.0,21.9,8.62,20.9,22,58
2026-08-14T23:59:00+00:00,0.0,21.9,8.62,20.9,23,58
2026-08-15T00:00:00+00:00,0.0,21.9,8.62,20.9,23,58
2026-08-15T00:01:00+00:00,0.0,21.9,8.62,20.9,23,58
2026-08-15T00:02:00+00:00,0.0,21.8,8.62,20.9,23,58
2026-08-15T00:03:00+00:00,0.0,21.8,8.62,20.9,23,58
2026-08-15T00:04:00+00:00,0.0,21.7,8.62,20.9,23,58
2026-08-15T00:05:00+00:00,0.0,21.7,8.62,20.9,23,58
2026-08-15T00:06:00+00:00,0.0,21.6,8.62,20.9,23,58
2026-08-15T00:07:00+00:00,0.0,21.5,8.62,21.0,23,58
2026-08-15T00:08:00+00:00,0.0,21.4,8.62,21.0,23,58
2026-08-15T00:09:00+00:00,0.0,21.3,8.62,21.0,23,58
2026-08-15T00:10:00+00:00,0.0,21.2,8.62,21.0,23,58
2026-08-15T00:11:00+00:00,0.0,21.2,8.62,21.0,23,58
2026-08-15T00:12:00+00:00,0.0,21.1,8.62,21.0,23,58
2026-08-15T00:13:00+00:00,0.0,21.1,8.62,21.0,23,58
2026-08-15T00:14:00+00:00,0.0,21.0,8.62,21.0,23,58
2026-08-15T00:15:00+00:00,0.0,21.0,8.62,21.0,23,58
2026-08-15T00:16:00+00:00,0.0,21.0,8.62,21.0,23,58
2026-08-15T00:17:00+00:00,0.0,20.9,8.62,21.0,23,58
2026-08-15T00:18:00+00:00,0.0,20.8,8.62,21.0,23,58
2026-08-15T00:19:00+00:00,0.0,20.6,8.62,20.9,23,58
2026-08-15T00:20:00+00:00,0.0,20.4,8.62,20.9,22,58
2026-08-15T00:21:00+00:00,0.0,20.2,8.62,20.9,22,58
2026-08-15T00:22:00+00:00,0.0,20.0,8.62,20.9,22,58
2026-08-15T00:23:00+00:00,0.0,19.7,8.62,20.8,21,58
2026-08-15T00:24:00+00:00,0.0,19.5,8.62,20.8,21,58
2026-08-15T00:25:00+00:00,0.0,19.3,8.62,20.8,21,58
2026-08-15T00:26:00+00:00,0.0,19.1,8.62,20.8,21,58
2026-08-15T00:27:00+00:00,0.0,18.9,8.62,20.8,21,58
2026-08-15T00:28:00+00:00,0.0,18.8,8.62,20.7,20,58
2026-08-15T00:29:00+00:00,0.0,18.7,8.62,20.7,20,58
2026-08-15T00:30:00+00:00,0.0,18.7,8.62,20.7,20,58
2026-08-15T00:31:00+00:00,0.0,19.3,8.62,20.7,20,58
2026-08-15T00:32:00+00:00,0.0,19.9,8.62,20.7,20,58
2026-08-15T00:33:00+00:00,0.0,20.5,8.62,20.7,20,58
2026-08-15T00:34:00+00:00,0.0,21.1,8.62,20.6,20,59
2026-08-15T00:35:00+00:00,0.0,21.6,8.62,20.6,20,59
2026-08-15T00:36:00+00:00,0.0,22.1,8.62,20.5,20,59
2026-08-15T00:37:00+00:00,0.0,22.7,8.62,20.5,19,59
2026-08-15T00:38:00+00:00,0.0,23.2,8.62,20.4,19,59
2026-08-15T00:39:00+00:00,0.0,23.7,8.62,20.3,18,59
2026-08-15T00:40:00+00:00,0.0,24.2,8.62,20.3,18,59
2026-08-15T00:41:00+00:00,0.0,24.8,8.62,20.2,18,59
2026-08-15T00:42:00+00:00,0.0,25.3,8.62,20.2,18,59
2026-08-15T00:43:00+00:00,0.0,25.9,8.62,20.2,18,59
2026-08-15T00:44:00+00:00,0.0,26.5,8.62,20.1,17,59
2026-08-15T00:45:00+00:00,0.0,27.2,8.62,20.1,18,59
2026-08-15T00:46:00+00:00,0.0,27.8,8.62,20.1,18,59
2026-08-15T00:47:00+00:00,0.0,28.5,8.62,20.2,18,59
2026-08-15T00:48:00+00:00,0.0,29.2,8.62,20.3,19,59
2026-08-15T00:49:00+00:00,0.0,30.0,8.62,20.3,20,59
2026-08-15T00:50:00+00:00,0.0,30.8,8.62,20.5,21,59
2026-08-15T00:51:00+00:00,0.0,31.5,8.62,20.6,22,60
2026-08-15T00:52:00+00:00,0.0,32.3,8.62,20.7,24,60
2026-08-15T00:53:00+00:00,0.0,33.1,8.62,20.8,25,60
2026-08-15T00:54:00+00:00,0.0,33.9,8.62,21.0,27,60
2026-08-15T00:55:00+00:00,0.0,34.7,8.62,21.1,28,60
2026-08-15T00:56:00+00:00,0.0,35.5,8.62,21.2,29,60
2026-08-15T00:57:00+00:00,0.0,36.3,8.62,21.3,30,60
2026-08-15T00:58:00+00:00,0.0,37.0,8.62,21.3,31,60
2026-08-15T00:59:00+00:00,0.0,37.7,8.62,21.4,32,60
2026-08-15T01:00:00+00:00,0.0,38.3,8.62,21.4,32,60
2026-08-15T01:01:00+00:00,0.0,38.9,8.62,21.4,32,60
2026-08-15T01:02:00+00:00,0.0,39.4,8.62,21.4,32,60
2026-08-15T01:03:00+00:00,0.0,39.7,8.62,21.3,32,60
2026-08-15T01:04:00+00:00,0.0,40.0,8.62,21.3,31,60
2026-08-15T01:05:00+00:00,0.0,40.1,8.62,21.2,31,60
2026-08-15T01:06:00+00:00,0.0,40.2,8.62,21.1,30,61
2026-08-15T01:07:00+00:00,0.0,40.3,8.62,21.1,29,61
2026-08-15T01:08:00+00:00,0.0,40.3,8.62,21.0,29,61
2026-08-15T01:09:00+00:00,0.0,40.4,8.62,20.9,28,61
2026-08-15T01:10:00+00:00,0.0,40.5,8.62,20.8,27,61
2026-08-15T01:11:00+00:00,0.0,40.6,8.62,20.8,27,61
2026-08-15T01:12:00+00:00,0.0,40.9,8.62,20.7,26,61
2026-08-15T01:13:00+00:00,0.0,41.2,8.62,20.7,26,61
2026-08-15T01:14:00+00:00,0.0,41.7,8.62,20.7,26,61
2026-08-15T01:15:00+00:00,0.0,42.2,8.62,20.6,26,61
2026-08-15T01:16:00+00:00,0.0,42.9,8.62,20.7,26,61
2026-08-15T01:17:00+00:00,0.0,43.6,8.62,20.7,26,61
2026-08-15T01:18:00+00:00,0.0,44.2,8.62,20.7,27,61
2026-08-15T01:19:00+00:00,0.0,44.9,8.62,20.7,27,61
2026-08-15T01:20:00+00:00,0.0,45.6,8.62,20.7,28,61
2026-08-15T01:21:00+00:00,0.0,46.2,8.62,20.8,28,61
2026-08-15T01:22:00+00:00,0.0,46.9,8.62,20.8,29,62
2026-08-15T01:23:00+00:00,0.0,47.6,8.62,20.9,30,62
2026-08-15T01:24:00+00:00,0.0,48.3,8.62,20.9,30,62
2026-08-15T01:25:00+00:00,0.0,49.0,8.62,20.9,31,62
2026-08-15T01:26:00+00:00,0.0,49.7,8.62,21.0,31,62
2026-08-15T01:27:00+00:00,0.0,50.3,8.63,21.0,32,62
2026-08-15T01:28:00+00:00,0.0,51.0,8.65,21.0,32,62
2026-08-15T01:29:00+00:00,0.0,51.6,8.67,21.0,33,62
2026-08-15T01:30:00+00:00,0.0,52.3,8.68,21.0,33,62
2026-08-15T01:31:00+00:00,0.0,53.0,8.7,21.0,33,62
2026-08-15T01:32:00+00:00,0.0,53.8,8.72,21.0,33,62
2026-08-15T01:33:00+00:00,0.0,54.8,8.73,20.9,33,62
2026-08-15T01:34:00+00:00,0.0,55.8,8.75,20.8,32,62
2026-08-15T01:35:00+00:00,0.0,57.0,8.77,20.8,31,62
2026-08-15T01:36:00+00:00,0.0,58.2,8.78,20.6,30,62
2026-08-15T01:37:00+00:00,0.0,59.4,8.8,20.5,29,62
2026-08-15T01:38:00+00:00,0.0,60.7,8.82,20.4,28,62
2026-08-15T01:39:00+00:00,0.0,61.9,8.83,20.3,27,62
2026-08-15T01:40:00+00:00,0.0,63.1,8.85,20.2,26,62
2026-08-15T01:41:00+00:00,0.0,64.3,8.87,20.1,25,62
2026-08-15T01:42:00+00:00,0.0,65.3,8.88,20.0,25,62
2026-08-15T01:43:00+00:00,0.0,66.3,8.9,20.0,24,62
2026-08-15T01:44:00+00:00,0.0,67.1,8.92,19.9,24,62
2026-08-15T01:45:00+00:00,0.0,67.8,8.93,19.9,24,62
2026-08-15T01:46:00+00:00,0.0,68.4,8.95,19.9,24,63
2026-08-15T01:47:00+00:00,0.0,69.0,8.97,19.9,24,63
2026-08-15T01:48:00+00:00,0.0,69.5,8.98,19.9,25,63
2026-08-15T01:49:00+00:00,0.0,69.9,9.0,20.0,25,63
2026-08-15T01:50:00+00:00,0.0,70.3,9.02,20.0,25,63
2026-08-15T01:51:00+00:00,0.0,70.7,9.03,20.0,26,63
2026-08-15T01:52:00+00:00,0.0,71.1,9.05,20.0,26,63
2026-08-15T01:53:00+00:00,0.0,71.4,9.07,20.1,27,63
2026-08-15T01:54:00+00:00,0.0,71.8,9.08,20.1,27,63
2026-08-15T01:55:00+00:00,0.0,72.2,9.1,20.1,28,63
2026-08-15T01:56:00+00:00,0.0,72.6,9.12,20.2,28,63
2026-08-15T01:57:00+00:00,0.0,73.0,9.13,20.2,29,63
2026-08-15T01:58:00+00:00,0.0,73.5,9.15,20.2,29,63
2026-08-15T01:59:00+00:00,0.0,74.1,9.17,20.2,29,63
2026-08-15T02:00:00+00:00,0.0,74.7,9.18,20.2,30,63
2026-08-15T02:01:00+00:00,0.0,74.7,9.2,20.2,30,63
2026-08-15T02:02:00+00:00,0.0,74.6,9.22,20.2,30,63
2026-08-15T02:03:00+00:00,0.0,74.6,9.23,20.2,30,63
2026-08-15T02:04:00+00:00,0.0,74.5,9.25,20.2,30,63
2026-08-15T02:05:00+00:00,0.0,74.4,9.27,20.2,30,63
2026-08-15T02:06:00+00:00,0.0,74.2,9.28,20.3,30,63
2026-08-15T02:07:00+00:00,0.0,74.1,9.3,20.3,30,63
2026-08-15T02:08:00+00:00,0.0,74.0,9.32,20.3,30,63
2026-08-15T02:09:00+00:00,0.0,73.8,9.33,20.3,31,63
2026-08-15T02:10:00+00:00,0.0,73.7,9.35,20.3,31,63
2026-08-15T02:11:00+00:00,0.0,73.6,9.37,20.3,31,63
2026-08-15T02:12:00+00:00,0.0,73.5,9.38,20.3,31,63
2026-08-15T02:13:00+00:00,0.0,73.5,9.4,20.3,31,63
2026-08-15T02:14:00+00:00,0.0,73.4,9.42,20.3,31,63
2026-08-15T02:15:00+00:00,0.0,73.4,9.43,20.3,31,63
2026-08-15T02:16:00+00:00,0.0,73.4,9.45,20.3,31,63
2026-08-15T02:17:00+00:00,0.0,73.5,9.47,20.3,31,63
2026-08-15T02:18:00+00:00,0.0,73.7,9.48,20.3,31,63
2026-08-15T02:19:00+00:00,0.0,73.9,9.5,20.3,31,63
2026-08-15T02:20:00+00:00,0.0,74.2,9.52,20.3,31,63
2026-08-15T02:21:00+00:00,0.0,74.5,9.53,20.3,31,63
2026-08-15T02:22:00+00:00,0.0,74.9,9.55,20.3,31,63
2026-08-15T02:23:00+00:00,0.0,75.2,9.57,20.3,31,63
2026-08-15T02:24:00+00:00,0.0,75.6,9.58,20.3,31,63
2026-08-15T02:25:00+00:00,0.0,75.9,9.6,20.2,31,63
2026-08-15T02:26:00+00:00,0.0,76.2,9.62,20.2,31,63
2026-08-15T02:27:00+00:00,0.0,76.4,9.63,20.2,31,63
2026-08-15T02:28:00+00:00,0.0,76.6,9.65,20.2,31,63
2026-08-15T02:29:00+00:00,0.0,76.7,9.67,20.2,31,62
2026-08-15T02:30:00+00:00,0.0,76.7,9.68,20.2,31,62
2026-08-15T02:31:00+00:00,0.0,76.6,9.7,20.2,31,62
2026-08-15T02:32:00+00:00,0.0,76.5,9.72,20.2,31,62
2026-08-15T02:33:00+00:00,0.0,76.2,9.73,20.3,32,62
2026-08-15T02:34:00+00:00,0.0,75.9,9.75,20.3,32,62
2026-08-15T02:35:00+00:00,0.0,75.5,9.77,20.4,33,62
2026-08-15T02:36:00+00:00,0.0,75.0,9.78,20.5,34,62
2026-08-15T02:37:00+00:00,0.0,74.5,9.8,20.6,35,62
2026-08-15T02:38:00+00:00,0.0,74.0,9.82,20.6,36,62
2026-08-15T02:39:00+00:00,0.0,73.5,9.83,20.7,37,62
2026-08-15T02:40:00+00:00,0.0,73.0,9.85,20.8,38,62
2026-08-15T02:41:00+00:00,0.0,72.6,9.87,20.9,39,62
2026-08-15T02:42:00+00:00,0.0,72.3,9.88,20.9,40,62
2026-08-15T02:43:00+00:00,0.0,72.0,9.9,20.9,40,62
2026-08-15T02:44:00+00:00,0.0,71.9,9.92,21.0,40,62
2026-08-15T02:45:00+00:00,0.0,71.8,9.93,21.0,41,62
2026-08-15T02:46:00+00:00,0.0,71.9,9.95,21.0,40,62
2026-08-15T02:47:00+00:00,0.0,71.9,9.97,20.9,40,62
2026-08-15T02:48:00+00:00,0.0,72.1,9.98,20.9,39,62
2026-08-15T02:49:00+00:00,0.0,72.2,10.0,20.8,38,62
2026-08-15T02:50:00+00:00,0.0,72.4,10.02,20.7,37,62
2026-08-15T02:51:00+00:00,0.0,72.6,10.03,20.6,36,62
2026-08-15T02:52:00+00:00,0.0,72.9,10.05,20.5,34,62
2026-08-15T02:53:00+00:00,0.0,73.1,10.07,20.4,33,62
2026-08-15T02:54:00+00:00,0.0,73.4,10.08,20.3,32,62
2026-08-15T02:55:00+00:00,0.0,73.6,10.1,20.2,30,62
2026-08-15T02:56:00+00:00,0.0,73.8,10.12,20.1,29,62
2026-08-15T02:57:00+00:00,0.0,74.0,10.13,20.0,28,62
2026-08-15T02:58:00+00:00,0.0,74.1,10.15,20.0,27,62
2026-08-15T02:59:00+00:00,0.0,74.2,10.17,19.9,27,62
2026-08-15T03:00:00+00:00,0.0,74.2,10.18,19.9,27,62
2026-08-15T03:01:00+00:00,0.0,74.2,10.2,19.9,27,62
2026-08-15T03:02:00+00:00,0.0,74.2,10.22,20.0,27,62
2026-08-15T03:03:00+00:00,0.0,74.3,10.23,20.0,28,62
2026-08-15T03:04:00+00:00,0.0,74.3,10.25,20.1,30,62
2026-08-15T03:05:00+00:00,0.0,74.4,10.27,20.2,31,62
2026-08-15T03:06:00+00:00,0.0,74.5,10.28,20.3,33,62
2026-08-15T03:07:00+00:00,0.0,74.6,10.3,20.5,35,62
2026-08-15T03:08:00+00:00,0.0,74.7,10.32,20.6,37,62
2026-08-15T03:09:00+00:00,0.0,74.8,10.33,20.7,39,62
2026-08-15T03:10:00+00:00,0.0,74.9,10.35,20.8,40,62
2026-08-15T03:11:00+00:00,0.0,75.0,10.37,20.9,42,62
2026-08-15T03:12:00+00:00,0.0,75.1,10.38,21.0,43,62
2026-08-15T03:13:00+00:00,0.0,75.1,10.4,21.1,44,62
2026-08-15T03:14:00+00:00,0.0,75.1,10.42,21.1,45,62
2026-08-15T03:15:00+00:00,0.0,75.1,10.43,21.1,45,62
2026-08-15T03:16:00+00:00,0.0,75.2,10.45,21.1,45,62
2026-08-15T03:17:00+00:00,0.0,75.4,10.47,21.1,45,62
2026-08-15T03:18:00+00:00,0.0,75.7,10.48,21.1,44,62
2026-08-15T03:19:00+00:00,0.0,76.1,10.5,21.0,44,62
2026-08-15T03:20:00+00:00,0.0,76.5,10.52,20.9,43,62
2026-08-15T03:21:00+00:00,0.0,77.1,10.53,20.9,42,62
2026-08-15T03:22:00+00:00,0.0,77.6,10.55,20.8,41,62
2026-08-15T03:23:00+00:00,0.0,78.2,10.57,20.7,40,62
2026-08-15T03:24:00+00:00,0.0,78.8,10.58,20.6,39,62
2026-08-15T03:25:00+00:00,0.0,79.3,10.6,20.5,38,62
2026-08-15T03:26:00+00:00,0.0,79.8,10.62,20.5,37,62
2026-08-15T03:27:00+00:00,0.0,80.2,10.63,20.4,36,62
2026-08-15T03:28:00+00:00,0.0,80.5,10.65,20.4,35,62
2026-08-15T03:29:00+00:00,0.0,80.7,10.67,20.3,35,62
2026-08-15T03:30:00+00:00,0.0,80.7,10.68,20.3,35,61
2026-08-15T03:31:00+00:00,0.0,80.7,10.7,20.3,35,61
2026-08-15T03:32:00+00:00,0.0,80.5,10.72,20.4,35,61
2026-08-15T03:33:00+00:00,0.0,80.3,10.73,20.4,36,61
2026-08-15T03:34:00+00:00,0.0,80.0,10.75,20.4,36,61
2026-08-15T03:35:00+00:00,0.0,79.7,10.77,20.4,36,61
2026-08-15T03:36:00+00:00,0.0,79.3,10.78,20.5,37,61
2026-08-15T03:37:00+00:00,0.0,78.9,10.8,20.5,37,61
2026-08-15T03:38:00+00:00,0.0,78.4,10.82,20.6,38,61
2026-08-15T03:39:00+00:00,0.0,78.0,10.83,20.6,39,61
2026-08-15T03:40:00+00:00,0.0,77.6,10.85,20.6,39,61
2026-08-15T03:41:00+00:00,0.0,77.3,10.87,20.7,39,61
2026-08-15T03:42:00+00:00,0.0,77.0,10.88,20.7,40,61
2026-08-15T03:43:00+00:00,0.0,76.8,10.9,20.7,40,61
2026-08-15T03:44:00+00:00,0.0,76.6,10.92,20.7,40,61
2026-08-15T03:45:00+00:00,0.0,76.6,10.93,20.7,40,61
2026-08-15T03:46:00+00:00,0.0,76.6,10.95,20.7,40,61
2026-08-15T03:47:00+00:00,0.0,76.6,10.97,20.7,40,61
2026-08-15T03:48:00+00:00,0.0,76.5,10.98,20.7,40,61
2026-08-15T03:49:00+00:00,0.0,76.5,11.0,20.7,40,61
2026-08-15T03:50:00+00:00,0.0,76.4,11.02,20.7,40,61
2026-08-15T03:51:00+00:00,0.0,76.4,11.03,20.7,40,61
2026-08-15T03:52:00+00:00,0.0,76.3,11.05,20.7,40,61
2026-08-15T03:53:00+00:00,0.0,76.3,11.07,20.7,40,61
2026-08-15T03:54:00+00:00,0.0,76.2,11.08,20.7,40,61
2026-08-15T03:55:00+00:00,0.0,76.2,11.1,20.7,39,61
2026-08-15T03:56:00+00:00,0.0,76.1,11.12,20.7,39,61
2026-08-15T03:57:00+00:00,0.0,76.1,11.13,20.6,39,61
2026-08-15T03:58:00+00:00,0.0,76.0,11.15,20.6,39,61
2026-08-15T03:59:00+00:00,0.0,76.0,11.17,20.6,39,61
2026-08-15T04:00:00+00:00,0.0,76.0,11.18,20.6,39,61
2026-08-15T04:01:00+00:00,0.0,76.0,11.2,20.6,39,61
2026-08-15T04:02:00+00:00,0.0,76.1,11.22,20.6,39,61
2026-08-15T04:03:00+00:00,0.0,76.1,11.23,20.6,38,61
2026-08-15T04:04:00+00:00,0.0,76.2,11.25,20.5,37,61
2026-08-15T04:05:00+00:00,0.0,76.3,11.27,20.4,36,61
2026-08-15T04:06:00+00:00,0.0,76.4,11.28,20.4,35,61
2026-08-15T04:07:00+00:00,0.0,76.6,11.3,20.3,34,61
2026-08-15T04:08:00+00:00,0.0,76.7,11.32,20.2,33,61
2026-08-15T04:09:00+00:00,0.0,76.8,11.33,20.1,32,61
2026-08-15T04:10:00+00:00,0.0,76.9,11.35,20.1,31,61
2026-08-15T04:11:00+00:00,0.0,77.0,11.37,20.0,30,61
2026-08-15T04:12:00+00:00,0.0,77.1,11.38,19.9,29,61
2026-08-15T04:13:00+00:00,0.0,77.2,11.4,19.9,29,61
2026-08-15T04:14:00+00:00,0.0,77.2,11.42,19.9,28,61
2026-08-15T04:15:00+00:00,0.0,77.2,11.43,19.9,28,61
2026-08-15T04:16:00+00:00,0.0,77.2,11.45,19.9,28,61
2026-08-15T04:17:00+00:00,0.0,77.0,11.47,19.9,29,61
2026-08-15T04:18:00+00:00,0.0,76.7,11.48,20.0,29,61
2026-08-15T04:19:00+00:00,0.0,76.3,11.5,20.0,30,61
2026-08-15T04:20:00+00:00,0.0,75.8,11.52,20.1,32,61
2026-08-15T04:21:00+00:00,0.0,75.3,11.53,20.2,33,61
2026-08-15T04:22:00+00:00,0.0,74.7,11.55,20.3,34,61
2026-08-15T04:23:00+00:00,0.0,74.1,11.57,20.4,36,61
2026-08-15T04:24:00+00:00,0.0,73.6,11.58,20.5,37,61
2026-08-15T04:25:00+00:00,0.0,73.0,11.6,20.6,38,61
2026-08-15T04:26:00+00:00,0.0,72.6,11.62,20.7,39,61
2026-08-15T04:27:00+00:00,0.0,72.2,11.63,20.7,40,61
2026-08-15T04:28:00+00:00,0.0,71.9,11.65,20.8,41,61
2026-08-15T04:29:00+00:00,0.0,71.7,11.67,20.8,41,61
2026-08-15T04:30:00+00:00,0.0,71.6,11.68,20.8,42,61
2026-08-15T04:31:00+00:00,0.0,71.7,11.7,20.8,42,61
2026-08-15T04:32:00+00:00,0.0,71.8,11.72,20.8,42,61
2026-08-15T04:33:00+00:00,0.0,72.0,11.73,20.8,42,61
2026-08-15T04:34:00+00:00,0.0,72.3,11.75,20.8,41,61
2026-08-15T04:35:00+00:00,0.0,72.6,11.77,20.8,41,61
2026-08-15T04:36:00+00:00,0.0,73.0,11.78,20.8,41,61
2026-08-15T04:37:00+00:00,0.0,73.4,11.8,20.8,41,61
2026-08-15T04:38:00+00:00,0.0,73.8,11.82,20.7,41,61
2026-08-15T04:39:00+00:00,0.0,74.3,11.83,20.7,41,61
2026-08-15T04:40:00+00:00,0.0,74.6,11.85,20.7,41,61
2026-08-15T04:41:00+00:00,0.0,75.0,11.87,20.7,41,61
2026-08-15T04:42:00+00:00,0.0,75.3,11.88,20.7,41,61
2026-08-15T04:43:00+00:00,0.0,75.5,11.9,20.7,41,61
2026-08-15T04:44:00+00:00,0.0,75.6,11.92,20.7,41,61
2026-08-15T04:45:00+00:00,0.0,75.6,11.93,20.7,41,61
2026-08-15T04:46:00+00:00,0.0,75.6,11.95,20.7,41,61
2026-08-15T04:47:00+00:00,0.0,75.6,11.97,20.7,41,61
2026-08-15T04:48:00+00:00,0.0,75.7,11.98,20.7,41,61
2026-08-15T04:49:00+00:00,0.0,75.7,12.0,20.7,42,61
2026-08-15T04:50:00+00:00,0.0,75.7,12.02,20.7,42,61
2026-08-15T04:51:00+00:00,0.0,75.7,12.03,20.8,42,61
2026-08-15T04:52:00+00:00,0.0,75.7,12.05,20.8,43,61
2026-08-15T04:53:00+00:00,0.0,75.7,12.07,20.8,43,61
2026-08-15T04:54:00+00:00,0.0,75.7,12.08,20.8,44,61
2026-08-15T04:55:00+00:00,0.0,75.8,12.1,20.9,44,61
2026-08-15T04:56:00+00:00,0.0,75.8,12.12,20.9,44,61
2026-08-15T04:57:00+00:00,0.0,75.8,12.13,20.9,45,61
2026-08-15T04:58:00+00:00,0.0,75.8,12.15,20.9,45,61
2026-08-15T04:59:00+00:00,0.0,75.8,12.17,20.9,45,61
2026-08-15T05:00:00+00:00,0.0,75.8,0.02,20.9,22,61
2026-08-15T05:01:00+00:00,0.0,75.8,0.03,20.9,22,61
2026-08-15T05:02:00+00:00,0.0,75.6,0.05,20.9,22,61
2026-08-15T05:03:00+00:00,0.0,75.5,0.07,20.9,22,61
2026-08-15T05:04:00+00:00,0.0,75.2,0.08,20.9,21,61
2026-08-15T05:05:00+00:00,0.0,75.0,0.1,20.9,21,61
2026-08-15T05:06:00+00:00,0.0,74.7,0.12,20.9,21,61
2026-08-15T05:07:00+00:00,0.0,74.3,0.13,20.9,21,61
2026-08-15T05:08:00+00:00,0.0,74.0,0.15,20.8,21,61
2026-08-15T05:09:00+00:00,0.0,73.7,0.17,20.8,21,61
2026-08-15T05:10:00+00:00,0.0,73.3,0.18,20.8,20,61
2026-08-15T05:11:00+00:00,0.0,73.1,0.2,20.8,20,61
2026-08-15T05:12:00+00:00,0.0,72.8,0.22,20.8,20,61
2026-08-15T05:13:00+00:00,0.0,72.7,0.23,20.8,20,61
2026-08-15T05:14:00+00:00,0.0,72.6,0.25,20.8,20,61
2026-08-15T05:15:00+00:00,0.0,72.5,0.27,20.8,20,60
2026-08-15T05:16:00+00:00,0.0,72.6,0.28,20.8,20,60
2026-08-15T05:17:00+00:00,0.0,72.8,0.3,20.8,20,60
2026-08-15T05:18:00+00:00,0.0,73.2,0.32,20.7,20,60
2026-08-15T05:19:00+00:00,0.0,73.7,0.33,20.7,20,60
2026-08-15T05:20:00+00:00,0.0,74.4,0.35,20.6,20,60
2026-08-15T05:21:00+00:00,0.0,75.1,0.37,20.6,19,60
2026-08-15T05:22:00+00:00,0.0,75.8,0.38,20.5,19,60
2026-08-15T05:23:00+00:00,0.0,76.6,0.4,20.5,19,60
2026-08-15T05:24:00+00:00,0.0,77.4,0.42,20.4,19,60
2026-08-15T05:25:00+00:00,0.0,78.1,0.43,20.3,18,60
2026-08-15T05:26:00+00:00,0.0,78.7,0.45,20.3,18,60
2026-08-15T05:27:00+00:00,0.0,79.2,0.47,20.3,18,60
2026-08-15T05:28:00+00:00,0.0,79.6,0.48,20.2,18,60
2026-08-15T05:29:00+00:00,0.0,79.8,0.5,20.2,18,60
2026-08-15T05:30:00+00:00,0.0,79.9,0.52,20.2,18,60
2026-08-15T05:31:00+00:00,0.0,79.9,0.53,20.2,18,60
2026-08-15T05:32:00+00:00,0.0,79.8,0.55,20.2,18,60
2026-08-15T05:33:00+00:00,0.0,79.7,0.57,20.2,18,60
2026-08-15T05:34:00+00:00,0.0,79.5,0.58,20.2,18,60
2026-08-15T05:35:00+00:00,0.0,79.3,0.6,20.2,18,60
2026-08-15T05:36:00+00:00,0.0,79.1,0.62,20.2,18,60
2026-08-15T05:37:00+00:00,0.0,78.9,0.63,20.2,18,60
2026-08-15T05:38:00+00:00,0.0,78.6,0.65,20.2,17,60
2026-08-15T05:39:00+00:00,0.0,78.4,0.67,20.2,17,60
2026-08-15T05:40:00+00:00,0.0,78.2,0.68,20.2,17,60
2026-08-15T05:41:00+00:00,0.0,78.0,0.7,20.1,17,60
2026-08-15T05:42:00+00:00,0.0,77.8,0.72,20.1,17,60
2026-08-15T05:43:00+00:00,0.0,77.7,0.73,20.1,17,60
2026-08-15T05:44:00+00:00,0.0,77.6,0.75,20.1,17,60
2026-08-15T05:45:00+00:00,0.0,77.6,0.77,20.1,17,60
2026-08-15T05:46:00+00:00,0.0,77.5,0.78,20.1,17,60
2026-08-15T05:47:00+00:00,0.0,77.5,0.8,20.1,17,60
2026-08-15T05:48:00+00:00,0.0,77.3,0.82,20.1,17,60
2026-08-15T05:49:00+00:00,0.0,77.1,0.83,20.1,17,60
2026-08-15T05:50:00+00:00,0.0,76.9,0.85,20.1,17,60
2026-08-15T05:51:00+00:00,0.0,76.7,0.87,20.1,17,60
2026-08-15T05:52:00+00:00,0.0,76.4,0.88,20.1,17,60
2026-08-15T05:53:00+00:00,0.0,76.2,0.9,20.1,17,60
2026-08-15T05:54:00+00:00,0.0,75.9,0.92,20.1,17,60
2026-08-15T05:55:00+00:00,0.0,75.7,0.93,20.1,17,60
2026-08-15T05:56:00+00:00,0.0,75.5,0.95,20.1,17,60
2026-08-15T05:57:00+00:00,0.0,75.3,0.97,20.1,17,60
2026-08-15T05:58:00+00:00,0.0,75.2,0.98,20.1,17,60
2026-08-15T05:59:00+00:00,0.0,75.1,1.0,20.1,17,60
2026-08-15T06:00:00+00:00,0.0,75.1,1.02,20.1,17,60
2026-08-15T06:01:00+00:00,0.0,75.1,1.03,20.1,17,60
2026-08-15T06:02:00+00:00,0.0,75.3,1.05,20.1,17,60
2026-08-15T06:03:00+00:00,0.0,75.5,1.07,20.2,17,60
2026-08-15T06:04:00+00:00,0.0,75.9,1.08,20.2,18,60
2026-08-15T06:05:00+00:00,0.0,76.3,1.1,20.3,19,60
2026-08-15T06:06:00+00:00,0.0,76.8,1.12,20.4,19,60
2026-08-15T06:07:00+00:00,0.0,77.3,1.13,20.5,20,60
2026-08-15T06:08:00+00:00,0.0,77.8,1.15,20.5,21,60
2026-08-15T06:09:00+00:00,0.0,78.3,1.17,20.6,22,60
2026-08-15T06:10:00+00:00,0.0,78.8,1.18,20.7,23,60
2026-08-15T06:11:00+00:00,0.0,79.2,1.2,20.8,24,60
2026-08-15T06:12:00+00:00,0.0,79.6,1.22,20.8,24,60
2026-08-15T06:13:00+00:00,0.0,79.9,1.23,20.9,25,60
2026-08-15T06:14:00+00:00,0.0,80.0,1.25,20.9,25,60
2026-08-15T06:15:00+00:00,0.0,80.1,1.27,20.9,25,60
2026-08-15T06:16:00+00:00,0.0,80.0,1.28,20.9,25,60
2026-08-15T06:17:00+00:00,0.0,79.8,1.3,20.9,25,60
2026-08-15T06:18:00+00:00,0.0,79.5,1.32,20.8,24,60
2026-08-15T06:19:00+00:00,0.0,79.1,1.33,20.7,23,60
2026-08-15T06:20:00+00:00,0.0,78.6,1.35,20.6,23,60
2026-08-15T06:21:00+00:00,0.0,78.0,1.37,20.5,21,60
2026-08-15T06:22:00+00:00,0.0,77.4,1.38,20.4,20,60
2026-08-15T06:23:00+00:00,0.0,76.8,1.4,20.3,19,60
2026-08-15T06:24:00+00:00,0.0,76.2,1.42,20.2,18,60
2026-08-15T06:25:00+00:00,0.0,75.7,1.43,20.1,17,60
2026-08-15T06:26:00+00:00,0.0,75.2,1.45,20.0,16,60
2026-08-15T06:27:00+00:00,0.0,74.8,1.47,19.9,16,60
2026-08-15T06:28:00+00:00,0.0,74.5,1.48,19.9,15,60
2026-08-15T06:29:00+00:00,0.0,74.3,1.5,19.8,15,60
2026-08-15T06:30:00+00:00,0.0,74.2,1.52,19.8,15,60
2026-08-15T06:31:00+00:00,0.0,74.3,1.53,19.8,15,60
2026-08-15T06:32:00+00:00,0.0,74.4,1.55,19.8,15,60
2026-08-15T06:33:00+00:00,0.0,74.7,1.57,19.9,15,60
2026-08-15T06:34:00+00:00,0.0,75.1,1.58,19.9,16,60
2026-08-15T06:35:00+00:00,0.0,75.6,1.6,20.0,16,60
2026-08-15T06:36:00+00:00,0.0,76.1,1.62,20.0,17,60
2026-08-15T06:37:00+00:00,0.0,76.6,1.63,20.1,17,60
2026-08-15T06:38:00+00:00,0.0,77.2,1.65,20.1,18,60
2026-08-15T06:39:00+00:00,0.0,77.8,1.67,20.2,19,60
2026-08-15T06:40:00+00:00,0.0,78.3,1.68,20.2,19,60
2026-08-15T06:41:00+00:00,0.0,78.7,1.7,20.3,20,60
2026-08-15T06:42:00+00:00,0.0,79.1,1.72,20.3,20,60
2026-08-15T06:43:00+00:00,0.0,79.4,1.73,20.3,21,60
2026-08-15T06:44:00+00:00,0.0,79.6,1.75,20.3,21,59
2026-08-15T06:45:00+00:00,0.0,79.6,1.77,20.3,21,59
2026-08-15T06:46:00+00:00,0.0,79.6,1.78,20.4,21,59
2026-08-15T06:47:00+00:00,0.0,79.4,1.8,20.4,21,59
2026-08-15T06:48:00+00:00,0.0,79.2,1.82,20.4,21,59
2026-08-15T06:49:00+00:00,0.0,79.0,1.83,20.4,21,59
2026-08-15T06:50:00+00:00,0.0,78.6,1.85,20.4,21,59
2026-08-15T06:51:00+00:00,0.0,78.2,1.87,20.4,22,59
2026-08-15T06:52:00+00:00,0.0,77.8,1.88,20.5,22,59
2026-08-15T06:53:00+00:00,0.0,77.4,1.9,20.5,22,59
2026-08-15T06:54:00+00:00,0.0,77.0,1.92,20.5,22,59
2026-08-15T06:55:00+00:00,0.0,76.6,1.93,20.5,22,59
2026-08-15T06:56:00+00:00,0.0,76.2,1.95,20.6,22,59
2026-08-15T06:57:00+00:00,0.0,76.0,1.97,20.6,23,59
2026-08-15T06:58:00+00:00,0.0,75.7,1.98,20.6,23,59
2026-08-15T06:59:00+00:00,0.0,75.6,2.0,20.6,23,59
2026-08-15T07:00:00+00:00,0.0,75.6,2.02,20.6,23,59
2026-08-15T07:01:00+00:00,0.0,75.5,2.03,20.6,23,59
2026-08-15T07:02:00+00:00,0.0,75.4,2.05,20.6,23,59
2026-08-15T07:03:00+00:00,0.0,75.3,2.07,20.6,22,59
2026-08-15T07:04:00+00:00,0.0,75.1,2.08,20.6,22,59
2026-08-15T07:05:00+00:00,0.0,74.8,2.1,20.5,22,59
2026-08-15T07:06:00+00:00,0.0,74.5,2.12,20.5,22,59
2026-08-15T07:07:00+00:00,0.0,74.2,2.13,20.5,21,59
2026-08-15T07:08:00+00:00,0.0,73.9,2.15,20.4,21,59
2026-08-15T07:09:00+00:00,0.0,73.6,2.17,20.4,20,59
2026-08-15T07:10:00+00:00,0.0,73.3,2.18,20.3,20,59
2026-08-15T07:11:00+00:00,0.0,73.1,2.2,20.3,20,59
2026-08-15T07:12:00+00:00,0.0,72.9,2.22,20.3,20,59
2026-08-15T07:13:00+00:00,0.0,72.7,2.23,20.3,19,59
2026-08-15T07:14:00+00:00,0.0,72.6,2.25,20.3,19,59
2026-08-15T07:15:00+00:00,0.0,72.6,2.27,20.3,19,59
2026-08-15T07:16:00+00:00,0.0,72.7,2.28,20.3,19,59
2026-08-15T07:17:00+00:00,0.0,72.9,2.3,20.3,20,59
2026-08-15T07:18:00+00:00,0.0,73.2,2.32,20.3,20,59
2026-08-15T07:19:00+00:00,0.0,73.7,2.33,20.3,20,59
2026-08-15T07:20:00+00:00,0.0,74.3,2.35,20.4,21,58
2026-08-15T07:21:00+00:00,0.0,75.0,2.37,20.4,22,58
2026-08-15T07:22:00+00:00,0.0,75.7,2.38,20.5,22,58
2026-08-15T07:23:00+00:00,0.0,76.4,2.4,20.6,23,58
2026-08-15T07:24:00+00:00,0.0,77.1,2.42,20.6,24,58
2026-08-15T07:25:00+00:00,0.0,77.8,2.43,20.7,24,58
2026-08-15T07:26:00+00:00,0.0,78.4,2.45,20.7,25,58
2026-08-15T07:27:00+00:00,0.0,78.8,2.47,20.7,26,58
2026-08-15T07:28:00+00:00,0.0,79.2,2.48,20.8,26,58
2026-08-15T07:29:00+00:00,0.0,79.4,2.5,20.8,26,58
2026-08-15T07:30:00+00:00,0.0,79.5,2.52,20.8,26,58
2026-08-15T07:31:00+00:00,0.0,79.5,2.53,20.8,26,58
2026-08-15T07:32:00+00:00,0.0,79.4,2.55,20.8,26,58
2026-08-15T07:33:00+00:00,0.0,79.3,2.57,20.8,26,58
2026-08-15T07:34:00+00:00,0.0,79.2,2.58,20.8,26,58
2026-08-15T07:35:00+00:00,0.0,79.1,2.6,20.8,26,58
2026-08-15T07:36:00+00:00,0.0,78.9,2.62,20.8,26,58
2026-08-15T07:37:00+00:00,0.0,78.8,2.63,20.7,26,58
2026-08-15T07:38:00+00:00,0.0,78.6,2.65,20.7,26,58
2026-08-15T07:39:00+00:00,0.0,78.4,2.67,20.7,26,58
2026-08-15T07:40:00+00:00,0.0,78.2,2.68,20.7,26,58
2026-08-15T07:41:00+00:00,0.0,78.1,2.7,20.7,25,58
2026-08-15T07:42:00+00:00,0.0,78.0,2.72,20.7,25,58
2026-08-15T07:43:00+00:00,0.0,77.9,2.73,20.7,25,58
2026-08-15T07:44:00+00:00,0.0,77.8,2.75,20.7,25,58
2026-08-15T07:45:00+00:00,0.0,77.8,2.77,20.7,25,58
2026-08-15T07:46:00+00:00,0.0,77.7,2.78,20.7,25,58
2026-08-15T07:47:00+00:00,0.0,77.5,2.8,20.7,25,58
2026-08-15T07:48:00+00:00,0.0,77.2,2.82,20.6,24,58
2026-08-15T07:49:00+00:00,0.0,76.7,2.83,20.5,24,58
2026-08-15T07:50:00+00:00,0.0,76.1,2.85,20.5,23,58
2026-08-15T07:51:00+00:00,0.0,75.5,2.87,20.4,22,58
2026-08-15T07:52:00+00:00,0.0,74.8,2.88,20.3,21,58
2026-08-15T07:53:00+00:00,0.0,74.1,2.9,20.2,20,58
2026-08-15T07:54:00+00:00,0.0,73.4,2.92,20.1,19,58
2026-08-15T07:55:00+00:00,0.0,72.7,2.93,20.1,19,58
2026-08-15T07:56:00+00:00,0.0,72.1,2.95,20.0,18,58
2026-08-15T07:57:00+00:00,0.0,71.7,2.97,19.9,17,58
2026-08-15T07:58:00+00:00,0.0,71.3,2.98,19.9,17,58
2026-08-15T07:59:00+00:00,0.0,71.1,3.0,19.9,16,58
2026-08-15T08:00:00+00:00,0.0,71.0,3.02,19.9,16,58
2026-08-15T08:01:00+00:00,0.0,71.1,3.03,19.9,17,58
2026-08-15T08:02:00+00:00,0.0,71.3,3.05,19.9,17,58
2026-08-15T08:03:00+00:00,0.0,71.6,3.07,19.9,17,58
2026-08-15T08:04:00+00:00,0.0,72.1,3.08,20.0,18,58
2026-08-15T08:05:00+00:00,0.0,72.6,3.1,20.1,19,58
2026-08-15T08:06:00+00:00,0.0,73.2,3.12,20.2,20,58
2026-08-15T08:07:00+00:00,0.0,73.8,3.13,20.3,21,58
2026-08-15T08:08:00+00:00,0.0,74.5,3.15,20.4,22,58
2026-08-15T08:09:00+00:00,0.0,75.1,3.17,20.5,23,58
2026-08-15T08:10:00+00:00,0.0,75.7,3.18,20.6,24,58
2026-08-15T08:11:00+00:00,0.0,76.2,3.2,20.6,25,58
2026-08-15T08:12:00+00:00,0.0,76.7,3.22,20.7,26,58
2026-08-15T08:13:00+00:00,0.0,77.0,3.23,20.7,27,58
2026-08-15T08:14:00+00:00,0.0,77.2,3.25,20.8,27,58
2026-08-15T08:15:00+00:00,0.0,77.3,3.27,20.8,27,58
2026-08-15T08:16:00+00:00,0.0,77.3,3.28,20.8,27,58
2026-08-15T08:17:00+00:00,0.0,77.3,3.3,20.8,27,58
2026-08-15T08:18:00+00:00,0.0,77.3,3.32,20.8,27,58
2026-08-15T08:19:00+00:00,0.0,77.3,3.33,20.8,27,58
2026-08-15T08:20:00+00:00,0.0,77.3,3.35,20.7,27,58
2026-08-15T08:21:00+00:00,0.0,77.3,3.37,20.7,27,58
2026-08-15T08:22:00+00:00,0.0,77.4,3.38,20.7,26,58
2026-08-15T08:23:00+00:00,0.0,77.4,3.4,20.7,26,58
2026-08-15T08:24:00+00:00,0.0,77.4,3.42,20.7,26,58
2026-08-15T08:25:00+00:00,0.0,77.5,3.43,20.6,26,58
2026-08-15T08:26:00+00:00,0.0,77.5,3.45,20.6,26,58
2026-08-15T08:27:00+00:00,0.0,77.5,3.47,20.6,26,58
2026-08-15T08:28:00+00:00,0.0,77.5,3.48,20.6,26,58
2026-08-15T08:29:00+00:00,0.0,77.5,3.5,20.6,26,58
2026-08-15T08:30:00+00:00,0.0,77.5,3.52,20.6,26,58
2026-08-15T08:31:00+00:00,0.0,77.5,3.53,20.6,26,58
2026-08-15T08:32:00+00:00,0.0,77.6,3.55,20.6,25,58
2026-08-15T08:33:00+00:00,0.0,77.7,3.57,20.5,25,58
2026-08-15T08:34:00+00:00,0.0,77.8,3.58,20.5,25,58
2026-08-15T08:35:00+00:00,0.0,77.9,3.6,20.5,24,58
2026-08-15T08:36:00+00:00,0.0,78.1,3.62,20.4,24,58
2026-08-15T08:37:00+00:00,0.0,78.3,3.63,20.3,23,58
2026-08-15T08:38:00+00:00,0.0,78.4,3.65,20.3,23,58
2026-08-15T08:39:00+00:00,0.0,78.6,3.67,20.2,22,58
2026-08-15T08:40:00+00:00,0.0,78.7,3.68,20.2,22,58
2026-08-15T08:41:00+00:00,0.0,78.9,3.7,20.1,21,58
2026-08-15T08:42:00+00:00,0.0,79.0,3.72,20.1,21,58
2026-08-15T08:43:00+00:00,0.0,79.1,3.73,20.0,21,58
2026-08-15T08:44:00+00:00,0.0,79.1,3.75,20.0,21,58
2026-08-15T08:45:00+00:00,0.0,79.2,3.77,20.0,21,58
2026-08-15T08:46:00+00:00,0.0,79.1,3.78,20.0,21,58
2026-08-15T08:47:00+00:00,0.0,79.0,3.8,20.1,21,58
2026-08-15T08:48:00+00:00,0.0,78.8,3.82,20.1,22,58
2026-08-15T08:49:00+00:00,0.0,78.6,3.83,20.2,23,58
2026-08-15T08:50:00+00:00,0.0,78.3,3.85,20.3,24,58
2026-08-15T08:51:00+00:00,0.0,78.0,3.87,20.5,25,58
2026-08-15T08:52:00+00:00,0.0,77.6,3.88,20.6,26,58
2026-08-15T08:53:00+00:00,0.0,77.3,3.9,20.7,28,58
2026-08-15T08:54:00+00:00,0.0,76.9,3.92,20.8,29,58
2026-08-15T08:55:00+00:00,0.0,76.6,3.93,21.0,30,58
2026-08-15T08:56:00+00:00,0.0,76.3,3.95,21.1,31,58
2026-08-15T08:57:00+00:00,0.0,76.1,3.97,21.2,32,58
2026-08-15T08:58:00+00:00,0.0,75.9,3.98,21.2,33,58
2026-08-15T08:59:00+00:00,0.0,75.8,4.0,21.3,33,58
2026-08-15T09:00:00+00:00,0.0,75.7,4.02,21.3,33,58
2026-08-15T09:01:00+00:00,0.0,75.7,4.03,21.3,33,59
2026-08-15T09:02:00+00:00,0.0,75.7,4.05,21.2,33,59
2026-08-15T09:03:00+00:00,0.0,75.6,4.07,21.2,32,59
2026-08-15T09:04:00+00:00,0.0,75.5,4.08,21.1,31,59
2026-08-15T09:05:00+00:00,0.0,75.3,4.1,21.0,30,59
2026-08-15T09:06:00+00:00,0.0,75.2,4.12,20.9,29,59
2026-08-15T09:07:00+00:00,0.0,75.0,4.13,20.8,28,59
2026-08-15T09:08:00+00:00,0.0,74.8,4.15,20.7,27,59
2026-08-15T09:09:00+00:00,0.0,74.7,4.17,20.6,26,59
2026-08-15T09:10:00+00:00,0.0,74.5,4.18,20.5,25,59
2026-08-15T09:11:00+00:00,0.0,74.4,4.2,20.4,24,59
2026-08-15T09:12:00+00:00,0.0,74.3,4.22,20.3,23,59
2026-08-15T09:13:00+00:00,0.0,74.2,4.23,20.2,22,59
2026-08-15T09:14:00+00:00,0.0,74.1,4.25,20.2,22,59
2026-08-15T09:15:00+00:00,0.0,74.1,4.27,20.2,22,59
2026-08-15T09:16:00+00:00,0.0,74.1,4.28,20.2,22,59
2026-08-15T09:17:00+00:00,0.0,74.2,4.3,20.2,22,59
2026-08-15T09:18:00+00:00,0.0,74.4,4.32,20.2,22,59
2026-08-15T09:19:00+00:00,0.0,74.7,4.33,20.2,22,59
2026-08-15T09:20:00+00:00,0.0,74.9,4.35,20.2,22,59
2026-08-15T09:21:00+00:00,0.0,75.3,4.37,20.2,23,59
2026-08-15T09:22:00+00:00,0.0,75.6,4.38,20.2,23,59
2026-08-15T09:23:00+00:00,0.0,76.0,4.4,20.2,23,59
2026-08-15T09:24:00+00:00,0.0,76.3,4.42,20.3,23,59
2026-08-15T09:25:00+00:00,0.0,76.7,4.43,20.3,24,59
2026-08-15T09:26:00+00:00,0.0,76.9,4.45,20.3,24,59
2026-08-15T09:27:00+00:00,0.0,77.2,4.47,20.3,24,59
2026-08-15T09:28:00+00:00,0.0,77.4,4.48,20.3,24,59
2026-08-15T09:29:00+00:00,0.0,77.5,4.5,20.3,24,59
2026-08-15T09:30:00+00:00,0.0,77.5,4.52,20.3,24,59
2026-08-15T09:31:00+00:00,0.0,77.5,4.53,20.3,24,59
2026-08-15T09:32:00+00:00,0.0,77.6,4.55,20.3,24,59
2026-08-15T09:33:00+00:00,0.0,77.6,4.57,20.3,25,59
2026-08-15T09:34:00+00:00,0.0,77.7,4.58,20.4,25,59
2026-08-15T09:35:00+00:00,0.0,77.8,4.6,20.4,26,59
2026-08-15T09:36:00+00:00,0.0,77.9,4.62,20.5,26,59
2026-08-15T09:37:00+00:00,0.0,78.1,4.63,20.5,27,59
2026-08-15T09:38:00+00:00,0.0,78.2,4.65,20.6,28,59
2026-08-15T09:39:00+00:00,0.0,78.3,4.67,20.7,29,59
2026-08-15T09:40:00+00:00,0.0,78.4,4.68,20.7,29,59
2026-08-15T09:41:00+00:00,0.0,78.5,4.7,20.8,30,59
2026-08-15T09:42:00+00:00,0.0,78.6,4.72,20.8,30,59
2026-08-15T09:43:00+00:00,0.0,78.7,4.73,20.8,31,59
2026-08-15T09:44:00+00:00,0.0,78.7,4.75,20.9,31,59
2026-08-15T09:45:00+00:00,0.0,78.7,4.77,20.9,31,59
2026-08-15T09:46:00+00:00,0.0,78.7,4.78,20.9,31,59
2026-08-15T09:47:00+00:00,0.0,78.4,4.8,20.8,31,59
2026-08-15T09:48:00+00:00,0.0,78.1,4.82,20.8,31,59
2026-08-15T09:49:00+00:00,0.0,77.6,4.83,20.8,31,59
2026-08-15T09:50:00+00:00,0.0,77.0,4.85,20.8,30,59
2026-08-15T09:51:00+00:00,0.0,76.3,4.87,20.8,30,59
2026-08-15T09:52:00+00:00,0.0,75.6,4.88,20.8,29,59
2026-08-15T09:53:00+00:00,0.0,74.9,4.9,20.8,29,59
2026-08-15T09:54:00+00:00,0.0,74.1,4.92,20.7,29,59
2026-08-15T09:55:00+00:00,0.0,73.5,4.93,20.7,28,59
2026-08-15T09:56:00+00:00,0.0,72.9,4.95,20.7,28,59
2026-08-15T09:57:00+00:00,0.0,72.4,4.97,20.7,28,59
2026-08-15T09:58:00+00:00,0.0,72.0,4.98,20.7,28,59
2026-08-15T09:59:00+00:00,0.0,71.8,5.0,20.7,28,59
2026-08-15T10:00:00+00:00,0.0,71.7,5.02,20.7,28,59
2026-08-15T10:01:00+00:00,0.0,71.8,5.03,20.7,28,59
2026-08-15T10:02:00+00:00,0.0,72.0,5.05,20.7,28,59
2026-08-15T10:03:00+00:00,0.0,72.4,5.07,20.6,27,59
2026-08-15T10:04:00+00:00,0.0,72.9,5.08,20.6,27,59
2026-08-15T10:05:00+00:00,0.0,73.5,5.1,20.6,27,59
2026-08-15T10:06:00+00:00,0.0,74.2,5.12,20.5,27,59
2026-08-15T10:07:00+00:00,0.0,74.9,5.13,20.5,26,59
2026-08-15T10:08:00+00:00,0.0,75.7,5.15,20.4,26,59
2026-08-15T10:09:00+00:00,0.0,76.4,5.17,20.4,26,59
2026-08-15T10:10:00+00:00,0.0,77.1,5.18,20.3,25,59
2026-08-15T10:11:00+00:00,0.0,77.7,5.2,20.3,25,59
2026-08-15T10:12:00+00:00,0.0,78.2,5.22,20.2,25,59
2026-08-15T10:13:00+00:00,0.0,78.6,5.23,20.2,25,59
2026-08-15T10:14:00+00:00,0.0,78.8,5.25,20.2,24,59
2026-08-15T10:15:00+00:00,0.0,78.9,5.27,20.2,24,59
2026-08-15T10:16:00+00:00,0.0,78.9,5.28,20.2,25,59
2026-08-15T10:17:00+00:00,0.0,78.9,5.3,20.2,25,59
2026-08-15T10:18:00+00:00,0.0,78.8,5.32,20.2,25,59
2026-08-15T10:19:00+00:00,0.0,78.8,5.33,20.2,25,59
2026-08-15T10:20:00+00:00,0.0,78.7,5.35,20.3,26,59
2026-08-15T10:21:00+00:00,0.0,78.7,5.37,20.3,26,59
2026-08-15T10:22:00+00:00,0.0,78.6,5.38,20.3,26,59
2026-08-15T10:23:00+00:00,0.0,78.5,5.4,20.4,27,59
2026-08-15T10:24:00+00:00,0.0,78.5,5.42,20.4,27,59
2026-08-15T10:25:00+00:00,0.0,78.4,5.43,20.4,28,59
2026-08-15T10:26:00+00:00,0.0,78.3,5.45,20.5,28,59
2026-08-15T10:27:00+00:00,0.0,78.3,5.47,20.5,28,59
2026-08-15T10:28:00+00:00,0.0,78.2,5.48,20.5,28,59
2026-08-15T10:29:00+00:00,0.0,78.2,5.5,20.5,29,59
2026-08-15T10:30:00+00:00,0.0,78.2,5.52,20.5,29,59
2026-08-15T10:31:00+00:00,0.0,78.2,5.53,20.5,29,59
2026-08-15T10:32:00+00:00,0.0,78.3,5.55,20.6,29,60
2026-08-15T10:33:00+00:00,0.0,78.3,5.57,20.6,30,60
2026-08-15T10:34:00+00:00,0.0,78.4,5.58,20.7,30,60
2026-08-15T10:35:00+00:00,0.0,78.5,5.6,20.7,31,60
2026-08-15T10:36:00+00:00,0.0,78.6,5.62,20.8,32,60
2026-08-15T10:37:00+00:00,0.0,78.8,5.63,20.9,33,60
2026-08-15T10:38:00+00:00,0.0,78.9,5.65,21.0,34,60
2026-08-15T10:39:00+00:00,0.0,79.0,5.67,21.1,35,60
2026-08-15T10:40:00+00:00,0.0,79.2,5.68,21.2,36,60
2026-08-15T10:41:00+00:00,0.0,79.3,5.7,21.2,37,60
2026-08-15T10:42:00+00:00,0.0,79.3,5.72,21.3,38,60
2026-08-15T10:43:00+00:00,0.0,79.4,5.73,21.3,39,60
2026-08-15T10:44:00+00:00,0.0,79.5,5.75,21.4,39,60
2026-08-15T10:45:00+00:00,0.0,79.5,5.77,21.4,39,60
2026-08-15T10:46:00+00:00,0.0,79.4,5.78,21.4,39,60
2026-08-15T10:47:00+00:00,0.0,79.3,5.8,21.3,39,60
2026-08-15T10:48:00+00:00,0.0,79.2,5.82,21.3,38,60
2026-08-15T10:49:00+00:00,0.0,79.0,5.83,21.2,38,60
2026-08-15T10:50:00+00:00,0.0,78.7,5.85,21.2,37,60
2026-08-15T10:51:00+00:00,0.0,78.5,5.87,21.1,36,60
2026-08-15T10:52:00+00:00,0.0,78.2,5.88,21.1,35,60
2026-08-15T10:53:00+00:00,0.0,77.9,5.9,21.0,35,60
2026-08-15T10:54:00+00:00,0.0,77.6,5.92,20.9,34,60
2026-08-15T10:55:00+00:00,0.0,77.3,5.93,20.9,33,60
2026-08-15T10:56:00+00:00,0.0,77.0,5.95,20.9,33,61
2026-08-15T10:57:00+00:00,0.0,76.8,5.97,20.9,33,61
2026-08-15T10:58:00+00:00,0.0,76.7,5.98,20.9,33,61
2026-08-15T10:59:00+00:00,0.1,76.9,6.0,20.9,33,61
2026-08-15T11:00:00+00:00,0.2,77.5,6.02,20.9,34,61
2026-08-15T11:01:00+00:00,0.3,78.1,6.03,20.9,34,61
2026-08-15T11:02:00+00:00,0.4,78.6,6.05,21.0,35,62
2026-08-15T11:03:00+00:00,0.5,79.1,6.07,21.0,36,62
2026-08-15T11:04:00+00:00,0.6,79.5,6.08,21.1,37,62
2026-08-15T11:05:00+00:00,0.7,79.9,6.1,21.2,38,62
2026-08-15T11:06:00+00:00,0.8,80.3,6.12,21.2,39,62
2026-08-15T11:07:00+00:00,0.9,80.6,6.13,21.3,40,62
2026-08-15T11:08:00+00:00,1.0,81.0,6.15,21.4,41,63
2026-08-15T11:09:00+00:00,1.1,81.3,6.17,21.4,42,63
2026-08-15T11:10:00+00:00,1.1,81.6,6.18,21.5,42,63
2026-08-15T11:11:00+00:00,1.2,81.9,6.2,21.6,43,63
2026-08-15T11:12:00+00:00,1.3,82.2,6.22,21.6,44,63
2026-08-15T11:13:00+00:00,1.4,82.5,6.23,21.7,45,63
2026-08-15T11:14:00+00:00,1.4,82.8,6.25,21.7,46,64
2026-08-15T11:15:00+00:00,1.5,83.2,6.27,21.8,46,64
2026-08-15T11:16:00+00:00,1.6,83.6,6.28,21.8,47,64
2026-08-15T11:17:00+00:00,1.6,84.0,6.3,21.8,47,64
2026-08-15T11:18:00+00:00,1.7,84.5,6.32,21.8,47,64
2026-08-15T11:19:00+00:00,1.7,85.0,6.33,21.8,47,64
2026-08-15T11:20:00+00:00,1.8,85.5,6.35,21.7,47,65
2026-08-15T11:21:00+00:00,1.8,86.1,6.37,21.7,47,65
2026-08-15T11:22:00+00:00,1.8,86.6,6.38,21.7,47,65
2026-08-15T11:23:00+00:00,1.8,87.1,6.4,21.6,46,65
2026-08-15T11:24:00+00:00,1.9,87.6,6.42,21.6,46,65
2026-08-15T11:25:00+00:00,1.9,88.0,6.43,21.5,46,65
2026-08-15T11:26:00+00:00,1.9,88.3,6.45,21.5,46,66
2026-08-15T11:27:00+00:00,1.9,88.6,6.47,21.5,46,66
2026-08-15T11:28:00+00:00,1.9,88.7,6.48,21.5,46,66
2026-08-15T11:29:00+00:00,1.9,88.8,6.5,21.5,46,66
2026-08-15T11:30:00+00:00,1.8,88.7,6.52,21.5,46,66
2026-08-15T11:31:00+00:00,1.8,88.6,6.53,21.6,47,66
2026-08-15T11:32:00+00:00,1.8,88.4,6.55,21.6,47,66
2026-08-15T11:33:00+00:00,1.7,88.3,6.57,21.7,48,67
2026-08-15T11:34:00+00:00,1.7,88.2,6.58,21.8,49,67
2026-08-15T11:35:00+00:00,1.6,88.0,6.6,21.9,51,67
2026-08-15T11:36:00+00:00,1.6,87.9,6.62,22.0,52,67
2026-08-15T11:37:00+00:00,1.5,87.7,6.63,22.1,53,67
2026-08-15T11:38:00+00:00,1.5,87.5,6.65,22.2,55,67
2026-08-15T11:39:00+00:00,1.4,87.3,6.67,22.3,56,68
2026-08-15T11:40:00+00:00,1.3,87.0,6.68,22.4,58,68
2026-08-15T11:41:00+00:00,1.3,86.7,6.7,22.5,59,68
2026-08-15T11:42:00+00:00,1.2,86.3,6.72,22.6,60,68
2026-08-15T11:43:00+00:00,1.1,85.9,6.73,22.7,61,68
2026-08-15T11:44:00+00:00,1.0,85.5,6.75,22.7,61,68
2026-08-15T11:45:00+00:00,0.9,85.0,6.77,22.8,61,68
2026-08-15T11:46:00+00:00,0.8,84.4,6.78,22.8,62,69
2026-08-15T11:47:00+00:00,0.7,83.9,6.8,22.8,62,69
2026-08-15T11:48:00+00:00,0.6,83.4,6.82,22.8,61,69
2026-08-15T11:49:00+00:00,0.5,82.9,6.83,22.8,61,69
2026-08-15T11:50:00+00:00,0.4,82.4,6.85,22.8,61,69
2026-08-15T11:51:00+00:00,0.3,81.9,6.87,22.8,60,69
2026-08-15T11:52:00+00:00,0.2,81.4,6.88,22.7,60,69
2026-08-15T11:53:00+00:00,0.1,80.9,6.9,22.7,59,69
2026-08-15T11:54:00+00:00,0.0,80.4,6.92,22.7,58,70
2026-08-15T11:55:00+00:00,0.0,80.5,6.93,22.6,58,70
2026-08-15T11:56:00+00:00,0.0,80.6,6.95,22.6,58,70
2026-08-15T11:57:00+00:00,0.0,80.6,6.97,22.6,58,70
2026-08-15T11:58:00+00:00,0.0,80.7,6.98,22.6,58,70
2026-08-15T11:59:00+00:00,0.0,80.7,7.0,22.6,58,70
2026-08-15T12:00:00+00:00,0.0,80.7,7.02,22.6,59,70
2026-08-15T12:01:00+00:00,0.0,80.3,7.03,22.7,59,70
2026-08-15T12:02:00+00:00,0.0,79.6,7.05,22.7,59,71
2026-08-15T12:03:00+00:00,0.0,78.8,7.07,22.8,60,71
2026-08-15T12:04:00+00:00,0.0,77.8,7.08,22.9,61,71
2026-08-15T12:05:00+00:00,0.0,76.8,7.1,23.0,62,71
2026-08-15T12:06:00+00:00,0.0,75.6,7.12,23.1,63,71
2026-08-15T12:07:00+00:00,0.0,74.4,7.13,23.3,64,71
2026-08-15T12:08:00+00:00,0.0,73.2,7.15,23.4,64,71
2026-08-15T12:09:00+00:00,0.0,72.0,7.17,23.5,65,71
2026-08-15T12:10:00+00:00,0.0,70.8,7.18,23.6,66,72
2026-08-15T12:11:00+00:00,0.0,69.7,7.2,23.7,67,72
2026-08-15T12:12:00+00:00,0.0,68.8,7.22,23.8,67,72
2026-08-15T12:13:00+00:00,0.0,68.0,7.23,23.9,68,72
2026-08-15T12:14:00+00:00,0.0,67.3,7.25,24.0,68,72
2026-08-15T12:15:00+00:00,0.0,66.9,7.27,24.0,69,72
2026-08-15T12:16:00+00:00,0.0,66.5,7.28,24.0,68,72
2026-08-15T12:17:00+00:00,0.0,66.3,7.3,24.0,68,72
2026-08-15T12:18:00+00:00,0.0,66.1,7.32,24.0,68,73
2026-08-15T12:19:00+00:00,0.0,66.0,7.33,24.0,68,73
2026-08-15T12:20:00+00:00,0.0,66.0,7.35,24.0,68,73
2026-08-15T12:21:00+00:00,0.0,66.1,7.37,23.9,68,73
2026-08-15T12:22:00+00:00,0.0,66.1,7.38,23.9,67,73
2026-08-15T12:23:00+00:00,0.0,66.2,7.4,23.8,67,73
2026-08-15T12:24:00+00:00,0.0,66.3,7.42,23.8,67,73
2026-08-15T12:25:00+00:00,0.0,66.3,7.43,23.8,66,73
2026-08-15T12:26:00+00:00,0.0,66.3,7.45,23.7,66,73
2026-08-15T12:27:00+00:00,0.0,66.2,7.47,23.7,66,74
2026-08-15T12:28:00+00:00,0.0,66.0,7.48,23.7,66,74
2026-08-15T12:29:00+00:00,0.0,65.8,7.5,23.7,66,74
2026-08-15T12:30:00+00:00,0.0,65.5,7.52,23.7,66,74
2026-08-15T12:31:00+00:00,0.0,65.1,7.53,23.8,66,74
2026-08-15T12:32:00+00:00,0.0,64.6,7.55,23.8,66,74
2026-08-15T12:33:00+00:00,0.0,64.1,7.57,23.9,67,74
2026-08-15T12:34:00+00:00,0.0,63.6,7.58,23.9,67,74
2026-08-15T12:35:00+00:00,0.0,63.0,7.6,24.0,67,75
2026-08-15T12:36:00+00:00,0.0,62.4,7.62,24.0,67,75
2026-08-15T12:37:00+00:00,0.0,61.9,7.63,24.1,66,75
2026-08-15T12:38:00+00:00,0.0,61.3,7.65,24.1,65,75
2026-08-15T12:39:00+00:00,0.0,60.7,7.67,24.2,64,75
2026-08-15T12:40:00+00:00,0.0,60.1,7.68,24.3,63,75
2026-08-15T12:41:00+00:00,0.0,59.5,7.7,24.3,62,75
2026-08-15T12:42:00+00:00,0.0,59.0,7.72,24.4,62,75
2026-08-15T12:43:00+00:00,0.0,58.5,7.73,24.4,61,75
2026-08-15T12:44:00+00:00,0.0,58.1,7.75,24.5,60,76
2026-08-15T12:45:00+00:00,0.0,57.7,7.77,24.5,60,76
2026-08-15T12:46:00+00:00,0.0,57.2,7.78,24.5,59,76
2026-08-15T12:47:00+00:00,0.0,56.8,7.8,24.5,59,76
2026-08-15T12:48:00+00:00,0.0,56.3,7.82,24.5,59,76
2026-08-15T12:49:00+00:00,0.0,55.8,7.83,24.5,59,76
2026-08-15T12:50:00+00:00,0.0,55.2,7.85,24.4,59,76
2026-08-15T12:51:00+00:00,0.0,54.6,7.87,24.4,60,76
2026-08-15T12:52:00+00:00,0.0,54.0,7.88,24.3,60,76
2026-08-15T12:53:00+00:00,0.0,53.4,7.9,24.2,61,76
2026-08-15T12:54:00+00:00,0.0,52.8,7.92,24.2,61,77
2026-08-15T12:55:00+00:00,0.0,52.2,7.93,24.1,62,77
2026-08-15T12:56:00+00:00,0.0,51.6,7.95,24.0,62,77
2026-08-15T12:57:00+00:00,0.0,51.1,7.97,24.0,62,77
2026-08-15T12:58:00+00:00,0.0,50.6,7.98,24.0,62,77
2026-08-15T12:59:00+00:00,0.0,50.1,8.0,24.0,61,77
2026-08-15T13:00:00+00:00,0.0,49.7,8.0,24.0,61,77
2026-08-15T13:01:00+00:00,0.0,49.4,8.0,24.0,61,77
2026-08-15T13:02:00+00:00,0.0,49.3,8.0,24.1,60,77
2026-08-15T13:03:00+00:00,0.0,49.3,8.0,24.2,59,78
2026-08-15T13:04:00+00:00,0.0,49.4,8.0,24.3,58,78
2026-08-15T13:05:00+00:00,0.0,49.6,8.0,24.4,57,78
2026-08-15T13:06:00+00:00,0.0,49.9,8.0,24.5,56,78
2026-08-15T13:07:00+00:00,0.0,50.2,8.02,24.7,55,78
2026-08-15T13:08:00+00:00,0.0,50.6,8.03,24.8,54,78
2026-08-15T13:09:00+00:00,0.0,50.9,8.05,24.9,53,78
2026-08-15T13:10:00+00:00,0.0,51.2,8.07,25.0,51,78
2026-08-15T13:11:00+00:00,0.0,51.4,8.08,25.2,50,78
2026-08-15T13:12:00+00:00,0.0,51.5,8.1,25.3,50,78
2026-08-15T13:13:00+00:00,0.0,51.5,8.12,25.3,49,79
2026-08-15T13:14:00+00:00,0.0,51.3,8.13,25.4,48,79
2026-08-15T13:15:00+00:00,0.0,51.0,8.15,25.4,48,79
2026-08-15T13:16:00+00:00,0.0,50.6,8.17,25.5,47,79
2026-08-15T13:17:00+00:00,0.0,50.2,8.18,25.5,47,79
2026-08-15T13:18:00+00:00,0.0,49.8,8.18,25.4,47,79
2026-08-15T13:19:00+00:00,0.0,49.4,8.18,25.4,47,79
2026-08-15T13:20:00+00:00,0.0,48.9,8.18,25.3,48,79
2026-08-15T13:21:00+00:00,0.0,48.5,8.18,25.3,48,79
2026-08-15T13:22:00+00:00,0.0,48.1,8.18,25.2,49,79
2026-08-15T13:23:00+00:00,0.0,47.6,8.18,25.1,49,80
2026-08-15T13:24:00+00:00,0.0,47.2,8.18,25.1,50,80
2026-08-15T13:25:00+00:00,0.0,46.7,8.18,25.0,50,80
2026-08-15T13:26:00+00:00,0.0,46.3,8.18,25.0,50,80
2026-08-15T13:27:00+00:00,0.0,45.8,8.18,24.9,50,80
2026-08-15T13:28:00+00:00,0.0,45.4,8.18,24.9,50,80
2026-08-15T13:29:00+00:00,0.0,45.0,8.18,24.9,50,80
2026-08-15T13:30:00+00:00,0.0,44.6,8.18,24.9,50,80
2026-08-15T13:31:00+00:00,0.0,44.2,8.18,25.0,49,80
2026-08-15T13:32:00+00:00,0.0,43.9,8.18,25.0,49,80
2026-08-15T13:33:00+00:00,0.0,43.5,8.18,25.1,48,81
2026-08-15T13:34:00+00:00,0.0,43.2,8.18,25.1,47,81
2026-08-15T13:35:00+00:00,0.0,42.8,8.18,25.2,46,81
2026-08-15T13:36:00+00:00,0.0,42.5,8.18,25.3,45,81
2026-08-15T13:37:00+00:00,0.0,42.2,8.18,25.4,44,81
2026-08-15T13:38:00+00:00,0.0,41.8,8.18,25.5,43,81
2026-08-15T13:39:00+00:00,0.0,41.5,8.18,25.6,42,81
2026-08-15T13:40:00+00:00,0.0,41.2,8.18,25.7,41,81
2026-08-15T13:41:00+00:00,0.0,40.8,8.18,25.8,40,81
2026-08-15T13:42:00+00:00,0.0,40.5,8.18,25.9,39,81
2026-08-15T13:43:00+00:00,0.0,40.1,8.18,25.9,38,82
2026-08-15T13:44:00+00:00,0.0,39.8,8.18,26.0,37,82
2026-08-15T13:45:00+00:00,0.0,39.4,8.18,26.0,37,82
2026-08-15T13:46:00+00:00,0.0,38.9,8.18,26.0,37,82
2026-08-15T13:47:00+00:00,0.0,38.2,8.18,26.1,36,82
2026-08-15T13:48:00+00:00,0.0,37.4,8.18,26.1,35,82
2026-08-15T13:49:00+00:00,0.0,36.4,8.18,26.2,34,82
2026-08-15T13:50:00+00:00,0.0,35.3,8.18,26.2,33,82
2026-08-15T13:51:00+00:00,0.0,34.1,8.18,26.3,32,82
2026-08-15T13:52:00+00:00,0.0,32.8,8.18,26.3,31,82
2026-08-15T13:53:00+00:00,0.0,31.5,8.18,26.4,30,82
2026-08-15T13:54:00+00:00,0.0,30.2,8.18,26.5,29,83
2026-08-15T13:55:00+00:00,0.0,29.0,8.18,26.5,29,83
2026-08-15T13:56:00+00:00,0.0,27.9,8.18,26.6,28,83
2026-08-15T13:57:00+00:00,0.0,26.9,8.18,26.6,27,83
2026-08-15T13:58:00+00:00,0.0,26.1,8.18,26.7,26,83
2026-08-15T13:59:00+00:00,0.0,25.4,8.18,26.7,26,83
2026-08-15T14:00:00+00:00,0.0,24.9,8.18,26.7,25,83
2026-08-15T14:01:00+00:00,0.0,24.6,8.18,26.8,25,83
2026-08-15T14:02:00+00:00,0.0,24.4,8.18,26.8,25,83
2026-08-15T14:03:00+00:00,0.0,24.4,8.18,26.8,24,83
2026-08-15T14:04:00+00:00,0.0,24.4,8.18,26.9,24,83
2026-08-15T14:05:00+00:00,0.0,24.5,8.18,26.9,24,84
2026-08-15T14:06:00+00:00,0.0,24.7,8.18,27.0,24,84
2026-08-15T14:07:00+00:00,0.0,25.0,8.18,27.0,23,84
2026-08-15T14:08:00+00:00,0.0,25.2,8.18,27.0,23,84
2026-08-15T14:09:00+00:00,0.0,25.5,8.18,27.1,23,84
2026-08-15T14:10:00+00:00,0.0,25.7,8.18,27.1,23,84
2026-08-15T14:11:00+00:00,0.0,25.8,8.18,27.2,22,84
2026-08-15T14:12:00+00:00,0.0,25.8,8.18,27.2,22,84
2026-08-15T14:13:00+00:00,0.0,25.8,8.18,27.2,22,84
2026-08-15T14:14:00+00:00,0.0,25.6,8.18,27.3,21,84
2026-08-15T14:15:00+00:00,0.0,25.3,8.18,27.3,21,84
2026-08-15T14:16:00+00:00,0.0,24.8,8.18,27.3,21,84
2026-08-15T14:17:00+00:00,0.0,24.4,8.18,27.3,21,85
2026-08-15T14:18:00+00:00,0.0,23.9,8.18,27.3,21,85
2026-08-15T14:19:00+00:00,0.0,23.4,8.18,27.3,21,85
2026-08-15T14:20:00+00:00,0.0,22.8,8.18,27.2,21,85
2026-08-15T14:21:00+00:00,0.0,22.2,8.18,27.2,21,85
2026-08-15T14:22:00+00:00,0.0,21.6,8.18,27.1,21,85
2026-08-15T14:23:00+00:00,0.0,21.0,8.18,27.1,21,85
2026-08-15T14:24:00+00:00,0.0,20.4,8.18,27.0,22,85
2026-08-15T14:25:00+00:00,0.0,19.8,8.18,27.0,22,85
2026-08-15T14:26:00+00:00,0.0,19.2,8.18,27.0,22,85
2026-08-15T14:27:00+00:00,0.0,18.7,8.18,26.9,22,85
2026-08-15T14:28:00+00:00,0.0,18.2,8.18,26.9,22,85
2026-08-15T14:29:00+00:00,0.0,17.7,8.18,26.9,22,85
2026-08-15T14:30:00+00:00,0.0,17.3,8.18,26.9,22,86
2026-08-15T14:31:00+00:00,0.0,17.3,8.18,27.0,21,86
2026-08-15T14:32:00+00:00,0.0,17.3,8.18,27.0,21,86
2026-08-15T14:33:00+00:00,0.0,17.2,8.18,27.0,21,86
2026-08-15T14:34:00+00:00,0.0,17.1,8.18,27.0,21,86
2026-08-15T14:35:00+00:00,0.0,17.0,8.18,26.9,21,86
2026-08-15T14:36:00+00:00,0.0,16.9,8.18,26.9,22,86
2026-08-15T14:37:00+00:00,0.0,16.8,8.18,26.9,22,86
2026-08-15T14:38:00+00:00,0.0,16.7,8.18,26.9,22,86
2026-08-15T14:39:00+00:00,0.0,16.6,8.18,26.9,22,86
2026-08-15T14:40:00+00:00,0.0,16.5,8.18,26.8,22,86
2026-08-15T14:41:00+00:00,0.0,16.4,8.18,26.8,22,86
2026-08-15T14:42:00+00:00,0.0,16.3,8.18,26.8,22,86
2026-08-15T14:43:00+00:00,0.0,16.3,8.18,26.8,22,86
2026-08-15T14:44:00+00:00,0.0,16.2,8.18,26.8,22,87
2026-08-15T14:45:00+00:00,0.0,16.2,8.18,26.8,22,87
2026-08-15T14:46:00+00:00,0.0,16.3,8.18,26.9,22,87
2026-08-15T14:47:00+00:00,0.0,16.4,8.18,26.9,21,87
2026-08-15T14:48:00+00:00,0.0,16.6,8.18,27.0,21,87
2026-08-15T14:49:00+00:00,0.0,16.9,8.18,27.0,21,87
2026-08-15T14:50:00+00:00,0.0,17.2,8.18,27.1,20,87
2026-08-15T14:51:00+00:00,0.0,17.6,8.18,27.2,20,87
2026-08-15T14:52:00+00:00,0.0,18.0,8.18,27.3,19,87
2026-08-15T14:53:00+00:00,0.0,18.4,8.18,27.4,19,87
2026-08-15T14:54:00+00:00,0.0,18.8,8.18,27.5,18,87
2026-08-15T14:55:00+00:00,0.0,19.2,8.18,27.6,17,87
2026-08-15T14:56:00+00:00,0.0,19.5,8.18,27.7,17,87
2026-08-15T14:57:00+00:00,0.0,19.8,8.18,27.7,16,87
2026-08-15T14:58:00+00:00,0.0,20.0,8.18,27.8,16,87
2026-08-15T14:59:00+00:00,0.0,20.1,8.18,27.8,16,88
2026-08-15T15:00:00+00:00,0.0,20.1,8.18,27.9,16,88
2026-08-15T15:01:00+00:00,0.0,20.1,8.18,27.9,15,88
2026-08-15T15:02:00+00:00,0.0,20.1,8.18,27.9,15,88
2026-08-15T15:03:00+00:00,0.0,20.1,8.18,28.0,15,88
2026-08-15T15:04:00+00:00,0.0,20.1,8.18,28.0,14,88
2026-08-15T15:05:00+00:00,0.0,20.1,8.18,28.1,14,88
2026-08-15T15:06:00+00:00,0.0,20.1,8.18,28.2,13,88
2026-08-15T15:07:00+00:00,0.0,20.0,8.18,28.2,13,88
2026-08-15T15:08:00+00:00,0.0,20.0,8.18,28.3,12,88
2026-08-15T15:09:00+00:00,0.0,20.0,8.18,28.4,12,88
2026-08-15T15:10:00+00:00,0.0,19.9,8.18,28.5,11,88
2026-08-15T15:11:00+00:00,0.0,19.9,8.18,28.5,11,88
2026-08-15T15:12:00+00:00,0.0,19.9,8.18,28.6,10,88
2026-08-15T15:13:00+00:00,0.0,19.9,8.18,28.6,10,88
2026-08-15T15:14:00+00:00,0.0,19.9,8.18,28.7,9,88
2026-08-15T15:15:00+00:00,0.0,19.9,8.18,28.7,9,88
2026-08-15T15:16:00+00:00,0.0,19.9,8.18,28.7,9,88
2026-08-15T15:17:00+00:00,0.0,19.9,8.18,28.7,9,89
2026-08-15T15:18:00+00:00,0.0,20.0,8.18,28.7,9,89
2026-08-15T15:19:00+00:00,0.0,20.1,8.18,28.7,9,89
2026-08-15T15:20:00+00:00,0.0,20.3,8.18,28.7,9,89
2026-08-15T15:21:00+00:00,0.0,20.4,8.18,28.7,9,89
2026-08-15T15:22:00+00:00,0.0,20.6,8.18,28.8,9,89
2026-08-15T15:23:00+00:00,0.0,20.7,8.18,28.8,9,89
2026-08-15T15:24:00+00:00,0.0,20.9,8.18,28.8,9,89
2026-08-15T15:25:00+00:00,0.0,21.0,8.18,28.8,9,89
2026-08-15T15:26:00+00:00,0.0,21.1,8.18,28.8,9,89
2026-08-15T15:27:00+00:00,0.0,21.3,8.18,28.8,9,89
2026-08-15T15:28:00+00:00,0.0,21.3,8.18,28.8,9,89
2026-08-15T15:29:00+00:00,0.0,21.4,8.18,28.8,8,89
2026-08-15T15:30:00+00:00,0.0,21.4,8.18,28.8,8,89
2026-08-15T15:31:00+00:00,0.0,21.3,8.18,28.8,8,89
2026-08-15T15:32:00+00:00,0.0,21.0,8.18,28.8,8,89
2026-08-15T15:33:00+00:00,0.0,20.6,8.18,28.8,8,89
2026-08-15T15:34:00+00:00,0.0,20.0,8.18,28.8,9,89
2026-08-15T15:35:00+00:00,0.0,19.3,8.18,28.7,9,89
2026-08-15T15:36:00+00:00,0.0,18.6,8.18,28.7,9,89
2026-08-15T15:37:00+00:00,0.0,17.7,8.18,28.6,9,89
2026-08-15T15:38:00+00:00,0.0,16.9,8.18,28.6,10,90
2026-08-15T15:39:00+00:00,0.0,16.0,8.18,28.5,10,90
2026-08-15T15:40:00+00:00,0.0,15.2,8.18,28.5,10,90
2026-08-15T15:41:00+00:00,0.0,14.5,8.18,28.4,10,90
2026-08-15T15:42:00+00:00,0.0,14.0,8.18,28.4,11,90
2026-08-15T15:43:00+00:00,0.0,13.5,8.18,28.4,11,90
2026-08-15T15:44:00+00:00,0.0,13.3,8.18,28.3,11,90
2026-08-15T15:45:00+00:00,0.0,13.2,8.18,28.4,11,90
2026-08-15T15:46:00+00:00,0.0,13.2,8.18,28.4,11,90
2026-08-15T15:47:00+00:00,0.0,13.2,8.18,28.4,11,90
2026-08-15T15:48:00+00:00,0.0,13.3,8.18,28.4,11,90
2026-08-15T15:49:00+00:00,0.0,13.4,8.18,28.4,11,90
2026-08-15T15:50:00+00:00,0.0,13.5,8.18,28.4,11,90
2026-08-15T15:51:00+00:00,0.0,13.7,8.18,28.4,11,90
2026-08-15T15:52:00+00:00,0.0,13.8,8.18,28.4,11,90
2026-08-15T15:53:00+00:00,0.0,14.0,8.18,28.4,11,90
2026-08-15T15:54:00+00:00,0.0,14.1,8.18,28.4,11,90
2026-08-15T15:55:00+00:00,0.0,14.3,8.18,28.4,11,90
2026-08-15T15:56:00+00:00,0.0,14.4,8.18,28.4,11,90
2026-08-15T15:57:00+00:00,0.0,14.5,8.18,28.4,11,90
2026-08-15T15:58:00+00:00,0.0,14.6,8.18,28.4,11,90
2026-08-15T15:59:00+00:00,0.0,14.6,8.18,28.4,11,90
2026-08-15T16:00:00+00:00,0.0,14.6,8.18,28.4,11,90
2026-08-15T16:01:00+00:00,0.0,14.6,8.18,28.4,10,90
2026-08-15T16:02:00+00:00,0.0,14.6,8.18,28.4,10,90
2026-08-15T16:03:00+00:00,0.0,14.5,8.18,28.4,10,90
2026-08-15T16:04:00+00:00,0.0,14.5,8.18,28.5,10,90
2026-08-15T16:05:00+00:00,0.0,14.4,8.18,28.5,10,91
2026-08-15T16:06:00+00:00,0.0,14.3,8.18,28.5,10,91
2026-08-15T16:07:00+00:00,0.0,14.2,8.18,28.5,10,91
2026-08-15T16:08:00+00:00,0.0,14.1,8.18,28.5,10,91
2026-08-15T16:09:00+00:00,0.0,14.0,8.18,28.6,9,91
2026-08-15T16:10:00+00:00,0.0,13.9,8.18,28.6,9,91
2026-08-15T16:11:00+00:00,0.0,13.8,8.18,28.6,9,91
2026-08-15T16:12:00+00:00,0.0,13.7,8.18,28.6,9,91
2026-08-15T16:13:00+00:00,0.0,13.6,8.18,28.6,9,91
2026-08-15T16:14:00+00:00,0.0,13.6,8.18,28.6,9,91
2026-08-15T16:15:00+00:00,0.0,13.6,8.18,28.6,9,91
2026-08-15T16:16:00+00:00,0.0,13.6,8.18,28.7,9,91
2026-08-15T16:17:00+00:00,0.0,13.6,8.18,28.7,9,91
2026-08-15T16:18:00+00:00,0.0,13.6,8.18,28.7,9,91
2026-08-15T16:19:00+00:00,0.0,13.6,8.18,28.7,8,91
2026-08-15T16:20:00+00:00,0.0,13.5,8.18,28.7,8,91
2026-08-15T16:21:00+00:00,0.0,13.5,8.18,28.7,8,91
2026-08-15T16:22:00+00:00,0.0,13.5,8.18,28.7,8,91
2026-08-15T16:23:00+00:00,0.0,13.4,8.18,28.7,8,91
2026-08-15T16:24:00+00:00,0.0,13.4,8.18,28.7,8,91
2026-08-15T16:25:00+00:00,0.0,13.4,8.18,28.8,8,91
2026-08-15T16:26:00+00:00,0.0,13.4,8.18,28.8,8,91
2026-08-15T16:27:00+00:00,0.0,13.3,8.18,28.8,8,91
2026-08-15T16:28:00+00:00,0.0,13.3,8.18,28.8,8,91
2026-08-15T16:29:00+00:00,0.0,13.3,8.18,28.8,8,91
2026-08-15T16:30:00+00:00,0.0,13.3,8.18,28.8,8,91
2026-08-15T16:31:00+00:00,0.0,13.4,8.18,28.8,8,91
2026-08-15T16:32:00+00:00,0.0,13.5,8.18,28.8,8,91
2026-08-15T16:33:00+00:00,0.0,13.8,8.18,28.8,8,91
2026-08-15T16:34:00+00:00,0.0,14.1,8.18,28.8,7,91
2026-08-15T16:35:00+00:00,0.0,14.5,8.18,28.9,7,91
2026-08-15T16:36:00+00:00,0.0,15.0,8.18,28.9,7,92
2026-08-15T16:37:00+00:00,0.0,15.5,8.18,28.9,7,92
2026-08-15T16:38:00+00:00,0.0,16.0,8.18,28.9,7,92
2026-08-15T16:39:00+00:00,0.0,16.5,8.18,28.9,7,92
2026-08-15T16:40:00+00:00,0.0,17.0,8.18,29.0,7,92
2026-08-15T16:41:00+00:00,0.0,17.4,8.18,29.0,7,92
2026-08-15T16:42:00+00:00,0.0,17.8,8.18,29.0,7,92
2026-08-15T16:43:00+00:00,0.0,18.0,8.18,29.0,7,92
2026-08-15T16:44:00+00:00,0.0,18.2,8.18,29.0,7,92
2026-08-15T16:45:00+00:00,0.0,18.3,8.18,29.0,7,92
2026-08-15T16:46:00+00:00,0.0,18.3,8.18,29.0,7,92
2026-08-15T16:47:00+00:00,0.0,18.3,8.18,29.0,7,92
2026-08-15T16:48:00+00:00,0.0,18.3,8.18,29.0,7,92
2026-08-15T16:49:00+00:00,0.0,18.4,8.18,29.0,7,92
2026-08-15T16:50:00+00:00,0.0,18.5,8.18,29.0,7,92
2026-08-15T16:51:00+00:00,0.0,18.5,8.18,29.0,7,92
2026-08-15T16:52:00+00:00,0.0,18.6,8.18,29.0,7,92
2026-08-15T16:53:00+00:00,0.0,18.7,8.18,28.9,7,92
2026-08-15T16:54:00+00:00,0.0,18.8,8.18,28.9,7,92
2026-08-15T16:55:00+00:00,0.0,18.9,8.18,28.9,8,92
2026-08-15T16:56:00+00:00,0.0,19.0,8.18,28.9,8,92
2026-08-15T16:57:00+00:00,0.0,19.0,8.18,28.9,8,92
2026-08-15T16:58:00+00:00,0.0,19.1,8.18,28.9,8,92
2026-08-15T16:59:00+00:00,0.0,19.1,8.18,28.9,8,92
2026-08-15T17:00:00+00:00,0.0,19.1,8.18,28.9,8,92
2026-08-15T17:01:00+00:00,0.0,19.1,8.18,28.9,8,92
2026-08-15T17:02:00+00:00,0.0,19.1,8.18,28.8,8,92
2026-08-15T17:03:00+00:00,0.0,19.1,8.18,28.8,8,92
2026-08-15T17:04:00+00:00,0.0,19.0,8.18,28.8,8,92
2026-08-15T17:05:00+00:00,0.0,19.0,8.18,28.8,9,92
2026-08-15T17:06:00+00:00,0.0,18.9,8.18,28.7,9,92
2026-08-15T17:07:00+00:00,0.0,18.9,8.18,28.7,9,92
2026-08-15T17:08:00+00:00,0.0,18.8,8.18,28.6,10,92
2026-08-15T17:09:00+00:00,0.0,18.8,8.18,28.6,10,92
2026-08-15T17:10:00+00:00,0.0,18.7,8.18,28.5,10,92
2026-08-15T17:11:00+00:00,0.0,18.7,8.18,28.5,11,92
2026-08-15T17:12:00+00:00,0.0,18.7,8.18,28.4,11,92
2026-08-15T17:13:00+00:00,0.0,18.6,8.18,28.4,11,92
2026-08-15T17:14:00+00:00,0.0,18.6,8.18,28.4,11,92
2026-08-15T17:15:00+00:00,0.0,18.6,8.18,28.4,11,92
2026-08-15T17:16:00+00:00,0.0,18.6,8.18,28.4,11,92
2026-08-15T17:17:00+00:00,0.0,18.6,8.18,28.4,11,92
2026-08-15T17:18:00+00:00,0.0,18.5,8.18,28.4,11,92
2026-08-15T17:19:00+00:00,0.0,18.4,8.18,28.3,12,92
2026-08-15T17:20:00+00:00,0.0,18.3,8.18,28.3,12,92
2026-08-15T17:21:00+00:00,0.0,18.1,8.18,28.3,12,92
2026-08-15T17:22:00+00:00,0.0,18.0,8.18,28.2,12,92
2026-08-15T17:23:00+00:00,0.0,17.9,8.18,28.2,12,92
2026-08-15T17:24:00+00:00,0.0,17.7,8.18,28.2,13,92
2026-08-15T17:25:00+00:00,0.0,17.6,8.18,28.1,13,92
2026-08-15T17:26:00+00:00,0.0,17.5,8.18,28.1,13,92
2026-08-15T17:27:00+00:00,0.0,17.4,8.18,28.1,13,92
2026-08-15T17:28:00+00:00,0.0,17.3,8.18,28.1,13,92
2026-08-15T17:29:00+00:00,0.0,17.2,8.18,28.1,13,92
2026-08-15T17:30:00+00:00,0.0,17.2,8.18,28.1,13,92
2026-08-15T17:31:00+00:00,0.0,17.3,8.18,28.1,13,92
2026-08-15T17:32:00+00:00,0.0,17.5,8.18,28.1,13,92
2026-08-15T17:33:00+00:00,0.0,17.8,8.18,28.1,13,92
2026-08-15T17:34:00+00:00,0.0,18.2,8.18,28.2,13,92
2026-08-15T17:35:00+00:00,0.0,18.6,8.18,28.3,12,92
2026-08-15T17:36:00+00:00,0.0,19.2,8.18,28.4,12,92
2026-08-15T17:37:00+00:00,0.0,19.8,8.18,28.5,11,92
2026-08-15T17:38:00+00:00,0.0,20.3,8.18,28.6,10,92
2026-08-15T17:39:00+00:00,0.0,20.9,8.18,28.6,10,92
2026-08-15T17:40:00+00:00,0.0,21.5,8.18,28.7,9,92
2026-08-15T17:41:00+00:00,0.0,21.9,8.18,28.8,9,92
2026-08-15T17:42:00+00:00,0.0,22.3,8.18,28.9,8,92
2026-08-15T17:43:00+00:00,0.0,22.6,8.18,28.9,8,92
2026-08-15T17:44:00+00:00,0.0,22.8,8.18,28.9,8,92
2026-08-15T17:45:00+00:00,0.0,22.9,8.18,28.9,8,92
2026-08-15T17:46:00+00:00,0.0,22.8,8.18,28.9,8,92
2026-08-15T17:47:00+00:00,0.0,22.5,8.18,28.9,8,92
2026-08-15T17:48:00+00:00,0.0,22.0,8.18,28.9,8,92
2026-08-15T17:49:00+00:00,0.0,21.3,8.18,28.8,8,92
2026-08-15T17:50:00+00:00,0.0,20.5,8.18,28.8,9,92
2026-08-15T17:51:00+00:00,0.0,19.6,8.18,28.8,9,92
2026-08-15T17:52:00+00:00,0.0,18.7,8.18,28.7,9,92
2026-08-15T17:53:00+00:00,0.0,17.7,8.18,28.6,9,92
2026-08-15T17:54:00+00:00,0.0,16.7,8.18,28.6,10,92
2026-08-15T17:55:00+00:00,0.0,15.8,8.18,28.5,10,92
2026-08-15T17:56:00+00:00,0.0,15.0,8.18,28.5,10,92
2026-08-15T17:57:00+00:00,0.0,14.4,8.18,28.5,10,92
2026-08-15T17:58:00+00:00,0.0,13.9,8.18,28.4,10,92
2026-08-15T17:59:00+00:00,0.0,13.6,8.18,28.4,10,92
2026-08-15T18:00:00+00:00,0.0,13.5,8.18,28.4,10,92
2026-08-15T18:01:00+00:00,0.0,13.5,8.18,28.4,11,92
2026-08-15T18:02:00+00:00,0.0,13.7,8.18,28.4,11,92
2026-08-15T18:03:00+00:00,0.0,13.9,8.18,28.4,11,92
2026-08-15T18:04:00+00:00,0.0,14.2,8.18,28.3,11,92
2026-08-15T18:05:00+00:00,0.0,14.6,8.18,28.3,11,92
2026-08-15T18:06:00+00:00,0.0,15.1,8.18,28.3,11,92
2026-08-15T18:07:00+00:00,0.0,15.6,8.18,28.3,12,92
2026-08-15T18:08:00+00:00,0.0,16.0,8.18,28.3,12,92
2026-08-15T18:09:00+00:00,0.0,16.5,8.18,28.2,12,92
2026-08-15T18:10:00+00:00,0.0,17.0,8.18,28.2,12,92
2026-08-15T18:11:00+00:00,0.0,17.4,8.18,28.2,12,91
2026-08-15T18:12:00+00:00,0.0,17.7,8.18,28.2,13,91
2026-08-15T18:13:00+00:00,0.0,17.9,8.18,28.2,13,91
2026-08-15T18:14:00+00:00,0.0,18.1,8.18,28.2,13,91
2026-08-15T18:15:00+00:00,0.0,18.1,8.18,28.2,13,91
2026-08-15T18:16:00+00:00,0.0,18.1,8.18,28.1,13,91
2026-08-15T18:17:00+00:00,0.0,17.9,8.18,28.1,13,91
2026-08-15T18:18:00+00:00,0.0,17.7,8.18,28.1,13,91
2026-08-15T18:19:00+00:00,0.0,17.3,8.18,28.0,14,91
2026-08-15T18:20:00+00:00,0.0,16.9,8.18,28.0,14,91
2026-08-15T18:21:00+00:00,0.0,16.4,8.18,27.9,14,91
2026-08-15T18:22:00+00:00,0.0,15.8,8.18,27.9,15,91
2026-08-15T18:23:00+00:00,0.0,15.3,8.18,27.8,15,91
2026-08-15T18:24:00+00:00,0.0,14.8,8.18,27.7,15,91
2026-08-15T18:25:00+00:00,0.0,14.3,8.18,27.7,15,91
2026-08-15T18:26:00+00:00,0.0,13.9,8.18,27.6,16,91
2026-08-15T18:27:00+00:00,0.0,13.5,8.18,27.6,16,91
2026-08-15T18:28:00+00:00,0.0,13.2,8.18,27.5,16,91
2026-08-15T18:29:00+00:00,0.0,13.1,8.18,27.5,16,90
2026-08-15T18:30:00+00:00,0.0,13.0,8.18,27.5,16,90
2026-08-15T18:31:00+00:00,0.0,13.0,8.18,27.5,16,90
2026-08-15T18:32:00+00:00,0.0,13.1,8.18,27.5,17,90
2026-08-15T18:33:00+00:00,0.0,13.1,8.18,27.5,17,90
2026-08-15T18:34:00+00:00,0.0,13.2,8.18,27.5,17,90
2026-08-15T18:35:00+00:00,0.0,13.3,8.18,27.5,17,90
2026-08-15T18:36:00+00:00,0.0,13.4,8.18,27.5,17,90
2026-08-15T18:37:00+00:00,0.0,13.5,8.18,27.5,17,90
2026-08-15T18:38:00+00:00,0.0,13.7,8.18,27.4,17,90
2026-08-15T18:39:00+00:00,0.0,13.8,8.18,27.4,17,90
2026-08-15T18:40:00+00:00,0.0,13.9,8.18,27.4,17,90
2026-08-15T18:41:00+00:00,0.0,14.0,8.18,27.4,17,90
2026-08-15T18:42:00+00:00,0.0,14.1,8.18,27.4,17,90
2026-08-15T18:43:00+00:00,0.0,14.1,8.18,27.4,17,89
2026-08-15T18:44:00+00:00,0.0,14.2,8.18,27.4,17,89
2026-08-15T18:45:00+00:00,0.0,14.2,8.18,27.4,17,89
2026-08-15T18:46:00+00:00,0.0,14.2,8.18,27.4,17,89
2026-08-15T18:47:00+00:00,0.0,14.4,8.18,27.4,17,89
2026-08-15T18:48:00+00:00,0.0,14.8,8.18,27.5,17,89
2026-08-15T18:49:00+00:00,0.0,15.2,8.18,27.5,17,89
2026-08-15T18:50:00+00:00,0.0,15.7,8.18,27.6,16,89
2026-08-15T18:51:00+00:00,0.0,16.4,8.18,27.8,15,89
2026-08-15T18:52:00+00:00,0.0,17.0,8.18,27.9,15,89
2026-08-15T18:53:00+00:00,0.0,17.7,8.18,28.0,14,89
2026-08-15T18:54:00+00:00,0.0,18.3,8.18,28.1,13,89
2026-08-15T18:55:00+00:00,0.0,18.9,8.18,28.2,13,89
2026-08-15T18:56:00+00:00,0.0,19.4,8.18,28.3,12,88
2026-08-15T18:57:00+00:00,0.0,19.9,8.18,28.4,12,88
2026-08-15T18:58:00+00:00,0.0,20.2,8.18,28.4,11,88
2026-08-15T18:59:00+00:00,0.0,20.4,8.18,28.5,11,88
2026-08-15T19:00:00+00:00,0.0,20.5,8.18,28.5,11,88
2026-08-15T19:01:00+00:00,0.0,20.5,8.18,28.4,11,88
2026-08-15T19:02:00+00:00,0.0,20.3,8.18,28.4,11,88
2026-08-15T19:03:00+00:00,0.0,20.1,8.18,28.4,12,88
2026-08-15T19:04:00+00:00,0.0,19.9,8.18,28.4,12,88
2026-08-15T19:05:00+00:00,0.0,19.5,8.18,28.3,12,88
2026-08-15T19:06:00+00:00,0.0,19.2,8.18,28.3,12,88
2026-08-15T19:07:00+00:00,0.0,18.8,8.18,28.3,12,87
2026-08-15T19:08:00+00:00,0.0,18.4,8.18,28.2,12,87
2026-08-15T19:09:00+00:00,0.0,18.0,8.18,28.2,13,87
2026-08-15T19:10:00+00:00,0.0,17.6,8.18,28.2,13,87
2026-08-15T19:11:00+00:00,0.0,17.3,8.18,28.1,13,87
2026-08-15T19:12:00+00:00,0.0,17.0,8.18,28.1,13,87
2026-08-15T19:13:00+00:00,0.0,16.8,8.18,28.1,13,87
2026-08-15T19:14:00+00:00,0.0,16.7,8.18,28.0,13,87
2026-08-15T19:15:00+00:00,0.0,16.7,8.18,28.0,14,87
2026-08-15T19:16:00+00:00,0.0,16.7,8.18,28.0,14,87
2026-08-15T19:17:00+00:00,0.0,16.8,8.18,28.0,14,87
2026-08-15T19:18:00+00:00,0.0,16.9,8.18,27.9,14,86
2026-08-15T19:19:00+00:00,0.0,17.1,8.18,27.9,15,86
2026-08-15T19:20:00+00:00,0.0,17.3,8.18,27.8,15,86
2026-08-15T19:21:00+00:00,0.0,17.6,8.18,27.7,16,86
2026-08-15T19:22:00+00:00,0.0,17.8,8.18,27.7,16,86
2026-08-15T19:23:00+00:00,0.0,18.1,8.18,27.6,17,86
2026-08-15T19:24:00+00:00,0.0,18.4,8.18,27.5,18,86
2026-08-15T19:25:00+00:00,0.0,18.6,8.18,27.4,18,86
2026-08-15T19:26:00+00:00,0.0,18.8,8.18,27.4,19,86
2026-08-15T19:27:00+00:00,0.0,19.0,8.18,27.3,19,86
2026-08-15T19:28:00+00:00,0.0,19.1,8.18,27.3,20,85
2026-08-15T19:29:00+00:00,0.0,19.2,8.18,27.2,20,85
2026-08-15T19:30:00+00:00,0.0,19.2,8.18,27.2,20,85
2026-08-15T19:31:00+00:00,0.0,19.2,8.18,27.2,20,85
2026-08-15T19:32:00+00:00,0.0,19.1,8.18,27.2,20,85
2026-08-15T19:33:00+00:00,0.0,18.9,8.18,27.2,20,85
2026-08-15T19:34:00+00:00,0.0,18.7,8.18,27.2,20,85
2026-08-15T19:35:00+00:00,0.0,18.5,8.18,27.2,20,85
2026-08-15T19:36:00+00:00,0.0,18.2,8.18,27.2,20,85
2026-08-15T19:37:00+00:00,0.0,18.0,8.18,27.2,20,85
2026-08-15T19:38:00+00:00,0.3,19.0,8.18,27.2,20,85
2026-08-15T19:39:00+00:00,0.5,20.1,8.18,27.3,20,84
2026-08-15T19:40:00+00:00,0.7,21.1,8.18,27.3,20,84
2026-08-15T19:41:00+00:00,1.0,22.2,8.18,27.3,20,84
2026-08-15T19:42:00+00:00,1.2,23.4,8.18,27.3,21,84
2026-08-15T19:43:00+00:00,1.5,24.5,8.18,27.3,21,84
2026-08-15T19:44:00+00:00,1.7,25.8,8.18,27.3,21,84
2026-08-15T19:45:00+00:00,1.9,27.1,8.18,27.3,22,84
2026-08-15T19:46:00+00:00,2.2,28.4,8.18,27.2,22,84
2026-08-15T19:47:00+00:00,2.4,29.7,8.18,27.2,23,84
2026-08-15T19:48:00+00:00,2.6,31.1,8.18,27.1,24,84
2026-08-15T19:49:00+00:00,2.8,32.6,8.18,27.1,25,84
2026-08-15T19:50:00+00:00,3.0,34.0,8.18,27.0,26,83
2026-08-15T19:51:00+00:00,3.3,35.5,8.18,26.9,27,83
2026-08-15T19:52:00+00:00,3.5,36.9,8.18,26.9,28,83
2026-08-15T19:53:00+00:00,3.7,38.3,8.18,26.8,29,83
2026-08-15T19:54:00+00:00,3.9,39.7,8.18,26.7,31,83
2026-08-15T19:55:00+00:00,4.1,41.0,8.18,26.6,32,83
2026-08-15T19:56:00+00:00,4.3,42.3,8.18,26.6,33,83
2026-08-15T19:57:00+00:00,4.4,43.5,8.18,26.5,34,83
2026-08-15T19:58:00+00:00,4.6,44.7,8.18,26.5,35,83
2026-08-15T19:59:00+00:00,4.8,45.8,8.18,26.4,35,83
2026-08-15T20:00:00+00:00,5.0,46.7,8.18,26.4,36,83
2026-08-15T20:01:00+00:00,5.1,47.6,8.18,26.4,37,82
2026-08-15T20:02:00+00:00,5.3,48.3,8.18,26.3,37,82
2026-08-15T20:03:00+00:00,5.4,48.9,8.18,26.3,38,82
2026-08-15T20:04:00+00:00,5.6,49.4,8.18,26.2,39,82
2026-08-15T20:05:00+00:00,5.7,49.7,8.18,26.2,39,82
2026-08-15T20:06:00+00:00,5.8,50.0,8.18,26.1,40,82
2026-08-15T20:07:00+00:00,5.9,50.1,8.2,26.1,40,82
2026-08-15T20:08:00+00:00,6.1,50.0,8.2,26.0,41,82
2026-08-15T20:09:00+00:00,6.2,49.5,8.2,26.0,41,82
2026-08-15T20:10:00+00:00,6.3,49.0,8.2,25.9,42,82
2026-08-15T20:11:00+00:00,6.3,48.6,8.2,25.9,42,81
2026-08-15T20:12:00+00:00,6.4,48.3,8.2,25.8,42,81
2026-08-15T20:13:00+00:00,6.5,48.0,8.2,25.8,43,81
2026-08-15T20:14:00+00:00,6.6,47.9,8.2,25.8,43,81
2026-08-15T20:15:00+00:00,6.6,47.8,8.2,25.7,43,81
2026-08-15T20:16:00+00:00,6.7,47.8,8.2,25.7,43,81
2026-08-15T20:17:00+00:00,6.7,47.8,8.2,25.7,43,81
2026-08-15T20:18:00+00:00,6.7,47.8,8.2,25.7,43,81
2026-08-15T20:19:00+00:00,6.8,47.9,8.2,25.8,43,81
2026-08-15T20:20:00+00:00,6.8,47.9,8.2,25.8,42,81
2026-08-15T20:21:00+00:00,6.8,47.9,8.2,25.9,42,80
2026-08-15T20:22:00+00:00,6.8,48.0,8.2,25.9,41,80
2026-08-15T20:23:00+00:00,6.8,48.0,8.2,26.0,40,80
2026-08-15T20:24:00+00:00,6.7,48.1,8.2,26.1,40,80
2026-08-15T20:25:00+00:00,6.7,48.1,8.2,26.1,39,80
2026-08-15T20:26:00+00:00,6.7,48.2,8.2,26.2,39,80
2026-08-15T20:27:00+00:00,6.6,48.2,8.2,26.2,38,80
2026-08-15T20:28:00+00:00,6.6,48.2,8.2,26.2,38,80
2026-08-15T20:29:00+00:00,6.5,48.2,8.2,26.2,38,80
2026-08-15T20:30:00+00:00,6.4,48.2,8.2,26.2,38,79
2026-08-15T20:31:00+00:00,6.4,48.3,8.2,26.2,39,79
2026-08-15T20:32:00+00:00,6.3,48.4,8.2,26.1,39,79
2026-08-15T20:33:00+00:00,6.2,48.6,8.2,26.1,40,79
2026-08-15T20:34:00+00:00,6.1,48.9,8.2,26.0,40,79
2026-08-15T20:35:00+00:00,6.0,49.1,8.2,26.0,41,79
2026-08-15T20:36:00+00:00,5.8,48.8,8.2,25.9,42,79
2026-08-15T20:37:00+00:00,5.7,48.6,8.2,25.9,42,79
2026-08-15T20:38:00+00:00,5.6,48.3,8.2,25.8,43,78
2026-08-15T20:39:00+00:00,5.4,47.9,8.2,25.7,43,78
2026-08-15T20:40:00+00:00,5.3,47.5,8.2,25.7,44,78
2026-08-15T20:41:00+00:00,5.1,47.0,8.2,25.6,44,78
2026-08-15T20:42:00+00:00,5.0,46.4,8.2,25.6,44,78
2026-08-15T20:43:00+00:00,4.8,45.7,8.2,25.5,45,78
2026-08-15T20:44:00+00:00,4.6,44.9,8.2,25.5,45,78
2026-08-15T20:45:00+00:00,4.5,43.9,8.2,25.4,44,78
2026-08-15T20:46:00+00:00,4.3,42.8,8.2,25.4,44,77
2026-08-15T20:47:00+00:00,4.1,41.5,8.2,25.4,44,77
2026-08-15T20:48:00+00:00,3.9,40.2,8.2,25.3,44,77
2026-08-15T20:49:00+00:00,3.7,38.7,8.2,25.2,44,77
2026-08-15T20:50:00+00:00,3.5,37.1,8.2,25.2,44,77
2026-08-15T20:51:00+00:00,3.3,35.4,8.2,25.1,44,77
2026-08-15T20:52:00+00:00,3.1,33.6,8.2,25.0,44,77
2026-08-15T20:53:00+00:00,2.9,31.8,8.2,24.9,43,76
2026-08-15T20:54:00+00:00,2.6,30.0,8.2,24.8,43,76
2026-08-15T20:55:00+00:00,2.4,28.3,8.2,24.8,43,76
2026-08-15T20:56:00+00:00,2.2,26.5,8.2,24.7,43,76
2026-08-15T20:57:00+00:00,2.0,24.9,8.2,24.6,42,76
2026-08-15T20:58:00+00:00,1.7,23.3,8.2,24.6,42,76
2026-08-15T20:59:00+00:00,1.5,21.8,8.2,24.5,41,76
2026-08-15T21:00:00+00:00,1.2,20.4,8.2,24.5,41,76
2026-08-15T21:01:00+00:00,1.0,19.1,8.2,24.5,40,75
2026-08-15T21:02:00+00:00,0.8,17.9,8.2,24.5,40,75
2026-08-15T21:03:00+00:00,0.5,16.9,8.2,24.5,39,75
2026-08-15T21:04:00+00:00,0.3,15.9,8.2,24.5,38,75
2026-08-15T21:05:00+00:00,0.1,15.0,8.2,24.5,38,75
2026-08-15T21:06:00+00:00,0.0,15.3,8.2,24.6,38,75
2026-08-15T21:07:00+00:00,0.0,15.8,8.2,24.6,38,75
2026-08-15T21:08:00+00:00,0.0,16.4,8.2,24.6,38,74
2026-08-15T21:09:00+00:00,0.0,17.0,8.2,24.7,38,74
2026-08-15T21:10:00+00:00,0.0,17.6,8.2,24.7,38,74
2026-08-15T21:11:00+00:00,0.0,18.0,8.2,24.8,38,74
2026-08-15T21:12:00+00:00,0.0,18.4,8.2,24.8,38,74
2026-08-15T21:13:00+00:00,0.0,18.7,8.2,24.8,38,74
2026-08-15T21:14:00+00:00,0.0,18.9,8.2,24.8,38,74
2026-08-15T21:15:00+00:00,0.0,19.0,8.2,24.8,38,73
2026-08-15T21:16:00+00:00,0.0,18.9,8.2,24.7,38,73
2026-08-15T21:17:00+00:00,0.0,18.9,8.2,24.7,39,73
2026-08-15T21:18:00+00:00,0.0,18.8,8.2,24.6,39,73
2026-08-15T21:19:00+00:00,0.0,18.6,8.2,24.6,39,73
2026-08-15T21:20:00+00:00,0.0,18.4,8.2,24.5,40,73
2026-08-15T21:21:00+00:00,0.0,18.2,8.2,24.5,40,73
2026-08-15T21:22:00+00:00,0.0,18.0,8.2,24.4,40,73
2026-08-15T21:23:00+00:00,0.0,17.7,8.2,24.3,41,72
2026-08-15T21:24:00+00:00,0.0,17.5,8.2,24.3,41,72
2026-08-15T21:25:00+00:00,0.0,17.3,8.2,24.2,41,72
2026-08-15T21:26:00+00:00,0.0,17.1,8.2,24.1,42,72
2026-08-15T21:27:00+00:00,0.0,16.9,8.2,24.1,42,72
2026-08-15T21:28:00+00:00,0.0,16.8,8.2,24.0,42,72
2026-08-15T21:29:00+00:00,0.0,16.7,8.2,24.0,42,72
2026-08-15T21:30:00+00:00,0.0,16.7,8.2,23.9,42,71
2026-08-15T21:31:00+00:00,0.0,16.7,8.2,23.9,42,71
2026-08-15T21:32:00+00:00,0.0,16.7,8.2,23.9,42,71
2026-08-15T21:33:00+00:00,0.0,16.7,8.2,23.9,41,71
2026-08-15T21:34:00+00:00,0.0,16.6,8.2,23.8,41,71
2026-08-15T21:35:00+00:00,0.0,16.6,8.2,23.8,41,71
2026-08-15T21:36:00+00:00,0.0,16.6,8.2,23.8,41,71
2026-08-15T21:37:00+00:00,0.0,16.5,8.2,23.8,41,70
2026-08-15T21:38:00+00:00,0.0,16.4,8.2,23.7,40,70
2026-08-15T21:39:00+00:00,0.0,16.4,8.2,23.7,40,70
2026-08-15T21:40:00+00:00,0.0,16.4,8.2,23.7,40,70
2026-08-15T21:41:00+00:00,0.0,16.3,8.2,23.7,40,70
2026-08-15T21:42:00+00:00,0.0,16.3,8.2,23.6,39,70
2026-08-15T21:43:00+00:00,0.0,16.3,8.2,23.6,39,70
2026-08-15T21:44:00+00:00,0.0,16.2,8.2,23.6,39,70
2026-08-15T21:45:00+00:00,0.0,16.2,8.2,23.5,39,69
2026-08-15T21:46:00+00:00,0.0,16.2,8.2,23.5,39,69
2026-08-15T21:47:00+00:00,0.0,16.2,8.2,23.5,38,69
2026-08-15T21:48:00+00:00,0.0,16.2,8.2,23.5,38,69
2026-08-15T21:49:00+00:00,0.0,16.2,8.2,23.5,38,69
2026-08-15T21:50:00+00:00,0.0,16.2,8.2,23.4,38,69
2026-08-15T21:51:00+00:00,0.0,16.2,8.2,23.4,38,69
2026-08-15T21:52:00+00:00,0.0,16.2,8.2,23.4,38,69
2026-08-15T21:53:00+00:00,0.0,16.2,8.2,23.4,38,68
2026-08-15T21:54:00+00:00,0.0,16.2,8.2,23.4,38,68
2026-08-15T21:55:00+00:00,0.0,16.2,8.2,23.4,38,68
2026-08-15T21:56:00+00:00,0.0,16.2,8.2,23.4,38,68
2026-08-15T21:57:00+00:00,0.0,16.2,8.2,23.4,37,68
2026-08-15T21:58:00+00:00,0.0,16.2,8.2,23.3,37,68
2026-08-15T21:59:00+00:00,0.0,16.2,8.2,23.3,37,68
2026-08-15T22:00:00+00:00,0.0,16.2,8.2,23.3,37,68
2026-08-15T22:01:00+00:00,0.0,16.2,8.2,23.2,37,67
2026-08-15T22:02:00+00:00,0.0,16.3,8.2,23.2,36,67
2026-08-15T22:03:00+00:00,0.0,16.4,8.2,23.1,36,67
2026-08-15T22:04:00+00:00,0.0,16.5,8.2,23.1,36,67
2026-08-15T22:05:00+00:00,0.0,16.7,8.2,23.0,35,67
2026-08-15T22:06:00+00:00,0.0,16.9,8.2,23.0,35,67
2026-08-15T22:07:00+00:00,0.0,17.1,8.2,22.9,35,67
2026-08-15T22:08:00+00:00,0.0,17.3,8.2,22.9,34,67
2026-08-15T22:09:00+00:00,0.0,17.5,8.2,22.8,34,67
2026-08-15T22:10:00+00:00,0.0,17.7,8.2,22.7,34,66
2026-08-15T22:11:00+00:00,0.0,17.8,8.2,22.7,33,66
2026-08-15T22:12:00+00:00,0.0,18.0,8.2,22.6,33,66
2026-08-15T22:13:00+00:00,0.0,18.1,8.2,22.6,33,66
2026-08-15T22:14:00+00:00,0.0,18.1,8.2,22.5,32,66
2026-08-15T22:15:00+00:00,0.0,18.2,8.2,22.5,32,66
2026-08-15T22:16:00+00:00,0.0,18.1,8.2,22.5,32,66
2026-08-15T22:17:00+00:00,0.0,18.0,8.2,22.5,32,66
2026-08-15T22:18:00+00:00,0.0,17.7,8.2,22.4,32,66
2026-08-15T22:19:00+00:00,0.0,17.4,8.2,22.5,32,66
2026-08-15T22:20:00+00:00,0.0,17.0,8.2,22.5,32,65
2026-08-15T22:21:00+00:00,0.0,16.5,8.2,22.5,32,65
2026-08-15T22:22:00+00:00,0.0,16.0,8.2,22.5,31,65
2026-08-15T22:23:00+00:00,0.0,15.5,8.2,22.6,31,65
2026-08-15T22:24:00+00:00,0.0,15.0,8.2,22.6,31,65
2026-08-15T22:25:00+00:00,0.0,14.6,8.2,22.6,31,65
2026-08-15T22:26:00+00:00,0.0,14.2,8.2,22.6,31,65
2026-08-15T22:27:00+00:00,0.0,13.8,8.2,22.6,31,65
2026-08-15T22:28:00+00:00,0.0,13.6,8.2,22.6,31,65
2026-08-15T22:29:00+00:00,0.0,13.4,8.2,22.6,31,65
2026-08-15T22:30:00+00:00,0.0,13.4,8.2,22.6,31,65
2026-08-15T22:31:00+00:00,0.0,13.5,8.2,22.5,30,64
2026-08-15T22:32:00+00:00,0.0,13.8,8.2,22.5,30,64
2026-08-15T22:33:00+00:00,0.0,14.3,8.2,22.4,30,64
2026-08-15T22:34:00+00:00,0.0,14.9,8.2,22.3,29,64
2026-08-15T22:35:00+00:00,0.0,15.7,8.2,22.1,28,64
2026-08-15T22:36:00+00:00,0.0,16.6,8.2,22.0,28,64
2026-08-15T22:37:00+00:00,0.0,17.5,8.2,21.8,27,64
2026-08-15T22:38:00+00:00,0.0,18.5,8.2,21.7,26,64
2026-08-15T22:39:00+00:00,0.0,19.5,8.2,21.5,25,64
2026-08-15T22:40:00+00:00,0.0,20.4,8.2,21.4,25,64
2026-08-15T22:41:00+00:00,0.0,21.2,8.2,21.2,24,64
2026-08-15T22:42:00+00:00,0.0,21.8,8.2,21.1,23,64
2026-08-15T22:43:00+00:00,0.0,22.3,8.2,21.0,23,64
2026-08-15T22:44:00+00:00,0.0,22.6,8.2,20.9,22,64
2026-08-15T22:45:00+00:00,0.0,22.7,8.2,20.9,22,63
2026-08-15T22:46:00+00:00,0.0,22.6,8.2,20.8,22,63
2026-08-15T22:47:00+00:00,0.0,22.5,8.2,20.8,21,63
2026-08-15T22:48:00+00:00,0.0,22.3,8.2,20.8,21,63
2026-08-15T22:49:00+00:00,0.0,21.9,8.2,20.7,20,63
2026-08-15T22:50:00+00:00,0.0,21.6,8.2,20.7,20,63
2026-08-15T22:51:00+00:00,0.0,21.1,8.2,20.7,20,63
2026-08-15T22:52:00+00:00,0.0,20.7,8.2,20.6,19,63
2026-08-15T22:53:00+00:00,0.0,20.2,8.2,20.6,19,63
2026-08-15T22:54:00+00:00,0.0,19.7,8.2,20.5,18,63
2026-08-15T22:55:00+00:00,0.0,19.3,8.2,20.5,18,63
2026-08-15T22:56:00+00:00,0.0,18.9,8.2,20.5,18,63
2026-08-15T22:57:00+00:00,0.0,18.6,8.2,20.4,17,63
2026-08-15T22:58:00+00:00,0.0,18.4,8.2,20.4,17,63
2026-08-15T22:59:00+00:00,0.0,18.2,8.2,20.4,17,63
2026-08-15T23:00:00+00:00,0.0,18.2,8.2,20.3,16,62
2026-08-15T23:01:00+00:00,0.0,18.2,8.2,20.3,16,62
2026-08-15T23:02:00+00:00,0.0,18.3,8.2,20.3,16,62
2026-08-15T23:03:00+00:00,0.0,18.5,8.2,20.2,16,62
2026-08-15T23:04:00+00:00,0.0,18.7,8.2,20.2,16,62
2026-08-15T23:05:00+00:00,0.0,19.0,8.2,20.1,15,62
2026-08-15T23:06:00+00:00,0.0,19.3,8.2,20.1,15,62
2026-08-15T23:07:00+00:00,0.0,19.6,8.2,20.1,15,62
2026-08-15T23:08:00+00:00,0.0,19.9,8.2,20.0,15,62
2026-08-15T23:09:00+00:00,0.0,20.2,8.2,20.0,15,62
2026-08-15T23:10:00+00:00,0.0,20.5,8.2,20.0,14,62
2026-08-15T23:11:00+00:00,0.0,20.8,8.2,19.9,14,62
2026-08-15T23:12:00+00:00,0.0,21.0,8.2,19.9,14,62
2026-08-15T23:13:00+00:00,0.0,21.2,8.2,19.9,14,62
2026-08-15T23:14:00+00:00,0.0,21.3,8.2,19.9,14,62
2026-08-15T23:15:00+00:00,0.0,21.3,8.2,19.9,14,62
2026-08-15T23:16:00+00:00,0.0,21.3,8.2,19.9,14,62
2026-08-15T23:17:00+00:00,0.0,21.0,8.2,19.9,14,62
2026-08-15T23:18:00+00:00,0.0,20.7,8.2,20.0,14,62
2026-08-15T23:19:00+00:00,0.0,20.2,8.2,20.0,15,62
2026-08-15T23:20:00+00:00,0.0,19.5,8.2,20.1,15,62
2026-08-15T23:21:00+00:00,0.0,18.9,8.2,20.2,15,62
2026-08-15T23:22:00+00:00,0.0,18.1,8.2,20.3,16,62
2026-08-15T23:23:00+00:00,0.0,17.4,8.2,20.3,16,62
2026-08-15T23:24:00+00:00,0.0,16.7,8.2,20.4,17,62
2026-08-15T23:25:00+00:00,0.0,16.0,8.2,20.5,17,62
2026-08-15T23:26:00+00:00,0.0,15.4,8.2,20.6,17,63
2026-08-15T23:27:00+00:00,0.0,14.9,8.2,20.6,18,63
2026-08-15T23:28:00+00:00,0.0,14.5,8.2,20.7,18,63
2026-08-15T23:29:00+00:00,0.0,14.3,8.2,20.7,18,63
2026-08-15T23:30:00+00:00,0.0,14.2,8.2,20.7,18,63
2026-08-15T23:31:00+00:00,0.0,14.3,8.2,20.7,18,63
2026-08-15T23:32:00+00:00,0.0,14.4,8.2,20.7,18,63
2026-08-15T23:33:00+00:00,0.0,14.7,8.2,20.7,18,63
2026-08-15T23:34:00+00:00,0.0,15.1,8.2,20.7,18,63
2026-08-15T23:35:00+00:00,0.0,15.6,8.2,20.7,18,63
2026-08-15T23:36:00+00:00,0.0,16.1,8.2,20.7,19,63
2026-08-15T23:37:00+00:00,0.0,16.7,8.2,20.7,19,63
2026-08-15T23:38:00+00:00,0.0,17.3,8.2,20.7,19,63
2026-08-15T23:39:00+00:00,0.0,17.8,8.2,20.7,19,63
2026-08-15T23:40:00+00:00,0.0,18.4,8.2,20.7,19,63
2026-08-15T23:41:00+00:00,0.0,18.8,8.2,20.7,19,63
2026-08-15T23:42:00+00:00,0.0,19.2,8.2,20.7,19,63
2026-08-15T23:43:00+00:00,0.0,19.5,8.2,20.7,19,63
2026-08-15T23:44:00+00:00,0.0,19.7,8.2,20.7,19,63
2026-08-15T23:45:00+00:00,0.0,19.8,8.2,20.7,20,63
2026-08-15T23:46:00+00:00,0.0,19.7,8.2,20.7,19,63
2026-08-15T23:47:00+00:00,0.0,19.5,8.2,20.7,19,63
2026-08-15T23:48:00+00:00,0.0,19.3,8.2,20.6,19,63
2026-08-15T23:49:00+00:00,0.0,18.9,8.2,20.6,18,63
2026-08-15T23:50:00+00:00,0.0,18.4,8.2,20.5,18,63
2026-08-15T23:51:00+00:00,0.0,17.9,8.2,20.4,17,63
2026-08-15T23:52:00+00:00,0.0,17.3,8.2,20.3,16,63
2026-08-15T23:53:00+00:00,0.0,16.8,8.2,20.2,16,63
2026-08-15T23:54:00+00:00,0.0,16.2,8.2,20.2,15,63
2026-08-15T23:55:00+00:00,0.0,15.7,8.2,20.1,14,63
2026-08-15T23:56:00+00:00,0.0,15.2,8.2,20.0,14,63
2026-08-15T23:57:00+00:00,0.0,14.9,8.2,20.0,13,63
2026-08-15T23:58:00+00:00,0.0,14.6,8.2,19.9,13,63
2026-08-15T23:59:00+00:00,0.0,14.4,8.2,19.9,13,63
2026-08-16T00:00:00+00:00,0.0,14.3,8.2,19.9,13,63
2026-08-16T00:01:00+00:00,0.0,14.4,8.2,19.9,13,63
2026-08-16T00:02:00+00:00,0.0,14.6,8.2,19.9,13,63
2026-08-16T00:03:00+00:00,0.0,15.0,8.2,20.0,13,63
2026-08-16T00:04:00+00:00,0.0,15.4,8.2,20.1,14,63
2026-08-16T00:05:00+00:00,0.0,16.0,8.2,20.2,15,63
2026-08-16T00:06:00+00:00,0.0,16.6,8.2,20.3,16,63
2026-08-16T00:07:00+00:00,0.0,17.3,8.2,20.4,17,63
2026-08-16T00:08:00+00:00,0.0,18.0,8.2,20.5,18,63
2026-08-16T00:09:00+00:00,0.0,18.7,8.2,20.6,19,63
2026-08-16T00:10:00+00:00,0.0,19.3,8.2,20.7,19,63
2026-08-16T00:11:00+00:00,0.0,19.9,8.2,20.8,20,63
2026-08-16T00:12:00+00:00,0.0,20.3,8.2,20.9,21,63
2026-08-16T00:13:00+00:00,0.0,20.7,8.2,20.9,22,63
2026-08-16T00:14:00+00:00,0.0,20.9,8.2,21.0,22,63
2026-08-16T00:15:00+00:00,0.0,21.0,8.2,21.0,22,63
2026-08-16T00:16:00+00:00,0.0,21.0,8.2,21.0,22,63
2026-08-16T00:17:00+00:00,0.0,21.0,8.2,20.9,22,63
2026-08-16T00:18:00+00:00,0.0,21.0,8.2,20.9,22,63
2026-08-16T00:19:00+00:00,0.0,21.0,8.2,20.9,21,63
2026-08-16T00:20:00+00:00,0.0,21.0,8.2,20.8,21,63
2026-08-16T00:21:00+00:00,0.0,21.1,8.2,20.8,21,63
2026-08-16T00:22:00+00:00,0.0,21.1,8.2,20.7,20,63
2026-08-16T00:23:00+00:00,0.0,21.1,8.2,20.7,20,63
2026-08-16T00:24:00+00:00,0.0,21.2,8.2,20.6,19,63
2026-08-16T00:25:00+00:00,0.0,21.2,8.2,20.6,19,63
2026-08-16T00:26:00+00:00,0.0,21.2,8.2,20.5,19,63
2026-08-16T00:27:00+00:00,0.0,21.3,8.2,20.5,19,63
2026-08-16T00:28:00+00:00,0.0,21.3,8.2,20.5,18,63
2026-08-16T00:29:00+00:00,0.0,21.3,8.2,20.5,18,63
2026-08-16T00:30:00+00:00,0.0,21.3,8.2,20.5,18,63
2026-08-16T00:31:00+00:00,0.0,21.9,8.2,20.5,18,63
2026-08-16T00:32:00+00:00,0.0,22.3,8.2,20.4,18,63
2026-08-16T00:33:00+00:00,0.0,22.7,8.2,20.4,18,63
2026-08-16T00:34:00+00:00,0.0,22.9,8.2,20.4,18,63
2026-08-16T00:35:00+00:00,0.0,23.1,8.2,20.3,17,63
2026-08-16T00:36:00+00:00,0.0,23.2,8.2,20.2,17,63
2026-08-16T00:37:00+00:00,0.0,23.3,8.2,20.2,16,63
2026-08-16T00:38:00+00:00,0.0,23.3,8.2,20.1,16,62
2026-08-16T00:39:00+00:00,0.0,23.4,8.2,20.0,15,62
2026-08-16T00:40:00+00:00,0.0,23.5,8.2,20.0,15,62
2026-08-16T00:41:00+00:00,0.0,23.7,8.2,19.9,15,62
2026-08-16T00:42:00+00:00,0.0,23.9,8.2,19.9,14,62
2026-08-16T00:43:00+00:00,0.0,24.3,8.2,19.9,14,62
2026-08-16T00:44:00+00:00,0.0,24.8,8.2,19.8,14,62
2026-08-16T00:45:00+00:00,0.0,25.3,8.2,19.8,14,62
2026-08-16T00:46:00+00:00,0.0,26.0,8.2,19.8,14,62
2026-08-16T00:47:00+00:00,0.0,26.7,8.2,19.8,15,62
2026-08-16T00:48:00+00:00,0.0,27.5,8.2,19.9,15,62
2026-08-16T00:49:00+00:00,0.0,28.4,8.2,19.9,15,62
2026-08-16T00:50:00+00:00,0.0,29.2,8.2,19.9,16,62
2026-08-16T00:51:00+00:00,0.0,30.1,8.2,20.0,16,62
2026-08-16T00:52:00+00:00,0.0,31.1,8.2,20.0,17,62
2026-08-16T00:53:00+00:00,0.0,32.0,8.2,20.1,18,62
2026-08-16T00:54:00+00:00,0.0,32.9,8.2,20.1,18,62
2026-08-16T00:55:00+00:00,0.0,33.8,8.2,20.2,19,62
2026-08-16T00:56:00+00:00,0.0,34.7,8.2,20.2,19,62
2026-08-16T00:57:00+00:00,0.0,35.5,8.2,20.2,20,62
2026-08-16T00:58:00+00:00,0.0,36.3,8.2,20.3,20,61
2026-08-16T00:59:00+00:00,0.0,37.0,8.2,20.3,20,61
2026-08-16T01:00:00+00:00,0.0,37.7,8.2,20.3,21,61
2026-08-16T01:01:00+00:00,0.0,38.3,8.2,20.3,21,61
2026-08-16T01:02:00+00:00,0.0,38.9,8.2,20.3,21,61
2026-08-16T01:03:00+00:00,0.0,39.4,8.2,20.3,22,61
2026-08-16T01:04:00+00:00,0.0,39.9,8.2,20.4,22,61
2026-08-16T01:05:00+00:00,0.0,40.3,8.2,20.4,22,61
2026-08-16T01:06:00+00:00,0.0,40.7,8.2,20.5,23,61
2026-08-16T01:07:00+00:00,0.0,41.1,8.2,20.5,24,61
2026-08-16T01:08:00+00:00,0.0,41.5,8.2,20.6,24,61
2026-08-16T01:09:00+00:00,0.0,41.9,8.2,20.6,25,61
2026-08-16T01:10:00+00:00,0.0,42.3,8.2,20.7,25,61
2026-08-16T01:11:00+00:00,0.0,42.8,8.2,20.7,26,61
2026-08-16T01:12:00+00:00,0.0,43.2,8.2,20.7,26,61
2026-08-16T01:13:00+00:00,0.0,43.8,8.2,20.8,27,61
2026-08-16T01:14:00+00:00,0.0,44.3,8.2,20.8,27,61
2026-08-16T01:15:00+00:00,0.0,44.9,8.2,20.8,27,61
2026-08-16T01:16:00+00:00,0.0,45.6,8.2,20.8,27,61
2026-08-16T01:17:00+00:00,0.0,46.4,8.2,20.8,28,61
2026-08-16T01:18:00+00:00,0.0,47.3,8.2,20.8,28,60
2026-08-16T01:19:00+00:00,0.0,48.3,8.2,20.8,28,60
2026-08-16T01:20:00+00:00,0.0,49.4,8.2,20.8,28,60
2026-08-16T01:21:00+00:00,0.0,50.5,8.22,20.8,29,60
2026-08-16T01:22:00+00:00,0.0,51.6,8.23,20.8,29,60
2026-08-16T01:23:00+00:00,0.0,52.8,8.25,20.8,29,60
2026-08-16T01:24:00+00:00,0.0,53.9,8.27,20.8,30,60
2026-08-16T01:25:00+00:00,0.0,55.1,8.28,20.8,30,60
2026-08-16T01:26:00+00:00,0.0,56.1,8.3,20.8,30,60
2026-08-16T01:27:00+00:00,0.0,57.1,8.32,20.8,30,60
2026-08-16T01:28:00+00:00,0.0,58.0,8.33,20.8,31,60
2026-08-16T01:29:00+00:00,0.0,58.8,8.35,20.8,31,60
2026-08-16T01:30:00+00:00,0.0,59.5,8.37,20.8,31,60
2026-08-16T01:31:00+00:00,0.0,60.1,8.38,20.7,31,60
2026-08-16T01:32:00+00:00,0.0,60.6,8.4,20.7,31,60
2026-08-16T01:33:00+00:00,0.0,60.9,8.42,20.7,31,60
2026-08-16T01:34:00+00:00,0.0,61.1,8.43,20.7,31,60
2026-08-16T01:35:00+00:00,0.0,61.3,8.45,20.7,31,60
2026-08-16T01:36:00+00:00,0.0,61.4,8.47,20.7,31,60
2026-08-16T01:37:00+00:00,0.0,61.5,8.48,20.7,31,60
2026-08-16T01:38:00+00:00,0.0,61.5,8.5,20.7,31,60
2026-08-16T01:39:00+00:00,0.0,61.6,8.52,20.6,31,60
2026-08-16T01:40:00+00:00,0.0,61.7,8.53,20.6,31,60
2026-08-16T01:41:00+00:00,0.0,61.9,8.55,20.6,30,60
2026-08-16T01:42:00+00:00,0.0,62.1,8.57,20.6,30,60
2026-08-16T01:43:00+00:00,0.0,62.5,8.58,20.6,30,60
2026-08-16T01:44:00+00:00,0.0,62.9,8.6,20.6,30,60
2026-08-16T01:45:00+00:00,0.0,63.5,8.62,20.6,31,60
2026-08-16T01:46:00+00:00,0.0,64.2,8.63,20.6,31,59
2026-08-16T01:47:00+00:00,0.0,64.9,8.65,20.5,31,59
2026-08-16T01:48:00+00:00,0.0,65.7,8.67,20.5,30,59
2026-08-16T01:49:00+00:00,0.0,66.6,8.68,20.5,30,59
2026-08-16T01:50:00+00:00,0.0,67.5,8.7,20.4,30,59
2026-08-16T01:51:00+00:00,0.0,68.4,8.72,20.3,29,59
2026-08-16T01:52:00+00:00,0.0,69.3,8.73,20.3,28,59
2026-08-16T01:53:00+00:00,0.0,70.3,8.75,20.2,27,59
2026-08-16T01:54:00+00:00,0.0,71.2,8.77,20.1,27,59
2026-08-16T01:55:00+00:00,0.0,72.2,8.78,20.0,26,59
2026-08-16T01:56:00+00:00,0.0,73.1,8.8,20.0,25,59
2026-08-16T01:57:00+00:00,0.0,73.9,8.82,19.9,25,59
2026-08-16T01:58:00+00:00,0.0,74.7,8.83,19.9,25,59
2026-08-16T01:59:00+00:00,0.0,75.5,8.85,19.9,24,59
2026-08-16T02:00:00+00:00,0.0,76.1,8.87,19.9,25,59
2026-08-16T02:01:00+00:00,0.0,76.1,8.88,19.9,25,59
2026-08-16T02:02:00+00:00,0.0,76.0,8.9,19.9,25,59
2026-08-16T02:03:00+00:00,0.0,75.8,8.92,19.9,25,59
2026-08-16T02:04:00+00:00,0.0,75.6,8.93,19.9,25,59
2026-08-16T02:05:00+00:00,0.0,75.3,8.95,19.9,25,59
2026-08-16T02:06:00+00:00,0.0,74.9,8.97,19.9,25,59
2026-08-16T02:07:00+00:00,0.0,74.6,8.98,19.9,25,59
2026-08-16T02:08:00+00:00,0.0,74.2,9.0,19.9,25,59
2026-08-16T02:09:00+00:00,0.0,73.8,9.02,19.9,25,59
2026-08-16T02:10:00+00:00,0.0,73.5,9.03,19.9,25,59
2026-08-16T02:11:00+00:00,0.0,73.2,9.05,19.9,25,59
2026-08-16T02:12:00+00:00,0.0,73.0,9.07,19.9,25,59
2026-08-16T02:13:00+00:00,0.0,72.8,9.08,19.9,25,59
2026-08-16T02:14:00+00:00,0.0,72.7,9.1,19.9,25,59
2026-08-16T02:15:00+00:00,0.0,72.6,9.12,19.9,25,59
2026-08-16T02:16:00+00:00,0.0,72.7,9.13,19.9,25,59
2026-08-16T02:17:00+00:00,0.0,72.8,9.15,19.9,25,59
2026-08-16T02:18:00+00:00,0.0,73.1,9.17,20.0,26,59
2026-08-16T02:19:00+00:00,0.0,73.4,9.18,20.1,28,59
2026-08-16T02:20:00+00:00,0.0,73.7,9.2,20.2,29,59
2026-08-16T02:21:00+00:00,0.0,74.1,9.22,20.3,31,59
2026-08-16T02:22:00+00:00,0.0,74.6,9.23,20.4,32,59
2026-08-16T02:23:00+00:00,0.0,75.0,9.25,20.6,34,59
2026-08-16T02:24:00+00:00,0.0,75.5,9.27,20.7,36,59
2026-08-16T02:25:00+00:00,0.0,75.9,9.28,20.8,38,59
2026-08-16T02:26:00+00:00,0.0,76.3,9.3,20.9,39,59
2026-08-16T02:27:00+00:00,0.0,76.6,9.32,21.0,41,59
2026-08-16T02:28:00+00:00,0.0,76.8,9.33,21.0,42,59
2026-08-16T02:29:00+00:00,0.0,76.9,9.35,21.1,42,59
2026-08-16T02:30:00+00:00,0.0,77.0,9.37,21.1,43,59
2026-08-16T02:31:00+00:00,0.0,76.9,9.38,21.1,42,59
2026-08-16T02:32:00+00:00,0.0,76.9,9.4,21.1,42,59
2026-08-16T02:33:00+00:00,0.0,76.7,9.42,21.0,42,59
2026-08-16T02:34:00+00:00,0.0,76.6,9.43,21.0,41,59
2026-08-16T02:35:00+00:00,0.0,76.4,9.45,20.9,40,59
2026-08-16T02:36:00+00:00,0.0,76.2,9.47,20.9,39,59
2026-08-16T02:37:00+00:00,0.0,75.9,9.48,20.8,39,59
2026-08-16T02:38:00+00:00,0.0,75.7,9.5,20.7,38,59
2026-08-16T02:39:00+00:00,0.0,75.5,9.52,20.7,37,59
2026-08-16T02:40:00+00:00,0.0,75.3,9.53,20.6,36,59
2026-08-16T02:41:00+00:00,0.0,75.1,9.55,20.6,35,59
2026-08-16T02:42:00+00:00,0.0,74.9,9.57,20.5,34,59
2026-08-16T02:43:00+00:00,0.0,74.8,9.58,20.5,34,59
2026-08-16T02:44:00+00:00,0.0,74.7,9.6,20.5,34,59
2026-08-16T02:45:00+00:00,0.0,74.7,9.62,20.5,34,59
2026-08-16T02:46:00+00:00,0.0,74.7,9.63,20.5,34,59
2026-08-16T02:47:00+00:00,0.0,74.7,9.65,20.5,34,59
2026-08-16T02:48:00+00:00,0.0,74.8,9.67,20.4,33,59
2026-08-16T02:49:00+00:00,0.0,74.8,9.68,20.4,33,59
2026-08-16T02:50:00+00:00,0.0,74.9,9.7,20.4,33,59
2026-08-16T02:51:00+00:00,0.0,74.9,9.72,20.4,32,59
2026-08-16T02:52:00+00:00,0.0,75.0,9.73,20.3,32,59
2026-08-16T02:53:00+00:00,0.0,75.1,9.75,20.3,32,59
2026-08-16T02:54:00+00:00,0.0,75.1,9.77,20.3,31,59
2026-08-16T02:55:00+00:00,0.0,75.2,9.78,20.2,31,59
2026-08-16T02:56:00+00:00,0.0,75.3,9.8,20.2,31,59
2026-08-16T02:57:00+00:00,0.0,75.3,9.82,20.2,30,59
2026-08-16T02:58:00+00:00,0.0,75.4,9.83,20.2,30,59
2026-08-16T02:59:00+00:00,0.0,75.4,9.85,20.2,30,59
2026-08-16T03:00:00+00:00,0.0,75.4,9.87,20.2,30,59
2026-08-16T03:01:00+00:00,0.0,75.4,9.88,20.2,30,59
2026-08-16T03:02:00+00:00,0.0,75.5,9.9,20.2,30,59
2026-08-16T03:03:00+00:00,0.0,75.6,9.92,20.2,31,59
2026-08-16T03:04:00+00:00,0.0,75.7,9.93,20.2,31,59
2026-08-16T03:05:00+00:00,0.0,75.9,9.95,20.3,32,59
2026-08-16T03:06:00+00:00,0.0,76.1,9.97,20.3,32,59
2026-08-16T03:07:00+00:00,0.0,76.3,9.98,20.4,33,59
2026-08-16T03:08:00+00:00,0.0,76.5,10.0,20.4,34,59
2026-08-16T03:09:00+00:00,0.0,76.7,10.02,20.4,34,59
2026-08-16T03:10:00+00:00,0.0,76.9,10.03,20.5,35,59
2026-08-16T03:11:00+00:00,0.0,77.0,10.05,20.5,36,59
2026-08-16T03:12:00+00:00,0.0,77.2,10.07,20.5,36,59
2026-08-16T03:13:00+00:00,0.0,77.3,10.08,20.6,36,59
2026-08-16T03:14:00+00:00,0.0,77.3,10.1,20.6,37,59
2026-08-16T03:15:00+00:00,0.0,77.3,10.12,20.6,37,59
2026-08-16T03:16:00+00:00,0.0,77.3,10.13,20.6,37,59
2026-08-16T03:17:00+00:00,0.0,77.1,10.15,20.6,37,59
2026-08-16T03:18:00+00:00,0.0,76.8,10.17,20.6,37,59
2026-08-16T03:19:00+00:00,0.0,76.4,10.18,20.6,37,59
2026-08-16T03:20:00+00:00,0.0,76.0,10.2,20.6,38,59
2026-08-16T03:21:00+00:00,0.0,75.4,10.22,20.7,38,59
2026-08-16T03:22:00+00:00,0.0,74.9,10.23,20.7,38,59
2026-08-16T03:23:00+00:00,0.0,74.3,10.25,20.7,38,59
2026-08-16T03:24:00+00:00,0.0,73.7,10.27,20.8,39,59
2026-08-16T03:25:00+00:00,0.0,73.2,10.28,20.8,39,58
2026-08-16T03:26:00+00:00,0.0,72.7,10.3,20.8,39,58
2026-08-16T03:27:00+00:00,0.0,72.3,10.32,20.8,39,58
2026-08-16T03:28:00+00:00,0.0,72.0,10.33,20.8,39,58
2026-08-16T03:29:00+00:00,0.0,71.8,10.35,20.8,39,58
2026-08-16T03:30:00+00:00,0.0,71.8,10.37,20.8,40,58
2026-08-16T03:31:00+00:00,0.0,71.8,10.38,20.8,40,58
2026-08-16T03:32:00+00:00,0.0,72.0,10.4,20.8,39,58
2026-08-16T03:33:00+00:00,0.0,72.2,10.42,20.8,39,58
2026-08-16T03:34:00+00:00,0.0,72.5,10.43,20.8,39,58
2026-08-16T03:35:00+00:00,0.0,72.9,10.45,20.8,39,58
2026-08-16T03:36:00+00:00,0.0,73.3,10.47,20.7,38,58
2026-08-16T03:37:00+00:00,0.0,73.7,10.48,20.7,38,58
2026-08-16T03:38:00+00:00,0.0,74.2,10.5,20.6,37,58
2026-08-16T03:39:00+00:00,0.0,74.6,10.52,20.6,37,58
2026-08-16T03:40:00+00:00,0.0,75.0,10.53,20.6,37,58
2026-08-16T03:41:00+00:00,0.0,75.4,10.55,20.5,36,58
2026-08-16T03:42:00+00:00,0.0,75.7,10.57,20.5,36,58
2026-08-16T03:43:00+00:00,0.0,75.9,10.58,20.5,36,58
2026-08-16T03:44:00+00:00,0.0,76.0,10.6,20.5,36,58
2026-08-16T03:45:00+00:00,0.0,76.1,10.62,20.5,36,58
2026-08-16T03:46:00+00:00,0.0,76.1,10.63,20.5,36,58
2026-08-16T03:47:00+00:00,0.0,76.1,10.65,20.5,36,58
2026-08-16T03:48:00+00:00,0.0,76.1,10.67,20.5,36,58
2026-08-16T03:49:00+00:00,0.0,76.2,10.68,20.5,37,58
2026-08-16T03:50:00+00:00,0.0,76.2,10.7,20.5,37,58
2026-08-16T03:51:00+00:00,0.0,76.3,10.72,20.6,38,58
2026-08-16T03:52:00+00:00,0.0,76.4,10.73,20.6,38,58
2026-08-16T03:53:00+00:00,0.0,76.4,10.75,20.6,39,58
2026-08-16T03:54:00+00:00,0.0,76.5,10.77,20.7,39,58
2026-08-16T03:55:00+00:00,0.0,76.6,10.78,20.7,40,58
2026-08-16T03:56:00+00:00,0.0,76.6,10.8,20.7,40,58
2026-08-16T03:57:00+00:00,0.0,76.7,10.82,20.8,40,58
2026-08-16T03:58:00+00:00,0.0,76.7,10.83,20.8,41,58
2026-08-16T03:59:00+00:00,0.0,76.7,10.85,20.8,41,58
2026-08-16T04:00:00+00:00,0.0,76.7,10.87,20.8,41,58
2026-08-16T04:01:00+00:00,0.0,76.7,10.88,20.8,41,58
2026-08-16T04:02:00+00:00,0.0,76.7,10.9,20.8,41,58
2026-08-16T04:03:00+00:00,0.0,76.7,10.92,20.8,42,58
2026-08-16T04:04:00+00:00,0.0,76.7,10.93,20.8,42,58
2026-08-16T04:05:00+00:00,0.0,76.6,10.95,20.9,42,58
2026-08-16T04:06:00+00:00,0.0,76.6,10.97,20.9,43,58
2026-08-16T04:07:00+00:00,0.0,76.5,10.98,20.9,44,58
2026-08-16T04:08:00+00:00,0.0,76.5,11.0,21.0,44,58
2026-08-16T04:09:00+00:00,0.0,76.4,11.02,21.0,45,58
2026-08-16T04:10:00+00:00,0.0,76.4,11.03,21.1,45,58
2026-08-16T04:11:00+00:00,0.0,76.3,11.05,21.1,46,58
2026-08-16T04:12:00+00:00,0.0,76.3,11.07,21.1,46,58
2026-08-16T04:13:00+00:00,0.0,76.2,11.08,21.1,47,58
2026-08-16T04:14:00+00:00,0.0,76.2,11.1,21.1,47,58
2026-08-16T04:15:00+00:00,0.0,76.2,11.12,21.2,47,58
2026-08-16T04:16:00+00:00,0.0,76.2,11.13,21.2,47,58
2026-08-16T04:17:00+00:00,0.0,76.0,11.15,21.2,47,58
2026-08-16T04:18:00+00:00,0.0,75.8,11.17,21.2,47,58
2026-08-16T04:19:00+00:00,0.0,75.5,11.18,21.2,47,58
2026-08-16T04:20:00+00:00,0.0,75.2,11.2,21.2,47,58
2026-08-16T04:21:00+00:00,0.0,74.8,11.22,21.2,47,58
2026-08-16T04:22:00+00:00,0.0,74.4,11.23,21.2,47,58
2026-08-16T04:23:00+00:00,0.0,73.9,11.25,21.2,47,58
2026-08-16T04:24:00+00:00,0.0,73.5,11.27,21.2,47,58
2026-08-16T04:25:00+00:00,0.0,73.1,11.28,21.2,46,58
2026-08-16T04:26:00+00:00,0.0,72.8,11.3,21.2,46,58
2026-08-16T04:27:00+00:00,0.0,72.5,11.32,21.2,46,58
2026-08-16T04:28:00+00:00,0.0,72.3,11.33,21.2,46,58
2026-08-16T04:29:00+00:00,0.0,72.1,11.35,21.2,46,58
2026-08-16T04:30:00+00:00,0.0,72.1,11.37,21.2,46,58
2026-08-16T04:31:00+00:00,0.0,72.1,11.38,21.2,46,58
2026-08-16T04:32:00+00:00,0.0,72.2,11.4,21.2,46,58
2026-08-16T04:33:00+00:00,0.0,72.3,11.42,21.2,47,58
2026-08-16T04:34:00+00:00,0.0,72.4,11.43,21.2,47,58
2026-08-16T04:35:00+00:00,0.0,72.5,11.45,21.2,47,58
2026-08-16T04:36:00+00:00,0.0,72.7,11.47,21.2,47,58
2026-08-16T04:37:00+00:00,0.0,72.9,11.48,21.2,47,59
2026-08-16T04:38:00+00:00,0.0,73.0,11.5,21.2,47,59
2026-08-16T04:39:00+00:00,0.0,73.2,11.52,21.2,47,59
2026-08-16T04:40:00+00:00,0.0,73.4,11.53,21.2,47,59
2026-08-16T04:41:00+00:00,0.0,73.5,11.55,21.2,47,59
2026-08-16T04:42:00+00:00,0.0,73.6,11.57,21.2,47,59
2026-08-16T04:43:00+00:00,0.0,73.7,11.58,21.2,47,59
2026-08-16T04:44:00+00:00,0.0,73.8,11.6,21.2,47,59
2026-08-16T04:45:00+00:00,0.0,73.8,11.62,21.2,47,59
2026-08-16T04:46:00+00:00,0.0,73.8,11.63,21.2,47,59
2026-08-16T04:47:00+00:00,0.0,73.9,11.65,21.2,47,59
2026-08-16T04:48:00+00:00,0.0,74.1,11.67,21.1,47,59
2026-08-16T04:49:00+00:00,0.0,74.2,11.68,21.1,47,59
2026-08-16T04:50:00+00:00,0.0,74.5,11.7,21.1,46,59
2026-08-16T04:51:00+00:00,0.0,74.7,11.72,21.0,46,59
2026-08-16T04:52:00+00:00,0.0,75.0,11.73,21.0,45,59
2026-08-16T04:53:00+00:00,0.0,75.3,11.75,20.9,44,59
2026-08-16T04:54:00+00:00,0.0,75.5,11.77,20.9,44,59
2026-08-16T04:55:00+00:00,0.0,75.8,11.78,20.8,43,59
2026-08-16T04:56:00+00:00,0.0,76.0,11.8,20.8,43,59
2026-08-16T04:57:00+00:00,0.0,76.2,11.82,20.8,42,59
2026-08-16T04:58:00+00:00,0.0,76.3,11.83,20.7,42,59
2026-08-16T04:59:00+00:00,0.0,76.4,11.85,20.7,42,59
2026-08-16T05:00:00+00:00,0.0,76.4,0.02,20.7,20,59
2026-08-16T05:01:00+00:00,0.0,76.5,0.03,20.7,20,59
2026-08-16T05:02:00+00:00,0.0,76.5,0.05,20.7,20,59
2026-08-16T05:03:00+00:00,0.0,76.6,0.07,20.8,21,59
2026-08-16T05:04:00+00:00,0.0,76.7,0.08,20.8,21,59
2026-08-16T05:05:00+00:00,0.0,76.9,0.1,20.8,21,59
2026-08-16T05:06:00+00:00,0.0,77.0,0.12,20.8,22,59
2026-08-16T05:07:00+00:00,0.0,77.2,0.13,20.9,22,59
2026-08-16T05:08:00+00:00,0.0,77.4,0.15,20.9,22,59
2026-08-16T05:09:00+00:00,0.0,77.5,0.17,21.0,23,59
2026-08-16T05:10:00+00:00,0.0,77.7,0.18,21.0,23,59
2026-08-16T05:11:00+00:00,0.0,77.8,0.2,21.0,23,59
2026-08-16T05:12:00+00:00,0.0,77.9,0.22,21.0,24,59
2026-08-16T05:13:00+00:00,0.0,78.0,0.23,21.1,24,59
2026-08-16T05:14:00+00:00,0.0,78.1,0.25,21.1,24,59
2026-08-16T05:15:00+00:00,0.0,78.1,0.27,21.1,24,59
2026-08-16T05:16:00+00:00,0.0,78.0,0.28,21.1,24,59
2026-08-16T05:17:00+00:00,0.0,77.8,0.3,21.0,24,59
2026-08-16T05:18:00+00:00,0.0,77.5,0.32,21.0,23,59
2026-08-16T05:19:00+00:00,0.0,77.1,0.33,20.9,22,59
2026-08-16T05:20:00+00:00,0.0,76.5,0.35,20.8,21,59
2026-08-16T05:21:00+00:00,0.0,75.9,0.37,20.7,20,59
2026-08-16T05:22:00+00:00,0.0,75.3,0.38,20.6,19,59
2026-08-16T05:23:00+00:00,0.0,74.7,0.4,20.4,18,59
2026-08-16T05:24:00+00:00,0.0,74.0,0.42,20.3,17,59
2026-08-16T05:25:00+00:00,0.0,73.4,0.43,20.2,16,59
2026-08-16T05:26:00+00:00,0.0,72.9,0.45,20.1,15,59
2026-08-16T05:27:00+00:00,0.0,72.5,0.47,20.0,15,59
2026-08-16T05:28:00+00:00,0.0,72.1,0.48,20.0,14,59
2026-08-16T05:29:00+00:00,0.0,71.9,0.5,19.9,14,59
2026-08-16T05:30:00+00:00,0.0,71.9,0.52,19.9,14,59
2026-08-16T05:31:00+00:00,0.0,71.9,0.53,19.9,14,59
2026-08-16T05:32:00+00:00,0.0,72.0,0.55,20.0,14,59
2026-08-16T05:33:00+00:00,0.0,72.2,0.57,20.0,15,59
2026-08-16T05:34:00+00:00,0.0,72.4,0.58,20.1,16,59
2026-08-16T05:35:00+00:00,0.0,72.6,0.6,20.2,17,59
2026-08-16T05:36:00+00:00,0.0,72.9,0.62,20.4,18,59
2026-08-16T05:37:00+00:00,0.0,73.2,0.63,20.5,19,59
2026-08-16T05:38:00+00:00,0.0,73.5,0.65,20.6,20,59
2026-08-16T05:39:00+00:00,0.0,73.8,0.67,20.8,21,59
2026-08-16T05:40:00+00:00,0.0,74.0,0.68,20.9,22,59
2026-08-16T05:41:00+00:00,0.0,74.3,0.7,21.0,23,59
2026-08-16T05:42:00+00:00,0.0,74.5,0.72,21.1,24,59
2026-08-16T05:43:00+00:00,0.0,74.6,0.73,21.2,25,59
2026-08-16T05:44:00+00:00,0.0,74.7,0.75,21.2,25,59
2026-08-16T05:45:00+00:00,0.0,74.8,0.77,21.2,25,59
2026-08-16T05:46:00+00:00,0.0,74.7,0.78,21.2,25,59
2026-08-16T05:47:00+00:00,0.0,74.7,0.8,21.2,25,59
2026-08-16T05:48:00+00:00,0.0,74.6,0.82,21.1,24,59
2026-08-16T05:49:00+00:00,0.0,74.4,0.83,21.0,24,59
2026-08-16T05:50:00+00:00,0.0,74.2,0.85,20.9,23,59
2026-08-16T05:51:00+00:00,0.0,74.0,0.87,20.8,22,59
2026-08-16T05:52:00+00:00,0.0,73.8,0.88,20.7,21,59
2026-08-16T05:53:00+00:00,0.0,73.5,0.9,20.6,20,59
2026-08-16T05:54:00+00:00,0.0,73.3,0.92,20.4,19,59
2026-08-16T05:55:00+00:00,0.0,73.1,0.93,20.3,18,59
2026-08-16T05:56:00+00:00,0.0,72.9,0.95,20.2,17,59
2026-08-16T05:57:00+00:00,0.0,72.7,0.97,20.1,16,59
2026-08-16T05:58:00+00:00,0.0,72.6,0.98,20.1,16,59
2026-08-16T05:59:00+00:00,0.0,72.5,1.0,20.0,16,59
2026-08-16T06:00:00+00:00,0.0,72.5,1.02,20.0,16,59
2026-08-16T06:01:00+00:00,0.0,72.6,1.03,20.0,16,59
2026-08-16T06:02:00+00:00,0.0,72.9,1.05,20.1,16,59
2026-08-16T06:03:00+00:00,0.0,73.3,1.07,20.1,16,59
2026-08-16T06:04:00+00:00,0.0,73.8,1.08,20.1,17,59
2026-08-16T06:05:00+00:00,0.0,74.4,1.1,20.2,17,59
2026-08-16T06:06:00+00:00,0.0,75.2,1.12,20.2,18,59
2026-08-16T06:07:00+00:00,0.0,75.9,1.13,20.3,19,59
2026-08-16T06:08:00+00:00,0.0,76.7,1.15,20.4,19,59
2026-08-16T06:09:00+00:00,0.0,77.5,1.17,20.4,20,59
2026-08-16T06:10:00+00:00,0.0,78.3,1.18,20.5,21,59
2026-08-16T06:11:00+00:00,0.0,78.9,1.2,20.5,21,59
2026-08-16T06:12:00+00:00,0.0,79.4,1.22,20.6,22,59
2026-08-16T06:13:00+00:00,0.0,79.8,1.23,20.6,22,59
2026-08-16T06:14:00+00:00,0.0,80.1,1.25,20.6,23,59
2026-08-16T06:15:00+00:00,0.0,80.2,1.27,20.6,23,59
2026-08-16T06:16:00+00:00,0.0,80.2,1.28,20.6,23,59
2026-08-16T06:17:00+00:00,0.0,80.2,1.3,20.6,23,59
2026-08-16T06:18:00+00:00,0.0,80.2,1.32,20.6,23,59
2026-08-16T06:19:00+00:00,0.0,80.2,1.33,20.6,22,60
2026-08-16T06:20:00+00:00,0.0,80.3,1.35,20.5,22,60
2026-08-16T06:21:00+00:00,0.0,80.3,1.37,20.5,22,60
2026-08-16T06:22:00+00:00,0.0,80.4,1.38,20.4,21,60
2026-08-16T06:23:00+00:00,0.0,80.4,1.4,20.4,21,60
2026-08-16T06:24:00+00:00,0.0,80.5,1.42,20.3,21,60
2026-08-16T06:25:00+00:00,0.0,80.5,1.43,20.3,20,60
2026-08-16T06:26:00+00:00,0.0,80.6,1.45,20.3,20,60
2026-08-16T06:27:00+00:00,0.0,80.6,1.47,20.2,20,60
2026-08-16T06:28:00+00:00,0.0,80.6,1.48,20.2,20,60
2026-08-16T06:29:00+00:00,0.0,80.6,1.5,20.2,19,60
2026-08-16T06:30:00+00:00,0.0,80.6,1.52,20.2,19,60
2026-08-16T06:31:00+00:00,0.0,80.5,1.53,20.2,19,60
2026-08-16T06:32:00+00:00,0.0,80.3,1.55,20.2,20,60
2026-08-16T06:33:00+00:00,0.0,79.9,1.57,20.3,20,60
2026-08-16T06:34:00+00:00,0.0,79.3,1.58,20.3,21,60
2026-08-16T06:35:00+00:00,0.0,78.7,1.6,20.4,21,60
2026-08-16T06:36:00+00:00,0.0,77.9,1.62,20.5,22,60
2026-08-16T06:37:00+00:00,0.0,77.1,1.63,20.6,22,60
2026-08-16T06:38:00+00:00,0.0,76.3,1.65,20.7,23,60
2026-08-16T06:39:00+00:00,0.0,75.5,1.67,20.8,24,60
2026-08-16T06:40:00+00:00,0.0,74.8,1.68,20.9,24,60
2026-08-16T06:41:00+00:00,0.0,74.1,1.7,21.0,25,60
2026-08-16T06:42:00+00:00,0.0,73.6,1.72,21.0,25,60
2026-08-16T06:43:00+00:00,0.0,73.2,1.73,21.1,26,60
2026-08-16T06:44:00+00:00,0.0,72.9,1.75,21.1,26,60
2026-08-16T06:45:00+00:00,0.0,72.9,1.77,21.1,26,61
2026-08-16T06:46:00+00:00,0.0,72.9,1.78,21.1,26,61
2026-08-16T06:47:00+00:00,0.0,73.1,1.8,21.1,26,61
2026-08-16T06:48:00+00:00,0.0,73.4,1.82,21.1,26,61
2026-08-16T06:49:00+00:00,0.0,73.8,1.83,21.0,25,61
2026-08-16T06:50:00+00:00,0.0,74.3,1.85,20.9,25,61
2026-08-16T06:51:00+00:00,0.0,74.9,1.87,20.9,25,61
2026-08-16T06:52:00+00:00,0.0,75.5,1.88,20.8,24,61
2026-08-16T06:53:00+00:00,0.0,76.1,1.9,20.7,24,61
2026-08-16T06:54:00+00:00,0.0,76.7,1.92,20.6,23,61
2026-08-16T06:55:00+00:00,0.0,77.2,1.93,20.6,23,61
2026-08-16T06:56:00+00:00,0.0,77.7,1.95,20.5,22,61
2026-08-16T06:57:00+00:00,0.0,78.1,1.97,20.5,22,61
2026-08-16T06:58:00+00:00,0.0,78.4,1.98,20.4,22,61
2026-08-16T06:59:00+00:00,0.0,78.6,2.0,20.4,22,61
2026-08-16T07:00:00+00:00,0.0,78.7,2.02,20.4,22,61
2026-08-16T07:01:00+00:00,0.0,78.7,2.03,20.4,22,61
2026-08-16T07:02:00+00:00,0.0,78.7,2.05,20.4,22,61
2026-08-16T07:03:00+00:00,0.0,78.8,2.07,20.4,22,61
2026-08-16T07:04:00+00:00,0.0,79.0,2.08,20.4,22,61
2026-08-16T07:05:00+00:00,0.0,79.1,2.1,20.5,22,62
2026-08-16T07:06:00+00:00,0.0,79.3,2.12,20.5,23,62
2026-08-16T07:07:00+00:00,0.0,79.4,2.13,20.5,23,62
2026-08-16T07:08:00+00:00,0.0,79.6,2.15,20.5,23,62
2026-08-16T07:09:00+00:00,0.0,79.8,2.17,20.6,24,62
2026-08-16T07:10:00+00:00,0.0,80.0,2.18,20.6,24,62
2026-08-16T07:11:00+00:00,0.0,80.1,2.2,20.6,24,62
2026-08-16T07:12:00+00:00,0.0,80.2,2.22,20.6,25,62
2026-08-16T07:13:00+00:00,0.0,80.3,2.23,20.7,25,62
2026-08-16T07:14:00+00:00,0.0,80.4,2.25,20.7,25,62
2026-08-16T07:15:00+00:00,0.0,80.4,2.27,20.7,25,62
2026-08-16T07:16:00+00:00,0.0,80.4,2.28,20.7,25,62
2026-08-16T07:17:00+00:00,0.0,80.3,2.3,20.6,25,62
2026-08-16T07:18:00+00:00,0.0,80.2,2.32,20.6,25,62
2026-08-16T07:19:00+00:00,0.0,80.1,2.33,20.6,24,62
2026-08-16T07:20:00+00:00,0.0,79.9,2.35,20.6,24,62
2026-08-16T07:21:00+00:00,0.0,79.8,2.37,20.5,23,62
2026-08-16T07:22:00+00:00,0.0,79.6,2.38,20.5,23,62
2026-08-16T07:23:00+00:00,0.0,79.4,2.4,20.4,23,62
2026-08-16T07:24:00+00:00,0.0,79.2,2.42,20.4,22,62
2026-08-16T07:25:00+00:00,0.0,79.0,2.43,20.3,22,63
2026-08-16T07:26:00+00:00,0.0,78.8,2.45,20.3,21,63
2026-08-16T07:27:00+00:00,0.0,78.7,2.47,20.3,21,63
2026-08-16T07:28:00+00:00,0.0,78.6,2.48,20.2,21,63
2026-08-16T07:29:00+00:00,0.0,78.5,2.5,20.2,21,63
2026-08-16T07:30:00+00:00,0.0,78.5,2.52,20.2,21,63
2026-08-16T07:31:00+00:00,0.0,78.5,2.53,20.2,21,63
2026-08-16T07:32:00+00:00,0.0,78.5,2.55,20.2,20,63
2026-08-16T07:33:00+00:00,0.0,78.4,2.57,20.2,20,63
2026-08-16T07:34:00+00:00,0.0,78.4,2.58,20.2,20,63
2026-08-16T07:35:00+00:00,0.0,78.3,2.6,20.1,20,63
2026-08-16T07:36:00+00:00,0.0,78.2,2.62,20.1,19,63
2026-08-16T07:37:00+00:00,0.0,78.1,2.63,20.0,19,63
2026-08-16T07:38:00+00:00,0.0,78.0,2.65,20.0,19,63
2026-08-16T07:39:00+00:00,0.0,77.9,2.67,20.0,18,63
2026-08-16T07:40:00+00:00,0.0,77.8,2.68,19.9,18,63
2026-08-16T07:41:00+00:00,0.0,77.8,2.7,19.9,17,63
2026-08-16T07:42:00+00:00,0.0,77.7,2.72,19.9,17,63
2026-08-16T07:43:00+00:00,0.0,77.7,2.73,19.8,17,63
2026-08-16T07:44:00+00:00,0.0,77.6,2.75,19.8,17,63
2026-08-16T07:45:00+00:00,0.0,77.6,2.77,19.8,17,63
2026-08-16T07:46:00+00:00,0.0,77.6,2.78,19.8,17,63
2026-08-16T07:47:00+00:00,0.0,77.6,2.8,19.8,17,63
2026-08-16T07:48:00+00:00,0.0,77.5,2.82,19.9,17,63
2026-08-16T07:49:00+00:00,0.0,77.4,2.83,19.9,18,63
2026-08-16T07:50:00+00:00,0.0,77.3,2.85,20.0,18,63
2026-08-16T07:51:00+00:00,0.0,77.2,2.87,20.0,19,63
2026-08-16T07:52:00+00:00,0.0,77.1,2.88,20.1,19,63
2026-08-16T07:53:00+00:00,0.0,76.9,2.9,20.1,20,63
2026-08-16T07:54:00+00:00,0.0,76.8,2.92,20.2,21,63
2026-08-16T07:55:00+00:00,0.0,76.7,2.93,20.3,21,63
2026-08-16T07:56:00+00:00,0.0,76.6,2.95,20.3,22,63
2026-08-16T07:57:00+00:00,0.0,76.5,2.97,20.3,22,63
2026-08-16T07:58:00+00:00,0.0,76.4,2.98,20.4,22,63
2026-08-16T07:59:00+00:00,0.0,76.4,3.0,20.4,23,63
2026-08-16T08:00:00+00:00,0.0,76.4,3.02,20.4,23,63
2026-08-16T08:01:00+00:00,0.0,76.3,3.03,20.4,23,63
2026-08-16T08:02:00+00:00,0.0,76.2,3.05,20.4,23,63
2026-08-16T08:03:00+00:00,0.0,76.0,3.07,20.5,23,63
2026-08-16T08:04:00+00:00,0.0,75.7,3.08,20.5,24,63
2026-08-16T08:05:00+00:00,0.0,75.4,3.1,20.5,24,63
2026-08-16T08:06:00+00:00,0.0,75.0,3.12,20.6,24,63
2026-08-16T08:07:00+00:00,0.0,74.6,3.13,20.7,25,63
2026-08-16T08:08:00+00:00,0.0,74.1,3.15,20.7,25,63
2026-08-16T08:09:00+00:00,0.0,73.7,3.17,20.8,26,63
2026-08-16T08:10:00+00:00,0.0,73.3,3.18,20.8,26,63
2026-08-16T08:11:00+00:00,0.0,73.0,3.2,20.9,27,63
2026-08-16T08:12:00+00:00,0.0,72.7,3.22,20.9,27,63
2026-08-16T08:13:00+00:00,0.0,72.5,3.23,20.9,27,63
2026-08-16T08:14:00+00:00,0.0,72.4,3.25,21.0,27,63
2026-08-16T08:15:00+00:00,0.0,72.3,3.27,21.0,27,63
2026-08-16T08:16:00+00:00,0.0,72.3,3.28,21.0,27,63
2026-08-16T08:17:00+00:00,0.0,72.4,3.3,20.9,27,63
2026-08-16T08:18:00+00:00,0.0,72.4,3.32,20.9,27,63
2026-08-16T08:19:00+00:00,0.0,72.5,3.33,20.8,26,63
2026-08-16T08:20:00+00:00,0.0,72.6,3.35,20.7,25,63
2026-08-16T08:21:00+00:00,0.0,72.7,3.37,20.6,24,63
2026-08-16T08:22:00+00:00,0.0,72.8,3.38,20.5,23,63
2026-08-16T08:23:00+00:00,0.0,72.9,3.4,20.4,22,63
2026-08-16T08:24:00+00:00,0.0,73.0,3.42,20.3,21,63
2026-08-16T08:25:00+00:00,0.0,73.0,3.43,20.2,21,63
2026-08-16T08:26:00+00:00,0.0,73.1,3.45,20.1,20,63
2026-08-16T08:27:00+00:00,0.0,73.2,3.47,20.0,19,63
2026-08-16T08:28:00+00:00,0.0,73.2,3.48,20.0,19,63
2026-08-16T08:29:00+00:00,0.0,73.3,3.5,19.9,18,63
2026-08-16T08:30:00+00:00,0.0,73.3,3.52,19.9,18,63
2026-08-16T08:31:00+00:00,0.0,73.3,3.53,19.9,18,63
2026-08-16T08:32:00+00:00,0.0,73.4,3.55,20.0,19,63
2026-08-16T08:33:00+00:00,0.0,73.6,3.57,20.0,19,63
2026-08-16T08:34:00+00:00,0.0,73.8,3.58,20.0,19,63
2026-08-16T08:35:00+00:00,0.0,74.1,3.6,20.1,20,63
2026-08-16T08:36:00+00:00,0.0,74.4,3.62,20.2,21,63
2026-08-16T08:37:00+00:00,0.0,74.7,3.63,20.2,22,63
2026-08-16T08:38:00+00:00,0.0,75.0,3.65,20.3,22,63
2026-08-16T08:39:00+00:00,0.0,75.3,3.67,20.4,23,63
2026-08-16T08:40:00+00:00,0.0,75.6,3.68,20.4,24,63
2026-08-16T08:41:00+00:00,0.0,75.9,3.7,20.5,25,63
2026-08-16T08:42:00+00:00,0.0,76.1,3.72,20.5,25,63
2026-08-16T08:43:00+00:00,0.0,76.3,3.73,20.6,26,63
2026-08-16T08:44:00+00:00,0.0,76.4,3.75,20.6,26,63
2026-08-16T08:45:00+00:00,0.0,76.4,3.77,20.6,26,63
2026-08-16T08:46:00+00:00,0.0,76.4,3.78,20.6,26,63
2026-08-16T08:47:00+00:00,0.0,76.3,3.8,20.6,26,63
2026-08-16T08:48:00+00:00,0.0,76.3,3.82,20.6,26,63
2026-08-16T08:49:00+00:00,0.0,76.2,3.83,20.6,26,63
2026-08-16T08:50:00+00:00,0.0,76.0,3.85,20.6,26,63
2026-08-16T08:51:00+00:00,0.0,75.9,3.87,20.6,26,63
2026-08-16T08:52:00+00:00,0.0,75.7,3.88,20.6,26,63
2026-08-16T08:53:00+00:00,0.0,75.6,3.9,20.6,26,63
2026-08-16T08:54:00+00:00,0.0,75.4,3.92,20.6,26,63
2026-08-16T08:55:00+00:00,0.0,75.2,3.93,20.6,26,63
2026-08-16T08:56:00+00:00,0.0,75.1,3.95,20.6,26,63
2026-08-16T08:57:00+00:00,0.0,75.0,3.97,20.6,26,63
2026-08-16T08:58:00+00:00,0.0,74.9,3.98,20.6,26,63
2026-08-16T08:59:00+00:00,0.0,74.9,4.0,20.6,26,63
2026-08-16T09:00:00+00:00,0.0,74.9,4.02,20.6,26,63
2026-08-16T09:01:00+00:00,0.0,74.9,4.03,20.7,26,63
2026-08-16T09:02:00+00:00,0.0,74.9,4.05,20.7,27,63
2026-08-16T09:03:00+00:00,0.0,75.0,4.07,20.7,27,63
2026-08-16T09:04:00+00:00,0.0,75.1,4.08,20.7,27,63
2026-08-16T09:05:00+00:00,0.0,75.3,4.1,20.7,27,63
2026-08-16T09:06:00+00:00,0.0,75.4,4.12,20.7,27,63
2026-08-16T09:07:00+00:00,0.0,75.6,4.13,20.7,28,63
2026-08-16T09:08:00+00:00,0.0,75.7,4.15,20.8,28,63
2026-08-16T09:09:00+00:00,0.0,75.9,4.17,20.8,28,63
2026-08-16T09:10:00+00:00,0.0,76.1,4.18,20.8,29,63
2026-08-16T09:11:00+00:00,0.0,76.2,4.2,20.8,29,63
2026-08-16T09:12:00+00:00,0.0,76.3,4.22,20.8,29,63
2026-08-16T09:13:00+00:00,0.0,76.4,4.23,20.8,29,63
2026-08-16T09:14:00+00:00,0.0,76.5,4.25,20.9,29,63
2026-08-16T09:15:00+00:00,0.0,76.5,4.27,20.9,29,63
2026-08-16T09:16:00+00:00,0.0,76.5,4.28,20.9,30,63
2026-08-16T09:17:00+00:00,0.0,76.5,4.3,20.9,30,63
2026-08-16T09:18:00+00:00,0.0,76.6,4.32,20.9,30,63
2026-08-16T09:19:00+00:00,0.0,76.7,4.33,20.9,30,63
2026-08-16T09:20:00+00:00,0.0,76.9,4.35,21.0,31,63
2026-08-16T09:21:00+00:00,0.0,77.0,4.37,21.0,31,63
2026-08-16T09:22:00+00:00,0.0,77.2,4.38,21.0,32,63
2026-08-16T09:23:00+00:00,0.0,77.3,4.4,21.1,32,63
2026-08-16T09:24:00+00:00,0.0,77.5,4.42,21.1,33,63
2026-08-16T09:25:00+00:00,0.0,77.6,4.43,21.2,33,63
2026-08-16T09:26:00+00:00,0.0,77.7,4.45,21.2,34,63
2026-08-16T09:27:00+00:00,0.0,77.9,4.47,21.2,34,63
2026-08-16T09:28:00+00:00,0.0,77.9,4.48,21.2,34,63
2026-08-16T09:29:00+00:00,0.0,78.0,4.5,21.3,35,63
2026-08-16T09:30:00+00:00,0.0,78.0,4.52,21.3,35,63
2026-08-16T09:31:00+00:00,0.0,78.0,4.53,21.3,35,63
2026-08-16T09:32:00+00:00,0.0,78.0,4.55,21.2,34,63
2026-08-16T09:33:00+00:00,0.0,78.0,4.57,21.2,34,63
2026-08-16T09:34:00+00:00,0.0,78.0,4.58,21.1,34,63
2026-08-16T09:35:00+00:00,0.0,78.0,4.6,21.1,33,63
2026-08-16T09:36:00+00:00,0.0,78.0,4.62,21.0,32,63
2026-08-16T09:37:00+00:00,0.0,78.1,4.63,20.9,31,63
2026-08-16T09:38:00+00:00,0.0,78.1,4.65,20.9,31,63
2026-08-16T09:39:00+00:00,0.0,78.1,4.67,20.8,30,63
2026-08-16T09:40:00+00:00,0.0,78.1,4.68,20.7,29,63
2026-08-16T09:41:00+00:00,0.0,78.1,4.7,20.6,28,63
2026-08-16T09:42:00+00:00,0.0,78.1,4.72,20.6,28,63
2026-08-16T09:43:00+00:00,0.0,78.1,4.73,20.6,27,63
2026-08-16T09:44:00+00:00,0.0,78.1,4.75,20.5,27,63
2026-08-16T09:45:00+00:00,0.0,78.1,4.77,20.5,27,63
2026-08-16T09:46:00+00:00,0.0,78.1,4.78,20.5,27,62
2026-08-16T09:47:00+00:00,0.0,78.2,4.8,20.5,28,62
2026-08-16T09:48:00+00:00,0.0,78.4,4.82,20.6,28,62
2026-08-16T09:49:00+00:00,0.0,78.5,4.83,20.6,28,62
2026-08-16T09:50:00+00:00,0.0,78.7,4.85,20.7,29,62
2026-08-16T09:51:00+00:00,0.0,79.0,4.87,20.7,30,62
2026-08-16T09:52:00+00:00,0.0,79.2,4.88,20.8,30,62
2026-08-16T09:53:00+00:00,0.0,79.5,4.9,20.8,31,62
2026-08-16T09:54:00+00:00,0.0,79.7,4.92,20.9,32,62
2026-08-16T09:55:00+00:00,0.0,80.0,4.93,20.9,33,62
2026-08-16T09:56:00+00:00,0.0,80.2,4.95,21.0,33,62
2026-08-16T09:57:00+00:00,0.0,80.4,4.97,21.0,34,62
2026-08-16T09:58:00+00:00,0.0,80.5,4.98,21.1,34,62
2026-08-16T09:59:00+00:00,0.0,80.6,5.0,21.1,34,62
2026-08-16T10:00:00+00:00,0.0,80.6,5.02,21.1,35,62
2026-08-16T10:01:00+00:00,0.0,80.5,5.03,21.1,34,62
2026-08-16T10:02:00+00:00,0.0,80.3,5.05,21.0,34,62
2026-08-16T10:03:00+00:00,0.0,79.9,5.07,21.0,33,62
2026-08-16T10:04:00+00:00,0.0,79.3,5.08,20.9,32,62
2026-08-16T10:05:00+00:00,0.0,78.6,5.1,20.8,31,62
2026-08-16T10:06:00+00:00,0.0,77.9,5.12,20.7,30,62
2026-08-16T10:07:00+00:00,0.0,77.1,5.13,20.6,28,62
2026-08-16T10:08:00+00:00,0.0,76.3,5.15,20.5,27,62
2026-08-16T10:09:00+00:00,0.0,75.5,5.17,20.4,26,62
2026-08-16T10:10:00+00:00,0.0,74.8,5.18,20.3,24,62
2026-08-16T10:11:00+00:00,0.0,74.1,5.2,20.2,23,62
2026-08-16T10:12:00+00:00,0.0,73.5,5.22,20.1,22,62
2026-08-16T10:13:00+00:00,0.0,73.1,5.23,20.1,22,62
2026-08-16T10:14:00+00:00,0.0,72.9,5.25,20.0,21,62
2026-08-16T10:15:00+00:00,0.0,72.8,5.27,20.0,21,62
2026-08-16T10:16:00+00:00,0.0,72.9,5.28,20.0,21,62
2026-08-16T10:17:00+00:00,0.0,73.0,5.3,20.0,21,62
2026-08-16T10:18:00+00:00,0.0,73.3,5.32,20.1,22,62
2026-08-16T10:19:00+00:00,0.0,73.6,5.33,20.1,22,62
2026-08-16T10:20:00+00:00,0.0,74.0,5.35,20.1,23,62
2026-08-16T10:21:00+00:00,0.0,74.4,5.37,20.2,23,62
2026-08-16T10:22:00+00:00,0.0,74.9,5.38,20.2,24,62
2026-08-16T10:23:00+00:00,0.0,75.4,5.4,20.3,25,62
2026-08-16T10:24:00+00:00,0.0,75.9,5.42,20.3,25,62
2026-08-16T10:25:00+00:00,0.0,76.3,5.43,20.4,26,62
2026-08-16T10:26:00+00:00,0.0,76.7,5.45,20.4,27,62
2026-08-16T10:27:00+00:00,0.0,77.0,5.47,20.4,27,62
2026-08-16T10:28:00+00:00,0.0,77.3,5.48,20.5,28,62
2026-08-16T10:29:00+00:00,0.0,77.4,5.5,20.5,28,62
2026-08-16T10:30:00+00:00,0.0,77.5,5.52,20.5,28,62
2026-08-16T10:31:00+00:00,0.0,77.5,5.53,20.5,28,62
2026-08-16T10:32:00+00:00,0.0,77.6,5.55,20.5,28,62
2026-08-16T10:33:00+00:00,0.0,77.8,5.57,20.6,29,62
2026-08-16T10:34:00+00:00,0.0,78.1,5.58,20.6,30,62
2026-08-16T10:35:00+00:00,0.0,78.3,5.6,20.7,30,62
2026-08-16T10:36:00+00:00,0.0,78.7,5.62,20.7,31,62
2026-08-16T10:37:00+00:00,0.0,79.0,5.63,20.8,32,62
2026-08-16T10:38:00+00:00,0.0,79.4,5.65,20.9,33,62
2026-08-16T10:39:00+00:00,0.0,79.7,5.67,21.0,34,62
2026-08-16T10:40:00+00:00,0.0,80.0,5.68,21.0,35,62
2026-08-16T10:41:00+00:00,0.0,80.3,5.7,21.1,36,63
2026-08-16T10:42:00+00:00,0.0,80.6,5.72,21.1,37,63
2026-08-16T10:43:00+00:00,0.0,80.7,5.73,21.2,37,63
2026-08-16T10:44:00+00:00,0.0,80.9,5.75,21.2,38,63
2026-08-16T10:45:00+00:00,0.0,80.9,5.77,21.2,38,63
2026-08-16T10:46:00+00:00,0.0,80.9,5.78,21.2,38,63
2026-08-16T10:47:00+00:00,0.0,80.9,5.8,21.2,37,63
2026-08-16T10:48:00+00:00,0.0,80.8,5.82,21.1,37,63
2026-08-16T10:49:00+00:00,0.0,80.7,5.83,21.1,36,63
2026-08-16T10:50:00+00:00,0.0,80.7,5.85,21.0,35,63
2026-08-16T10:51:00+00:00,0.0,80.6,5.87,20.9,34,63
2026-08-16T10:52:00+00:00,0.0,80.5,5.88,20.8,33,63
2026-08-16T10:53:00+00:00,0.0,80.4,5.9,20.7,32,63
2026-08-16T10:54:00+00:00,0.0,80.3,5.92,20.6,31,63
2026-08-16T10:55:00+00:00,0.0,80.2,5.93,20.6,30,63
2026-08-16T10:56:00+00:00,0.0,80.1,5.95,20.5,30,63
2026-08-16T10:57:00+00:00,0.0,80.0,5.97,20.5,29,63
2026-08-16T10:58:00+00:00,0.0,80.0,5.98,20.5,29,63
2026-08-16T10:59:00+00:00,0.0,80.0,6.0,20.5,29,63
2026-08-16T11:00:00+00:00,0.0,79.9,6.02,20.5,30,63
2026-08-16T11:01:00+00:00,0.0,79.9,6.03,20.6,30,63
2026-08-16T11:02:00+00:00,0.0,79.8,6.05,20.6,31,64
2026-08-16T11:03:00+00:00,0.0,79.7,6.07,20.7,32,64
2026-08-16T11:04:00+00:00,0.0,79.5,6.08,20.8,33,64
2026-08-16T11:05:00+00:00,0.0,79.3,6.1,20.9,35,64
2026-08-16T11:06:00+00:00,0.0,79.1,6.12,21.1,36,64
2026-08-16T11:07:00+00:00,0.0,78.8,6.13,21.2,38,64
2026-08-16T11:08:00+00:00,0.0,78.6,6.15,21.4,40,64
2026-08-16T11:09:00+00:00,0.0,78.3,6.17,21.5,41,64
2026-08-16T11:10:00+00:00,0.0,78.1,6.18,21.6,43,65
2026-08-16T11:11:00+00:00,0.0,77.9,6.2,21.8,44,65
2026-08-16T11:12:00+00:00,0.0,77.7,6.22,21.9,46,65
2026-08-16T11:13:00+00:00,0.0,77.6,6.23,22.0,47,65
2026-08-16T11:14:00+00:00,0.0,77.5,6.25,22.0,47,65
2026-08-16T11:15:00+00:00,0.0,77.5,6.27,22.1,48,65
2026-08-16T11:16:00+00:00,0.0,77.4,6.28,22.1,48,65
2026-08-16T11:17:00+00:00,0.0,77.3,6.3,22.1,49,65
2026-08-16T11:18:00+00:00,0.0,77.0,6.32,22.1,49,66
2026-08-16T11:19:00+00:00,0.0,76.6,6.33,22.1,48,66
2026-08-16T11:20:00+00:00,0.0,76.2,6.35,22.1,48,66
2026-08-16T11:21:00+00:00,0.0,75.7,6.37,22.1,48,66
2026-08-16T11:22:00+00:00,0.0,75.1,6.38,22.1,47,66
2026-08-16T11:23:00+00:00,0.0,74.6,6.4,22.0,47,66
2026-08-16T11:24:00+00:00,0.0,74.0,6.42,22.0,46,66
2026-08-16T11:25:00+00:00,0.0,73.5,6.43,22.0,46,67
2026-08-16T11:26:00+00:00,0.0,73.1,6.45,22.0,46,67
2026-08-16T11:27:00+00:00,0.0,72.7,6.47,22.0,45,67
2026-08-16T11:28:00+00:00,0.0,72.4,6.48,22.0,45,67
2026-08-16T11:29:00+00:00,0.0,72.2,6.5,22.0,45,67
2026-08-16T11:30:00+00:00,0.0,72.2,6.52,22.0,46,67
2026-08-16T11:31:00+00:00,0.0,72.3,6.53,22.0,46,67
2026-08-16T11:32:00+00:00,0.0,72.4,6.55,22.1,47,67
2026-08-16T11:33:00+00:00,0.0,72.8,6.57,22.1,48,68
2026-08-16T11:34:00+00:00,0.0,73.2,6.58,22.2,49,68
2026-08-16T11:35:00+00:00,0.0,73.7,6.6,22.3,49,68
2026-08-16T11:36:00+00:00,0.0,74.2,6.62,22.3,50,68
2026-08-16T11:37:00+00:00,0.0,74.8,6.63,22.4,52,68
2026-08-16T11:38:00+00:00,0.0,75.4,6.65,22.4,53,68
2026-08-16T11:39:00+00:00,0.0,76.0,6.67,22.5,54,68
2026-08-16T11:40:00+00:00,0.0,76.6,6.68,22.6,55,68
2026-08-16T11:41:00+00:00,0.0,77.1,6.7,22.6,56,69
2026-08-16T11:42:00+00:00,0.0,77.5,6.72,22.7,57,69
2026-08-16T11:43:00+00:00,0.0,77.8,6.73,22.7,57,69
2026-08-16T11:44:00+00:00,0.0,78.0,6.75,22.8,58,69
2026-08-16T11:45:00+00:00,0.0,78.1,6.77,22.8,59,69
2026-08-16T11:46:00+00:00,0.0,78.0,6.78,22.8,59,69
2026-08-16T11:47:00+00:00,0.0,77.9,6.8,22.9,59,69
2026-08-16T11:48:00+00:00,0.0,77.6,6.82,22.9,59,69
2026-08-16T11:49:00+00:00,0.0,77.3,6.83,22.9,59,70
2026-08-16T11:50:00+00:00,0.0,76.9,6.85,22.9,59,70
2026-08-16T11:51:00+00:00,0.0,76.4,6.87,22.8,59,70
2026-08-16T11:52:00+00:00,0.0,75.9,6.88,22.8,58,70
2026-08-16T11:53:00+00:00,0.0,75.4,6.9,22.8,58,70
2026-08-16T11:54:00+00:00,0.0,74.9,6.92,22.8,58,70
2026-08-16T11:55:00+00:00,0.0,74.4,6.93,22.8,57,70
2026-08-16T11:56:00+00:00,0.0,74.0,6.95,22.8,57,70
2026-08-16T11:57:00+00:00,0.0,73.6,6.97,22.8,57,71
2026-08-16T11:58:00+00:00,0.0,73.4,6.98,22.8,57,71
2026-08-16T11:59:00+00:00,0.0,73.2,7.0,22.8,57,71
2026-08-16T12:00:00+00:00,0.0,73.2,7.02,22.8,58,71
2026-08-16T12:01:00+00:00,0.0,72.8,7.03,22.9,58,71
2026-08-16T12:02:00+00:00,0.0,72.5,7.05,23.0,59,71
2026-08-16T12:03:00+00:00,0.0,72.2,7.07,23.0,59,71
2026-08-16T12:04:00+00:00,0.0,71.9,7.08,23.1,60,71
2026-08-16T12:05:00+00:00,0.0,71.7,7.1,23.2,62,71
2026-08-16T12:06:00+00:00,0.0,71.5,7.12,23.3,63,72
2026-08-16T12:07:00+00:00,0.0,71.3,7.13,23.4,64,72
2026-08-16T12:08:00+00:00,0.0,71.1,7.15,23.6,65,72
2026-08-16T12:09:00+00:00,0.0,70.8,7.17,23.7,67,72
2026-08-16T12:10:00+00:00,0.0,70.6,7.18,23.8,68,72
2026-08-16T12:11:00+00:00,0.0,70.4,7.2,23.9,69,72
2026-08-16T12:12:00+00:00,0.0,70.1,7.22,24.0,70,72
2026-08-16T12:13:00+00:00,0.0,69.8,7.23,24.0,70,72
2026-08-16T12:14:00+00:00,0.0,69.5,7.25,24.1,69,72
2026-08-16T12:15:00+00:00,0.0,69.1,7.27,24.1,68,73
2026-08-16T12:16:00+00:00,0.0,68.8,7.28,24.2,68,73
2026-08-16T12:17:00+00:00,0.0,68.5,7.3,24.2,67,73
2026-08-16T12:18:00+00:00,0.0,68.3,7.32,24.2,67,73
2026-08-16T12:19:00+00:00,0.0,68.1,7.33,24.2,67,73
2026-08-16T12:20:00+00:00,0.0,68.0,7.35,24.2,67,73
2026-08-16T12:21:00+00:00,0.0,67.9,7.37,24.3,67,73
2026-08-16T12:22:00+00:00,0.0,67.8,7.38,24.3,67,73
2026-08-16T12:23:00+00:00,0.0,67.8,7.4,24.3,67,73
2026-08-16T12:24:00+00:00,0.0,67.7,7.42,24.3,66,73
2026-08-16T12:25:00+00:00,0.0,67.6,7.43,24.3,66,73
2026-08-16T12:26:00+00:00,0.0,67.5,7.45,24.3,66,73
2026-08-16T12:27:00+00:00,0.0,67.3,7.47,24.3,66,74
2026-08-16T12:28:00+00:00,0.0,67.1,7.48,24.3,66,74
2026-08-16T12:29:00+00:00,0.0,66.8,7.5,24.4,65,74
2026-08-16T12:30:00+00:00,0.0,66.4,7.52,24.4,65,74
2026-08-16T12:31:00+00:00,0.0,66.0,7.53,24.4,64,74
2026-08-16T12:32:00+00:00,0.0,65.4,7.55,24.4,64,74
2026-08-16T12:33:00+00:00,0.0,64.7,7.57,24.5,63,74
2026-08-16T12:34:00+00:00,0.0,63.9,7.58,24.5,62,74
2026-08-16T12:35:00+00:00,0.0,63.0,7.6,24.5,62,74
2026-08-16T12:36:00+00:00,0.0,62.0,7.62,24.5,61,74
2026-08-16T12:37:00+00:00,0.0,61.0,7.63,24.5,60,74
2026-08-16T12:38:00+00:00,0.0,59.9,7.65,24.6,60,74
2026-08-16T12:39:00+00:00,0.0,58.9,7.67,24.6,59,74
2026-08-16T12:40:00+00:00,0.0,57.9,7.68,24.6,58,74
2026-08-16T12:41:00+00:00,0.0,57.0,7.7,24.6,58,75
2026-08-16T12:42:00+00:00,0.0,56.2,7.72,24.6,57,75
2026-08-16T12:43:00+00:00,0.0,55.5,7.73,24.7,57,75
2026-08-16T12:44:00+00:00,0.0,54.9,7.75,24.7,56,75
2026-08-16T12:45:00+00:00,0.0,54.5,7.77,24.7,56,75
2026-08-16T12:46:00+00:00,0.0,54.2,7.78,24.7,55,75
2026-08-16T12:47:00+00:00,0.0,54.0,7.8,24.8,55,75
2026-08-16T12:48:00+00:00,0.0,54.0,7.82,24.8,55,75
2026-08-16T12:49:00+00:00,0.0,54.1,7.83,24.7,55,75
2026-08-16T12:50:00+00:00,0.0,54.3,7.85,24.7,56,75
2026-08-16T12:51:00+00:00,0.0,54.6,7.87,24.7,56,75
2026-08-16T12:52:00+00:00,0.0,54.9,7.88,24.7,57,75
2026-08-16T12:53:00+00:00,0.0,55.3,7.9,24.6,57,75
2026-08-16T12:54:00+00:00,0.0,55.6,7.92,24.6,58,75
2026-08-16T12:55:00+00:00,0.0,55.9,7.93,24.6,58,75
2026-08-16T12:56:00+00:00,0.0,56.2,7.95,24.6,59,75
2026-08-16T12:57:00+00:00,0.0,56.3,7.97,24.5,59,75
2026-08-16T12:58:00+00:00,0.0,56.2,7.98,24.5,59,75
2026-08-16T12:59:00+00:00,0.0,56.1,8.0,24.6,59,75
2026-08-16T13:00:00+00:00,0.0,55.8,8.02,24.6,59,75
2026-08-16T13:01:00+00:00,0.0,55.4,8.03,24.6,58,76
2026-08-16T13:02:00+00:00,0.0,54.9,8.05,24.7,57,76
2026-08-16T13:03:00+00:00,0.0,54.3,8.07,24.7,57,76
2026-08-16T13:04:00+00:00,0.0,53.7,8.08,24.8,56,76
2026-08-16T13:05:00+00:00,0.0,53.1,8.1,24.9,55,76
2026-08-16T13:06:00+00:00,0.0,52.4,8.12,24.9,53,76
2026-08-16T13:07:00+00:00,0.0,51.7,8.13,25.0,52,76
2026-08-16T13:08:00+00:00,0.0,50.9,8.15,25.1,51,76
2026-08-16T13:09:00+00:00,0.0,50.2,8.17,25.2,50,76
2026-08-16T13:10:00+00:00,0.0,49.6,8.17,25.2,49,76
2026-08-16T13:11:00+00:00,0.0,48.9,8.17,25.3,48,76
2026-08-16T13:12:00+00:00,0.0,48.3,8.17,25.4,47,76
2026-08-16T13:13:00+00:00,0.0,47.7,8.17,25.4,46,76
2026-08-16T13:14:00+00:00,0.0,47.3,8.17,25.5,45,76
2026-08-16T13:15:00+00:00,0.0,46.8,8.17,25.5,45,76
2026-08-16T13:16:00+00:00,0.0,46.4,8.17,25.6,44,76
2026-08-16T13:17:00+00:00,0.0,46.0,8.17,25.6,44,76
2026-08-16T13:18:00+00:00,0.0,45.5,8.17,25.6,43,76
2026-08-16T13:19:00+00:00,0.0,45.0,8.17,25.7,42,76
2026-08-16T13:20:00+00:00,0.0,44.5,8.17,25.8,41,76
2026-08-16T13:21:00+00:00,0.0,43.9,8.17,25.8,40,76
2026-08-16T13:22:00+00:00,0.0,43.3,8.17,25.9,40,76
2026-08-16T13:23:00+00:00,0.0,42.8,8.17,26.0,39,77
2026-08-16T13:24:00+00:00,0.0,42.2,8.17,26.1,38,77
2026-08-16T13:25:00+00:00,0.0,41.6,8.17,26.1,37,77
2026-08-16T13:26:00+00:00,0.0,41.1,8.17,26.2,36,77
2026-08-16T13:27:00+00:00,0.0,40.6,8.17,26.2,35,77
2026-08-16T13:28:00+00:00,0.0,40.1,8.17,26.3,35,77
2026-08-16T13:29:00+00:00,0.0,39.7,8.17,26.3,34,77
2026-08-16T13:30:00+00:00,0.0,39.3,8.17,26.4,34,77
2026-08-16T13:31:00+00:00,0.0,38.9,8.17,26.4,33,77
2026-08-16T13:32:00+00:00,0.0,38.4,8.17,26.4,33,77
2026-08-16T13:33:00+00:00,0.0,37.9,8.17,26.4,33,77
2026-08-16T13:34:00+00:00,0.0,37.3,8.17,26.4,33,77
2026-08-16T13:35:00+00:00,0.0,36.7,8.17,26.3,33,77
2026-08-16T13:36:00+00:00,0.0,36.0,8.17,26.3,33,77
2026-08-16T13:37:00+00:00,0.0,35.4,8.17,26.2,33,77
2026-08-16T13:38:00+00:00,0.0,34.7,8.17,26.2,33,77
2026-08-16T13:39:00+00:00,0.0,34.0,8.17,26.2,34,77
2026-08-16T13:40:00+00:00,0.0,33.4,8.17,26.1,34,77
2026-08-16T13:41:00+00:00,0.0,32.8,8.17,26.1,34,78
2026-08-16T13:42:00+00:00,0.0,32.2,8.17,26.1,34,78
2026-08-16T13:43:00+00:00,0.0,31.7,8.17,26.1,34,78
2026-08-16T13:44:00+00:00,0.0,31.2,8.17,26.1,33,78
2026-08-16T13:45:00+00:00,0.0,30.8,8.17,26.1,33,78
2026-08-16T13:46:00+00:00,0.0,30.5,8.17,26.1,33,78
2026-08-16T13:47:00+00:00,0.0,30.3,8.17,26.1,32,78
2026-08-16T13:48:00+00:00,0.0,30.4,8.17,26.1,32,78
2026-08-16T13:49:00+00:00,0.0,30.5,8.17,26.2,32,78
2026-08-16T13:50:00+00:00,0.0,30.7,8.17,26.2,32,78
2026-08-16T13:51:00+00:00,0.0,31.1,8.17,26.2,32,78
2026-08-16T13:52:00+00:00,0.0,31.5,8.17,26.2,32,78
2026-08-16T13:53:00+00:00,0.0,31.9,8.17,26.2,32,78
2026-08-16T13:54:00+00:00,0.0,32.2,8.17,26.2,32,79
2026-08-16T13:55:00+00:00,0.0,32.6,8.17,26.3,32,79
2026-08-16T13:56:00+00:00,0.0,32.8,8.17,26.3,32,79
2026-08-16T13:57:00+00:00,0.0,33.0,8.17,26.3,32,79
2026-08-16T13:58:00+00:00,0.0,33.0,8.17,26.3,32,79
2026-08-16T13:59:00+00:00,0.0,32.8,8.17,26.3,31,79
2026-08-16T14:00:00+00:00,0.0,32.5,8.17,26.4,31,79
2026-08-16T14:01:00+00:00,0.0,32.1,8.17,26.4,31,79
2026-08-16T14:02:00+00:00,0.0,31.6,8.17,26.4,30,79
2026-08-16T14:03:00+00:00,0.0,31.1,8.17,26.5,30,79
2026-08-16T14:04:00+00:00,0.0,30.5,8.17,26.5,29,79
2026-08-16T14:05:00+00:00,0.0,29.8,8.17,26.5,29,79
2026-08-16T14:06:00+00:00,0.0,29.1,8.17,26.6,28,80
2026-08-16T14:07:00+00:00,0.0,28.4,8.17,26.6,27,80
2026-08-16T14:08:00+00:00,0.0,27.7,8.17,26.7,27,80
2026-08-16T14:09:00+00:00,0.0,27.0,8.17,26.7,26,80
2026-08-16T14:10:00+00:00,0.0,26.3,8.17,26.8,26,80
2026-08-16T14:11:00+00:00,0.0,25.6,8.17,26.8,25,80
2026-08-16T14:12:00+00:00,0.0,25.0,8.17,26.8,25,80
2026-08-16T14:13:00+00:00,0.0,24.5,8.17,26.9,24,80
2026-08-16T14:14:00+00:00,0.0,24.0,8.17,26.9,24,80
2026-08-16T14:15:00+00:00,0.0,23.6,8.17,26.9,24,80
2026-08-16T14:16:00+00:00,0.0,23.1,8.17,26.9,23,81
2026-08-16T14:17:00+00:00,0.0,22.7,8.17,26.9,23,81
2026-08-16T14:18:00+00:00,0.0,22.2,8.17,26.9,23,81
2026-08-16T14:19:00+00:00,0.0,21.7,8.17,26.9,23,81
2026-08-16T14:20:00+00:00,0.0,21.1,8.17,26.9,23,81
2026-08-16T14:21:00+00:00,0.0,20.5,8.17,26.9,23,81
2026-08-16T14:22:00+00:00,0.0,19.9,8.17,26.9,23,81
2026-08-16T14:23:00+00:00,0.0,19.3,8.17,26.9,23,81
2026-08-16T14:24:00+00:00,0.0,18.7,8.17,26.8,23,81
2026-08-16T14:25:00+00:00,0.0,18.1,8.17,26.8,22,81
2026-08-16T14:26:00+00:00,0.0,17.5,8.17,26.8,22,82
2026-08-16T14:27:00+00:00,0.0,17.0,8.17,26.8,22,82
2026-08-16T14:28:00+00:00,0.0,16.5,8.17,26.8,22,82
2026-08-16T14:29:00+00:00,0.0,16.0,8.17,26.8,22,82
2026-08-16T14:30:00+00:00,0.0,15.6,8.17,26.8,22,82
2026-08-16T14:31:00+00:00,0.0,15.6,8.17,26.9,22,82
2026-08-16T14:32:00+00:00,0.0,15.8,8.17,26.9,21,82
2026-08-16T14:33:00+00:00,0.0,16.1,8.17,26.9,21,82
2026-08-16T14:34:00+00:00,0.0,16.4,8.17,26.9,22,82
2026-08-16T14:35:00+00:00,0.0,16.9,8.17,26.9,22,82
2026-08-16T14:36:00+00:00,0.0,17.4,8.17,26.9,22,83
2026-08-16T14:37:00+00:00,0.0,17.9,8.17,26.9,22,83
2026-08-16T14:38:00+00:00,0.0,18.4,8.17,26.9,22,83
2026-08-16T14:39:00+00:00,0.0,18.9,8.17,26.9,22,83
2026-08-16T14:40:00+00:00,0.0,19.4,8.17,26.9,22,83
2026-08-16T14:41:00+00:00,0.0,19.9,8.17,26.9,22,83
2026-08-16T14:42:00+00:00,0.0,20.2,8.17,26.9,22,83
2026-08-16T14:43:00+00:00,0.0,20.5,8.17,26.9,23,83
2026-08-16T14:44:00+00:00,0.0,20.7,8.17,26.9,22,83
2026-08-16T14:45:00+00:00,0.0,20.7,8.17,27.0,22,83
2026-08-16T14:46:00+00:00,0.0,20.7,8.17,27.0,22,84
2026-08-16T14:47:00+00:00,0.0,20.8,8.17,27.0,22,84
2026-08-16T14:48:00+00:00,0.0,20.9,8.17,27.0,22,84
2026-08-16T14:49:00+00:00,0.0,21.0,8.17,27.0,22,84
2026-08-16T14:50:00+00:00,0.0,21.2,8.17,27.1,22,84
2026-08-16T14:51:00+00:00,0.0,21.3,8.17,27.1,22,84
2026-08-16T14:52:00+00:00,0.0,21.5,8.17,27.1,22,84
2026-08-16T14:53:00+00:00,0.0,21.7,8.17,27.1,21,84
2026-08-16T14:54:00+00:00,0.0,21.9,8.17,27.1,21,84
2026-08-16T14:55:00+00:00,0.0,22.0,8.17,27.2,21,85
2026-08-16T14:56:00+00:00,0.0,22.2,8.17,27.2,21,85
2026-08-16T14:57:00+00:00,0.0,22.3,8.17,27.2,21,85
2026-08-16T14:58:00+00:00,0.0,22.4,8.17,27.2,21,85
2026-08-16T14:59:00+00:00,0.0,22.5,8.17,27.2,21,85
2026-08-16T15:00:00+00:00,0.0,22.5,8.17,27.3,21,85
2026-08-16T15:01:00+00:00,0.0,22.4,8.17,27.3,20,85
2026-08-16T15:02:00+00:00,0.0,22.1,8.17,27.3,20,85
2026-08-16T15:03:00+00:00,0.0,21.6,8.17,27.4,20,85
2026-08-16T15:04:00+00:00,0.0,20.9,8.17,27.4,19,85
2026-08-16T15:05:00+00:00,0.0,20.1,8.17,27.5,18,86
2026-08-16T15:06:00+00:00,0.0,19.3,8.17,27.5,18,86
2026-08-16T15:07:00+00:00,0.0,18.3,8.17,27.6,17,86
2026-08-16T15:08:00+00:00,0.0,17.3,8.17,27.7,16,86
2026-08-16T15:09:00+00:00,0.0,16.4,8.17,27.7,16,86
2026-08-16T15:10:00+00:00,0.0,15.5,8.17,27.8,15,86
2026-08-16T15:11:00+00:00,0.0,14.7,8.17,27.8,14,86
2026-08-16T15:12:00+00:00,0.0,14.0,8.17,27.9,14,86
2026-08-16T15:13:00+00:00,0.0,13.5,8.17,27.9,13,86
2026-08-16T15:14:00+00:00,0.0,13.2,8.17,28.0,13,86
2026-08-16T15:15:00+00:00,0.0,13.1,8.17,28.0,13,86
2026-08-16T15:16:00+00:00,0.0,13.2,8.17,28.0,13,87
2026-08-16T15:17:00+00:00,0.0,13.3,8.17,28.0,13,87
2026-08-16T15:18:00+00:00,0.0,13.4,8.17,28.0,13,87
2026-08-16T15:19:00+00:00,0.0,13.6,8.17,28.0,13,87
2026-08-16T15:20:00+00:00,0.0,13.8,8.17,28.0,13,87
2026-08-16T15:21:00+00:00,0.0,14.0,8.17,27.9,14,87
2026-08-16T15:22:00+00:00,0.0,14.3,8.17,27.9,14,87
2026-08-16T15:23:00+00:00,0.0,14.6,8.17,27.9,14,87
2026-08-16T15:24:00+00:00,0.0,14.9,8.17,27.9,14,87
2026-08-16T15:25:00+00:00,0.0,15.1,8.17,27.8,15,87
2026-08-16T15:26:00+00:00,0.0,15.3,8.17,27.8,15,87
2026-08-16T15:27:00+00:00,0.0,15.5,8.17,27.8,15,87
2026-08-16T15:28:00+00:00,0.0,15.6,8.17,27.8,15,88
2026-08-16T15:29:00+00:00,0.0,15.7,8.17,27.8,15,88
2026-08-16T15:30:00+00:00,0.0,15.8,8.17,27.8,15,88
2026-08-16T15:31:00+00:00,0.0,15.8,8.17,27.8,15,88
2026-08-16T15:32:00+00:00,0.0,15.9,8.17,27.9,15,88
2026-08-16T15:33:00+00:00,0.0,16.0,8.17,27.9,14,88
2026-08-16T15:34:00+00:00,0.0,16.2,8.17,28.0,14,88
2026-08-16T15:35:00+00:00,0.0,16.4,8.17,28.1,13,88
2026-08-16T15:36:00+00:00,0.0,16.6,8.17,28.2,13,88
2026-08-16T15:37:00+00:00,0.0,16.9,8.17,28.3,12,88
2026-08-16T15:38:00+00:00,0.0,17.1,8.17,28.4,11,88
2026-08-16T15:39:00+00:00,0.0,17.4,8.17,28.5,11,88
2026-08-16T15:40:00+00:00,0.0,17.6,8.17,28.5,10,88
2026-08-16T15:41:00+00:00,0.0,17.8,8.17,28.6,9,88
2026-08-16T15:42:00+00:00,0.0,18.0,8.17,28.7,9,89
2026-08-16T15:43:00+00:00,0.0,18.1,8.17,28.7,9,89
2026-08-16T15:44:00+00:00,0.0,18.2,8.17,28.8,8,89
2026-08-16T15:45:00+00:00,0.0,18.2,8.17,28.8,8,89
2026-08-16T15:46:00+00:00,0.0,18.2,8.17,28.8,8,89
2026-08-16T15:47:00+00:00,0.0,18.0,8.17,28.8,8,89
2026-08-16T15:48:00+00:00,0.0,17.8,8.17,28.7,9,89
2026-08-16T15:49:00+00:00,0.0,17.5,8.17,28.6,9,89
2026-08-16T15:50:00+00:00,0.0,17.1,8.17,28.5,10,89
2026-08-16T15:51:00+00:00,0.0,16.7,8.17,28.4,11,89
2026-08-16T15:52:00+00:00,0.0,16.2,8.17,28.3,11,89
2026-08-16T15:53:00+00:00,0.0,15.7,8.17,28.2,12,89
2026-08-16T15:54:00+00:00,0.0,15.3,8.17,28.1,13,89
2026-08-16T15:55:00+00:00,0.0,14.9,8.17,28.0,14,89
2026-08-16T15:56:00+00:00,0.0,14.5,8.17,27.9,14,89
2026-08-16T15:57:00+00:00,0.0,14.2,8.17,27.8,15,89
2026-08-16T15:58:00+00:00,0.0,13.9,8.17,27.7,15,89
2026-08-16T15:59:00+00:00,0.0,13.8,8.17,27.7,15,89
2026-08-16T16:00:00+00:00,0.0,13.7,8.17,27.7,15,89
2026-08-16T16:01:00+00:00,0.0,13.8,8.17,27.7,15,89
2026-08-16T16:02:00+00:00,0.0,13.9,8.17,27.8,15,89
2026-08-16T16:03:00+00:00,0.0,14.2,8.17,27.9,14,89
2026-08-16T16:04:00+00:00,0.0,14.5,8.17,28.0,14,90
2026-08-16T16:05:00+00:00,0.0,14.9,8.17,28.1,13,90
2026-08-16T16:06:00+00:00,0.0,15.3,8.17,28.2,12,90
2026-08-16T16:07:00+00:00,0.0,15.8,8.17,28.3,11,90
2026-08-16T16:08:00+00:00,0.0,16.2,8.17,28.5,10,90
2026-08-16T16:09:00+00:00,0.0,16.7,8.17,28.6,9,90
2026-08-16T16:10:00+00:00,0.0,17.1,8.17,28.8,8,90
2026-08-16T16:11:00+00:00,0.0,17.5,8.17,28.9,8,90
2026-08-16T16:12:00+00:00,0.0,17.8,8.17,29.0,7,90
2026-08-16T16:13:00+00:00,0.0,18.0,8.17,29.0,6,90
2026-08-16T16:14:00+00:00,0.0,18.2,8.17,29.1,6,90
2026-08-16T16:15:00+00:00,0.0,18.2,8.17,29.1,6,90
2026-08-16T16:16:00+00:00,0.0,18.2,8.17,29.1,6,90
2026-08-16T16:17:00+00:00,0.0,18.0,8.17,29.1,6,90
2026-08-16T16:18:00+00:00,0.0,17.8,8.17,29.2,6,90
2026-08-16T16:19:00+00:00,0.0,17.5,8.17,29.2,5,90
2026-08-16T16:20:00+00:00,0.0,17.1,8.17,29.2,5,90
2026-08-16T16:21:00+00:00,0.0,16.6,8.17,29.2,5,90
2026-08-16T16:22:00+00:00,0.0,16.1,8.17,29.2,5,90
2026-08-16T16:23:00+00:00,0.0,15.6,8.17,29.3,5,90
2026-08-16T16:24:00+00:00,0.0,15.1,8.17,29.3,4,90
2026-08-16T16:25:00+00:00,0.0,14.7,8.17,29.3,4,90
2026-08-16T16:26:00+00:00,0.0,14.3,8.17,29.3,4,90
2026-08-16T16:27:00+00:00,0.0,14.0,8.17,29.4,4,90
2026-08-16T16:28:00+00:00,0.0,13.7,8.17,29.4,4,90
2026-08-16T16:29:00+00:00,0.0,13.6,8.17,29.4,4,90
2026-08-16T16:30:00+00:00,0.0,13.5,8.17,29.4,4,90
2026-08-16T16:31:00+00:00,0.0,13.5,8.17,29.4,4,90
2026-08-16T16:32:00+00:00,0.0,13.6,8.17,29.4,4,90
2026-08-16T16:33:00+00:00,0.0,13.7,8.17,29.3,4,90
2026-08-16T16:34:00+00:00,0.0,13.8,8.17,29.2,5,91
2026-08-16T16:35:00+00:00,0.0,14.0,8.17,29.1,5,91
2026-08-16T16:36:00+00:00,0.0,14.2,8.17,29.0,6,91
2026-08-16T16:37:00+00:00,0.0,14.4,8.17,28.9,7,91
2026-08-16T16:38:00+00:00,0.0,14.6,8.17,28.8,8,91
2026-08-16T16:39:00+00:00,0.0,14.8,8.17,28.7,8,91
2026-08-16T16:40:00+00:00,0.0,15.0,8.17,28.6,9,91
2026-08-16T16:41:00+00:00,0.0,15.2,8.17,28.5,10,91
2026-08-16T16:42:00+00:00,0.0,15.3,8.17,28.5,10,91
2026-08-16T16:43:00+00:00,0.0,15.4,8.17,28.4,11,91
2026-08-16T16:44:00+00:00,0.0,15.5,8.17,28.4,11,91
2026-08-16T16:45:00+00:00,0.0,15.5,8.17,28.4,11,91
2026-08-16T16:46:00+00:00,0.0,15.6,8.17,28.4,11,91
2026-08-16T16:47:00+00:00,0.0,15.7,8.17,28.4,11,91
2026-08-16T16:48:00+00:00,0.0,15.9,8.17,28.5,10,91
2026-08-16T16:49:00+00:00,0.0,16.1,8.17,28.5,10,91
2026-08-16T16:50:00+00:00,0.0,16.4,8.17,28.6,10,91
2026-08-16T16:51:00+00:00,0.0,16.7,8.17,28.7,9,91
2026-08-16T16:52:00+00:00,0.0,17.0,8.17,28.7,8,91
2026-08-16T16:53:00+00:00,0.0,17.4,8.17,28.8,8,91
2026-08-16T16:54:00+00:00,0.0,17.7,8.17,28.9,7,91
2026-08-16T16:55:00+00:00,0.0,18.0,8.17,29.0,7,91
2026-08-16T16:56:00+00:00,0.0,18.3,8.17,29.1,6,91
2026-08-16T16:57:00+00:00,0.0,18.6,8.17,29.1,6,91
2026-08-16T16:58:00+00:00,0.0,18.7,8.17,29.2,6,91
2026-08-16T16:59:00+00:00,0.0,18.8,8.17,29.2,5,91
2026-08-16T17:00:00+00:00,0.0,18.9,8.17,29.2,5,91
2026-08-16T17:01:00+00:00,0.0,18.9,8.17,29.2,5,91
2026-08-16T17:02:00+00:00,0.0,18.8,8.17,29.2,6,91
2026-08-16T17:03:00+00:00,0.0,18.8,8.17,29.1,6,91
2026-08-16T17:04:00+00:00,0.0,18.7,8.17,29.0,6,91
2026-08-16T17:05:00+00:00,0.0,18.7,8.17,29.0,7,91
2026-08-16T17:06:00+00:00,0.0,18.6,8.17,28.9,8,91
2026-08-16T17:07:00+00:00,0.0,18.5,8.17,28.8,8,91
2026-08-16T17:08:00+00:00,0.0,18.4,8.17,28.7,9,91
2026-08-16T17:09:00+00:00,0.0,18.3,8.17,28.6,10,91
2026-08-16T17:10:00+00:00,0.0,18.3,8.17,28.5,10,91
2026-08-16T17:11:00+00:00,0.0,18.2,8.17,28.5,11,91
2026-08-16T17:12:00+00:00,0.0,18.1,8.17,28.4,11,91
2026-08-16T17:13:00+00:00,0.0,18.1,8.17,28.3,12,92
2026-08-16T17:14:00+00:00,0.0,18.1,8.17,28.3,12,92
2026-08-16T17:15:00+00:00,0.0,18.1,8.17,28.3,12,92
2026-08-16T17:16:00+00:00,0.0,18.0,8.17,28.3,12,92
2026-08-16T17:17:00+00:00,0.0,17.9,8.17,28.3,12,92
2026-08-16T17:18:00+00:00,0.0,17.7,8.17,28.3,12,92
2026-08-16T17:19:00+00:00,0.0,17.5,8.17,28.3,11,92
2026-08-16T17:20:00+00:00,0.0,17.2,8.17,28.4,11,92
2026-08-16T17:21:00+00:00,0.0,16.9,8.17,28.4,11,92
2026-08-16T17:22:00+00:00,0.0,16.5,8.17,28.4,11,92
2026-08-16T17:23:00+00:00,0.0,16.1,8.17,28.4,11,92
2026-08-16T17:24:00+00:00,0.0,15.8,8.17,28.5,10,92
2026-08-16T17:25:00+00:00,0.0,15.5,8.17,28.5,10,92
2026-08-16T17:26:00+00:00,0.0,15.2,8.17,28.5,10,92
2026-08-16T17:27:00+00:00,0.0,14.9,8.17,28.5,10,92
2026-08-16T17:28:00+00:00,0.0,14.7,8.17,28.5,10,92
2026-08-16T17:29:00+00:00,0.0,14.6,8.17,28.5,10,92
2026-08-16T17:30:00+00:00,0.0,14.6,8.17,28.5,10,92
2026-08-16T17:31:00+00:00,0.0,14.6,8.17,28.5,10,92
2026-08-16T17:32:00+00:00,0.0,14.6,8.17,28.6,10,92
2026-08-16T17:33:00+00:00,0.0,14.6,8.17,28.6,9,92
2026-08-16T17:34:00+00:00,0.0,14.7,8.17,28.6,9,92
2026-08-16T17:35:00+00:00,0.0,14.7,8.17,28.6,9,92
2026-08-16T17:36:00+00:00,0.0,14.8,8.17,28.6,9,92
2026-08-16T17:37:00+00:00,0.0,14.8,8.17,28.6,9,92
2026-08-16T17:38:00+00:00,0.0,14.8,8.17,28.7,9,92
2026-08-16T17:39:00+00:00,0.0,14.9,8.17,28.7,9,92
2026-08-16T17:40:00+00:00,0.0,14.9,8.17,28.7,8,92
2026-08-16T17:41:00+00:00,0.0,15.0,8.17,28.7,8,92
2026-08-16T17:42:00+00:00,0.0,15.0,8.17,28.8,8,92
2026-08-16T17:43:00+00:00,0.0,15.0,8.17,28.8,8,92
2026-08-16T17:44:00+00:00,0.0,15.0,8.17,28.8,8,92
2026-08-16T17:45:00+00:00,0.0,15.1,8.17,28.8,8,92
2026-08-16T17:46:00+00:00,0.0,15.1,8.17,28.8,8,92
2026-08-16T17:47:00+00:00,0.0,15.3,8.17,28.8,8,92
2026-08-16T17:48:00+00:00,0.0,15.5,8.17,28.8,8,91
2026-08-16T17:49:00+00:00,0.0,15.9,8.17,28.8,8,91
2026-08-16T17:50:00+00:00,0.0,16.3,8.17,28.8,8,91
2026-08-16T17:51:00+00:00,0.0,16.8,8.17,28.9,8,91
2026-08-16T17:52:00+00:00,0.0,17.3,8.17,28.9,7,91
2026-08-16T17:53:00+00:00,0.0,17.8,8.17,28.9,7,91
2026-08-16T17:54:00+00:00,0.0,18.3,8.17,29.0,7,91
2026-08-16T17:55:00+00:00,0.0,18.8,8.17,29.0,7,91
2026-08-16T17:56:00+00:00,0.0,19.2,8.17,29.0,7,91
2026-08-16T17:57:00+00:00,0.0,19.5,8.17,29.0,7,91
2026-08-16T17:58:00+00:00,0.0,19.8,8.17,29.0,7,91
2026-08-16T17:59:00+00:00,0.0,20.0,8.17,29.0,7,91
2026-08-16T18:00:00+00:00,0.0,20.0,8.17,29.0,7,91
2026-08-16T18:01:00+00:00,0.0,20.0,8.17,29.0,7,91
2026-08-16T18:02:00+00:00,0.0,20.0,8.17,29.0,7,91
2026-08-16T18:03:00+00:00,0.0,20.1,8.17,29.0,7,91
2026-08-16T18:04:00+00:00,0.0,20.1,8.17,29.0,7,91
2026-08-16T18:05:00+00:00,0.0,20.1,8.17,29.0,7,91
2026-08-16T18:06:00+00:00,0.0,20.2,8.17,29.1,7,91
2026-08-16T18:07:00+00:00,0.0,20.2,8.17,29.1,6,91
2026-08-16T18:08:00+00:00,0.0,20.3,8.17,29.1,6,91
2026-08-16T18:09:00+00:00,0.0,20.3,8.17,29.1,6,91
2026-08-16T18:10:00+00:00,0.0,20.4,8.17,29.1,6,91
2026-08-16T18:11:00+00:00,0.0,20.4,8.17,29.1,6,91
2026-08-16T18:12:00+00:00,0.0,20.4,8.17,29.1,6,91
2026-08-16T18:13:00+00:00,0.0,20.4,8.17,29.1,6,91
2026-08-16T18:14:00+00:00,0.0,20.5,8.17,29.1,6,91
2026-08-16T18:15:00+00:00,0.0,20.5,8.17,29.1,6,91
2026-08-16T18:16:00+00:00,0.0,20.5,8.17,29.1,6,90
2026-08-16T18:17:00+00:00,0.0,20.4,8.17,29.1,6,90
2026-08-16T18:18:00+00:00,0.0,20.4,8.17,29.1,6,90
2026-08-16T18:19:00+00:00,0.0,20.4,8.17,29.1,7,90
2026-08-16T18:20:00+00:00,0.0,20.3,8.17,29.1,7,90
2026-08-16T18:21:00+00:00,0.0,20.2,8.17,29.0,7,90
2026-08-16T18:22:00+00:00,0.0,20.2,8.17,29.0,7,90
2026-08-16T18:23:00+00:00,0.0,20.1,8.17,29.0,7,90
2026-08-16T18:24:00+00:00,0.0,20.1,8.17,29.0,7,90
2026-08-16T18:25:00+00:00,0.0,20.0,8.17,29.0,7,90
2026-08-16T18:26:00+00:00,0.0,19.9,8.17,29.0,7,90
2026-08-16T18:27:00+00:00,0.0,19.9,8.17,29.0,7,90
2026-08-16T18:28:00+00:00,0.0,19.9,8.17,29.0,7,90
2026-08-16T18:29:00+00:00,0.0,19.8,8.17,29.0,7,89
2026-08-16T18:30:00+00:00,0.0,19.8,8.17,28.9,7,89
2026-08-16T18:31:00+00:00,0.0,19.8,8.17,28.9,7,89
2026-08-16T18:32:00+00:00,0.0,19.6,8.17,28.9,8,89
2026-08-16T18:33:00+00:00,0.0,19.3,8.17,28.9,8,89
2026-08-16T18:34:00+00:00,0.0,18.9,8.17,28.8,8,89
2026-08-16T18:35:00+00:00,0.0,18.4,8.17,28.8,8,89
2026-08-16T18:36:00+00:00,0.0,17.8,8.17,28.8,8,89
2026-08-16T18:37:00+00:00,0.0,17.2,8.17,28.7,9,89
2026-08-16T18:38:00+00:00,0.0,16.6,8.17,28.7,9,89
2026-08-16T18:39:00+00:00,0.0,16.0,8.17,28.6,9,89
2026-08-16T18:40:00+00:00,0.0,15.5,8.17,28.6,9,88
2026-08-16T18:41:00+00:00,0.0,15.0,8.17,28.6,10,88
2026-08-16T18:42:00+00:00,0.0,14.6,8.17,28.5,10,88
2026-08-16T18:43:00+00:00,0.0,14.3,8.17,28.5,10,88
2026-08-16T18:44:00+00:00,0.0,14.1,8.17,28.5,10,88
2026-08-16T18:45:00+00:00,0.0,14.0,8.17,28.4,10,88
2026-08-16T18:46:00+00:00,0.0,14.0,8.17,28.4,10,88
2026-08-16T18:47:00+00:00,0.0,14.1,8.17,28.4,11,88
2026-08-16T18:48:00+00:00,0.0,14.2,8.17,28.3,11,88
2026-08-16T18:49:00+00:00,0.0,14.4,8.17,28.3,11,88
2026-08-16T18:50:00+00:00,0.0,14.6,8.17,28.2,12,87
2026-08-16T18:51:00+00:00,0.0,14.8,8.17,28.2,12,87
2026-08-16T18:52:00+00:00,0.0,15.1,8.17,28.1,13,87
2026-08-16T18:53:00+00:00,0.0,15.3,8.17,28.0,13,87
2026-08-16T18:54:00+00:00,0.0,15.5,8.17,27.9,14,87
2026-08-16T18:55:00+00:00,0.0,15.8,8.17,27.9,14,87
2026-08-16T18:56:00+00:00,0.0,16.0,8.17,27.8,15,87
2026-08-16T18:57:00+00:00,0.0,16.1,8.17,27.8,15,87
2026-08-16T18:58:00+00:00,0.0,16.3,8.17,27.7,16,86
2026-08-16T18:59:00+00:00,0.0,16.3,8.17,27.7,16,86
2026-08-16T19:00:00+00:00,0.0,16.4,8.17,27.7,16,86
2026-08-16T19:01:00+00:00,0.0,16.4,8.17,27.6,16,86
2026-08-16T19:02:00+00:00,0.0,16.6,8.17,27.7,16,86
2026-08-16T19:03:00+00:00,0.0,16.9,8.17,27.7,16,86
2026-08-16T19:04:00+00:00,0.0,17.3,8.17,27.7,16,86
2026-08-16T19:05:00+00:00,0.0,17.8,8.17,27.8,16,86
2026-08-16T19:06:00+00:00,0.0,18.4,8.17,27.8,15,86
2026-08-16T19:07:00+00:00,0.0,19.0,8.17,27.9,15,85
2026-08-16T19:08:00+00:00,0.0,19.6,8.17,28.0,14,85
2026-08-16T19:09:00+00:00,0.0,20.2,8.17,28.1,14,85
2026-08-16T19:10:00+00:00,0.0,20.8,8.17,28.1,14,85
2026-08-16T19:11:00+00:00,0.0,21.3,8.17,28.2,13,85
2026-08-16T19:12:00+00:00,0.0,21.7,8.17,28.2,13,85
2026-08-16T19:13:00+00:00,0.0,22.0,8.17,28.3,13,85
2026-08-16T19:14:00+00:00,0.0,22.2,8.17,28.3,13,85
2026-08-16T19:15:00+00:00,0.0,22.2,8.17,28.3,13,84
2026-08-16T19:16:00+00:00,0.0,22.2,8.17,28.2,13,84
2026-08-16T19:17:00+00:00,0.0,21.9,8.17,28.2,13,84
2026-08-16T19:18:00+00:00,0.0,21.4,8.17,28.2,13,84
2026-08-16T19:19:00+00:00,0.0,20.8,8.17,28.2,13,84
2026-08-16T19:20:00+00:00,0.0,20.1,8.17,28.1,13,84
2026-08-16T19:21:00+00:00,0.0,19.2,8.17,28.1,13,84
2026-08-16T19:22:00+00:00,0.0,18.4,8.17,28.1,14,84
2026-08-16T19:23:00+00:00,0.0,17.5,8.17,28.0,14,83
2026-08-16T19:24:00+00:00,0.0,16.6,8.17,28.0,14,83
2026-08-16T19:25:00+00:00,0.0,15.7,8.17,28.0,14,83
2026-08-16T19:26:00+00:00,0.0,15.0,8.17,28.0,14,83
2026-08-16T19:27:00+00:00,0.0,14.4,8.17,27.9,14,83
2026-08-16T19:28:00+00:00,0.0,13.9,8.17,27.9,14,83
2026-08-16T19:29:00+00:00,0.0,13.7,8.17,27.9,14,83
2026-08-16T19:30:00+00:00,0.0,13.6,8.17,27.9,14,83
2026-08-16T19:31:00+00:00,0.0,13.6,8.17,27.8,14,83
2026-08-16T19:32:00+00:00,0.0,13.8,8.17,27.8,14,82
2026-08-16T19:33:00+00:00,0.0,14.0,8.17,27.8,15,82
2026-08-16T19:34:00+00:00,0.0,14.4,8.17,27.8,15,82
2026-08-16T19:35:00+00:00,0.0,14.8,8.17,27.8,15,82
2026-08-16T19:36:00+00:00,0.0,15.3,8.17,27.8,15,82
2026-08-16T19:37:00+00:00,0.0,15.8,8.17,27.8,15,82
2026-08-16T19:38:00+00:00,0.0,16.3,8.17,27.7,15,82
2026-08-16T19:39:00+00:00,0.0,16.8,8.17,27.7,16,82
2026-08-16T19:40:00+00:00,0.0,17.2,8.17,27.7,16,82
2026-08-16T19:41:00+00:00,0.0,17.7,8.17,27.7,16,81
2026-08-16T19:42:00+00:00,0.0,18.0,8.17,27.7,16,81
2026-08-16T19:43:00+00:00,0.0,18.3,8.17,27.7,16,81
2026-08-16T19:44:00+00:00,0.0,18.4,8.17,27.7,17,81
2026-08-16T19:45:00+00:00,0.0,18.5,8.17,27.6,17,81
2026-08-16T19:46:00+00:00,0.0,18.4,8.17,27.6,17,81
2026-08-16T19:47:00+00:00,0.0,18.4,8.17,27.5,17,81
2026-08-16T19:48:00+00:00,0.0,18.3,8.17,27.4,18,81
2026-08-16T19:49:00+00:00,0.0,18.2,8.17,27.3,19,81
2026-08-16T19:50:00+00:00,0.0,18.1,8.17,27.2,20,81
2026-08-16T19:51:00+00:00,0.0,18.0,8.17,27.0,21,80
2026-08-16T19:52:00+00:00,0.0,17.9,8.17,26.9,22,80
2026-08-16T19:53:00+00:00,0.0,17.7,8.17,26.7,23,80
2026-08-16T19:54:00+00:00,0.0,17.6,8.17,26.6,24,80
2026-08-16T19:55:00+00:00,0.0,17.5,8.17,26.4,25,80
2026-08-16T19:56:00+00:00,0.0,17.4,8.17,26.3,26,80
2026-08-16T19:57:00+00:00,0.0,17.3,8.17,26.2,27,80
2026-08-16T19:58:00+00:00,0.0,17.2,8.17,26.1,28,80
2026-08-16T19:59:00+00:00,0.0,17.2,8.17,26.0,28,80
2026-08-16T20:00:00+00:00,0.0,17.1,8.17,26.0,28,80
2026-08-16T20:01:00+00:00,0.0,17.1,8.17,26.0,28,79
2026-08-16T20:02:00+00:00,0.0,17.1,8.17,25.9,29,79
2026-08-16T20:03:00+00:00,0.0,17.1,8.17,25.9,29,79
2026-08-16T20:04:00+00:00,0.0,17.1,8.17,25.9,29,79
2026-08-16T20:05:00+00:00,0.0,17.0,8.17,25.9,28,79
2026-08-16T20:06:00+00:00,0.0,17.0,8.17,26.0,28,79
2026-08-16T20:07:00+00:00,0.0,17.0,8.17,26.0,28,79
2026-08-16T20:08:00+00:00,0.0,16.9,8.17,26.0,28,79
2026-08-16T20:09:00+00:00,0.0,16.9,8.17,26.0,28,79
2026-08-16T20:10:00+00:00,0.0,16.8,8.17,26.0,28,79
2026-08-16T20:11:00+00:00,0.0,16.8,8.17,26.0,28,79
2026-08-16T20:12:00+00:00,0.0,16.8,8.17,26.0,28,79
2026-08-16T20:13:00+00:00,0.0,16.7,8.17,26.0,28,79
2026-08-16T20:14:00+00:00,0.0,16.7,8.17,26.0,28,78
2026-08-16T20:15:00+00:00,0.0,16.7,8.17,26.0,28,78
2026-08-16T20:16:00+00:00,0.0,16.7,8.17,26.0,28,78
2026-08-16T20:17:00+00:00,0.0,16.7,8.17,26.0,28,78
2026-08-16T20:18:00+00:00,0.0,16.7,8.17,26.0,28,78
2026-08-16T20:19:00+00:00,0.0,16.6,8.17,26.0,28,78
2026-08-16T20:20:00+00:00,0.0,16.6,8.17,26.0,28,78
2026-08-16T20:21:00+00:00,0.0,16.6,8.17,26.0,28,78
2026-08-16T20:22:00+00:00,0.0,16.5,8.17,26.1,27,78
2026-08-16T20:23:00+00:00,0.0,16.5,8.17,26.1,27,78
2026-08-16T20:24:00+00:00,0.0,16.4,8.17,26.2,27,78
2026-08-16T20:25:00+00:00,0.0,16.4,8.17,26.2,26,78
2026-08-16T20:26:00+00:00,0.0,16.3,8.17,26.2,26,78
2026-08-16T20:27:00+00:00,0.0,16.3,8.17,26.3,26,78
2026-08-16T20:28:00+00:00,0.0,16.3,8.17,26.3,26,78
2026-08-16T20:29:00+00:00,0.0,16.2,8.17,26.3,26,78
2026-08-16T20:30:00+00:00,0.0,16.2,8.17,26.2,26,78
2026-08-16T20:31:00+00:00,0.0,16.3,8.17,26.2,26,77
2026-08-16T20:32:00+00:00,0.0,16.3,8.17,26.2,27,77
2026-08-16T20:33:00+00:00,0.0,16.4,8.17,26.1,27,77
2026-08-16T20:34:00+00:00,0.0,16.5,8.17,26.1,27,77
2026-08-16T20:35:00+00:00,0.0,16.6,8.17,26.1,27,77
2026-08-16T20:36:00+00:00,0.0,16.8,8.17,26.0,28,77
2026-08-16T20:37:00+00:00,0.0,16.9,8.17,26.0,28,77
2026-08-16T20:38:00+00:00,0.0,17.1,8.17,25.9,29,77
2026-08-16T20:39:00+00:00,0.0,17.2,8.17,25.9,29,77
2026-08-16T20:40:00+00:00,0.0,17.4,8.17,25.9,29,77
2026-08-16T20:41:00+00:00,0.0,17.5,8.17,25.8,30,77
2026-08-16T20:42:00+00:00,0.0,17.6,8.17,25.8,30,77
2026-08-16T20:43:00+00:00,0.0,17.7,8.17,25.7,30,77
2026-08-16T20:44:00+00:00,0.0,17.7,8.17,25.7,30,77
2026-08-16T20:45:00+00:00,0.0,17.8,8.17,25.7,31,77
2026-08-16T20:46:00+00:00,0.0,17.8,8.17,25.6,31,77
2026-08-16T20:47:00+00:00,0.0,17.9,8.17,25.6,31,77
2026-08-16T20:48:00+00:00,0.0,18.1,8.17,25.6,32,77
2026-08-16T20:49:00+00:00,0.0,18.4,8.17,25.5,32,77
2026-08-16T20:50:00+00:00,0.0,18.7,8.17,25.4,33,77
2026-08-16T20:51:00+00:00,0.0,19.1,8.17,25.4,33,77
2026-08-16T20:52:00+00:00,0.0,19.4,8.17,25.3,34,77
2026-08-16T20:53:00+00:00,0.0,19.8,8.17,25.3,35,77
2026-08-16T20:54:00+00:00,0.0,20.2,8.17,25.2,35,77
2026-08-16T20:55:00+00:00,0.0,20.6,8.17,25.1,36,76
2026-08-16T20:56:00+00:00,0.0,20.9,8.17,25.1,37,76
2026-08-16T20:57:00+00:00,0.0,21.1,8.17,25.0,37,76
2026-08-16T20:58:00+00:00,0.0,21.3,8.17,25.0,38,76
2026-08-16T20:59:00+00:00,0.0,21.5,8.17,24.9,38,76
2026-08-16T21:00:00+00:00,0.0,21.5,8.17,24.9,38,76
2026-08-16T21:01:00+00:00,0.0,21.5,8.17,24.9,38,76
2026-08-16T21:02:00+00:00,0.0,21.4,8.17,24.8,39,76
2026-08-16T21:03:00+00:00,0.0,21.4,8.17,24.8,39,76
2026-08-16T21:04:00+00:00,0.0,21.2,8.17,24.8,39,76
2026-08-16T21:05:00+00:00,0.0,21.1,8.17,24.7,39,76
2026-08-16T21:06:00+00:00,0.0,21.0,8.17,24.7,40,76
2026-08-16T21:07:00+00:00,0.0,20.8,8.17,24.6,40,76
2026-08-16T21:08:00+00:00,0.0,20.7,8.17,24.6,40,76
2026-08-16T21:09:00+00:00,0.0,20.5,8.17,24.6,40,76
2026-08-16T21:10:00+00:00,0.0,20.4,8.17,24.5,41,76
2026-08-16T21:11:00+00:00,0.0,20.2,8.17,24.5,41,76
2026-08-16T21:12:00+00:00,0.0,20.1,8.17,24.4,41,76
2026-08-16T21:13:00+00:00,0.0,20.0,8.17,24.4,41,76
2026-08-16T21:14:00+00:00,0.0,20.0,8.17,24.4,41,76
2026-08-16T21:15:00+00:00,0.0,20.0,8.17,24.3,42,76
2026-08-16T21:16:00+00:00,0.0,20.0,8.17,24.3,42,76
2026-08-16T21:17:00+00:00,0.0,19.9,8.17,24.3,42,75
2026-08-16T21:18:00+00:00,0.0,19.8,8.17,24.3,42,75
2026-08-16T21:19:00+00:00,0.0,19.7,8.17,24.3,42,75
2026-08-16T21:20:00+00:00,0.0,19.5,8.17,24.3,42,75
2026-08-16T21:21:00+00:00,0.0,19.4,8.17,24.3,42,75
2026-08-16T21:22:00+00:00,0.0,19.2,8.17,24.3,41,75
2026-08-16T21:23:00+00:00,0.0,19.0,8.17,24.3,41,75
2026-08-16T21:24:00+00:00,0.0,18.8,8.17,24.3,41,75
2026-08-16T21:25:00+00:00,0.0,18.6,8.17,24.4,41,75
2026-08-16T21:26:00+00:00,0.0,18.5,8.17,24.4,41,75
2026-08-16T21:27:00+00:00,0.0,18.3,8.17,24.4,41,75
2026-08-16T21:28:00+00:00,0.0,18.2,8.17,24.4,41,75
2026-08-16T21:29:00+00:00,0.0,18.2,8.17,24.3,41,75
2026-08-16T21:30:00+00:00,0.0,18.2,8.17,24.3,41,75
2026-08-16T21:31:00+00:00,0.0,18.2,8.17,24.3,41,75
2026-08-16T21:32:00+00:00,0.0,18.3,8.17,24.2,41,75
2026-08-16T21:33:00+00:00,0.0,18.6,8.17,24.2,42,75
2026-08-16T21:34:00+00:00,0.0,18.8,8.17,24.1,42,74
2026-08-16T21:35:00+00:00,0.0,19.2,8.17,24.1,43,74
2026-08-16T21:36:00+00:00,0.0,19.6,8.17,24.0,44,74
2026-08-16T21:37:00+00:00,0.0,20.0,8.17,24.0,44,74
2026-08-16T21:38:00+00:00,0.0,20.4,8.17,23.9,44,74
2026-08-16T21:39:00+00:00,0.0,20.8,8.17,23.9,44,74
2026-08-16T21:40:00+00:00,0.0,21.2,8.17,23.8,43,74
2026-08-16T21:41:00+00:00,0.0,21.6,8.17,23.8,43,74
2026-08-16T21:42:00+00:00,0.0,21.8,8.17,23.7,43,74
2026-08-16T21:43:00+00:00,0.0,22.1,8.17,23.7,43,74
2026-08-16T21:44:00+00:00,0.0,22.2,8.17,23.6,43,74
2026-08-16T21:45:00+00:00,0.0,22.2,8.17,23.6,42,74
2026-08-16T21:46:00+00:00,0.0,22.2,8.17,23.6,42,73
2026-08-16T21:47:00+00:00,0.0,22.0,8.17,23.6,42,73
2026-08-16T21:48:00+00:00,0.0,21.7,8.17,23.6,42,73
2026-08-16T21:49:00+00:00,0.0,21.3,8.17,23.6,42,73
2026-08-16T21:50:00+00:00,0.0,20.9,8.17,23.6,42,73
2026-08-16T21:51:00+00:00,0.0,20.4,8.17,23.6,42,73
2026-08-16T21:52:00+00:00,0.0,19.8,8.17,23.7,42,73
2026-08-16T21:53:00+00:00,0.0,19.3,8.17,23.7,42,73
2026-08-16T21:54:00+00:00,0.0,18.7,8.17,23.8,42,73
2026-08-16T21:55:00+00:00,0.0,18.2,8.17,23.8,42,72
2026-08-16T21:56:00+00:00,0.0,17.8,8.17,23.8,41,72
2026-08-16T21:57:00+00:00,0.0,17.4,8.17,23.8,41,72
2026-08-16T21:58:00+00:00,0.0,17.1,8.17,23.8,41,72
2026-08-16T21:59:00+00:00,0.0,16.9,8.17,23.8,41,72
2026-08-16T22:00:00+00:00,0.0,16.9,8.17,23.8,41,72
2026-08-16T22:01:00+00:00,0.0,16.9,8.17,23.8,41,72
2026-08-16T22:02:00+00:00,0.0,16.9,8.17,23.7,40,72
2026-08-16T22:03:00+00:00,0.0,16.8,8.17,23.7,40,72
2026-08-16T22:04:00+00:00,0.0,16.8,8.17,23.6,39,71
2026-08-16T22:05:00+00:00,0.0,16.8,8.17,23.5,39,71
2026-08-16T22:06:00+00:00,0.0,16.7,8.17,23.5,38,71
2026-08-16T22:07:00+00:00,0.0,16.7,8.17,23.4,38,71
2026-08-16T22:08:00+00:00,0.0,16.7,8.17,23.3,37,71
2026-08-16T22:09:00+00:00,0.0,16.6,8.17,23.3,37,71
2026-08-16T22:10:00+00:00,0.0,16.6,8.17,23.2,36,71
2026-08-16T22:11:00+00:00,0.0,16.6,8.17,23.1,36,71
2026-08-16T22:12:00+00:00,0.0,16.5,8.17,23.1,36,70
2026-08-16T22:13:00+00:00,0.0,16.5,8.17,23.0,35,70
2026-08-16T22:14:00+00:00,0.0,16.5,8.17,23.0,35,70
2026-08-16T22:15:00+00:00,0.0,16.5,8.17,22.9,35,70
2026-08-16T22:16:00+00:00,0.0,16.5,8.17,22.9,34,70
2026-08-16T22:17:00+00:00,0.0,16.4,8.17,22.9,34,70
2026-08-16T22:18:00+00:00,0.0,16.2,8.17,22.8,33,70
2026-08-16T22:19:00+00:00,0.0,16.1,8.17,22.7,33,70
2026-08-16T22:20:00+00:00,0.0,15.8,8.17,22.7,32,69
2026-08-16T22:21:00+00:00,0.0,15.6,8.17,22.6,32,69
2026-08-16T22:22:00+00:00,0.0,15.3,8.17,22.5,31,69
2026-08-16T22:23:00+00:00,0.0,15.0,8.17,22.4,30,69
2026-08-16T22:24:00+00:00,0.0,14.8,8.17,22.3,30,69
2026-08-16T22:25:00+00:00,0.0,14.5,8.17,22.3,29,69
2026-08-16T22:26:00+00:00,0.0,14.3,8.17,22.2,28,69
2026-08-16T22:27:00+00:00,0.0,14.1,8.17,22.1,28,68
2026-08-16T22:28:00+00:00,0.0,14.0,8.17,22.1,27,68
2026-08-16T22:29:00+00:00,0.0,13.9,8.17,22.0,27,68
2026-08-16T22:30:00+00:00,0.0,13.8,8.17,22.0,27,68
2026-08-16T22:31:00+00:00,0.0,13.9,8.17,21.9,26,68
2026-08-16T22:32:00+00:00,0.0,14.0,8.17,21.9,26,68
2026-08-16T22:33:00+00:00,0.0,14.2,8.17,21.9,26,68
2026-08-16T22:34:00+00:00,0.0,14.5,8.17,21.8,26,68
2026-08-16T22:35:00+00:00,0.0,14.9,8.17,21.8,26,67
2026-08-16T22:36:00+00:00,0.0,15.3,8.17,21.7,25,67
2026-08-16T22:37:00+00:00,0.0,15.7,8.17,21.7,25,67
2026-08-16T22:38:00+00:00,0.0,16.2,8.17,21.6,25,67
2026-08-16T22:39:00+00:00,0.0,16.6,8.17,21.6,25,67
2026-08-16T22:40:00+00:00,0.0,17.0,8.17,21.5,25,67
2026-08-16T22:41:00+00:00,0.0,17.4,8.17,21.5,25,67
2026-08-16T22:42:00+00:00,0.0,17.7,8.17,21.4,24,66
2026-08-16T22:43:00+00:00,0.0,17.9,8.17,21.4,24,66
2026-08-16T22:44:00+00:00,0.0,18.0,8.17,21.4,24,66
2026-08-16T22:45:00+00:00,0.0,18.1,8.17,21.3,24,66
2026-08-16T22:46:00+00:00,0.0,18.1,8.17,21.3,23,66
2026-08-16T22:47:00+00:00,0.0,18.0,8.17,21.3,23,66
2026-08-16T22:48:00+00:00,0.0,18.0,8.17,21.2,23,66
2026-08-16T22:49:00+00:00,0.0,18.0,8.17,21.2,22,65
2026-08-16T22:50:00+00:00,0.0,17.9,8.17,21.1,22,65
2026-08-16T22:51:00+00:00,0.0,17.9,8.17,21.0,21,65
2026-08-16T22:52:00+00:00,0.0,17.8,8.17,21.0,21,65
2026-08-16T22:53:00+00:00,0.0,17.8,8.17,20.9,21,65
2026-08-16T22:54:00+00:00,0.0,17.7,8.17,20.9,20,65
2026-08-16T22:55:00+00:00,0.0,17.6,8.17,20.8,20,65
2026-08-16T22:56:00+00:00,0.0,17.6,8.17,20.7,19,65
2026-08-16T22:57:00+00:00,0.0,17.6,8.17,20.7,19,64
2026-08-16T22:58:00+00:00,0.0,17.5,8.17,20.6,18,64
2026-08-16T22:59:00+00:00,0.0,17.5,8.17,20.6,18,64
2026-08-16T23:00:00+00:00,0.0,17.5,8.17,20.6,18,64
2026-08-16T23:01:00+00:00,0.0,17.5,8.17,20.5,18,64
2026-08-16T23:02:00+00:00,0.0,17.5,8.17,20.5,17,64
2026-08-16T23:03:00+00:00,0.0,17.5,8.17,20.4,17,64
2026-08-16T23:04:00+00:00,0.0,17.4,8.17,20.4,17,63
2026-08-16T23:05:00+00:00,0.0,17.4,8.17,20.3,16,63
2026-08-16T23:06:00+00:00,0.0,17.4,8.17,20.3,16,63
2026-08-16T23:07:00+00:00,0.0,17.3,8.17,20.2,15,63
2026-08-16T23:08:00+00:00,0.0,17.3,8.17,20.2,15,63
2026-08-16T23:09:00+00:00,0.0,17.3,8.17,20.1,15,63
2026-08-16T23:10:00+00:00,0.0,17.2,8.17,20.0,14,63
2026-08-16T23:11:00+00:00,0.0,17.2,8.17,20.0,14,62
2026-08-16T23:12:00+00:00,0.0,17.2,8.17,19.9,13,62
2026-08-16T23:13:00+00:00,0.0,17.2,8.17,19.9,13,62
2026-08-16T23:14:00+00:00,0.0,17.1,8.17,19.9,13,62
2026-08-16T23:15:00+00:00,0.0,17.1,8.17,19.9,13,62
2026-08-16T23:16:00+00:00,0.0,17.1,8.17,19.9,13,62
2026-08-16T23:17:00+00:00,0.0,17.0,8.17,20.0,13,62
2026-08-16T23:18:00+00:00,0.0,16.8,8.17,20.0,14,62
2026-08-16T23:19:00+00:00,0.0,16.6,8.17,20.0,14,62
2026-08-16T23:20:00+00:00,0.0,16.3,8.17,20.1,14,62
2026-08-16T23:21:00+00:00,0.0,15.9,8.17,20.1,14,62
2026-08-16T23:22:00+00:00,0.0,15.6,8.17,20.2,15,62
2026-08-16T23:23:00+00:00,0.0,15.2,8.17,20.2,15,62
2026-08-16T23:24:00+00:00,0.0,14.9,8.17,20.3,15,62
2026-08-16T23:25:00+00:00,0.0,14.5,8.17,20.3,16,62
2026-08-16T23:26:00+00:00,0.0,14.2,8.17,20.4,16,62
2026-08-16T23:27:00+00:00,0.0,14.0,8.17,20.4,16,62
2026-08-16T23:28:00+00:00,0.0,13.8,8.17,20.5,16,62
2026-08-16T23:29:00+00:00,0.0,13.7,8.17,20.5,16,62
2026-08-16T23:30:00+00:00,0.0,13.7,8.17,20.5,16,62
2026-08-16T23:31:00+00:00,0.0,13.7,8.17,20.5,16,62
2026-08-16T23:32:00+00:00,0.0,13.8,8.17,20.5,16,62
2026-08-16T23:33:00+00:00,0.0,13.9,8.17,20.4,16,62
2026-08-16T23:34:00+00:00,0.0,14.0,8.17,20.4,16,62
2026-08-16T23:35:00+00:00,0.0,14.2,8.17,20.3,16,62
2026-08-16T23:36:00+00:00,0.0,14.4,8.17,20.3,15,62
2026-08-16T23:37:00+00:00,0.0,14.7,8.17,20.2,15,62
2026-08-16T23:38:00+00:00,0.0,14.9,8.17,20.2,14,62
2026-08-16T23:39:00+00:00,0.0,15.2,8.17,20.1,14,62
2026-08-16T23:40:00+00:00,0.0,15.4,8.17,20.0,14,62
2026-08-16T23:41:00+00:00,0.0,15.6,8.17,20.0,13,62
2026-08-16T23:42:00+00:00,0.0,15.7,8.17,20.0,13,62
2026-08-16T23:43:00+00:00,0.0,15.8,8.17,19.9,13,62
2026-08-16T23:44:00+00:00,0.0,15.9,8.17,19.9,13,62
2026-08-16T23:45:00+00:00,0.0,15.9,8.17,19.9,13,62
2026-08-16T23:46:00+00:00,0.0,16.0,8.17,19.9,13,62
2026-08-16T23:47:00+00:00,0.0,16.2,8.17,19.9,13,62
2026-08-16T23:48:00+00:00,0.0,16.6,8.17,20.0,14,62
2026-08-16T23:49:00+00:00,0.0,17.1,8.17,20.1,14,62
2026-08-16T23:50:00+00:00,0.0,17.7,8.17,20.1,15,62
2026-08-16T23:51:00+00:00,0.0,18.3,8.17,20.2,16,62
2026-08-16T23:52:00+00:00,0.0,19.0,8.17,20.3,17,62
2026-08-16T23:53:00+00:00,0.0,19.8,8.17,20.4,17,62
2026-08-16T23:54:00+00:00,0.0,20.5,8.17,20.5,18,62
2026-08-16T23:55:00+00:00,0.0,21.1,8.17,20.6,19,62
2026-08-16T23:56:00+00:00,0.0,21.7,8.17,20.7,20,62
2026-08-16T23:57:00+00:00,0.0,22.2,8.17,20.8,21,62
2026-08-16T23:58:00+00:00,0.0,22.6,8.17,20.8,21,62
2026-08-16T23:59:00+00:00,0.0,22.8,8.17,20.8,21,62
2026-08-17T00:00:00+00:00,0.0,22.9,8.17,20.8,21,62
2026-08-17T00:01:00+00:00,0.0,22.8,8.17,20.8,21,62
2026-08-17T00:02:00+00:00,0.0,22.5,8.17,20.8,21,62
2026-08-17T00:03:00+00:00,0.0,22.0,8.17,20.8,21,62
2026-08-17T00:04:00+00:00,0.0,21.3,8.17,20.8,21,62
2026-08-17T00:05:00+00:00,0.0,20.6,8.17,20.8,20,62
2026-08-17T00:06:00+00:00,0.0,19.7,8.17,20.8,20,62
2026-08-17T00:07:00+00:00,0.0,18.7,8.17,20.7,20,62
2026-08-17T00:08:00+00:00,0.0,17.8,8.17,20.7,19,62
2026-08-17T00:09:00+00:00,0.0,16.8,8.17,20.7,19,62
2026-08-17T00:10:00+00:00,0.0,15.9,8.17,20.7,18,62
2026-08-17T00:11:00+00:00,0.0,15.1,8.17,20.6,18,62
2026-08-17T00:12:00+00:00,0.0,14.5,8.17,20.6,18,62
2026-08-17T00:13:00+00:00,0.0,14.0,8.17,20.6,17,62
2026-08-17T00:14:00+00:00,0.0,13.7,8.17,20.6,17,62
2026-08-17T00:15:00+00:00,0.0,13.6,8.17,20.6,17,62
2026-08-17T00:16:00+00:00,0.0,13.7,8.17,20.6,17,62
2026-08-17T00:17:00+00:00,0.0,13.9,8.17,20.6,17,62
2026-08-17T00:18:00+00:00,0.0,14.2,8.17,20.6,17,62
2026-08-17T00:19:00+00:00,0.0,14.7,8.17,20.6,18,62
2026-08-17T00:20:00+00:00,0.0,15.2,8.17,20.6,18,62
2026-08-17T00:21:00+00:00,0.0,15.8,8.17,20.6,18,62
2026-08-17T00:22:00+00:00,0.0,16.5,8.17,20.6,18,62
2026-08-17T00:23:00+00:00,0.0,17.1,8.17,20.7,19,62
2026-08-17T00:24:00+00:00,0.0,17.8,8.17,20.7,19,62
2026-08-17T00:25:00+00:00,0.0,18.4,8.17,20.7,19,62
2026-08-17T00:26:00+00:00,0.0,19.0,8.17,20.7,19,62
2026-08-17T00:27:00+00:00,0.0,19.4,8.17,20.7,19,62
2026-08-17T00:28:00+00:00,0.0,19.7,8.17,20.7,20,62
2026-08-17T00:29:00+00:00,0.0,19.9,8.17,20.7,20,62
2026-08-17T00:30:00+00:00,0.0,20.0,8.17,20.7,20,62
2026-08-17T00:31:00+00:00,0.0,20.7,8.17,20.7,20,62
2026-08-17T00:32:00+00:00,0.0,21.4,8.17,20.7,20,62
2026-08-17T00:33:00+00:00,0.0,22.2,8.17,20.6,20,62
2026-08-17T00:34:00+00:00,0.0,23.1,8.17,20.6,20,62
2026-08-17T00:35:00+00:00,0.0,23.9,8.17,20.5,19,62
2026-08-17T00:36:00+00:00,0.0,24.8,8.17,20.5,19,62
2026-08-17T00:37:00+00:00,0.0,25.8,8.17,20.4,19,62
2026-08-17T00:38:00+00:00,0.0,26.7,8.17,20.4,19,62
2026-08-17T00:39:00+00:00,0.0,27.6,8.17,20.3,18,62
2026-08-17T00:40:00+00:00,0.0,28.5,8.17,20.2,18,62
2026-08-17T00:41:00+00:00,0.0,29.4,8.17,20.2,18,62
2026-08-17T00:42:00+00:00,0.0,30.3,8.17,20.1,18,62
2026-08-17T00:43:00+00:00,0.0,31.0,8.17,20.1,17,62
2026-08-17T00:44:00+00:00,0.0,31.8,8.17,20.1,17,62
2026-08-17T00:45:00+00:00,0.0,32.4,8.17,20.1,18,62
2026-08-17T00:46:00+00:00,0.0,33.0,8.17,20.1,18,62
2026-08-17T00:47:00+00:00,0.0,33.5,8.17,20.1,18,62
2026-08-17T00:48:00+00:00,0.0,33.7,8.17,20.1,18,62
2026-08-17T00:49:00+00:00,0.0,33.9,8.17,20.2,19,62
2026-08-17T00:50:00+00:00,0.0,34.0,8.17,20.2,19,62
2026-08-17T00:51:00+00:00,0.0,34.0,8.17,20.3,20,62
2026-08-17T00:52:00+00:00,0.0,34.0,8.17,20.4,20,63
2026-08-17T00:53:00+00:00,0.0,33.9,8.17,20.4,21,63
2026-08-17T00:54:00+00:00,0.0,33.9,8.17,20.5,21,63
2026-08-17T00:55:00+00:00,0.0,33.9,8.17,20.5,22,63
2026-08-17T00:56:00+00:00,0.0,34.0,8.17,20.6,22,63
2026-08-17T00:57:00+00:00,0.0,34.2,8.17,20.6,23,63
2026-08-17T00:58:00+00:00,0.0,34.5,8.17,20.7,23,63
2026-08-17T00:59:00+00:00,0.0,34.9,8.17,20.7,24,63
2026-08-17T01:00:00+00:00,0.0,35.5,8.17,20.7,24,63
2026-08-17T01:01:00+00:00,0.0,36.1,8.17,20.7,24,63
2026-08-17T01:02:00+00:00,0.0,36.7,8.17,20.7,24,63
2026-08-17T01:03:00+00:00,0.0,37.2,8.17,20.7,24,63
2026-08-17T01:04:00+00:00,0.0,37.7,8.17,20.7,24,63
2026-08-17T01:05:00+00:00,0.0,38.2,8.17,20.7,24,63
2026-08-17T01:06:00+00:00,0.0,38.7,8.17,20.7,25,63
2026-08-17T01:07:00+00:00,0.0,39.1,8.17,20.7,25,63
2026-08-17T01:08:00+00:00,0.0,39.6,8.17,20.7,25,63
2026-08-17T01:09:00+00:00,0.0,40.0,8.17,20.7,25,63
2026-08-17T01:10:00+00:00,0.0,40.5,8.17,20.7,25,63
2026-08-17T01:11:00+00:00,0.0,41.0,8.17,20.7,25,63
2026-08-17T01:12:00+00:00,0.0,41.5,8.17,20.7,25,63
2026-08-17T01:13:00+00:00,0.0,42.0,8.17,20.7,25,63
2026-08-17T01:14:00+00:00,0.0,42.6,8.17,20.7,25,63
2026-08-17T01:15:00+00:00,0.0,43.2,8.17,20.7,26,63
2026-08-17T01:16:00+00:00,0.0,43.9,8.17,20.7,26,63
2026-08-17T01:17:00+00:00,0.0,44.7,8.17,20.7,26,63
2026-08-17T01:18:00+00:00,0.0,45.6,8.17,20.6,26,63
2026-08-17T01:19:00+00:00,0.0,46.6,8.17,20.6,26,63
2026-08-17T01:20:00+00:00,0.0,47.6,8.17,20.6,26,63
2026-08-17T01:21:00+00:00,0.0,48.7,8.17,20.5,26,63
2026-08-17T01:22:00+00:00,0.0,49.8,8.17,20.5,25,63
2026-08-17T01:23:00+00:00,0.0,51.0,8.18,20.4,25,63
2026-08-17T01:24:00+00:00,0.0,52.1,8.2,20.4,25,63
2026-08-17T01:25:00+00:00,0.0,53.2,8.22,20.4,25,63
2026-08-17T01:26:00+00:00,0.0,54.2,8.23,20.3,25,63
2026-08-17T01:27:00+00:00,0.0,55.2,8.25,20.3,25,63
2026-08-17T01:28:00+00:00,0.0,56.1,8.27,20.3,25,63
2026-08-17T01:29:00+00:00,0.0,56.9,8.28,20.3,25,63
2026-08-17T01:30:00+00:00,0.0,57.6,8.3,20.3,25,63
2026-08-17T01:31:00+00:00,0.0,58.2,8.32,20.3,25,63
2026-08-17T01:32:00+00:00,0.0,58.8,8.33,20.2,25,63
2026-08-17T01:33:00+00:00,0.0,59.5,8.35,20.2,25,63
2026-08-17T01:34:00+00:00,0.0,60.1,8.37,20.2,25,63
2026-08-17T01:35:00+00:00,0.0,60.7,8.38,20.2,25,63
2026-08-17T01:36:00+00:00,0.0,61.3,8.4,20.1,24,63
2026-08-17T01:37:00+00:00,0.0,61.9,8.42,20.1,24,63
2026-08-17T01:38:00+00:00,0.0,62.5,8.43,20.0,24,63
2026-08-17T01:39:00+00:00,0.0,63.1,8.45,20.0,23,63
2026-08-17T01:40:00+00:00,0.0,63.7,8.47,20.0,23,63
2026-08-17T01:41:00+00:00,0.0,64.4,8.48,19.9,23,63
2026-08-17T01:42:00+00:00,0.0,65.0,8.5,19.9,23,63
2026-08-17T01:43:00+00:00,0.0,65.6,8.52,19.9,23,63
2026-08-17T01:44:00+00:00,0.0,66.2,8.53,19.9,23,63
2026-08-17T01:45:00+00:00,0.0,66.9,8.55,19.9,23,63
2026-08-17T01:46:00+00:00,0.0,67.5,8.57,19.9,23,63
2026-08-17T01:47:00+00:00,0.0,68.0,8.58,19.9,23,63
2026-08-17T01:48:00+00:00,0.0,68.5,8.6,19.9,23,63
2026-08-17T01:49:00+00:00,0.0,69.0,8.62,19.9,23,63
2026-08-17T01:50:00+00:00,0.0,69.3,8.63,19.9,23,63
2026-08-17T01:51:00+00:00,0.0,69.7,8.65,19.9,24,63
2026-08-17T01:52:00+00:00,0.0,70.0,8.67,19.9,24,63
2026-08-17T01:53:00+00:00,0.0,70.4,8.68,19.9,24,63
2026-08-17T01:54:00+00:00,0.0,70.7,8.7,19.9,24,63
2026-08-17T01:55:00+00:00,0.0,71.1,8.72,19.9,24,63
2026-08-17T01:56:00+00:00,0.0,71.4,8.73,19.9,24,63
2026-08-17T01:57:00+00:00,0.0,71.9,8.75,19.9,24,63
2026-08-17T01:58:00+00:00,0.0,72.4,8.77,19.9,25,63
2026-08-17T01:59:00+00:00,0.0,72.9,8.78,19.9,25,63
2026-08-17T02:00:00+00:00,0.0,73.5,8.8,19.9,25,63
2026-08-17T02:01:00+00:00,0.0,73.6,8.82,19.9,25,63
2026-08-17T02:02:00+00:00,0.0,73.7,8.83,20.0,26,63
2026-08-17T02:03:00+00:00,0.0,73.9,8.85,20.1,27,63
2026-08-17T02:04:00+00:00,0.0,74.2,8.87,20.1,28,63
2026-08-17T02:05:00+00:00,0.0,74.5,8.88,20.3,30,63
2026-08-17T02:06:00+00:00,0.0,74.9,8.9,20.4,32,63
2026-08-17T02:07:00+00:00,0.0,75.3,8.92,20.5,34,63
2026-08-17T02:08:00+00:00,0.0,75.7,8.93,20.7,36,63
2026-08-17T02:09:00+00:00,0.0,76.1,8.95,20.8,38,63
2026-08-17T02:10:00+00:00,0.0,76.4,8.97,20.9,39,63
2026-08-17T02:11:00+00:00,0.0,76.8,8.98,21.0,41,63
2026-08-17T02:12:00+00:00,0.0,77.0,9.0,21.1,43,63
2026-08-17T02:13:00+00:00,0.0,77.2,9.02,21.2,44,63
2026-08-17T02:14:00+00:00,0.0,77.4,9.03,21.3,44,63
2026-08-17T02:15:00+00:00,0.0,77.4,9.05,21.3,45,63
2026-08-17T02:16:00+00:00,0.0,77.4,9.07,21.3,44,63
2026-08-17T02:17:00+00:00,0.0,77.3,9.08,21.2,44,63
2026-08-17T02:18:00+00:00,0.0,77.3,9.1,21.2,44,63
2026-08-17T02:19:00+00:00,0.0,77.2,9.12,21.2,43,63
2026-08-17T02:20:00+00:00,0.0,77.1,9.13,21.1,43,63
2026-08-17T02:21:00+00:00,0.0,77.0,9.15,21.1,42,63
2026-08-17T02:22:00+00:00,0.0,76.9,9.17,21.0,41,63
2026-08-17T02:23:00+00:00,0.0,76.8,9.18,21.0,41,63
2026-08-17T02:24:00+00:00,0.0,76.7,9.2,20.9,40,63
2026-08-17T02:25:00+00:00,0.0,76.6,9.22,20.9,39,63
2026-08-17T02:26:00+00:00,0.0,76.5,9.23,20.9,39,63
2026-08-17T02:27:00+00:00,0.0,76.4,9.25,20.8,38,63
2026-08-17T02:28:00+00:00,0.0,76.3,9.27,20.8,38,63
2026-08-17T02:29:00+00:00,0.0,76.3,9.28,20.8,38,63
2026-08-17T02:30:00+00:00,0.0,76.3,9.3,20.8,38,63
2026-08-17T02:31:00+00:00,0.0,76.2,9.32,20.8,38,63
2026-08-17T02:32:00+00:00,0.0,76.1,9.33,20.7,37,63
2026-08-17T02:33:00+00:00,0.0,75.9,9.35,20.7,37,63
2026-08-17T02:34:00+00:00,0.0,75.6,9.37,20.6,36,62
2026-08-17T02:35:00+00:00,0.0,75.2,9.38,20.6,35,62
2026-08-17T02:36:00+00:00,0.0,74.8,9.4,20.5,34,62
2026-08-17T02:37:00+00:00,0.0,74.4,9.42,20.4,33,62
2026-08-17T02:38:00+00:00,0.0,74.0,9.43,20.3,31,62
2026-08-17T02:39:00+00:00,0.0,73.5,9.45,20.3,30,62
2026-08-17T02:40:00+00:00,0.0,73.1,9.47,20.2,29,62
2026-08-17T02:41:00+00:00,0.0,72.8,9.48,20.1,28,62
2026-08-17T02:42:00+00:00,0.0,72.5,9.5,20.1,28,62
2026-08-17T02:43:00+00:00,0.0,72.3,9.52,20.0,27,62
2026-08-17T02:44:00+00:00,0.0,72.1,9.53,20.0,27,62
2026-08-17T02:45:00+00:00,0.0,72.1,9.55,20.0,27,62
2026-08-17T02:46:00+00:00,0.0,72.1,9.57,20.0,27,62
2026-08-17T02:47:00+00:00,0.0,72.1,9.58,20.0,27,62
2026-08-17T02:48:00+00:00,0.0,72.2,9.6,20.0,27,62
2026-08-17T02:49:00+00:00,0.0,72.3,9.62,20.0,27,62
2026-08-17T02:50:00+00:00,0.0,72.4,9.63,20.0,27,62
2026-08-17T02:51:00+00:00,0.0,72.5,9.65,20.0,27,62
2026-08-17T02:52:00+00:00,0.0,72.6,9.67,20.0,27,62
2026-08-17T02:53:00+00:00,0.0,72.7,9.68,20.0,27,62
2026-08-17T02:54:00+00:00,0.0,72.9,9.7,20.0,28,62
2026-08-17T02:55:00+00:00,0.0,73.0,9.72,20.0,28,61
2026-08-17T02:56:00+00:00,0.0,73.1,9.73,20.1,28,61
2026-08-17T02:57:00+00:00,0.0,73.2,9.75,20.1,28,61
2026-08-17T02:58:00+00:00,0.0,73.2,9.77,20.1,28,61
2026-08-17T02:59:00+00:00,0.0,73.3,9.78,20.1,28,61
2026-08-17T03:00:00+00:00,0.0,73.3,9.8,20.1,28,61
2026-08-17T03:01:00+00:00,0.0,73.3,9.82,20.1,28,61
2026-08-17T03:02:00+00:00,0.0,73.3,9.83,20.1,29,61
2026-08-17T03:03:00+00:00,0.0,73.3,9.85,20.2,30,61
2026-08-17T03:04:00+00:00,0.0,73.4,9.87,20.3,31,61
2026-08-17T03:05:00+00:00,0.0,73.4,9.88,20.4,32,61
2026-08-17T03:06:00+00:00,0.0,73.5,9.9,20.5,34,61
2026-08-17T03:07:00+00:00,0.0,73.5,9.92,20.6,36,61
2026-08-17T03:08:00+00:00,0.0,73.6,9.93,20.7,38,61
2026-08-17T03:09:00+00:00,0.0,73.7,9.95,20.9,40,61
2026-08-17T03:10:00+00:00,0.0,73.7,9.97,21.0,41,61
2026-08-17T03:11:00+00:00,0.0,73.8,9.98,21.1,43,61
2026-08-17T03:12:00+00:00,0.0,73.8,10.0,21.2,44,61
2026-08-17T03:13:00+00:00,0.0,73.8,10.02,21.2,45,61
2026-08-17T03:14:00+00:00,0.0,73.9,10.03,21.3,45,60
2026-08-17T03:15:00+00:00,0.0,73.9,10.05,21.3,46,60
2026-08-17T03:16:00+00:00,0.0,73.9,10.07,21.3,46,60
2026-08-17T03:17:00+00:00,0.0,74.0,10.08,21.3,45,60
2026-08-17T03:18:00+00:00,0.0,74.3,10.1,21.2,45,60
2026-08-17T03:19:00+00:00,0.0,74.5,10.12,21.2,45,60
2026-08-17T03:20:00+00:00,0.0,74.9,10.13,21.2,44,60
2026-08-17T03:21:00+00:00,0.0,75.3,10.15,21.1,44,60
2026-08-17T03:22:00+00:00,0.0,75.7,10.17,21.1,43,60
2026-08-17T03:23:00+00:00,0.0,76.1,10.18,21.0,43,60
2026-08-17T03:24:00+00:00,0.0,76.5,10.2,20.9,42,60
2026-08-17T03:25:00+00:00,0.0,76.9,10.22,20.9,41,60
2026-08-17T03:26:00+00:00,0.0,77.2,10.23,20.9,41,60
2026-08-17T03:27:00+00:00,0.0,77.5,10.25,20.8,41,60
2026-08-17T03:28:00+00:00,0.0,77.7,10.27,20.8,40,60
2026-08-17T03:29:00+00:00,0.0,77.8,10.28,20.8,40,60
2026-08-17T03:30:00+00:00,0.0,77.9,10.3,20.8,40,60
2026-08-17T03:31:00+00:00,0.0,77.9,10.32,20.8,40,60
2026-08-17T03:32:00+00:00,0.0,78.0,10.33,20.7,40,60
2026-08-17T03:33:00+00:00,0.0,78.2,10.35,20.7,39,60
2026-08-17T03:34:00+00:00,0.0,78.4,10.37,20.6,38,60
2026-08-17T03:35:00+00:00,0.0,78.6,10.38,20.5,37,60
2026-08-17T03:36:00+00:00,0.0,78.9,10.4,20.5,36,60
2026-08-17T03:37:00+00:00,0.0,79.2,10.42,20.4,35,59
2026-08-17T03:38:00+00:00,0.0,79.5,10.43,20.3,33,59
2026-08-17T03:39:00+00:00,0.0,79.8,10.45,20.2,32,59
2026-08-17T03:40:00+00:00,0.0,80.1,10.47,20.1,31,59
2026-08-17T03:41:00+00:00,0.0,80.3,10.48,20.0,30,59
2026-08-17T03:42:00+00:00,0.0,80.5,10.5,19.9,29,59
2026-08-17T03:43:00+00:00,0.0,80.7,10.52,19.9,28,59
2026-08-17T03:44:00+00:00,0.0,80.8,10.53,19.9,28,59
2026-08-17T03:45:00+00:00,0.0,80.8,10.55,19.8,27,59
2026-08-17T03:46:00+00:00,0.0,80.8,10.57,19.9,27,59
2026-08-17T03:47:00+00:00,0.0,80.7,10.58,19.9,28,59
2026-08-17T03:48:00+00:00,0.0,80.5,10.6,19.9,28,59
2026-08-17T03:49:00+00:00,0.0,80.3,10.62,19.9,28,59
2026-08-17T03:50:00+00:00,0.0,80.0,10.63,19.9,28,59
2026-08-17T03:51:00+00:00,0.0,79.7,10.65,19.9,29,59
2026-08-17T03:52:00+00:00,0.0,79.4,10.67,20.0,29,59
2026-08-17T03:53:00+00:00,0.0,79.1,10.68,20.0,29,59
2026-08-17T03:54:00+00:00,0.0,78.8,10.7,20.0,30,59
2026-08-17T03:55:00+00:00,0.0,78.5,10.72,20.0,30,59
2026-08-17T03:56:00+00:00,0.0,78.2,10.73,20.0,30,59
2026-08-17T03:57:00+00:00,0.0,78.0,10.75,20.1,30,59
2026-08-17T03:58:00+00:00,0.0,77.8,10.77,20.1,31,59
2026-08-17T03:59:00+00:00,0.0,77.7,10.78,20.1,31,59
2026-08-17T04:00:00+00:00,0.0,77.7,10.8,20.1,31,59
2026-08-17T04:01:00+00:00,0.0,77.7,10.82,20.1,31,59
2026-08-17T04:02:00+00:00,0.0,77.8,10.83,20.1,31,59
2026-08-17T04:03:00+00:00,0.0,77.9,10.85,20.1,31,59
2026-08-17T04:04:00+00:00,0.0,78.1,10.87,20.1,30,59
2026-08-17T04:05:00+00:00,0.0,78.2,10.88,20.0,30,59
2026-08-17T04:06:00+00:00,0.0,78.4,10.9,20.0,30,59
2026-08-17T04:07:00+00:00,0.0,78.7,10.92,20.0,30,59
2026-08-17T04:08:00+00:00,0.0,78.9,10.93,20.0,29,59
2026-08-17T04:09:00+00:00,0.0,79.1,10.95,20.0,29,59
2026-08-17T04:10:00+00:00,0.0,79.3,10.97,19.9,29,59
2026-08-17T04:11:00+00:00,0.0,79.5,10.98,19.9,29,59
2026-08-17T04:12:00+00:00,0.0,79.7,11.0,19.9,29,59
2026-08-17T04:13:00+00:00,0.0,79.8,11.02,19.9,28,59
2026-08-17T04:14:00+00:00,0.0,79.8,11.03,19.9,28,59
2026-08-17T04:15:00+00:00,0.0,79.9,11.05,19.9,28,59
2026-08-17T04:16:00+00:00,0.0,79.8,11.07,19.9,28,59
2026-08-17T04:17:00+00:00,0.0,79.7,11.08,19.9,28,59
2026-08-17T04:18:00+00:00,0.0,79.6,11.1,19.9,29,59
2026-08-17T04:19:00+00:00,0.0,79.4,11.12,19.9,29,59
2026-08-17T04:20:00+00:00,0.0,79.2,11.13,19.9,29,59
2026-08-17T04:21:00+00:00,0.0,78.9,11.15,19.9,29,59
2026-08-17T04:22:00+00:00,0.0,78.6,11.17,20.0,30,59
2026-08-17T04:23:00+00:00,0.0,78.3,11.18,20.0,30,59
2026-08-17T04:24:00+00:00,0.0,78.0,11.2,20.0,30,59
2026-08-17T04:25:00+00:00,0.0,77.7,11.22,20.0,30,59
2026-08-17T04:26:00+00:00,0.0,77.5,11.23,20.0,31,59
2026-08-17T04:27:00+00:00,0.0,77.3,11.25,20.1,31,59
2026-08-17T04:28:00+00:00,0.0,77.2,11.27,20.1,31,59
2026-08-17T04:29:00+00:00,0.0,77.1,11.28,20.1,31,59
2026-08-17T04:30:00+00:00,0.0,77.0,11.3,20.1,31,59
2026-08-17T04:31:00+00:00,0.0,77.1,11.32,20.1,31,59
2026-08-17T04:32:00+00:00,0.0,77.1,11.33,20.1,32,59
2026-08-17T04:33:00+00:00,0.0,77.2,11.35,20.2,33,59
2026-08-17T04:34:00+00:00,0.0,77.4,11.37,20.2,34,59
2026-08-17T04:35:00+00:00,0.0,77.5,11.38,20.3,35,59
2026-08-17T04:36:00+00:00,0.0,77.7,11.4,20.4,37,59
2026-08-17T04:37:00+00:00,0.0,77.9,11.42,20.5,39,59
2026-08-17T04:38:00+00:00,0.0,78.2,11.43,20.7,41,59
2026-08-17T04:39:00+00:00,0.0,78.4,11.45,20.8,42,59
2026-08-17T04:40:00+00:00,0.0,78.6,11.47,20.9,44,59
2026-08-17T04:41:00+00:00,0.0,78.7,11.48,21.0,45,59
2026-08-17T04:42:00+00:00,0.0,78.9,11.5,21.0,47,59
2026-08-17T04:43:00+00:00,0.0,79.0,11.52,21.1,48,59
2026-08-17T04:44:00+00:00,0.0,79.0,11.53,21.1,48,59
2026-08-17T04:45:00+00:00,0.0,79.1,11.55,21.1,48,60
2026-08-17T04:46:00+00:00,0.0,79.1,11.57,21.1,48,60
2026-08-17T04:47:00+00:00,0.0,79.0,11.58,21.1,48,60
2026-08-17T04:48:00+00:00,0.0,79.0,11.6,21.1,49,60
2026-08-17T04:49:00+00:00,0.0,78.9,11.62,21.1,49,60
2026-08-17T04:50:00+00:00,0.0,78.8,11.63,21.2,49,60
2026-08-17T04:51:00+00:00,0.0,78.7,11.65,21.2,49,60
2026-08-17T04:52:00+00:00,0.0,78.5,11.67,21.2,49,60
2026-08-17T04:53:00+00:00,0.0,78.4,11.68,21.2,49,60
2026-08-17T04:54:00+00:00,0.0,78.3,11.7,21.2,49,60
2026-08-17T04:55:00+00:00,0.0,78.2,11.72,21.2,49,60
2026-08-17T04:56:00+00:00,0.0,78.1,11.73,21.2,49,60
2026-08-17T04:57:00+00:00,0.0,78.0,11.75,21.2,49,60
2026-08-17T04:58:00+00:00,0.0,78.0,11.77,21.2,50,60
2026-08-17T04:59:00+00:00,0.0,77.9,11.78,21.2,50,60
2026-08-17T05:00:00+00:00,0.0,77.9,0.02,21.2,24,60
2026-08-17T05:01:00+00:00,0.0,77.9,0.03,21.2,24,60
2026-08-17T05:02:00+00:00,0.0,77.8,0.05,21.2,24,60
2026-08-17T05:03:00+00:00,0.0,77.7,0.07,21.2,24,60
2026-08-17T05:04:00+00:00,0.0,77.5,0.08,21.2,24,60
2026-08-17T05:05:00+00:00,0.0,77.3,0.1,21.2,24,60
2026-08-17T05:06:00+00:00,0.0,77.1,0.12,21.2,24,60
2026-08-17T05:07:00+00:00,0.0,76.9,0.13,21.2,24,60
2026-08-17T05:08:00+00:00,0.0,76.6,0.15,21.2,24,60
2026-08-17T05:09:00+00:00,0.0,76.4,0.17,21.2,24,60
2026-08-17T05:10:00+00:00,0.0,76.2,0.18,21.2,24,60
2026-08-17T05:11:00+00:00,0.0,76.0,0.2,21.2,24,60
2026-08-17T05:12:00+00:00,0.0,75.8,0.22,21.2,24,60
2026-08-17T05:13:00+00:00,0.0,75.7,0.23,21.2,24,60
2026-08-17T05:14:00+00:00,0.0,75.6,0.25,21.2,24,60
2026-08-17T05:15:00+00:00,0.0,75.6,0.27,21.2,24,60
2026-08-17T05:16:00+00:00,0.0,75.6,0.28,21.2,24,60
2026-08-17T05:17:00+00:00,0.0,75.6,0.3,21.2,24,60
2026-08-17T05:18:00+00:00,0.0,75.7,0.32,21.2,24,60
2026-08-17T05:19:00+00:00,0.0,75.7,0.33,21.2,24,60
2026-08-17T05:20:00+00:00,0.0,75.8,0.35,21.2,24,60
2026-08-17T05:21:00+00:00,0.0,75.9,0.37,21.2,25,60
2026-08-17T05:22:00+00:00,0.0,76.0,0.38,21.2,25,60
2026-08-17T05:23:00+00:00,0.0,76.1,0.4,21.2,25,60
2026-08-17T05:24:00+00:00,0.0,76.2,0.42,21.3,25,60
2026-08-17T05:25:00+00:00,0.0,76.3,0.43,21.3,25,60
2026-08-17T05:26:00+00:00,0.0,76.4,0.45,21.3,26,60
2026-08-17T05:27:00+00:00,0.0,76.4,0.47,21.3,26,60
2026-08-17T05:28:00+00:00,0.0,76.5,0.48,21.3,26,60
2026-08-17T05:29:00+00:00,0.0,76.5,0.5,21.3,26,60
2026-08-17T05:30:00+00:00,0.0,76.5,0.52,21.3,26,60
2026-08-17T05:31:00+00:00,0.0,76.6,0.53,21.3,26,60
2026-08-17T05:32:00+00:00,0.0,76.7,0.55,21.3,26,60
2026-08-17T05:33:00+00:00,0.0,76.9,0.57,21.2,26,60
2026-08-17T05:34:00+00:00,0.0,77.2,0.58,21.2,25,60
2026-08-17T05:35:00+00:00,0.0,77.5,0.6,21.2,25,60
2026-08-17T05:36:00+00:00,0.0,77.8,0.62,21.1,25,60
2026-08-17T05:37:00+00:00,0.0,78.2,0.63,21.0,24,60
2026-08-17T05:38:00+00:00,0.0,78.6,0.65,21.0,24,60
2026-08-17T05:39:00+00:00,0.0,79.0,0.67,20.9,24,60
2026-08-17T05:40:00+00:00,0.0,79.4,0.68,20.8,23,60
2026-08-17T05:41:00+00:00,0.0,79.7,0.7,20.8,23,60
2026-08-17T05:42:00+00:00,0.0,80.0,0.72,20.8,23,60
2026-08-17T05:43:00+00:00,0.0,80.2,0.73,20.7,23,60
2026-08-17T05:44:00+00:00,0.0,80.3,0.75,20.7,23,60
2026-08-17T05:45:00+00:00,0.0,80.3,0.77,20.7,22,60
2026-08-17T05:46:00+00:00,0.0,80.2,0.78,20.7,23,60
2026-08-17T05:47:00+00:00,0.0,80.0,0.8,20.7,22,60
2026-08-17T05:48:00+00:00,0.0,79.6,0.82,20.7,22,60
2026-08-17T05:49:00+00:00,0.0,79.1,0.83,20.7,22,60
2026-08-17T05:50:00+00:00,0.0,78.5,0.85,20.7,22,60
2026-08-17T05:51:00+00:00,0.0,77.8,0.87,20.7,22,60
2026-08-17T05:52:00+00:00,0.0,77.0,0.88,20.7,22,60
2026-08-17T05:53:00+00:00,0.0,76.3,0.9,20.7,21,60
2026-08-17T05:54:00+00:00,0.0,75.5,0.92,20.7,21,60
2026-08-17T05:55:00+00:00,0.0,74.8,0.93,20.6,21,60
2026-08-17T05:56:00+00:00,0.0,74.2,0.95,20.6,21,60
2026-08-17T05:57:00+00:00,0.0,73.7,0.97,20.6,21,60
2026-08-17T05:58:00+00:00,0.0,73.3,0.98,20.6,20,60
2026-08-17T05:59:00+00:00,0.0,73.1,1.0,20.6,20,60
2026-08-17T06:00:00+00:00,0.0,73.0,1.02,20.6,20,60
2026-08-17T06:01:00+00:00,0.0,73.1,1.03,20.6,20,60
2026-08-17T06:02:00+00:00,0.0,73.3,1.05,20.6,20,60
2026-08-17T06:03:00+00:00,0.0,73.8,1.07,20.6,20,60
2026-08-17T06:04:00+00:00,0.0,74.3,1.08,20.5,20,60
2026-08-17T06:05:00+00:00,0.0,75.0,1.1,20.5,20,60
2026-08-17T06:06:00+00:00,0.0,75.8,1.12,20.4,19,60
2026-08-17T06:07:00+00:00,0.0,76.6,1.13,20.3,19,60
2026-08-17T06:08:00+00:00,0.0,77.4,1.15,20.3,19,60
2026-08-17T06:09:00+00:00,0.0,78.2,1.17,20.2,18,60
2026-08-17T06:10:00+00:00,0.0,79.0,1.18,20.1,18,60
2026-08-17T06:11:00+00:00,0.0,79.7,1.2,20.1,18,60
2026-08-17T06:12:00+00:00,0.0,80.2,1.22,20.0,18,60
2026-08-17T06:13:00+00:00,0.0,80.6,1.23,20.0,17,60
2026-08-17T06:14:00+00:00,0.0,80.9,1.25,20.0,17,60
2026-08-17T06:15:00+00:00,0.0,81.0,1.27,20.0,17,60
2026-08-17T06:16:00+00:00,0.0,81.0,1.28,20.0,17,60
2026-08-17T06:17:00+00:00,0.0,80.9,1.3,20.0,17,61
2026-08-17T06:18:00+00:00,0.0,80.8,1.32,20.0,18,61
2026-08-17T06:19:00+00:00,0.0,80.7,1.33,20.1,18,61
2026-08-17T06:20:00+00:00,0.0,80.6,1.35,20.1,19,61
2026-08-17T06:21:00+00:00,0.0,80.4,1.37,20.2,19,61
2026-08-17T06:22:00+00:00,0.0,80.2,1.38,20.3,20,61
2026-08-17T06:23:00+00:00,0.0,80.0,1.4,20.4,21,61
2026-08-17T06:24:00+00:00,0.0,79.9,1.42,20.4,21,61
2026-08-17T06:25:00+00:00,0.0,79.7,1.43,20.5,22,61
2026-08-17T06:26:00+00:00,0.0,79.6,1.45,20.5,22,61
2026-08-17T06:27:00+00:00,0.0,79.4,1.47,20.6,23,61
2026-08-17T06:28:00+00:00,0.0,79.4,1.48,20.6,23,61
2026-08-17T06:29:00+00:00,0.0,79.3,1.5,20.7,23,61
2026-08-17T06:30:00+00:00,0.0,79.3,1.52,20.7,23,61
2026-08-17T06:31:00+00:00,0.0,79.2,1.53,20.7,23,61
2026-08-17T06:32:00+00:00,0.0,79.0,1.55,20.7,23,61
2026-08-17T06:33:00+00:00,0.0,78.6,1.57,20.7,23,61
2026-08-17T06:34:00+00:00,0.0,78.1,1.58,20.7,24,61
2026-08-17T06:35:00+00:00,0.0,77.6,1.6,20.8,24,61
2026-08-17T06:36:00+00:00,0.0,76.9,1.62,20.8,24,61
2026-08-17T06:37:00+00:00,0.0,76.2,1.63,20.8,24,61
2026-08-17T06:38:00+00:00,0.0,75.5,1.65,20.9,24,61
2026-08-17T06:39:00+00:00,0.0,74.8,1.67,20.9,25,61
2026-08-17T06:40:00+00:00,0.0,74.1,1.68,21.0,25,61
2026-08-17T06:41:00+00:00,0.0,73.5,1.7,21.0,25,61
2026-08-17T06:42:00+00:00,0.0,73.0,1.72,21.0,25,61
2026-08-17T06:43:00+00:00,0.0,72.7,1.73,21.1,25,61
2026-08-17T06:44:00+00:00,0.0,72.4,1.75,21.1,25,61
2026-08-17T06:45:00+00:00,0.0,72.4,1.77,21.1,25,61
2026-08-17T06:46:00+00:00,0.0,72.4,1.78,21.1,25,61
2026-08-17T06:47:00+00:00,0.0,72.3,1.8,21.0,25,61
2026-08-17T06:48:00+00:00,0.0,72.3,1.82,21.0,25,61
2026-08-17T06:49:00+00:00,0.0,72.3,1.83,21.0,24,61
2026-08-17T06:50:00+00:00,0.0,72.2,1.85,20.9,24,61
2026-08-17T06:51:00+00:00,0.0,72.2,1.87,20.8,23,61
2026-08-17T06:52:00+00:00,0.0,72.1,1.88,20.8,23,61
2026-08-17T06:53:00+00:00,0.0,72.1,1.9,20.7,22,61
2026-08-17T06:54:00+00:00,0.0,72.0,1.92,20.6,22,62
2026-08-17T06:55:00+00:00,0.0,72.0,1.93,20.5,21,62
2026-08-17T06:56:00+00:00,0.0,72.0,1.95,20.5,21,62
2026-08-17T06:57:00+00:00,0.0,71.9,1.97,20.4,20,62
2026-08-17T06:58:00+00:00,0.0,71.9,1.98,20.4,20,62
2026-08-17T06:59:00+00:00,0.0,71.9,2.0,20.4,20,62
2026-08-17T07:00:00+00:00,0.0,71.9,2.02,20.4,20,62
2026-08-17T07:01:00+00:00,0.0,71.9,2.03,20.4,20,62
2026-08-17T07:02:00+00:00,0.0,72.1,2.05,20.4,20,62
2026-08-17T07:03:00+00:00,0.0,72.4,2.07,20.4,20,62
2026-08-17T07:04:00+00:00,0.0,72.8,2.08,20.4,20,62
2026-08-17T07:05:00+00:00,0.0,73.2,2.1,20.4,21,62
2026-08-17T07:06:00+00:00,0.0,73.7,2.12,20.4,21,62
2026-08-17T07:07:00+00:00,0.0,74.3,2.13,20.5,21,62
2026-08-17T07:08:00+00:00,0.0,74.8,2.15,20.5,22,62
2026-08-17T07:09:00+00:00,0.0,75.4,2.17,20.5,22,62
2026-08-17T07:10:00+00:00,0.0,75.9,2.18,20.5,22,62
2026-08-17T07:11:00+00:00,0.0,76.3,2.2,20.5,23,62
2026-08-17T07:12:00+00:00,0.0,76.7,2.22,20.6,23,62
2026-08-17T07:13:00+00:00,0.0,77.0,2.23,20.6,23,62
2026-08-17T07:14:00+00:00,0.0,77.2,2.25,20.6,23,62
2026-08-17T07:15:00+00:00,0.0,77.2,2.27,20.6,23,62
2026-08-17T07:16:00+00:00,0.0,77.3,2.28,20.6,23,62
2026-08-17T07:17:00+00:00,0.0,77.3,2.3,20.5,23,62
2026-08-17T07:18:00+00:00,0.0,77.4,2.32,20.5,23,62
2026-08-17T07:19:00+00:00,0.0,77.6,2.33,20.5,23,62
2026-08-17T07:20:00+00:00,0.0,77.8,2.35,20.4,22,62
2026-08-17T07:21:00+00:00,0.0,78.0,2.37,20.4,22,62
2026-08-17T07:22:00+00:00,0.0,78.3,2.38,20.4,22,62
2026-08-17T07:23:00+00:00,0.0,78.5,2.4,20.3,21,63
2026-08-17T07:24:00+00:00,0.0,78.7,2.42,20.3,21,63
2026-08-17T07:25:00+00:00,0.0,78.9,2.43,20.2,20,63
2026-08-17T07:26:00+00:00,0.0,79.1,2.45,20.2,20,63
2026-08-17T07:27:00+00:00,0.0,79.3,2.47,20.1,20,63
2026-08-17T07:28:00+00:00,0.0,79.4,2.48,20.1,20,63
2026-08-17T07:29:00+00:00,0.0,79.5,2.5,20.1,20,63
2026-08-17T07:30:00+00:00,0.0,79.5,2.52,20.1,20,63
2026-08-17T07:31:00+00:00,0.0,79.5,2.53,20.1,20,63
2026-08-17T07:32:00+00:00,0.0,79.3,2.55,20.1,20,63
2026-08-17T07:33:00+00:00,0.0,79.0,2.57,20.2,21,63
2026-08-17T07:34:00+00:00,0.0,78.7,2.58,20.3,21,63
2026-08-17T07:35:00+00:00,0.0,78.3,2.6,20.4,22,63
2026-08-17T07:36:00+00:00,0.0,77.8,2.62,20.5,23,63
2026-08-17T07:37:00+00:00,0.0,77.3,2.63,20.6,24,63
2026-08-17T07:38:00+00:00,0.0,76.7,2.65,20.7,25,63
2026-08-17T07:39:00+00:00,0.0,76.2,2.67,20.8,26,63
2026-08-17T07:40:00+00:00,0.0,75.8,2.68,20.9,27,63
2026-08-17T07:41:00+00:00,0.0,75.3,2.7,21.0,27,63
2026-08-17T07:42:00+00:00,0.0,75.0,2.72,21.1,28,63
2026-08-17T07:43:00+00:00,0.0,74.7,2.73,21.1,28,63
2026-08-17T07:44:00+00:00,0.0,74.6,2.75,21.1,29,63
2026-08-17T07:45:00+00:00,0.0,74.5,2.77,21.2,29,63
2026-08-17T07:46:00+00:00,0.0,74.5,2.78,21.1,29,63
2026-08-17T07:47:00+00:00,0.0,74.4,2.8,21.1,28,63
2026-08-17T07:48:00+00:00,0.0,74.3,2.82,21.0,28,63
2026-08-17T07:49:00+00:00,0.0,74.1,2.83,20.9,27,63
2026-08-17T07:50:00+00:00,0.0,74.0,2.85,20.8,26,63
2026-08-17T07:51:00+00:00,0.0,73.8,2.87,20.7,25,63
2026-08-17T07:52:00+00:00,0.0,73.5,2.88,20.6,23,63
2026-08-17T07:53:00+00:00,0.0,73.3,2.9,20.4,22,63
2026-08-17T07:54:00+00:00,0.0,73.1,2.92,20.3,21,63
2026-08-17T07:55:00+00:00,0.0,72.9,2.93,20.2,20,63
2026-08-17T07:56:00+00:00,0.0,72.7,2.95,20.1,19,63
2026-08-17T07:57:00+00:00,0.0,72.5,2.97,20.0,18,63
2026-08-17T07:58:00+00:00,0.0,72.4,2.98,19.9,17,63
2026-08-17T07:59:00+00:00,0.0,72.4,3.0,19.9,17,63
2026-08-17T08:00:00+00:00,0.0,72.3,3.02,19.9,17,63
2026-08-17T08:01:00+00:00,0.0,72.4,3.03,19.9,17,63
2026-08-17T08:02:00+00:00,0.0,72.7,3.05,19.9,17,63
2026-08-17T08:03:00+00:00,0.0,73.1,3.07,20.0,18,63
2026-08-17T08:04:00+00:00,0.0,73.7,3.08,20.1,19,63
2026-08-17T08:05:00+00:00,0.0,74.4,3.1,20.2,20,63
2026-08-17T08:06:00+00:00,0.0,75.2,3.12,20.3,22,63
2026-08-17T08:07:00+00:00,0.0,76.1,3.13,20.4,23,63
2026-08-17T08:08:00+00:00,0.0,76.9,3.15,20.6,25,63
2026-08-17T08:09:00+00:00,0.0,77.8,3.17,20.7,26,63
2026-08-17T08:10:00+00:00,0.0,78.6,3.18,20.8,28,63
2026-08-17T08:11:00+00:00,0.0,79.3,3.2,20.9,29,63
2026-08-17T08:12:00+00:00,0.0,79.8,3.22,21.0,30,63
2026-08-17T08:13:00+00:00,0.0,80.3,3.23,21.1,31,63
2026-08-17T08:14:00+00:00,0.0,80.5,3.25,21.1,31,63
2026-08-17T08:15:00+00:00,0.0,80.6,3.27,21.1,31,63
2026-08-17T08:16:00+00:00,0.0,80.6,3.28,21.1,32,63
2026-08-17T08:17:00+00:00,0.0,80.6,3.3,21.1,31,63
2026-08-17T08:18:00+00:00,0.0,80.6,3.32,21.1,31,63
2026-08-17T08:19:00+00:00,0.0,80.6,3.33,21.1,31,63
2026-08-17T08:20:00+00:00,0.0,80.5,3.35,21.1,31,63
2026-08-17T08:21:00+00:00,0.0,80.5,3.37,21.1,31,63
2026-08-17T08:22:00+00:00,0.0,80.4,3.38,21.0,31,63
2026-08-17T08:23:00+00:00,0.0,80.4,3.4,21.0,31,63
2026-08-17T08:24:00+00:00,0.0,80.3,3.42,21.0,31,63
2026-08-17T08:25:00+00:00,0.0,80.3,3.43,21.0,30,63
2026-08-17T08:26:00+00:00,0.0,80.2,3.45,21.0,30,63
2026-08-17T08:27:00+00:00,0.0,80.2,3.47,21.0,30,63
2026-08-17T08:28:00+00:00,0.0,80.2,3.48,21.0,30,63
2026-08-17T08:29:00+00:00,0.0,80.1,3.5,21.0,30,63
2026-08-17T08:30:00+00:00,0.0,80.1,3.52,20.9,30,63
2026-08-17T08:31:00+00:00,0.0,80.1,3.53,20.9,30,63
2026-08-17T08:32:00+00:00,0.0,79.8,3.55,20.9,30,63
2026-08-17T08:33:00+00:00,0.0,79.4,3.57,20.9,29,63
2026-08-17T08:34:00+00:00,0.0,78.9,3.58,20.8,28,63
2026-08-17T08:35:00+00:00,0.0,78.3,3.6,20.8,28,63
2026-08-17T08:36:00+00:00,0.0,77.5,3.62,20.7,27,63
2026-08-17T08:37:00+00:00,0.0,76.8,3.63,20.6,26,63
2026-08-17T08:38:00+00:00,0.0,76.0,3.65,20.5,25,63
2026-08-17T08:39:00+00:00,0.0,75.2,3.67,20.4,24,63
2026-08-17T08:40:00+00:00,0.0,74.5,3.68,20.4,23,63
2026-08-17T08:41:00+00:00,0.0,73.9,3.7,20.3,22,63
2026-08-17T08:42:00+00:00,0.0,73.3,3.72,20.3,22,63
2026-08-17T08:43:00+00:00,0.0,72.9,3.73,20.2,21,63
2026-08-17T08:44:00+00:00,0.0,72.7,3.75,20.2,21,63
2026-08-17T08:45:00+00:00,0.0,72.6,3.77,20.2,21,63
2026-08-17T08:46:00+00:00,0.0,72.6,3.78,20.2,21,63
2026-08-17T08:47:00+00:00,0.0,72.6,3.8,20.2,21,63
2026-08-17T08:48:00+00:00,0.0,72.7,3.82,20.3,22,63
2026-08-17T08:49:00+00:00,0.0,72.7,3.83,20.4,23,63
2026-08-17T08:50:00+00:00,0.0,72.8,3.85,20.5,24,63
2026-08-17T08:51:00+00:00,0.0,72.8,3.87,20.6,25,63
2026-08-17T08:52:00+00:00,0.0,72.9,3.88,20.7,26,63
2026-08-17T08:53:00+00:00,0.0,72.9,3.9,20.8,27,63
2026-08-17T08:54:00+00:00,0.0,73.0,3.92,20.9,28,63
2026-08-17T08:55:00+00:00,0.0,73.0,3.93,21.0,29,63
2026-08-17T08:56:00+00:00,0.0,73.1,3.95,21.1,30,63
2026-08-17T08:57:00+00:00,0.0,73.1,3.97,21.2,31,63
2026-08-17T08:58:00+00:00,0.0,73.2,3.98,21.3,32,63
2026-08-17T08:59:00+00:00,0.0,73.2,4.0,21.3,32,63
2026-08-17T09:00:00+00:00,0.0,73.2,4.02,21.3,32,63
2026-08-17T09:01:00+00:00,0.0,73.2,4.03,21.3,32,63
2026-08-17T09:02:00+00:00,0.0,73.3,4.05,21.3,32,63
2026-08-17T09:03:00+00:00,0.0,73.5,4.07,21.2,32,63
2026-08-17T09:04:00+00:00,0.0,73.8,4.08,21.1,31,63
2026-08-17T09:05:00+00:00,0.0,74.1,4.1,21.0,30,63
2026-08-17T09:06:00+00:00,0.0,74.4,4.12,20.9,29,63
2026-08-17T09:07:00+00:00,0.0,74.7,4.13,20.8,28,63
2026-08-17T09:08:00+00:00,0.0,75.1,4.15,20.7,27,63
2026-08-17T09:09:00+00:00,0.0,75.5,4.17,20.6,26,63
2026-08-17T09:10:00+00:00,0.0,75.8,4.18,20.5,25,63
2026-08-17T09:11:00+00:00,0.0,76.1,4.2,20.4,24,63
2026-08-17T09:12:00+00:00,0.0,76.4,4.22,20.3,24,63
2026-08-17T09:13:00+00:00,0.0,76.5,4.23,20.3,23,63
2026-08-17T09:14:00+00:00,0.0,76.7,4.25,20.2,23,63
2026-08-17T09:15:00+00:00,0.0,76.7,4.27,20.2,23,63
2026-08-17T09:16:00+00:00,0.0,76.6,4.28,20.2,23,63
2026-08-17T09:17:00+00:00,0.0,76.5,4.3,20.2,23,63
2026-08-17T09:18:00+00:00,0.0,76.3,4.32,20.3,23,63
2026-08-17T09:19:00+00:00,0.0,76.1,4.33,20.3,24,63
2026-08-17T09:20:00+00:00,0.0,75.8,4.35,20.4,25,63
2026-08-17T09:21:00+00:00,0.0,75.4,4.37,20.5,25,63
2026-08-17T09:22:00+00:00,0.0,75.0,4.38,20.6,26,63
2026-08-17T09:23:00+00:00,0.0,74.7,4.4,20.6,27,63
2026-08-17T09:24:00+00:00,0.0,74.3,4.42,20.7,28,63
2026-08-17T09:25:00+00:00,0.0,73.9,4.43,20.8,28,63
2026-08-17T09:26:00+00:00,0.0,73.6,4.45,20.9,29,63
2026-08-17T09:27:00+00:00,0.0,73.4,4.47,20.9,29,63
2026-08-17T09:28:00+00:00,0.0,73.2,4.48,20.9,30,63
2026-08-17T09:29:00+00:00,0.0,73.1,4.5,21.0,30,63
2026-08-17T09:30:00+00:00,0.0,73.0,4.52,21.0,30,63
2026-08-17T09:31:00+00:00,0.0,73.1,4.53,21.0,30,62
2026-08-17T09:32:00+00:00,0.0,73.3,4.55,21.0,30,62
2026-08-17T09:33:00+00:00,0.2,74.5,4.57,20.9,30,62
2026-08-17T09:34:00+00:00,0.4,75.9,4.58,20.9,30,62
2026-08-17T09:35:00+00:00,0.5,77.2,4.6,20.8,30,62
2026-08-17T09:36:00+00:00,0.7,78.7,4.62,20.8,30,62
2026-08-17T09:37:00+00:00,0.9,80.1,4.63,20.7,30,62
2026-08-17T09:38:00+00:00,1.0,81.5,4.65,20.7,30,62
2026-08-17T09:39:00+00:00,1.2,82.9,4.67,20.6,29,62
2026-08-17T09:40:00+00:00,1.3,84.3,4.68,20.6,29,62
2026-08-17T09:41:00+00:00,1.5,85.5,4.7,20.5,29,62
2026-08-17T09:42:00+00:00,1.6,86.7,4.72,20.5,29,62
2026-08-17T09:43:00+00:00,1.8,87.7,4.73,20.4,29,62
2026-08-17T09:44:00+00:00,1.9,88.6,4.75,20.4,29,62
2026-08-17T09:45:00+00:00,2.0,89.3,4.77,20.4,29,62
2026-08-17T09:46:00+00:00,2.1,89.9,4.78,20.4,29,62
2026-08-17T09:47:00+00:00,2.2,90.6,4.8,20.5,30,62
2026-08-17T09:48:00+00:00,2.3,91.1,4.82,20.5,30,62
2026-08-17T09:49:00+00:00,2.4,91.7,4.83,20.6,31,62
2026-08-17T09:50:00+00:00,2.5,92.2,4.85,20.6,32,62
2026-08-17T09:51:00+00:00,2.5,92.6,4.87,20.7,33,62
2026-08-17T09:52:00+00:00,2.6,93.0,4.88,20.8,34,62
2026-08-17T09:53:00+00:00,2.6,93.3,4.9,20.9,36,62
2026-08-17T09:54:00+00:00,2.7,93.6,4.92,21.0,37,62
2026-08-17T09:55:00+00:00,2.7,93.8,4.93,21.0,38,62
2026-08-17T09:56:00+00:00,2.7,93.9,4.95,21.1,39,62
2026-08-17T09:57:00+00:00,2.7,94.0,4.97,21.2,40,62
2026-08-17T09:58:00+00:00,2.7,93.9,4.98,21.2,40,62
2026-08-17T09:59:00+00:00,2.7,93.8,5.0,21.2,40,62
2026-08-17T10:00:00+00:00,2.6,93.7,5.02,21.2,41,62
2026-08-17T10:01:00+00:00,2.6,93.3,5.03,21.2,40,62
2026-08-17T10:02:00+00:00,2.5,92.8,5.05,21.2,40,62
2026-08-17T10:03:00+00:00,2.5,92.0,5.07,21.2,39,62
2026-08-17T10:04:00+00:00,2.4,91.0,5.08,21.1,38,62
2026-08-17T10:05:00+00:00,2.3,89.9,5.1,21.1,37,62
2026-08-17T10:06:00+00:00,2.2,88.7,5.12,21.0,36,62
2026-08-17T10:07:00+00:00,2.1,87.3,5.13,20.9,35,62
2026-08-17T10:08:00+00:00,2.0,85.9,5.15,20.8,34,62
2026-08-17T10:09:00+00:00,1.9,84.4,5.17,20.8,32,62
2026-08-17T10:10:00+00:00,1.7,82.9,5.18,20.7,31,62
2026-08-17T10:11:00+00:00,1.6,81.5,5.2,20.6,30,62
2026-08-17T10:12:00+00:00,1.5,80.2,5.22,20.6,29,62
2026-08-17T10:13:00+00:00,1.3,79.0,5.23,20.6,29,62
2026-08-17T10:14:00+00:00,1.2,77.9,5.25,20.5,28,62
2026-08-17T10:15:00+00:00,1.0,76.9,5.27,20.5,28,62
2026-08-17T10:16:00+00:00,0.8,76.0,5.28,20.5,28,62
2026-08-17T10:17:00+00:00,0.7,75.1,5.3,20.5,28,62
2026-08-17T10:18:00+00:00,0.5,74.3,5.32,20.6,28,62
2026-08-17T10:19:00+00:00,0.3,73.4,5.33,20.6,28,62
2026-08-17T10:20:00+00:00,0.2,72.7,5.35,20.6,28,62
2026-08-17T10:21:00+00:00,0.0,71.9,5.37,20.6,28,62
2026-08-17T10:22:00+00:00,0.0,72.1,5.38,20.7,28,62
2026-08-17T10:23:00+00:00,0.0,72.4,5.4,20.7,29,62
2026-08-17T10:24:00+00:00,0.0,72.6,5.42,20.7,29,62
2026-08-17T10:25:00+00:00,0.0,72.8,5.43,20.7,29,62
2026-08-17T10:26:00+00:00,0.0,73.0,5.45,20.8,30,62
2026-08-17T10:27:00+00:00,0.0,73.1,5.47,20.8,30,62
2026-08-17T10:28:00+00:00,0.0,73.2,5.48,20.8,30,62
2026-08-17T10:29:00+00:00,0.0,73.3,5.5,20.8,30,62
2026-08-17T10:30:00+00:00,0.0,73.3,5.52,20.8,30,62
2026-08-17T10:31:00+00:00,0.0,73.4,5.53,20.8,30,62
2026-08-17T10:32:00+00:00,0.0,73.5,5.55,20.8,30,62
2026-08-17T10:33:00+00:00,0.0,73.8,5.57,20.8,30,62
2026-08-17T10:34:00+00:00,0.0,74.1,5.58,20.8,30,62
2026-08-17T10:35:00+00:00,0.0,74.5,5.6,20.7,30,62
2026-08-17T10:36:00+00:00,0.0,75.0,5.62,20.7,30,62
2026-08-17T10:37:00+00:00,0.0,75.5,5.63,20.7,29,62
2026-08-17T10:38:00+00:00,0.0,76.0,5.65,20.6,29,62
2026-08-17T10:39:00+00:00,0.0,76.5,5.67,20.6,29,62
2026-08-17T10:40:00+00:00,0.0,77.0,5.68,20.6,29,62
2026-08-17T10:41:00+00:00,0.0,77.4,5.7,20.5,29,62
2026-08-17T10:42:00+00:00,0.0,77.7,5.72,20.5,28,62
2026-08-17T10:43:00+00:00,0.0,78.0,5.73,20.5,28,62
2026-08-17T10:44:00+00:00,0.0,78.1,5.75,20.5,28,62
2026-08-17T10:45:00+00:00,0.0,78.2,5.77,20.5,28,62
2026-08-17T10:46:00+00:00,0.0,78.1,5.78,20.5,28,62
2026-08-17T10:47:00+00:00,0.0,77.9,5.8,20.5,28,62
2026-08-17T10:48:00+00:00,0.0,77.6,5.82,20.5,28,62
2026-08-17T10:49:00+00:00,0.0,77.1,5.83,20.5,29,62
2026-08-17T10:50:00+00:00,0.0,76.6,5.85,20.5,29,62
2026-08-17T10:51:00+00:00,0.0,76.0,5.87,20.6,29,62
2026-08-17T10:52:00+00:00,0.0,75.3,5.88,20.6,29,62
2026-08-17T10:53:00+00:00,0.0,74.7,5.9,20.6,29,62
2026-08-17T10:54:00+00:00,0.0,74.0,5.92,20.6,29,62
2026-08-17T10:55:00+00:00,0.0,73.4,5.93,20.7,30,62
2026-08-17T10:56:00+00:00,0.0,72.9,5.95,20.7,30,63
2026-08-17T10:57:00+00:00,0.0,72.5,5.97,20.8,31,63
2026-08-17T10:58:00+00:00,0.0,72.1,5.98,20.8,31,63
2026-08-17T10:59:00+00:00,0.0,71.9,6.0,20.9,32,63
2026-08-17T11:00:00+00:00,0.0,71.9,6.02,20.9,32,63
2026-08-17T11:01:00+00:00,0.0,72.0,6.03,21.0,33,63
2026-08-17T11:02:00+00:00,0.0,72.2,6.05,21.0,33,63
2026-08-17T11:03:00+00:00,0.0,72.6,6.07,21.1,34,63
2026-08-17T11:04:00+00:00,0.0,73.1,6.08,21.2,35,64
2026-08-17T11:05:00+00:00,0.0,73.7,6.1,21.2,37,64
2026-08-17T11:06:00+00:00,0.0,74.4,6.12,21.3,38,64
2026-08-17T11:07:00+00:00,0.0,75.2,6.13,21.4,39,64
2026-08-17T11:08:00+00:00,0.0,76.0,6.15,21.5,41,64
2026-08-17T11:09:00+00:00,0.0,76.7,6.17,21.6,42,64
2026-08-17T11:10:00+00:00,0.0,77.4,6.18,21.7,43,64
2026-08-17T11:11:00+00:00,0.0,78.0,6.2,21.8,45,64
2026-08-17T11:12:00+00:00,0.0,78.6,6.22,21.9,46,64
2026-08-17T11:13:00+00:00,0.0,78.9,6.23,21.9,47,65
2026-08-17T11:14:00+00:00,0.0,79.2,6.25,22.0,47,65
2026-08-17T11:15:00+00:00,0.0,79.3,6.27,22.0,48,65
2026-08-17T11:16:00+00:00,0.0,79.3,6.28,22.0,49,65
2026-08-17T11:17:00+00:00,0.0,79.3,6.3,22.1,49,65
2026-08-17T11:18:00+00:00,0.0,79.4,6.32,22.1,49,65
2026-08-17T11:19:00+00:00,0.0,79.5,6.33,22.1,50,65
2026-08-17T11:20:00+00:00,0.0,79.6,6.35,22.2,50,65
2026-08-17T11:21:00+00:00,0.0,79.7,6.37,22.2,51,66
2026-08-17T11:22:00+00:00,0.0,79.9,6.38,22.2,51,66
2026-08-17T11:23:00+00:00,0.0,80.0,6.4,22.2,51,66
2026-08-17T11:24:00+00:00,0.0,80.2,6.42,22.3,52,66
2026-08-17T11:25:00+00:00,0.0,80.3,6.43,22.3,52,66
2026-08-17T11:26:00+00:00,0.0,80.4,6.45,22.3,53,66
2026-08-17T11:27:00+00:00,0.0,80.5,6.47,22.3,53,66
2026-08-17T11:28:00+00:00,0.0,80.6,6.48,22.4,54,66
2026-08-17T11:29:00+00:00,0.0,80.6,6.5,22.4,54,67
2026-08-17T11:30:00+00:00,0.0,80.6,6.52,22.4,54,67
2026-08-17T11:31:00+00:00,0.0,80.6,6.53,22.5,55,67
2026-08-17T11:32:00+00:00,0.0,80.6,6.55,22.5,55,67
2026-08-17T11:33:00+00:00,0.0,80.5,6.57,22.5,56,67
2026-08-17T11:34:00+00:00,0.0,80.4,6.58,22.5,56,67
2026-08-17T11:35:00+00:00,0.0,80.2,6.6,22.6,56,67
2026-08-17T11:36:00+00:00,0.0,80.1,6.62,22.6,56,67
2026-08-17T11:37:00+00:00,0.0,79.9,6.63,22.6,56,68
2026-08-17T11:38:00+00:00,0.0,79.8,6.65,22.6,57,68
2026-08-17T11:39:00+00:00,0.0,79.6,6.67,22.6,57,68
2026-08-17T11:40:00+00:00,0.0,79.4,6.68,22.6,57,68
2026-08-17T11:41:00+00:00,0.0,79.3,6.7,22.7,57,68
2026-08-17T11:42:00+00:00,0.0,79.2,6.72,22.7,57,68
2026-08-17T11:43:00+00:00,0.0,79.1,6.73,22.7,58,68
2026-08-17T11:44:00+00:00,0.0,79.1,6.75,22.7,58,68
2026-08-17T11:45:00+00:00,0.0,79.1,6.77,22.8,59,69
2026-08-17T11:46:00+00:00,0.0,79.0,6.78,22.8,59,69
2026-08-17T11:47:00+00:00,0.0,79.0,6.8,22.8,60,69
2026-08-17T11:48:00+00:00,0.0,78.9,6.82,22.9,60,69
2026-08-17T11:49:00+00:00,0.0,78.8,6.83,22.9,61,69
2026-08-17T11:50:00+00:00,0.0,78.7,6.85,23.0,62,69
2026-08-17T11:51:00+00:00,0.0,78.5,6.87,23.0,62,69
2026-08-17T11:52:00+00:00,0.0,78.4,6.88,23.1,63,69
2026-08-17T11:53:00+00:00,0.0,78.2,6.9,23.2,64,70
2026-08-17T11:54:00+00:00,0.0,78.1,6.92,23.2,64,70
2026-08-17T11:55:00+00:00,0.0,77.9,6.93,23.3,65,70
2026-08-17T11:56:00+00:00,0.0,77.8,6.95,23.3,66,70
2026-08-17T11:57:00+00:00,0.0,77.7,6.97,23.4,66,70
2026-08-17T11:58:00+00:00,0.0,77.6,6.98,23.4,67,70
2026-08-17T11:59:00+00:00,0.0,77.6,7.0,23.5,67,70
2026-08-17T12:00:00+00:00,0.0,77.6,7.02,23.5,68,70
2026-08-17T12:01:00+00:00,0.0,77.2,7.03,23.5,68,71
2026-08-17T12:02:00+00:00,0.0,76.7,7.05,23.5,68,71
2026-08-17T12:03:00+00:00,0.0,76.3,7.07,23.5,67,71
2026-08-17T12:04:00+00:00,0.0,75.8,7.08,23.5,67,71
2026-08-17T12:05:00+00:00,0.0,75.3,7.1,23.4,66,71
2026-08-17T12:06:00+00:00,0.0,74.8,7.12,23.4,65,71
2026-08-17T12:07:00+00:00,0.0,74.3,7.13,23.3,64,71
2026-08-17T12:08:00+00:00,0.0,73.8,7.15,23.2,63,71
2026-08-17T12:09:00+00:00,0.0,73.2,7.17,23.2,62,72
2026-08-17T12:10:00+00:00,0.0,72.7,7.18,23.1,61,72
2026-08-17T12:11:00+00:00,0.0,72.2,7.2,23.1,60,72
2026-08-17T12:12:00+00:00,0.0,71.8,7.22,23.0,60,72
2026-08-17T12:13:00+00:00,0.0,71.3,7.23,23.0,59,72
2026-08-17T12:14:00+00:00,0.0,70.9,7.25,23.0,59,72
2026-08-17T12:15:00+00:00,0.0,70.5,7.27,23.0,59,72
2026-08-17T12:16:00+00:00,0.0,70.1,7.28,23.1,60,72
2026-08-17T12:17:00+00:00,0.0,69.7,7.3,23.1,60,72
2026-08-17T12:18:00+00:00,0.0,69.4,7.32,23.2,61,73
2026-08-17T12:19:00+00:00,0.0,69.0,7.33,23.3,62,73
2026-08-17T12:20:00+00:00,0.0,68.7,7.35,23.4,63,73
2026-08-17T12:21:00+00:00,0.0,68.4,7.37,23.4,63,73
2026-08-17T12:22:00+00:00,0.0,68.1,7.38,23.5,64,73
2026-08-17T12:23:00+00:00,0.0,67.8,7.4,23.6,65,73
2026-08-17T12:24:00+00:00,0.0,67.5,7.42,23.7,66,73
2026-08-17T12:25:00+00:00,0.0,67.2,7.43,23.8,67,73
2026-08-17T12:26:00+00:00,0.0,66.8,7.45,23.9,68,74
2026-08-17T12:27:00+00:00,0.0,66.5,7.47,24.0,69,74
2026-08-17T12:28:00+00:00,0.0,66.2,7.48,24.0,69,74
2026-08-17T12:29:00+00:00,0.0,65.8,7.5,24.1,68,74
2026-08-17T12:30:00+00:00,0.0,65.4,7.52,24.1,67,74
2026-08-17T12:31:00+00:00,0.0,65.0,7.53,24.2,67,74
2026-08-17T12:32:00+00:00,0.0,64.4,7.55,24.2,66,74
2026-08-17T12:33:00+00:00,0.0,63.7,7.57,24.2,65,74
2026-08-17T12:34:00+00:00,0.0,62.9,7.58,24.3,64,74
2026-08-17T12:35:00+00:00,0.0,62.0,7.6,24.4,63,75
2026-08-17T12:36:00+00:00,0.0,61.1,7.62,24.4,62,75
2026-08-17T12:37:00+00:00,0.0,60.1,7.63,24.5,61,75
2026-08-17T12:38:00+00:00,0.0,59.0,7.65,24.6,59,75
2026-08-17T12:39:00+00:00,0.0,58.1,7.67,24.6,58,75
2026-08-17T12:40:00+00:00,0.0,57.1,7.68,24.7,57,75
2026-08-17T12:41:00+00:00,0.0,56.2,7.7,24.7,56,75
2026-08-17T12:42:00+00:00,0.0,55.4,7.72,24.8,55,75
2026-08-17T12:43:00+00:00,0.0,54.7,7.73,24.8,54,75
2026-08-17T12:44:00+00:00,0.0,54.1,7.75,24.9,54,76
2026-08-17T12:45:00+00:00,0.0,53.7,7.77,24.9,53,76
2026-08-17T12:46:00+00:00,0.0,53.3,7.78,24.9,53,76
2026-08-17T12:47:00+00:00,0.0,53.1,7.8,25.0,52,76
2026-08-17T12:48:00+00:00,0.0,52.9,7.82,25.0,52,76
2026-08-17T12:49:00+00:00,0.0,52.8,7.83,25.0,52,76
2026-08-17T12:50:00+00:00,0.0,52.7,7.85,24.9,53,76
2026-08-17T12:51:00+00:00,0.0,52.7,7.87,24.9,53,76
2026-08-17T12:52:00+00:00,0.0,52.8,7.88,24.9,53,76
2026-08-17T12:53:00+00:00,0.0,52.8,7.9,24.9,53,77
2026-08-17T12:54:00+00:00,0.0,52.8,7.92,24.9,54,77
2026-08-17T12:55:00+00:00,0.0,52.8,7.93,24.8,54,77
2026-08-17T12:56:00+00:00,0.0,52.8,7.95,24.8,54,77
2026-08-17T12:57:00+00:00,0.0,52.7,7.97,24.8,54,77
2026-08-17T12:58:00+00:00,0.0,52.5,7.98,24.8,54,77
2026-08-17T12:59:00+00:00,0.0,52.2,8.0,24.8,54,77
2026-08-17T13:00:00+00:00,0.0,51.9,8.02,24.9,53,77
2026-08-17T13:01:00+00:00,0.0,51.5,8.03,24.9,53,77
2026-08-17T13:02:00+00:00,0.0,51.1,8.05,24.9,53,77
2026-08-17T13:03:00+00:00,0.0,50.7,8.07,24.9,53,78
2026-08-17T13:04:00+00:00,0.0,50.2,8.08,24.9,53,78
2026-08-17T13:05:00+00:00,0.0,49.8,8.08,24.9,53,78
2026-08-17T13:06:00+00:00,0.0,49.4,8.08,24.8,53,78
2026-08-17T13:07:00+00:00,0.0,48.9,8.08,24.8,53,78
2026-08-17T13:08:00+00:00,0.0,48.5,8.08,24.8,53,78
2026-08-17T13:09:00+00:00,0.0,48.1,8.08,24.7,53,78
2026-08-17T13:10:00+00:00,0.0,47.6,8.08,24.7,53,78
2026-08-17T13:11:00+00:00,0.0,47.2,8.08,24.7,53,78
2026-08-17T13:12:00+00:00,0.0,46.8,8.08,24.7,53,78
2026-08-17T13:13:00+00:00,0.0,46.4,8.08,24.7,53,79
2026-08-17T13:14:00+00:00,0.0,46.0,8.08,24.7,53,79
2026-08-17T13:15:00+00:00,0.0,45.6,8.08,24.7,52,79
2026-08-17T13:16:00+00:00,0.0,45.2,8.08,24.8,51,79
2026-08-17T13:17:00+00:00,0.0,44.7,8.08,24.8,51,79
2026-08-17T13:18:00+00:00,0.0,44.3,8.08,24.9,49,79
2026-08-17T13:19:00+00:00,0.0,43.8,8.08,25.0,48,79
2026-08-17T13:20:00+00:00,0.0,43.3,8.08,25.2,46,79
2026-08-17T13:21:00+00:00,0.0,42.8,8.08,25.3,45,79
2026-08-17T13:22:00+00:00,0.0,42.2,8.08,25.5,43,79
2026-08-17T13:23:00+00:00,0.0,41.7,8.08,25.7,41,80
2026-08-17T13:24:00+00:00,0.0,41.2,8.08,25.8,39,80
2026-08-17T13:25:00+00:00,0.0,40.6,8.08,26.0,37,80
2026-08-17T13:26:00+00:00,0.0,40.1,8.08,26.1,36,80
2026-08-17T13:27:00+00:00,0.0,39.7,8.08,26.2,35,80
2026-08-17T13:28:00+00:00,0.0,39.2,8.08,26.3,34,80
2026-08-17T13:29:00+00:00,0.0,38.8,8.08,26.4,33,80
2026-08-17T13:30:00+00:00,0.0,38.4,8.08,26.5,32,80
2026-08-17T13:31:00+00:00,0.0,38.0,8.08,26.5,32,80
2026-08-17T13:32:00+00:00,0.0,37.9,8.08,26.4,32,80
2026-08-17T13:33:00+00:00,0.0,37.8,8.08,26.4,33,81
2026-08-17T13:34:00+00:00,0.0,37.9,8.08,26.3,33,81
2026-08-17T13:35:00+00:00,0.0,38.1,8.08,26.2,34,81
2026-08-17T13:36:00+00:00,0.0,38.4,8.08,26.1,35,81
2026-08-17T13:37:00+00:00,0.0,38.7,8.08,26.0,36,81
2026-08-17T13:38:00+00:00,0.0,39.0,8.08,25.9,38,81
2026-08-17T13:39:00+00:00,0.0,39.3,8.08,25.8,39,81
2026-08-17T13:40:00+00:00,0.0,39.5,8.08,25.7,40,81
2026-08-17T13:41:00+00:00,0.0,39.7,8.08,25.6,41,81
2026-08-17T13:42:00+00:00,0.0,39.8,8.08,25.5,42,81
2026-08-17T13:43:00+00:00,0.0,39.8,8.08,25.4,42,82
2026-08-17T13:44:00+00:00,0.0,39.6,8.08,25.4,42,82
2026-08-17T13:45:00+00:00,0.0,39.3,8.08,25.4,42,82
2026-08-17T13:46:00+00:00,0.0,38.9,8.08,25.5,42,82
2026-08-17T13:47:00+00:00,0.0,38.5,8.08,25.5,41,82
2026-08-17T13:48:00+00:00,0.0,38.1,8.08,25.5,40,82
2026-08-17T13:49:00+00:00,0.0,37.7,8.08,25.6,40,82
2026-08-17T13:50:00+00:00,0.0,37.2,8.08,25.6,39,82
2026-08-17T13:51:00+00:00,0.0,36.8,8.08,25.7,38,82
2026-08-17T13:52:00+00:00,0.0,36.4,8.08,25.8,38,82
2026-08-17T13:53:00+00:00,0.0,35.9,8.08,25.8,37,82
2026-08-17T13:54:00+00:00,0.0,35.5,8.08,25.9,36,83
2026-08-17T13:55:00+00:00,0.0,35.0,8.08,25.9,36,83
2026-08-17T13:56:00+00:00,0.0,34.6,8.08,26.0,35,83
2026-08-17T13:57:00+00:00,0.0,34.2,8.08,26.0,34,83
2026-08-17T13:58:00+00:00,0.0,33.8,8.08,26.1,34,83
2026-08-17T13:59:00+00:00,0.0,33.4,8.08,26.1,33,83
2026-08-17T14:00:00+00:00,0.0,33.0,8.08,26.1,33,83
2026-08-17T14:01:00+00:00,0.0,32.5,8.08,26.2,33,83
2026-08-17T14:02:00+00:00,0.0,31.9,8.08,26.2,32,83
2026-08-17T14:03:00+00:00,0.0,31.1,8.08,26.3,31,83
2026-08-17T14:04:00+00:00,0.0,30.3,8.08,26.3,31,83
2026-08-17T14:05:00+00:00,0.0,29.3,8.08,26.4,30,84
2026-08-17T14:06:00+00:00,0.0,28.2,8.08,26.4,29,84
2026-08-17T14:07:00+00:00,0.0,27.1,8.08,26.5,28,84
2026-08-17T14:08:00+00:00,0.0,26.0,8.08,26.6,27,84
2026-08-17T14:09:00+00:00,0.0,24.9,8.08,26.7,26,84
2026-08-17T14:10:00+00:00,0.0,23.8,8.08,26.7,25,84
2026-08-17T14:11:00+00:00,0.0,22.9,8.08,26.8,24,84
2026-08-17T14:12:00+00:00,0.0,22.0,8.08,26.8,24,84
2026-08-17T14:13:00+00:00,0.0,21.2,8.08,26.9,23,84
2026-08-17T14:14:00+00:00,0.0,20.6,8.08,26.9,22,84
2026-08-17T14:15:00+00:00,0.0,20.1,8.08,26.9,22,84
2026-08-17T14:16:00+00:00,0.0,19.8,8.08,27.0,22,84
2026-08-17T14:17:00+00:00,0.0,19.3,8.08,27.0,22,84
2026-08-17T14:18:00+00:00,0.0,18.9,8.08,27.0,21,85
2026-08-17T14:19:00+00:00,0.0,18.5,8.08,27.0,21,85
2026-08-17T14:20:00+00:00,0.0,18.0,8.08,27.0,21,85
2026-08-17T14:21:00+00:00,0.0,17.6,8.08,27.1,21,85
2026-08-17T14:22:00+00:00,0.0,17.1,8.08,27.1,20,85
2026-08-17T14:23:00+00:00,0.0,16.7,8.08,27.1,20,85
2026-08-17T14:24:00+00:00,0.0,16.2,8.08,27.1,20,85
2026-08-17T14:25:00+00:00,0.0,15.7,8.08,27.1,20,85
2026-08-17T14:26:00+00:00,0.0,15.3,8.08,27.1,19,85
2026-08-17T14:27:00+00:00,0.0,14.9,8.08,27.1,19,85
2026-08-17T14:28:00+00:00,0.0,14.4,8.08,27.2,19,85
2026-08-17T14:29:00+00:00,0.0,14.0,8.08,27.2,19,85
2026-08-17T14:30:00+00:00,0.0,13.6,8.08,27.2,18,85
2026-08-17T14:31:00+00:00,0.0,13.7,8.08,27.2,18,85
2026-08-17T14:32:00+00:00,0.0,13.8,8.08,27.3,18,85
2026-08-17T14:33:00+00:00,0.0,13.9,8.08,27.3,18,85
2026-08-17T14:34:00+00:00,0.0,14.2,8.08,27.4,17,86
2026-08-17T14:35:00+00:00,0.0,14.5,8.08,27.5,17,86
2026-08-17T14:36:00+00:00,0.0,14.8,8.08,27.5,16,86
2026-08-17T14:37:00+00:00,0.0,15.1,8.08,27.6,16,86
2026-08-17T14:38:00+00:00,0.0,15.5,8.08,27.7,16,86
2026-08-17T14:39:00+00:00,0.0,15.8,8.08,27.8,15,86
2026-08-17T14:40:00+00:00,0.0,16.1,8.08,27.8,15,86
2026-08-17T14:41:00+00:00,0.0,16.4,8.08,27.9,14,86
2026-08-17T14:42:00+00:00,0.0,16.7,8.08,28.0,14,86
2026-08-17T14:43:00+00:00,0.0,16.8,8.08,28.0,14,86
2026-08-17T14:44:00+00:00,0.0,16.9,8.08,28.1,13,86
2026-08-17T14:45:00+00:00,0.0,17.0,8.08,28.1,13,86
2026-08-17T14:46:00+00:00,0.0,17.0,8.08,28.1,13,86
2026-08-17T14:47:00+00:00,0.0,17.2,8.08,28.1,13,86
2026-08-17T14:48:00+00:00,0.0,17.4,8.08,28.0,13,86
2026-08-17T14:49:00+00:00,0.0,17.7,8.08,28.0,14,86
2026-08-17T14:50:00+00:00,0.0,18.0,8.08,27.9,14,86
2026-08-17T14:51:00+00:00,0.0,18.4,8.08,27.8,15,86
2026-08-17T14:52:00+00:00,0.0,18.8,8.08,27.7,16,86
2026-08-17T14:53:00+00:00,0.0,19.2,8.08,27.7,17,86
2026-08-17T14:54:00+00:00,0.0,19.6,8.08,27.6,17,86
2026-08-17T14:55:00+00:00,0.0,20.0,8.08,27.5,18,86
2026-08-17T14:56:00+00:00,0.0,20.4,8.08,27.4,19,87
2026-08-17T14:57:00+00:00,0.0,20.7,8.08,27.4,19,87
2026-08-17T14:58:00+00:00,0.0,20.9,8.08,27.3,20,87
2026-08-17T14:59:00+00:00,0.0,21.0,8.08,27.3,20,87
2026-08-17T15:00:00+00:00,0.0,21.0,8.08,27.3,20,87
2026-08-17T15:01:00+00:00,0.0,21.0,8.08,27.3,19,87
2026-08-17T15:02:00+00:00,0.0,20.9,8.08,27.4,19,87
2026-08-17T15:03:00+00:00,0.0,20.7,8.08,27.4,19,87
2026-08-17T15:04:00+00:00,0.0,20.5,8.08,27.5,18,87
2026-08-17T15:05:00+00:00,0.0,20.2,8.08,27.5,18,87
2026-08-17T15:06:00+00:00,0.0,19.9,8.08,27.6,17,87
2026-08-17T15:07:00+00:00,0.0,19.5,8.08,27.7,16,87
2026-08-17T15:08:00+00:00,0.0,19.1,8.08,27.8,16,87
2026-08-17T15:09:00+00:00,0.0,18.8,8.08,27.9,15,87
2026-08-17T15:10:00+00:00,0.0,18.5,8.08,27.9,14,87
2026-08-17T15:11:00+00:00,0.0,18.2,8.08,28.0,14,87
2026-08-17T15:12:00+00:00,0.0,17.9,8.08,28.1,13,87
2026-08-17T15:13:00+00:00,0.0,17.7,8.08,28.1,13,87
2026-08-17T15:14:00+00:00,0.0,17.6,8.08,28.1,13,87
2026-08-17T15:15:00+00:00,0.0,17.6,8.08,28.2,13,87
2026-08-17T15:16:00+00:00,0.0,17.6,8.08,28.2,13,87
2026-08-17T15:17:00+00:00,0.0,17.5,8.08,28.2,12,87
2026-08-17T15:18:00+00:00,0.0,17.3,8.08,28.2,12,87
2026-08-17T15:19:00+00:00,0.0,17.1,8.08,28.3,12,87
2026-08-17T15:20:00+00:00,0.0,16.9,8.08,28.3,12,87
2026-08-17T15:21:00+00:00,0.0,16.6,8.08,28.3,11,87
2026-08-17T15:22:00+00:00,0.0,16.3,8.08,28.3,11,87
2026-08-17T15:23:00+00:00,0.0,16.0,8.08,28.4,11,87
2026-08-17T15:24:00+00:00,0.0,15.7,8.08,28.4,11,87
2026-08-17T15:25:00+00:00,0.0,15.5,8.08,28.4,10,88
2026-08-17T15:26:00+00:00,0.0,15.2,8.08,28.5,10,88
2026-08-17T15:27:00+00:00,0.0,15.0,8.08,28.5,10,88
2026-08-17T15:28:00+00:00,0.0,14.9,8.08,28.5,10,88
2026-08-17T15:29:00+00:00,0.0,14.8,8.08,28.5,10,88
2026-08-17T15:30:00+00:00,0.0,14.7,8.08,28.5,10,88
2026-08-17T15:31:00+00:00,0.0,14.8,8.08,28.5,10,88
2026-08-17T15:32:00+00:00,0.0,14.9,8.08,28.5,10,88
2026-08-17T15:33:00+00:00,0.0,15.2,8.08,28.5,10,88
2026-08-17T15:34:00+00:00,0.0,15.5,8.08,28.5,10,88
2026-08-17T15:35:00+00:00,0.0,15.9,8.08,28.4,11,88
2026-08-17T15:36:00+00:00,0.0,16.3,8.08,28.3,11,88
2026-08-17T15:37:00+00:00,0.0,16.8,8.08,28.3,12,88
2026-08-17T15:38:00+00:00,0.0,17.3,8.08,28.2,12,88
2026-08-17T15:39:00+00:00,0.0,17.8,8.08,28.1,13,88
2026-08-17T15:40:00+00:00,0.0,18.2,8.08,28.1,13,88
2026-08-17T15:41:00+00:00,0.0,18.6,8.08,28.0,14,88
2026-08-17T15:42:00+00:00,0.0,18.9,8.08,28.0,14,88
2026-08-17T15:43:00+00:00,0.0,19.2,8.08,27.9,15,88
2026-08-17T15:44:00+00:00,0.0,19.3,8.08,27.9,15,88
2026-08-17T15:45:00+00:00,0.0,19.4,8.08,27.9,15,88
2026-08-17T15:46:00+00:00,0.0,19.3,8.08,27.9,15,88
2026-08-17T15:47:00+00:00,0.0,19.3,8.08,28.0,14,88
2026-08-17T15:48:00+00:00,0.0,19.1,8.08,28.0,14,88
2026-08-17T15:49:00+00:00,0.0,18.9,8.08,28.1,13,88
2026-08-17T15:50:00+00:00,0.0,18.7,8.08,28.2,13,88
2026-08-17T15:51:00+00:00,0.0,18.4,8.08,28.3,12,88
2026-08-17T15:52:00+00:00,0.0,18.1,8.08,28.4,11,88
2026-08-17T15:53:00+00:00,0.0,17.8,8.08,28.5,10,88
2026-08-17T15:54:00+00:00,0.0,17.6,8.08,28.6,10,88
2026-08-17T15:55:00+00:00,0.0,17.3,8.08,28.7,9,88
2026-08-17T15:56:00+00:00,0.0,17.1,8.08,28.8,8,88
2026-08-17T15:57:00+00:00,0.0,16.9,8.08,28.8,8,89
2026-08-17T15:58:00+00:00,0.0,16.7,8.08,28.9,7,89
2026-08-17T15:59:00+00:00,0.0,16.6,8.08,28.9,7,89
2026-08-17T16:00:00+00:00,0.0,16.6,8.08,29.0,7,89
2026-08-17T16:01:00+00:00,0.0,16.6,8.08,29.0,7,89
2026-08-17T16:02:00+00:00,0.0,16.6,8.08,29.0,7,89
2026-08-17T16:03:00+00:00,0.0,16.6,8.08,29.0,7,89
2026-08-17T16:04:00+00:00,0.0,16.6,8.08,28.9,7,89
2026-08-17T16:05:00+00:00,0.0,16.6,8.08,28.9,7,89
2026-08-17T16:06:00+00:00,0.0,16.5,8.08,28.9,7,89
2026-08-17T16:07:00+00:00,0.0,16.5,8.08,28.9,7,89
2026-08-17T16:08:00+00:00,0.0,16.5,8.08,28.8,8,89
2026-08-17T16:09:00+00:00,0.0,16.5,8.08,28.8,8,89
2026-08-17T16:10:00+00:00,0.0,16.5,8.08,28.8,8,89
2026-08-17T16:11:00+00:00,0.0,16.5,8.08,28.8,8,89
2026-08-17T16:12:00+00:00,0.0,16.4,8.08,28.8,8,89
2026-08-17T16:13:00+00:00,0.0,16.4,8.08,28.8,8,89
2026-08-17T16:14:00+00:00,0.0,16.4,8.08,28.8,8,89
2026-08-17T16:15:00+00:00,0.0,16.4,8.08,28.8,8,89
2026-08-17T16:16:00+00:00,0.0,16.5,8.08,28.8,8,89
2026-08-17T16:17:00+00:00,0.0,16.6,8.08,28.8,8,89
2026-08-17T16:18:00+00:00,0.0,16.8,8.08,28.8,8,89
2026-08-17T16:19:00+00:00,0.0,17.2,8.08,28.8,8,89
2026-08-17T16:20:00+00:00,0.0,17.5,8.08,28.9,7,89
2026-08-17T16:21:00+00:00,0.0,18.0,8.08,28.9,7,89
2026-08-17T16:22:00+00:00,0.0,18.4,8.08,29.0,7,89
2026-08-17T16:23:00+00:00,0.0,18.9,8.08,29.0,7,89
2026-08-17T16:24:00+00:00,0.0,19.3,8.08,29.1,6,89
2026-08-17T16:25:00+00:00,0.0,19.8,8.08,29.1,6,89
2026-08-17T16:26:00+00:00,0.0,20.1,8.08,29.1,6,89
2026-08-17T16:27:00+00:00,0.0,20.4,8.08,29.2,6,89
2026-08-17T16:28:00+00:00,0.0,20.7,8.08,29.2,6,89
2026-08-17T16:29:00+00:00,0.0,20.8,8.08,29.2,5,89
2026-08-17T16:30:00+00:00,0.0,20.9,8.08,29.2,5,89
2026-08-17T16:31:00+00:00,0.0,20.9,8.08,29.2,5,89
2026-08-17T16:32:00+00:00,0.0,20.9,8.08,29.2,6,89
2026-08-17T16:33:00+00:00,0.0,20.9,8.08,29.2,6,89
2026-08-17T16:34:00+00:00,0.0,20.9,8.08,29.1,6,89
2026-08-17T16:35:00+00:00,0.0,20.9,8.08,29.1,6,89
2026-08-17T16:36:00+00:00,0.0,21.0,8.08,29.1,7,89
2026-08-17T16:37:00+00:00,0.0,21.0,8.08,29.0,7,89
2026-08-17T16:38:00+00:00,0.0,21.0,8.08,29.0,7,89
2026-08-17T16:39:00+00:00,0.0,21.0,8.08,28.9,8,89
2026-08-17T16:40:00+00:00,0.0,21.1,8.08,28.9,8,89
2026-08-17T16:41:00+00:00,0.0,21.1,8.08,28.8,8,89
2026-08-17T16:42:00+00:00,0.0,21.1,8.08,28.8,9,89
2026-08-17T16:43:00+00:00,0.0,21.1,8.08,28.8,9,89
2026-08-17T16:44:00+00:00,0.0,21.1,8.08,28.7,9,89
2026-08-17T16:45:00+00:00,0.0,21.1,8.08,28.7,9,89
2026-08-17T16:46:00+00:00,0.0,21.1,8.08,28.7,9,89
2026-08-17T16:47:00+00:00,0.0,21.0,8.08,28.7,9,89
2026-08-17T16:48:00+00:00,0.0,20.8,8.08,28.7,9,89
2026-08-17T16:49:00+00:00,0.0,20.6,8.08,28.7,9,89
2026-08-17T16:50:00+00:00,0.0,20.3,8.08,28.7,9,89
2026-08-17T16:51:00+00:00,0.0,20.0,8.08,28.6,10,89
2026-08-17T16:52:00+00:00,0.0,19.6,8.08,28.6,10,89
2026-08-17T16:53:00+00:00,0.0,19.3,8.08,28.5,10,89
2026-08-17T16:54:00+00:00,0.0,18.9,8.08,28.5,10,89
2026-08-17T16:55:00+00:00,0.0,18.6,8.08,28.5,11,89
2026-08-17T16:56:00+00:00,0.0,18.3,8.08,28.4,11,89
2026-08-17T16:57:00+00:00,0.0,18.1,8.08,28.4,11,89
2026-08-17T16:58:00+00:00,0.0,17.9,8.08,28.4,11,89
2026-08-17T16:59:00+00:00,0.0,17.8,8.08,28.4,11,89
2026-08-17T17:00:00+00:00,0.0,17.7,8.08,28.4,11,89
2026-08-17T17:01:00+00:00,0.0,17.8,8.08,28.4,11,89
2026-08-17T17:02:00+00:00,0.0,17.8,8.08,28.4,11,89
2026-08-17T17:03:00+00:00,0.0,17.8,8.08,28.4,11,89
2026-08-17T17:04:00+00:00,0.0,17.8,8.08,28.3,11,89
2026-08-17T17:05:00+00:00,0.0,17.9,8.08,28.3,12,89
2026-08-17T17:06:00+00:00,0.0,17.9,8.08,28.3,12,89
2026-08-17T17:07:00+00:00,0.0,17.9,8.08,28.3,12,89
2026-08-17T17:08:00+00:00,0.0,18.0,8.08,28.2,12,89
2026-08-17T17:09:00+00:00,0.0,18.0,8.08,28.2,12,89
2026-08-17T17:10:00+00:00,0.0,18.1,8.08,28.2,12,89
2026-08-17T17:11:00+00:00,0.0,18.1,8.08,28.2,13,89
2026-08-17T17:12:00+00:00,0.0,18.1,8.08,28.2,13,89
2026-08-17T17:13:00+00:00,0.0,18.2,8.08,28.1,13,89
2026-08-17T17:14:00+00:00,0.0,18.2,8.08,28.1,13,89
2026-08-17T17:15:00+00:00,0.0,18.2,8.08,28.1,13,89
2026-08-17T17:16:00+00:00,0.0,18.2,8.08,28.1,13,88
2026-08-17T17:17:00+00:00,0.0,18.2,8.08,28.2,13,88
2026-08-17T17:18:00+00:00,0.0,18.3,8.08,28.3,12,88
2026-08-17T17:19:00+00:00,0.0,18.4,8.08,28.4,11,88
2026-08-17T17:20:00+00:00,0.0,18.5,8.08,28.5,11,88
2026-08-17T17:21:00+00:00,0.0,18.6,8.08,28.6,10,88
2026-08-17T17:22:00+00:00,0.0,18.7,8.08,28.7,9,88
2026-08-17T17:23:00+00:00,0.0,18.8,8.08,28.9,8,88
2026-08-17T17:24:00+00:00,0.0,19.0,8.08,29.0,7,88
2026-08-17T17:25:00+00:00,0.0,19.1,8.08,29.2,6,88
2026-08-17T17:26:00+00:00,0.0,19.2,8.08,29.3,5,88
2026-08-17T17:27:00+00:00,0.0,19.3,8.08,29.4,4,88
2026-08-17T17:28:00+00:00,0.0,19.3,8.08,29.4,4,88
2026-08-17T17:29:00+00:00,0.0,19.4,8.08,29.5,3,88
2026-08-17T17:30:00+00:00,0.0,19.4,8.08,29.5,3,88
2026-08-17T17:31:00+00:00,0.0,19.4,8.08,29.5,3,88
2026-08-17T17:32:00+00:00,0.0,19.4,8.08,29.4,4,88
2026-08-17T17:33:00+00:00,0.0,19.4,8.08,29.4,4,88
2026-08-17T17:34:00+00:00,0.0,19.5,8.08,29.3,5,88
2026-08-17T17:35:00+00:00,0.0,19.5,8.08,29.2,5,88
2026-08-17T17:36:00+00:00,0.0,19.6,8.08,29.1,6,88
2026-08-17T17:37:00+00:00,0.0,19.6,8.08,29.0,7,88
2026-08-17T17:38:00+00:00,0.0,19.7,8.08,28.8,8,88
2026-08-17T17:39:00+00:00,0.0,19.7,8.08,28.7,9,88
2026-08-17T17:40:00+00:00,0.0,19.8,8.08,28.6,10,88
2026-08-17T17:41:00+00:00,0.0,19.8,8.08,28.5,10,88
2026-08-17T17:42:00+00:00,0.0,19.9,8.08,28.4,11,88
2026-08-17T17:43:00+00:00,0.0,19.9,8.08,28.4,12,88
2026-08-17T17:44:00+00:00,0.0,19.9,8.08,28.3,12,88
2026-08-17T17:45:00+00:00,0.0,19.9,8.08,28.3,12,88
2026-08-17T17:46:00+00:00,0.0,19.9,8.08,28.3,12,88
2026-08-17T17:47:00+00:00,0.0,19.9,8.08,28.3,12,88
2026-08-17T17:48:00+00:00,0.0,19.8,8.08,28.4,12,88
2026-08-17T17:49:00+00:00,0.0,19.7,8.08,28.4,11,88
2026-08-17T17:50:00+00:00,0.0,19.6,8.08,28.5,11,87
2026-08-17T17:51:00+00:00,0.0,19.5,8.08,28.6,10,87
2026-08-17T17:52:00+00:00,0.0,19.4,8.08,28.6,9,87
2026-08-17T17:53:00+00:00,0.0,19.2,8.08,28.7,9,87
2026-08-17T17:54:00+00:00,0.0,19.1,8.08,28.8,8,87
2026-08-17T17:55:00+00:00,0.0,19.0,8.08,28.9,8,87
2026-08-17T17:56:00+00:00,0.0,18.9,8.08,28.9,7,87
2026-08-17T17:57:00+00:00,0.0,18.8,8.08,29.0,7,87
2026-08-17T17:58:00+00:00,0.0,18.8,8.08,29.0,7,87
2026-08-17T17:59:00+00:00,0.0,18.7,8.08,29.0,6,87
2026-08-17T18:00:00+00:00,0.0,18.7,8.08,29.0,6,87
2026-08-17T18:01:00+00:00,0.0,18.7,8.08,29.0,7,87
2026-08-17T18:02:00+00:00,0.0,18.8,8.08,29.0,7,87
2026-08-17T18:03:00+00:00,0.0,18.8,8.08,29.0,7,87
2026-08-17T18:04:00+00:00,0.0,18.9,8.08,29.0,7,87
2026-08-17T18:05:00+00:00,0.0,19.1,8.08,28.9,7,87
2026-08-17T18:06:00+00:00,0.0,19.2,8.08,28.9,8,87
2026-08-17T18:07:00+00:00,0.0,19.3,8.08,28.8,8,87
2026-08-17T18:08:00+00:00,0.0,19.5,8.08,28.8,8,87
2026-08-17T18:09:00+00:00,0.0,19.6,8.08,28.7,9,87
2026-08-17T18:10:00+00:00,0.0,19.8,8.08,28.7,9,87
2026-08-17T18:11:00+00:00,0.0,19.9,8.08,28.7,9,87
2026-08-17T18:12:00+00:00,0.0,20.0,8.08,28.6,10,87
2026-08-17T18:13:00+00:00,0.0,20.0,8.08,28.6,10,87
2026-08-17T18:14:00+00:00,0.0,20.1,8.08,28.6,10,87
2026-08-17T18:15:00+00:00,0.0,20.1,8.08,28.6,10,87
2026-08-17T18:16:00+00:00,0.0,20.1,8.08,28.5,10,87
2026-08-17T18:17:00+00:00,0.0,20.2,8.08,28.5,11,87
2026-08-17T18:18:00+00:00,0.0,20.4,8.08,28.4,11,87
2026-08-17T18:19:00+00:00,0.0,20.6,8.08,28.4,12,87
2026-08-17T18:20:00+00:00,0.0,20.8,8.08,28.3,12,87
2026-08-17T18:21:00+00:00,0.0,21.0,8.08,28.2,13,87
2026-08-17T18:22:00+00:00,0.0,21.3,8.08,28.1,14,87
2026-08-17T18:23:00+00:00,0.0,21.6,8.08,28.0,15,87
2026-08-17T18:24:00+00:00,0.0,21.9,8.08,27.9,16,86
2026-08-17T18:25:00+00:00,0.0,22.1,8.08,27.8,16,86
2026-08-17T18:26:00+00:00,0.0,22.4,8.08,27.7,17,86
2026-08-17T18:27:00+00:00,0.0,22.6,8.08,27.6,18,86
2026-08-17T18:28:00+00:00,0.0,22.7,8.08,27.5,18,86
2026-08-17T18:29:00+00:00,0.0,22.8,8.08,27.5,19,86
2026-08-17T18:30:00+00:00,0.0,22.8,8.08,27.5,19,86
2026-08-17T18:31:00+00:00,0.0,22.7,8.08,27.5,19,86
2026-08-17T18:32:00+00:00,0.0,22.5,8.08,27.5,19,86
2026-08-17T18:33:00+00:00,0.0,22.2,8.08,27.5,19,86
2026-08-17T18:34:00+00:00,0.0,21.7,8.08,27.4,19,86
2026-08-17T18:35:00+00:00,0.0,21.1,8.08,27.4,19,86
2026-08-17T18:36:00+00:00,0.0,20.5,8.08,27.4,19,86
2026-08-17T18:37:00+00:00,0.0,19.8,8.08,27.4,18,86
2026-08-17T18:38:00+00:00,0.0,19.1,8.08,27.4,18,86
2026-08-17T18:39:00+00:00,0.0,18.4,8.08,27.4,18,86
2026-08-17T18:40:00+00:00,0.0,17.8,8.08,27.4,18,86
2026-08-17T18:41:00+00:00,0.0,17.2,8.08,27.4,18,86
2026-08-17T18:42:00+00:00,0.0,16.7,8.08,27.4,18,86
2026-08-17T18:43:00+00:00,0.0,16.4,8.08,27.4,18,86
2026-08-17T18:44:00+00:00,0.0,16.2,8.08,27.4,18,86
2026-08-17T18:45:00+00:00,0.0,16.1,8.08,27.4,18,86
2026-08-17T18:46:00+00:00,0.0,16.1,8.08,27.4,18,86
2026-08-17T18:47:00+00:00,0.0,16.0,8.08,27.4,18,86
2026-08-17T18:48:00+00:00,0.0,15.9,8.08,27.4,17,86
2026-08-17T18:49:00+00:00,0.0,15.7,8.08,27.5,17,86
2026-08-17T18:50:00+00:00,0.0,15.5,8.08,27.6,16,86
2026-08-17T18:51:00+00:00,0.0,15.2,8.08,27.7,15,86
2026-08-17T18:52:00+00:00,0.0,15.0,8.08,27.8,14,86
2026-08-17T18:53:00+00:00,0.0,14.7,8.08,28.0,13,86
2026-08-17T18:54:00+00:00,0.0,14.4,8.08,28.1,13,86
2026-08-17T18:55:00+00:00,0.0,14.2,8.08,28.2,12,86
2026-08-17T18:56:00+00:00,0.0,14.0,8.08,28.3,11,86
2026-08-17T18:57:00+00:00,0.0,13.8,8.08,28.4,11,86
2026-08-17T18:58:00+00:00,0.0,13.7,8.08,28.4,10,85
2026-08-17T18:59:00+00:00,0.0,13.6,8.08,28.4,10,85
2026-08-17T19:00:00+00:00,0.0,13.6,8.08,28.4,10,85
2026-08-17T19:01:00+00:00,0.0,13.6,8.08,28.4,10,85
2026-08-17T19:02:00+00:00,0.0,13.9,8.08,28.4,10,85
2026-08-17T19:03:00+00:00,0.0,14.4,8.08,28.3,11,85
2026-08-17T19:04:00+00:00,0.0,15.0,8.08,28.3,12,85
2026-08-17T19:05:00+00:00,0.0,15.7,8.08,28.2,12,85
2026-08-17T19:06:00+00:00,0.0,16.5,8.08,28.1,13,85
2026-08-17T19:07:00+00:00,0.0,17.3,8.08,28.0,14,85
2026-08-17T19:08:00+00:00,0.0,18.2,8.08,27.9,15,85
2026-08-17T19:09:00+00:00,0.0,19.1,8.08,27.8,16,85
2026-08-17T19:10:00+00:00,0.0,19.9,8.08,27.7,16,85
2026-08-17T19:11:00+00:00,0.0,20.6,8.08,27.6,17,85
2026-08-17T19:12:00+00:00,0.0,21.2,8.08,27.5,18,85
2026-08-17T19:13:00+00:00,0.0,21.7,8.08,27.5,18,85
2026-08-17T19:14:00+00:00,0.0,21.9,8.08,27.4,19,85
2026-08-17T19:15:00+00:00,0.0,22.0,8.08,27.4,19,85
2026-08-17T19:16:00+00:00,0.0,22.0,8.08,27.4,19,85
2026-08-17T19:17:00+00:00,0.0,21.9,8.08,27.4,19,85
2026-08-17T19:18:00+00:00,0.0,21.7,8.08,27.4,19,85
2026-08-17T19:19:00+00:00,0.0,21.4,8.08,27.4,19,85
2026-08-17T19:20:00+00:00,0.0,21.1,8.08,27.4,19,85
2026-08-17T19:21:00+00:00,0.0,20.7,8.08,27.3,19,85
2026-08-17T19:22:00+00:00,0.0,20.4,8.08,27.3,19,85
2026-08-17T19:23:00+00:00,0.0,20.0,8.08,27.3,19,84
2026-08-17T19:24:00+00:00,0.0,19.6,8.08,27.3,19,84
2026-08-17T19:25:00+00:00,0.0,19.2,8.08,27.3,19,84
2026-08-17T19:26:00+00:00,0.0,18.9,8.08,27.3,19,84
2026-08-17T19:27:00+00:00,0.0,18.7,8.08,27.3,19,84
2026-08-17T19:28:00+00:00,0.0,18.5,8.08,27.3,19,84
2026-08-17T19:29:00+00:00,0.0,18.3,8.08,27.3,19,84
2026-08-17T19:30:00+00:00,0.0,18.3,8.08,27.3,19,84
2026-08-17T19:31:00+00:00,0.0,18.3,8.08,27.2,19,84
2026-08-17T19:32:00+00:00,0.0,18.4,8.08,27.2,20,84
2026-08-17T19:33:00+00:00,0.0,18.5,8.08,27.2,20,84
2026-08-17T19:34:00+00:00,0.0,18.6,8.08,27.2,20,84
2026-08-17T19:35:00+00:00,0.0,18.7,8.08,27.2,20,84
2026-08-17T19:36:00+00:00,0.0,18.9,8.08,27.3,19,84
2026-08-17T19:37:00+00:00,0.0,19.1,8.08,27.3,19,84
2026-08-17T19:38:00+00:00,0.0,19.2,8.08,27.3,19,84
2026-08-17T19:39:00+00:00,0.0,19.4,8.08,27.3,19,84
2026-08-17T19:40:00+00:00,0.0,19.6,8.08,27.3,19,83
2026-08-17T19:41:00+00:00,0.0,19.7,8.08,27.3,19,83
2026-08-17T19:42:00+00:00,0.0,19.8,8.08,27.3,19,83
2026-08-17T19:43:00+00:00,0.0,19.9,8.08,27.3,19,83
2026-08-17T19:44:00+00:00,0.0,20.0,8.08,27.3,19,83
2026-08-17T19:45:00+00:00,0.0,20.0,8.08,27.3,19,83
2026-08-17T19:46:00+00:00,0.0,20.0,8.08,27.3,20,83
2026-08-17T19:47:00+00:00,0.0,19.9,8.08,27.2,20,83
2026-08-17T19:48:00+00:00,0.0,19.8,8.08,27.1,21,83
2026-08-17T19:49:00+00:00,0.0,19.7,8.08,27.0,21,83
2026-08-17T19:50:00+00:00,0.0,19.5,8.08,26.9,22,83
2026-08-17T19:51:00+00:00,0.0,19.3,8.08,26.8,23,83
2026-08-17T19:52:00+00:00,0.0,19.1,8.08,26.7,24,83
2026-08-17T19:53:00+00:00,0.0,18.9,8.08,26.5,25,83
2026-08-17T19:54:00+00:00,0.0,18.7,8.08,26.4,26,82
2026-08-17T19:55:00+00:00,0.0,18.6,8.08,26.3,27,82
2026-08-17T19:56:00+00:00,0.0,18.4,8.08,26.1,27,82
2026-08-17T19:57:00+00:00,0.0,18.3,8.08,26.0,28,82
2026-08-17T19:58:00+00:00,0.0,18.2,8.08,26.0,29,82
2026-08-17T19:59:00+00:00,0.0,18.1,8.08,25.9,29,82
2026-08-17T20:00:00+00:00,0.0,18.1,8.08,25.9,29,82
2026-08-17T20:01:00+00:00,0.0,18.1,8.08,25.8,29,82
2026-08-17T20:02:00+00:00,0.0,18.2,8.08,25.8,29,82
2026-08-17T20:03:00+00:00,0.0,18.3,8.08,25.9,29,82
2026-08-17T20:04:00+00:00,0.0,18.5,8.08,25.9,29,82
2026-08-17T20:05:00+00:00,0.0,18.7,8.08,25.9,29,81
2026-08-17T20:06:00+00:00,0.0,18.9,8.08,26.0,29,81
2026-08-17T20:07:00+00:00,0.0,19.1,8.08,26.0,29,81
2026-08-17T20:08:00+00:00,0.0,19.4,8.08,26.1,28,81
2026-08-17T20:09:00+00:00,0.0,19.6,8.08,26.1,28,81
2026-08-17T20:10:00+00:00,0.0,19.8,8.08,26.1,28,81
2026-08-17T20:11:00+00:00,0.0,20.0,8.08,26.2,28,81
2026-08-17T20:12:00+00:00,0.0,20.2,8.08,26.2,28,81
2026-08-17T20:13:00+00:00,0.0,20.3,8.08,26.2,28,81
2026-08-17T20:14:00+00:00,0.0,20.4,8.08,26.2,28,81
2026-08-17T20:15:00+00:00,0.0,20.4,8.08,26.2,28,80
2026-08-17T20:16:00+00:00,0.0,20.4,8.08,26.2,28,80
2026-08-17T20:17:00+00:00,0.0,20.4,8.08,26.1,28,80
2026-08-17T20:18:00+00:00,0.0,20.4,8.08,26.1,28,80
2026-08-17T20:19:00+00:00,0.0,20.4,8.08,26.1,28,80
2026-08-17T20:20:00+00:00,0.0,20.5,8.08,26.1,28,80
2026-08-17T20:21:00+00:00,0.0,20.5,8.08,26.1,28,80
2026-08-17T20:22:00+00:00,0.0,20.5,8.08,26.1,28,80
2026-08-17T20:23:00+00:00,0.0,20.6,8.08,26.1,28,80
2026-08-17T20:24:00+00:00,0.0,20.6,8.08,26.1,28,80
2026-08-17T20:25:00+00:00,0.0,20.6,8.08,26.1,28,79
2026-08-17T20:26:00+00:00,0.0,20.7,8.08,26.1,28,79
2026-08-17T20:27:00+00:00,0.0,20.7,8.08,26.1,28,79
2026-08-17T20:28:00+00:00,0.0,20.7,8.08,26.1,28,79
2026-08-17T20:29:00+00:00,0.0,20.7,8.08,26.1,29,79
2026-08-17T20:30:00+00:00,0.0,20.7,8.08,26.1,29,79
2026-08-17T20:31:00+00:00,0.0,20.7,8.08,26.1,29,79
2026-08-17T20:32:00+00:00,0.0,20.7,8.08,26.0,29,79
2026-08-17T20:33:00+00:00,0.0,20.6,8.08,26.0,29,78
2026-08-17T20:34:00+00:00,0.0,20.6,8.08,26.0,29,78
2026-08-17T20:35:00+00:00,0.0,20.5,8.08,26.0,29,78
2026-08-17T20:36:00+00:00,0.0,20.4,8.08,26.0,29,78
2026-08-17T20:37:00+00:00,0.0,20.3,8.08,26.0,29,78
2026-08-17T20:38:00+00:00,0.0,20.2,8.08,26.0,29,78
2026-08-17T20:39:00+00:00,0.0,20.1,8.08,26.0,29,78
2026-08-17T20:40:00+00:00,0.0,20.0,8.08,26.0,29,78
2026-08-17T20:41:00+00:00,0.0,19.9,8.08,26.0,29,77
2026-08-17T20:42:00+00:00,0.0,19.9,8.08,26.0,29,77
2026-08-17T20:43:00+00:00,0.0,19.8,8.08,26.0,29,77
2026-08-17T20:44:00+00:00,0.0,19.8,8.08,26.0,29,77
2026-08-17T20:45:00+00:00,0.0,19.8,8.08,25.9,29,77
2026-08-17T20:46:00+00:00,0.0,19.8,8.08,25.9,30,77
2026-08-17T20:47:00+00:00,0.0,19.7,8.08,25.9,30,77
2026-08-17T20:48:00+00:00,0.0,19.5,8.08,25.8,30,77
2026-08-17T20:49:00+00:00,0.0,19.4,8.08,25.8,30,76
2026-08-17T20:50:00+00:00,0.0,19.1,8.08,25.8,30,76
2026-08-17T20:51:00+00:00,0.0,18.9,8.08,25.7,31,76
2026-08-17T20:52:00+00:00,0.0,18.6,8.08,25.7,31,76
2026-08-17T20:53:00+00:00,0.0,18.4,8.08,25.6,31,76
2026-08-17T20:54:00+00:00,0.0,18.1,8.08,25.6,31,76
2026-08-17T20:55:00+00:00,0.0,17.9,8.08,25.5,32,76
2026-08-17T20:56:00+00:00,0.0,17.6,8.08,25.5,32,75
2026-08-17T20:57:00+00:00,0.0,17.5,8.08,25.5,32,75
2026-08-17T20:58:00+00:00,0.0,17.3,8.08,25.4,32,75
2026-08-17T20:59:00+00:00,0.0,17.2,8.08,25.4,32,75
2026-08-17T21:00:00+00:00,0.0,17.2,8.08,25.4,33,75
2026-08-17T21:01:00+00:00,0.0,17.2,8.08,25.3,33,75
2026-08-17T21:02:00+00:00,0.0,17.1,8.08,25.3,33,75
2026-08-17T21:03:00+00:00,0.0,17.0,8.08,25.3,33,75
2026-08-17T21:04:00+00:00,0.0,16.9,8.08,25.2,33,74
2026-08-17T21:05:00+00:00,0.0,16.8,8.08,25.2,33,74
2026-08-17T21:06:00+00:00,0.0,16.6,8.08,25.2,33,74
2026-08-17T21:07:00+00:00,0.0,16.4,8.08,25.2,34,74
2026-08-17T21:08:00+00:00,0.0,16.2,8.08,25.1,34,74
2026-08-17T21:09:00+00:00,0.0,16.1,8.08,25.1,34,74
2026-08-17T21:10:00+00:00,0.0,15.9,8.08,25.1,34,74
2026-08-17T21:11:00+00:00,0.0,15.7,8.08,25.0,34,73
2026-08-17T21:12:00+00:00,0.0,15.6,8.08,25.0,34,73
2026-08-17T21:13:00+00:00,0.0,15.5,8.08,25.0,34,73
2026-08-17T21:14:00+00:00,0.0,15.5,8.08,24.9,35,73
2026-08-17T21:15:00+00:00,0.0,15.5,8.08,24.9,35,73
2026-08-17T21:16:00+00:00,0.0,15.5,8.08,24.9,35,73
2026-08-17T21:17:00+00:00,0.0,15.6,8.08,24.8,35,73
2026-08-17T21:18:00+00:00,0.0,15.7,8.08,24.8,36,72
2026-08-17T21:19:00+00:00,0.0,15.8,8.08,24.7,37,72
2026-08-17T21:20:00+00:00,0.0,16.0,8.08,24.6,37,72
2026-08-17T21:21:00+00:00,0.0,16.3,8.08,24.5,38,72
2026-08-17T21:22:00+00:00,0.0,16.5,8.08,24.4,39,72
2026-08-17T21:23:00+00:00,0.0,16.8,8.08,24.3,40,72
2026-08-17T21:24:00+00:00,0.0,17.0,8.08,24.2,41,72
2026-08-17T21:25:00+00:00,0.0,17.2,8.08,24.1,42,71
2026-08-17T21:26:00+00:00,0.0,17.4,8.08,24.0,42,71
2026-08-17T21:27:00+00:00,0.0,17.6,8.08,23.9,42,71
2026-08-17T21:28:00+00:00,0.0,17.7,8.08,23.8,41,71
2026-08-17T21:29:00+00:00,0.0,17.8,8.08,23.8,41,71
2026-08-17T21:30:00+00:00,0.0,17.8,8.08,23.7,41,71
2026-08-17T21:31:00+00:00,0.0,17.9,8.08,23.7,40,71
2026-08-17T21:32:00+00:00,0.0,17.9,8.08,23.6,40,70
2026-08-17T21:33:00+00:00,0.0,18.0,8.08,23.6,40,70
2026-08-17T21:34:00+00:00,0.0,18.1,8.08,23.5,39,70
2026-08-17T21:35:00+00:00,0.0,18.2,8.08,23.4,39,70
2026-08-17T21:36:00+00:00,0.0,18.3,8.08,23.4,38,70
2026-08-17T21:37:00+00:00,0.0,18.4,8.08,23.3,38,70
2026-08-17T21:38:00+00:00,0.0,18.6,8.08,23.2,37,70
2026-08-17T21:39:00+00:00,0.0,18.7,8.08,23.1,37,70
2026-08-17T21:40:00+00:00,0.0,18.8,8.08,23.0,36,69
2026-08-17T21:41:00+00:00,0.0,18.9,8.08,23.0,36,69
2026-08-17T21:42:00+00:00,0.0,19.0,8.08,22.9,35,69
2026-08-17T21:43:00+00:00,0.0,19.1,8.08,22.9,35,69
2026-08-17T21:44:00+00:00,0.0,19.1,8.08,22.8,35,69
2026-08-17T21:45:00+00:00,0.0,19.1,8.08,22.8,34,69
2026-08-17T21:46:00+00:00,0.0,19.2,8.08,22.7,34,69
2026-08-17T21:47:00+00:00,0.0,19.2,8.08,22.7,34,68
2026-08-17T21:48:00+00:00,0.0,19.3,8.08,22.7,34,68
2026-08-17T21:49:00+00:00,0.0,19.4,8.08,22.7,34,68
2026-08-17T21:50:00+00:00,0.0,19.5,8.08,22.7,34,68
2026-08-17T21:51:00+00:00,0.0,19.6,8.08,22.7,34,68
2026-08-17T21:52:00+00:00,0.0,19.7,8.08,22.7,34,68
2026-08-17T21:53:00+00:00,0.0,19.9,8.08,22.8,35,68
2026-08-17T21:54:00+00:00,0.0,20.0,8.08,22.8,35,68
2026-08-17T21:55:00+00:00,0.0,20.1,8.08,22.8,35,67
2026-08-17T21:56:00+00:00,0.0,20.2,8.08,22.8,35,67
2026-08-17T21:57:00+00:00,0.0,20.3,8.08,22.8,35,67
2026-08-17T21:58:00+00:00,0.0,20.4,8.08,22.8,35,67
2026-08-17T21:59:00+00:00,0.0,20.4,8.08,22.8,35,67
2026-08-17T22:00:00+00:00,0.0,20.4,8.08,22.7,35,67
2026-08-17T22:01:00+00:00,0.0,20.4,8.08,22.7,34,67
2026-08-17T22:02:00+00:00,0.0,20.2,8.08,22.7,34,67
2026-08-17T22:03:00+00:00,0.0,19.9,8.08,22.6,34,66
2026-08-17T22:04:00+00:00,0.0,19.5,8.08,22.6,33,66
2026-08-17T22:05:00+00:00,0.0,19.0,8.08,22.6,33,66
2026-08-17T22:06:00+00:00,0.0,18.4,8.08,22.6,32,66
2026-08-17T22:07:00+00:00,0.0,17.8,8.08,22.5,32,66
2026-08-17T22:08:00+00:00,0.0,17.2,8.08,22.5,32,66
2026-08-17T22:09:00+00:00,0.0,16.6,8.08,22.5,31,66
2026-08-17T22:10:00+00:00,0.0,16.0,8.08,22.4,31,66
2026-08-17T22:11:00+00:00,0.0,15.6,8.08,22.4,30,66
2026-08-17T22:12:00+00:00,0.0,15.1,8.08,22.4,30,65
2026-08-17T22:13:00+00:00,0.0,14.8,8.08,22.4,29,65
2026-08-17T22:14:00+00:00,0.0,14.6,8.08,22.3,29,65
2026-08-17T22:15:00+00:00,0.0,14.6,8.08,22.3,29,65
2026-08-17T22:16:00+00:00,0.0,14.6,8.08,22.3,29,65
2026-08-17T22:17:00+00:00,0.0,14.5,8.08,22.2,29,65
2026-08-17T22:18:00+00:00,0.0,14.5,8.08,22.2,28,65
2026-08-17T22:19:00+00:00,0.0,14.4,8.08,22.2,28,65
2026-08-17T22:20:00+00:00,0.0,14.3,8.08,22.2,28,65
2026-08-17T22:21:00+00:00,0.0,14.2,8.08,22.3,28,64
2026-08-17T22:22:00+00:00,0.0,14.1,8.08,22.3,29,64
2026-08-17T22:23:00+00:00,0.0,14.0,8.08,22.3,29,64
2026-08-17T22:24:00+00:00,0.0,13.9,8.08,22.3,29,64
2026-08-17T22:25:00+00:00,0.0,13.8,8.08,22.3,29,64
2026-08-17T22:26:00+00:00,0.0,13.7,8.08,22.3,29,64
2026-08-17T22:27:00+00:00,0.0,13.6,8.08,22.3,29,64
2026-08-17T22:28:00+00:00,0.0,13.5,8.08,22.3,29,64
2026-08-17T22:29:00+00:00,0.0,13.5,8.08,22.3,28,64
2026-08-17T22:30:00+00:00,0.0,13.5,8.08,22.3,28,63
2026-08-17T22:31:00+00:00,0.0,13.6,8.08,22.2,28,63
2026-08-17T22:32:00+00:00,0.0,13.9,8.08,22.2,28,63
2026-08-17T22:33:00+00:00,0.0,14.4,8.08,22.2,28,63
2026-08-17T22:34:00+00:00,0.0,15.0,8.08,22.2,28,63
2026-08-17T22:35:00+00:00,0.0,15.8,8.08,22.2,29,63
2026-08-17T22:36:00+00:00,0.0,16.7,8.08,22.2,29,63
2026-08-17T22:37:00+00:00,0.0,17.6,8.08,22.2,29,63
2026-08-17T22:38:00+00:00,0.0,18.6,8.08,22.2,30,63
2026-08-17T22:39:00+00:00,0.0,19.5,8.08,22.2,30,62
2026-08-17T22:40:00+00:00,0.0,20.4,8.08,22.1,30,62
2026-08-17T22:41:00+00:00,0.0,21.2,8.08,22.1,31,62
2026-08-17T22:42:00+00:00,0.0,21.8,8.08,22.1,31,62
2026-08-17T22:43:00+00:00,0.0,22.3,8.08,22.1,31,62
2026-08-17T22:44:00+00:00,0.0,22.6,8.08,22.1,31,62
2026-08-17T22:45:00+00:00,0.0,22.7,8.08,22.1,31,62
2026-08-17T22:46:00+00:00,0.0,22.6,8.08,22.0,30,62
2026-08-17T22:47:00+00:00,0.0,22.3,8.08,22.0,30,62
2026-08-17T22:48:00+00:00,0.0,21.8,8.08,21.9,29,62
2026-08-17T22:49:00+00:00,0.0,21.1,8.08,21.9,29,61
2026-08-17T22:50:00+00:00,0.0,20.4,8.08,21.9,28,61
2026-08-17T22:51:00+00:00,0.0,19.5,8.08,21.8,27,61
2026-08-17T22:52:00+00:00,0.0,18.5,8.08,21.8,27,61
2026-08-17T22:53:00+00:00,0.0,17.5,8.08,21.7,26,61
2026-08-17T22:54:00+00:00,0.0,16.5,8.08,21.7,25,61
2026-08-17T22:55:00+00:00,0.0,15.6,8.08,21.6,25,61
2026-08-17T22:56:00+00:00,0.0,14.9,8.08,21.6,24,61
2026-08-17T22:57:00+00:00,0.0,14.2,8.08,21.5,24,61
2026-08-17T22:58:00+00:00,0.0,13.7,8.08,21.5,23,60
2026-08-17T22:59:00+00:00,0.0,13.4,8.08,21.5,23,60
2026-08-17T23:00:00+00:00,0.0,13.3,8.08,21.4,23,60
2026-08-17T23:01:00+00:00,0.0,13.3,8.08,21.4,22,60
2026-08-17T23:02:00+00:00,0.0,13.3,8.08,21.3,22,60
2026-08-17T23:03:00+00:00,0.0,13.4,8.08,21.3,21,60
2026-08-17T23:04:00+00:00,0.0,13.5,8.08,21.2,21,60
2026-08-17T23:05:00+00:00,0.0,13.6,8.08,21.1,20,60
2026-08-17T23:06:00+00:00,0.0,13.7,8.08,21.0,19,60
2026-08-17T23:07:00+00:00,0.0,13.8,8.08,20.8,19,60
2026-08-17T23:08:00+00:00,0.0,13.9,8.08,20.7,18,59
2026-08-17T23:09:00+00:00,0.0,14.0,8.08,20.6,17,59
2026-08-17T23:10:00+00:00,0.0,14.1,8.08,20.5,17,59
2026-08-17T23:11:00+00:00,0.0,14.2,8.08,20.4,16,59
2026-08-17T23:12:00+00:00,0.0,14.2,8.08,20.3,15,59
2026-08-17T23:13:00+00:00,0.0,14.3,8.08,20.3,15,59
2026-08-17T23:14:00+00:00,0.0,14.3,8.08,20.2,15,59
2026-08-17T23:15:00+00:00,0.0,14.3,8.08,20.2,15,59
2026-08-17T23:16:00+00:00,0.0,14.3,8.08,20.2,15,59
2026-08-17T23:17:00+00:00,0.0,14.3,8.08,20.2,15,59
2026-08-17T23:18:00+00:00,0.0,14.3,8.08,20.2,15,59
2026-08-17T23:19:00+00:00,0.0,14.2,8.08,20.2,14,59
2026-08-17T23:20:00+00:00,0.0,14.1,8.08,20.2,14,59
2026-08-17T23:21:00+00:00,0.0,14.1,8.08,20.1,14,59
2026-08-17T23:22:00+00:00,0.0,14.0,8.08,20.1,14,59
2026-08-17T23:23:00+00:00,0.0,13.9,8.08,20.1,14,59
2026-08-17T23:24:00+00:00,0.0,13.8,8.08,20.0,13,59
2026-08-17T23:25:00+00:00,0.0,13.7,8.08,20.0,13,59
2026-08-17T23:26:00+00:00,0.0,13.7,8.08,20.0,13,59
2026-08-17T23:27:00+00:00,0.0,13.6,8.08,20.0,13,59
2026-08-17T23:28:00+00:00,0.0,13.6,8.08,19.9,13,59
2026-08-17T23:29:00+00:00,0.0,13.6,8.08,19.9,13,59
2026-08-17T23:30:00+00:00,0.0,13.5,8.08,19.9,13,59
2026-08-17T23:31:00+00:00,0.0,13.6,8.08,19.9,13,59
2026-08-17T23:32:00+00:00,0.0,13.8,8.08,20.0,13,59
2026-08-17T23:33:00+00:00,0.0,14.1,8.08,20.0,13,59
2026-08-17T23:34:00+00:00,0.0,14.4,8.08,20.0,13,59
2026-08-17T23:35:00+00:00,0.0,14.9,8.08,20.0,14,59
2026-08-17T23:36:00+00:00,0.0,15.4,8.08,20.1,14,59
2026-08-17T23:37:00+00:00,0.0,16.0,8.08,20.1,14,60
2026-08-17T23:38:00+00:00,0.0,16.6,8.08,20.2,15,60
2026-08-17T23:39:00+00:00,0.0,17.1,8.08,20.2,15,60
2026-08-17T23:40:00+00:00,0.0,17.6,8.08,20.3,16,60
2026-08-17T23:41:00+00:00,0.0,18.1,8.08,20.3,16,60
2026-08-17T23:42:00+00:00,0.0,18.5,8.08,20.3,16,60
2026-08-17T23:43:00+00:00,0.0,18.8,8.08,20.4,17,60
2026-08-17T23:44:00+00:00,0.0,18.9,8.08,20.4,17,60
2026-08-17T23:45:00+00:00,0.0,19.0,8.08,20.4,17,60
2026-08-17T23:46:00+00:00,0.0,19.0,8.08,20.4,17,60
2026-08-17T23:47:00+00:00,0.0,18.9,8.08,20.4,17,60
2026-08-17T23:48:00+00:00,0.0,18.8,8.08,20.3,17,60
2026-08-17T23:49:00+00:00,0.0,18.7,8.08,20.3,16,60
2026-08-17T23:50:00+00:00,0.0,18.5,8.08,20.3,16,60
2026-08-17T23:51:00+00:00,0.0,18.3,8.08,20.2,15,60
2026-08-17T23:52:00+00:00,0.0,18.1,8.08,20.1,15,60
2026-08-17T23:53:00+00:00,0.0,17.9,8.08,20.1,14,60
2026-08-17T23:54:00+00:00,0.0,17.7,8.08,20.0,14,60
2026-08-17T23:55:00+00:00,0.0,17.5,8.08,20.0,14,60
2026-08-17T23:56:00+00:00,0.0,17.3,8.08,19.9,13,60
2026-08-17T23:57:00+00:00,0.0,17.1,8.08,19.9,13,60
2026-08-17T23:58:00+00:00,0.0,17.0,8.08,19.9,13,60
2026-08-17T23:59:00+00:00,0.0,17.0,8.08,19.8,13,60
2026-08-18T00:00:00+00:00,0.0,16.9,8.08,19.8,13,60
2026-08-18T00:01:00+00:00,0.0,17.0,8.08,19.9,13,60
2026-08-18T00:02:00+00:00,0.0,17.0,8.08,19.9,13,60
2026-08-18T00:03:00+00:00,0.0,17.0,8.08,20.0,14,60
2026-08-18T00:04:00+00:00,0.0,17.1,8.08,20.1,14,60
2026-08-18T00:05:00+00:00,0.0,17.1,8.08,20.2,15,60
2026-08-18T00:06:00+00:00,0.0,17.2,8.08,20.3,16,60
2026-08-18T00:07:00+00:00,0.0,17.3,8.08,20.5,17,60
2026-08-18T00:08:00+00:00,0.0,17.4,8.08,20.6,18,60
2026-08-18T00:09:00+00:00,0.0,17.5,8.08,20.8,19,60
2026-08-18T00:10:00+00:00,0.0,17.5,8.08,20.9,20,60
2026-08-18T00:11:00+00:00,0.0,17.6,8.08,21.0,21,60
2026-08-18T00:12:00+00:00,0.0,17.7,8.08,21.1,22,60
2026-08-18T00:13:00+00:00,0.0,17.7,8.08,21.2,22,60
2026-08-18T00:14:00+00:00,0.0,17.7,8.08,21.2,23,60
2026-08-18T00:15:00+00:00,0.0,17.7,8.08,21.3,23,60
2026-08-18T00:16:00+00:00,0.0,17.7,8.08,21.2,23,60
2026-08-18T00:17:00+00:00,0.0,17.5,8.08,21.2,22,60
2026-08-18T00:18:00+00:00,0.0,17.3,8.08,21.2,22,60
2026-08-18T00:19:00+00:00,0.0,17.0,8.08,21.1,22,60
2026-08-18T00:20:00+00:00,0.0,16.7,8.08,21.0,21,60
2026-08-18T00:21:00+00:00,0.0,16.2,8.08,21.0,20,60
2026-08-18T00:22:00+00:00,0.0,15.8,8.08,20.9,20,60
2026-08-18T00:23:00+00:00,0.0,15.4,8.08,20.8,19,60
2026-08-18T00:24:00+00:00,0.0,14.9,8.08,20.7,18,60
2026-08-18T00:25:00+00:00,0.0,14.5,8.08,20.6,17,60
2026-08-18T00:26:00+00:00,0.0,14.1,8.08,20.6,17,60
2026-08-18T00:27:00+00:00,0.0,13.8,8.08,20.5,16,59
2026-08-18T00:28:00+00:00,0.0,13.6,8.08,20.4,16,59
2026-08-18T00:29:00+00:00,0.0,13.5,8.08,20.4,16,59
2026-08-18T00:30:00+00:00,0.0,13.4,8.08,20.4,16,59
2026-08-18T00:31:00+00:00,0.0,14.1,8.08,20.4,16,59
2026-08-18T00:32:00+00:00,0.0,14.7,8.08,20.4,16,59
2026-08-18T00:33:00+00:00,0.0,15.4,8.08,20.4,16,59
2026-08-18T00:34:00+00:00,0.0,16.1,8.08,20.3,16,59
2026-08-18T00:35:00+00:00,0.0,16.8,8.08,20.3,16,59
2026-08-18T00:36:00+00:00,0.0,17.4,8.08,20.2,15,59
2026-08-18T00:37:00+00:00,0.0,18.1,8.08,20.2,15,59
2026-08-18T00:38:00+00:00,0.0,18.8,8.08,20.1,15,59
2026-08-18T00:39:00+00:00,0.0,19.5,8.08,20.0,15,59
2026-08-18T00:40:00+00:00,0.0,20.2,8.08,20.0,14,59
2026-08-18T00:41:00+00:00,0.0,20.9,8.08,19.9,14,59
2026-08-18T00:42:00+00:00,0.0,21.6,8.08,19.9,14,59
2026-08-18T00:43:00+00:00,0.0,22.2,8.08,19.9,14,59
2026-08-18T00:44:00+00:00,0.0,22.9,8.08,19.9,14,59
2026-08-18T00:45:00+00:00,0.0,23.5,8.08,19.9,14,59
2026-08-18T00:46:00+00:00,0.0,24.2,8.08,19.9,14,59
2026-08-18T00:47:00+00:00,0.0,24.8,8.08,19.9,14,59
2026-08-18T00:48:00+00:00,0.0,25.5,8.08,19.9,15,59
2026-08-18T00:49:00+00:00,0.0,26.2,8.08,20.0,15,59
2026-08-18T00:50:00+00:00,0.0,26.8,8.08,20.0,16,59
2026-08-18T00:51:00+00:00,0.0,27.5,8.08,20.1,16,59
2026-08-18T00:52:00+00:00,0.0,28.1,8.08,20.1,17,59
2026-08-18T00:53:00+00:00,0.0,28.8,8.08,20.2,18,59
2026-08-18T00:54:00+00:00,0.0,29.5,8.08,20.2,18,59
2026-08-18T00:55:00+00:00,0.0,30.1,8.08,20.3,19,59
2026-08-18T00:56:00+00:00,0.0,30.8,8.08,20.3,19,59
2026-08-18T00:57:00+00:00,0.0,31.5,8.08,20.4,20,59
2026-08-18T00:58:00+00:00,0.0,32.1,8.08,20.4,20,59
2026-08-18T00:59:00+00:00,0.0,32.8,8.08,20.4,21,59
2026-08-18T01:00:00+00:00,0.0,33.4,8.08,20.4,21,59
2026-08-18T01:01:00+00:00,0.0,34.1,8.08,20.4,21,59
2026-08-18T01:02:00+00:00,0.0,34.8,8.08,20.5,21,59
2026-08-18T01:03:00+00:00,0.0,35.6,8.08,20.5,22,59
2026-08-18T01:04:00+00:00,0.0,36.4,8.08,20.5,22,59
2026-08-18T01:05:00+00:00,0.0,37.2,8.08,20.6,23,59
2026-08-18T01:06:00+00:00,0.0,38.1,8.08,20.6,24,59
2026-08-18T01:07:00+00:00,0.0,39.0,8.08,20.7,25,59
2026-08-18T01:08:00+00:00,0.0,39.9,8.08,20.8,25,59
2026-08-18T01:09:00+00:00,0.0,40.8,8.08,20.8,26,59
2026-08-18T01:10:00+00:00,0.0,41.7,8.08,20.9,27,59
2026-08-18T01:11:00+00:00,0.0,42.5,8.08,20.9,28,59
2026-08-18T01:12:00+00:00,0.0,43.3,8.08,21.0,28,59
2026-08-18T01:13:00+00:00,0.0,44.1,8.08,21.0,29,59
2026-08-18T01:14:00+00:00,0.0,44.8,8.08,21.0,29,59
2026-08-18T01:15:00+00:00,0.0,45.5,8.08,21.0,30,59
2026-08-18T01:16:00+00:00,0.0,46.1,8.08,21.0,30,59
2026-08-18T01:17:00+00:00,0.0,46.7,8.08,21.0,29,59
2026-08-18T01:18:00+00:00,0.0,47.2,8.08,20.9,29,59
2026-08-18T01:19:00+00:00,0.0,47.6,8.08,20.9,29,59
2026-08-18T01:20:00+00:00,0.0,48.0,8.08,20.8,28,59
2026-08-18T01:21:00+00:00,0.0,48.4,8.08,20.7,27,59
2026-08-18T01:22:00+00:00,0.0,48.8,8.08,20.6,26,59
2026-08-18T01:23:00+00:00,0.0,49.1,8.08,20.5,26,59
2026-08-18T01:24:00+00:00,0.0,49.5,8.08,20.4,25,59
2026-08-18T01:25:00+00:00,0.0,49.8,8.08,20.3,24,59
2026-08-18T01:26:00+00:00,0.0,50.2,8.1,20.3,23,58
2026-08-18T01:27:00+00:00,0.0,50.7,8.12,20.2,23,58
2026-08-18T01:28:00+00:00,0.0,51.2,8.13,20.2,22,58
2026-08-18T01:29:00+00:00,0.0,51.7,8.15,20.1,22,58
2026-08-18T01:30:00+00:00,0.0,52.3,8.17,20.1,22,58
2026-08-18T01:31:00+00:00,0.0,53.0,8.18,20.1,22,58
2026-08-18T01:32:00+00:00,0.0,53.7,8.2,20.2,23,58
2026-08-18T01:33:00+00:00,0.0,54.4,8.22,20.2,24,58
2026-08-18T01:34:00+00:00,0.0,55.1,8.23,20.3,25,58
2026-08-18T01:35:00+00:00,0.0,55.8,8.25,20.4,26,58
2026-08-18T01:36:00+00:00,0.0,56.5,8.27,20.6,28,58
2026-08-18T01:37:00+00:00,0.0,57.3,8.28,20.7,30,58
2026-08-18T01:38:00+00:00,0.0,58.0,8.3,20.8,31,58
2026-08-18T01:39:00+00:00,0.0,58.7,8.32,20.9,33,58
2026-08-18T01:40:00+00:00,0.0,59.5,8.33,21.1,35,58
2026-08-18T01:41:00+00:00,0.0,60.2,8.35,21.2,36,58
2026-08-18T01:42:00+00:00,0.0,60.9,8.37,21.2,37,58
2026-08-18T01:43:00+00:00,0.0,61.6,8.38,21.3,38,58
2026-08-18T01:44:00+00:00,0.0,62.3,8.4,21.4,39,58
2026-08-18T01:45:00+00:00,0.0,62.9,8.42,21.4,40,58
2026-08-18T01:46:00+00:00,0.0,63.6,8.43,21.4,40,58
2026-08-18T01:47:00+00:00,0.0,64.5,8.45,21.3,39,58
2026-08-18T01:48:00+00:00,0.0,65.4,8.47,21.2,39,58
2026-08-18T01:49:00+00:00,0.0,66.5,8.48,21.1,38,58
2026-08-18T01:50:00+00:00,0.0,67.7,8.5,21.0,37,58
2026-08-18T01:51:00+00:00,0.0,68.9,8.52,20.9,36,58
2026-08-18T01:52:00+00:00,0.0,70.2,8.53,20.7,34,58
2026-08-18T01:53:00+00:00,0.0,71.5,8.55,20.6,33,58
2026-08-18T01:54:00+00:00,0.0,72.8,8.57,20.4,31,58
2026-08-18T01:55:00+00:00,0.0,74.0,8.58,20.3,30,58
2026-08-18T01:56:00+00:00,0.0,75.2,8.6,20.2,28,58
2026-08-18T01:57:00+00:00,0.0,76.3,8.62,20.1,27,58
2026-08-18T01:58:00+00:00,0.0,77.3,8.63,20.0,27,58
2026-08-18T01:59:00+00:00,0.0,78.1,8.65,20.0,26,58
2026-08-18T02:00:00+00:00,0.0,78.8,8.67,19.9,26,58
2026-08-18T02:01:00+00:00,0.0,78.8,8.68,20.0,26,58
2026-08-18T02:02:00+00:00,0.0,78.8,8.7,20.0,26,58
2026-08-18T02:03:00+00:00,0.0,78.7,8.72,20.0,27,58
2026-08-18T02:04:00+00:00,0.0,78.6,8.73,20.0,27,58
2026-08-18T02:05:00+00:00,0.0,78.5,8.75,20.0,27,58
2026-08-18T02:06:00+00:00,0.0,78.3,8.77,20.1,28,58
2026-08-18T02:07:00+00:00,0.0,78.2,8.78,20.1,28,58
2026-08-18T02:08:00+00:00,0.0,78.0,8.8,20.2,29,58
2026-08-18T02:09:00+00:00,0.0,77.9,8.82,20.2,30,58
2026-08-18T02:10:00+00:00,0.0,77.8,8.83,20.2,30,58
2026-08-18T02:11:00+00:00,0.0,77.6,8.85,20.3,30,58
2026-08-18T02:12:00+00:00,0.0,77.6,8.87,20.3,31,58
2026-08-18T02:13:00+00:00,0.0,77.5,8.88,20.3,31,58
2026-08-18T02:14:00+00:00,0.0,77.4,8.9,20.3,31,58
2026-08-18T02:15:00+00:00,0.0,77.4,8.92,20.3,31,58
2026-08-18T02:16:00+00:00,0.0,77.4,8.93,20.3,31,58
2026-08-18T02:17:00+00:00,0.0,77.5,8.95,20.3,31,58
2026-08-18T02:18:00+00:00,0.0,77.6,8.97,20.3,31,58
2026-08-18T02:19:00+00:00,0.0,77.8,8.98,20.3,30,58
2026-08-18T02:20:00+00:00,0.0,78.0,9.0,20.2,30,58
2026-08-18T02:21:00+00:00,0.0,78.2,9.02,20.2,29,58
2026-08-18T02:22:00+00:00,0.0,78.4,9.03,20.1,29,58
2026-08-18T02:23:00+00:00,0.0,78.6,9.05,20.1,28,58
2026-08-18T02:24:00+00:00,0.0,78.9,9.07,20.0,28,58
2026-08-18T02:25:00+00:00,0.0,79.1,9.08,20.0,27,58
2026-08-18T02:26:00+00:00,0.0,79.3,9.1,19.9,27,58
2026-08-18T02:27:00+00:00,0.0,79.4,9.12,19.9,26,58
2026-08-18T02:28:00+00:00,0.0,79.5,9.13,19.9,26,58
2026-08-18T02:29:00+00:00,0.0,79.6,9.15,19.9,26,58
2026-08-18T02:30:00+00:00,0.0,79.6,9.17,19.9,26,58
2026-08-18T02:31:00+00:00,0.0,79.6,9.18,19.9,26,58
2026-08-18T02:32:00+00:00,0.0,79.6,9.2,19.9,26,58
2026-08-18T02:33:00+00:00,0.0,79.5,9.22,20.0,27,58
2026-08-18T02:34:00+00:00,0.0,79.4,9.23,20.1,28,58
2026-08-18T02:35:00+00:00,0.0,79.3,9.25,20.1,30,58
2026-08-18T02:36:00+00:00,0.0,79.1,9.27,20.3,31,58
2026-08-18T02:37:00+00:00,0.0,78.9,9.28,20.4,33,58
2026-08-18T02:38:00+00:00,0.0,78.8,9.3,20.5,35,58
2026-08-18T02:39:00+00:00,0.0,78.6,9.32,20.6,36,58
2026-08-18T02:40:00+00:00,0.0,78.5,9.33,20.7,38,58
2026-08-18T02:41:00+00:00,0.0,78.3,9.35,20.8,39,58
2026-08-18T02:42:00+00:00,0.0,78.2,9.37,20.9,40,58
2026-08-18T02:43:00+00:00,0.0,78.2,9.38,21.0,41,58
2026-08-18T02:44:00+00:00,0.0,78.1,9.4,21.0,42,58
2026-08-18T02:45:00+00:00,0.0,78.1,9.42,21.0,42,58
2026-08-18T02:46:00+00:00,0.0,78.0,9.43,21.0,42,58
2026-08-18T02:47:00+00:00,0.0,77.9,9.45,21.0,41,58
2026-08-18T02:48:00+00:00,0.0,77.7,9.47,21.0,41,58
2026-08-18T02:49:00+00:00,0.0,77.4,9.48,20.9,41,58
2026-08-18T02:50:00+00:00,0.0,77.0,9.5,20.9,40,58
2026-08-18T02:51:00+00:00,0.0,76.6,9.52,20.8,39,58
2026-08-18T02:52:00+00:00,0.0,76.1,9.53,20.8,38,58
2026-08-18T02:53:00+00:00,0.0,75.6,9.55,20.7,38,58
2026-08-18T02:54:00+00:00,0.0,75.2,9.57,20.7,37,58
2026-08-18T02:55:00+00:00,0.0,74.8,9.58,20.6,36,58
2026-08-18T02:56:00+00:00,0.0,74.4,9.6,20.6,35,58
2026-08-18T02:57:00+00:00,0.0,74.1,9.62,20.6,35,58
2026-08-18T02:58:00+00:00,0.0,73.9,9.63,20.5,34,58
2026-08-18T02:59:00+00:00,0.0,73.7,9.65,20.5,34,58
2026-08-18T03:00:00+00:00,0.0,73.7,9.67,20.5,34,58
2026-08-18T03:01:00+00:00,0.0,73.7,9.68,20.5,34,58
2026-08-18T03:02:00+00:00,0.0,73.9,9.7,20.5,35,58
2026-08-18T03:03:00+00:00,0.0,74.2,9.72,20.6,35,58
2026-08-18T03:04:00+00:00,0.0,74.7,9.73,20.6,36,58
2026-08-18T03:05:00+00:00,0.0,75.2,9.75,20.7,37,58
2026-08-18T03:06:00+00:00,0.0,75.7,9.77,20.7,38,58
2026-08-18T03:07:00+00:00,0.0,76.3,9.78,20.8,39,58
2026-08-18T03:08:00+00:00,0.0,77.0,9.8,20.8,40,58
2026-08-18T03:09:00+00:00,0.0,77.6,9.82,20.9,41,58
2026-08-18T03:10:00+00:00,0.0,78.2,9.83,20.9,42,58
2026-08-18T03:11:00+00:00,0.0,78.7,9.85,21.0,43,58
2026-08-18T03:12:00+00:00,0.0,79.1,9.87,21.0,43,58
2026-08-18T03:13:00+00:00,0.0,79.4,9.88,21.1,44,58
2026-08-18T03:14:00+00:00,0.0,79.6,9.9,21.1,44,58
2026-08-18T03:15:00+00:00,0.0,79.7,9.92,21.1,45,58
2026-08-18T03:16:00+00:00,0.0,79.6,9.93,21.1,45,58
2026-08-18T03:17:00+00:00,0.0,79.3,9.95,21.1,44,58
2026-08-18T03:18:00+00:00,0.0,78.9,9.97,21.1,44,58
2026-08-18T03:19:00+00:00,0.0,78.3,9.98,21.1,44,58
2026-08-18T03:20:00+00:00,0.0,77.6,10.0,21.1,44,58
2026-08-18T03:21:00+00:00,0.0,76.8,10.02,21.1,43,58
2026-08-18T03:22:00+00:00,0.0,75.9,10.03,21.0,43,58
2026-08-18T03:23:00+00:00,0.0,75.0,10.05,21.0,43,58
2026-08-18T03:24:00+00:00,0.0,74.2,10.07,21.0,42,58
2026-08-18T03:25:00+00:00,0.0,73.4,10.08,21.0,42,58
2026-08-18T03:26:00+00:00,0.0,72.7,10.1,21.0,41,58
2026-08-18T03:27:00+00:00,0.0,72.1,10.12,21.0,41,58
2026-08-18T03:28:00+00:00,0.0,71.6,10.13,21.0,41,58
2026-08-18T03:29:00+00:00,0.0,71.4,10.15,21.0,41,58
2026-08-18T03:30:00+00:00,0.0,71.3,10.17,21.0,41,58
2026-08-18T03:31:00+00:00,0.0,71.3,10.18,21.0,41,58
2026-08-18T03:32:00+00:00,0.0,71.3,10.2,21.0,41,58
2026-08-18T03:33:00+00:00,0.0,71.4,10.22,21.0,41,58
2026-08-18T03:34:00+00:00,0.0,71.6,10.23,21.0,42,58
2026-08-18T03:35:00+00:00,0.0,71.7,10.25,21.0,42,58
2026-08-18T03:36:00+00:00,0.0,71.9,10.27,21.0,42,58
2026-08-18T03:37:00+00:00,0.0,72.1,10.28,21.1,42,58
2026-08-18T03:38:00+00:00,0.0,72.3,10.3,21.1,43,58
2026-08-18T03:39:00+00:00,0.0,72.5,10.32,21.1,43,58
2026-08-18T03:40:00+00:00,0.0,72.7,10.33,21.1,43,58
2026-08-18T03:41:00+00:00,0.0,72.9,10.35,21.1,44,58
2026-08-18T03:42:00+00:00,0.0,73.0,10.37,21.1,44,58
2026-08-18T03:43:00+00:00,0.0,73.1,10.38,21.1,44,58
2026-08-18T03:44:00+00:00,0.0,73.1,10.4,21.1,44,58
2026-08-18T03:45:00+00:00,0.0,73.2,10.42,21.1,44,58
2026-08-18T03:46:00+00:00,0.0,73.2,10.43,21.1,44,58
2026-08-18T03:47:00+00:00,0.0,73.4,10.45,21.1,44,58
2026-08-18T03:48:00+00:00,0.0,73.7,10.47,21.0,43,58
2026-08-18T03:49:00+00:00,0.0,74.2,10.48,20.9,42,58
2026-08-18T03:50:00+00:00,0.0,74.7,10.5,20.8,41,58
2026-08-18T03:51:00+00:00,0.0,75.2,10.52,20.7,39,58
2026-08-18T03:52:00+00:00,0.0,75.8,10.53,20.6,38,58
2026-08-18T03:53:00+00:00,0.0,76.5,10.55,20.5,36,58
2026-08-18T03:54:00+00:00,0.0,77.1,10.57,20.4,34,58
2026-08-18T03:55:00+00:00,0.0,77.6,10.58,20.2,33,58
2026-08-18T03:56:00+00:00,0.0,78.1,10.6,20.1,31,58
2026-08-18T03:57:00+00:00,0.0,78.6,10.62,20.1,30,58
2026-08-18T03:58:00+00:00,0.0,78.9,10.63,20.0,29,58
2026-08-18T03:59:00+00:00,0.0,79.1,10.65,19.9,29,58
2026-08-18T04:00:00+00:00,0.0,79.1,10.67,19.9,29,58
2026-08-18T04:01:00+00:00,0.0,79.1,10.68,20.0,29,58
2026-08-18T04:02:00+00:00,0.0,78.9,10.7,20.0,29,58
2026-08-18T04:03:00+00:00,0.0,78.7,10.72,20.1,31,58
2026-08-18T04:04:00+00:00,0.0,78.3,10.73,20.2,32,58
2026-08-18T04:05:00+00:00,0.0,77.9,10.75,20.3,34,58
2026-08-18T04:06:00+00:00,0.0,77.4,10.77,20.4,36,58
2026-08-18T04:07:00+00:00,0.0,76.9,10.78,20.6,38,58
2026-08-18T04:08:00+00:00,0.0,76.4,10.8,20.7,40,58
2026-08-18T04:09:00+00:00,0.0,75.9,10.82,20.9,42,58
2026-08-18T04:10:00+00:00,0.0,75.5,10.83,21.0,44,58
2026-08-18T04:11:00+00:00,0.0,75.1,10.85,21.1,45,58
2026-08-18T04:12:00+00:00,0.0,74.7,10.87,21.2,47,58
2026-08-18T04:13:00+00:00,0.0,74.5,10.88,21.3,48,58
2026-08-18T04:14:00+00:00,0.0,74.3,10.9,21.3,48,58
2026-08-18T04:15:00+00:00,0.0,74.2,10.92,21.3,49,58
2026-08-18T04:16:00+00:00,0.0,74.3,10.93,21.3,48,58
2026-08-18T04:17:00+00:00,0.0,74.5,10.95,21.3,48,58
2026-08-18T04:18:00+00:00,0.0,74.7,10.97,21.2,47,58
2026-08-18T04:19:00+00:00,0.0,75.0,10.98,21.1,46,58
2026-08-18T04:20:00+00:00,0.0,75.4,11.0,21.0,44,58
2026-08-18T04:21:00+00:00,0.0,75.9,11.02,20.9,42,58
2026-08-18T04:22:00+00:00,0.0,76.3,11.03,20.7,40,58
2026-08-18T04:23:00+00:00,0.0,76.8,11.05,20.6,39,58
2026-08-18T04:24:00+00:00,0.0,77.3,11.07,20.5,37,58
2026-08-18T04:25:00+00:00,0.0,77.8,11.08,20.3,35,58
2026-08-18T04:26:00+00:00,0.0,78.2,11.1,20.2,33,58
2026-08-18T04:27:00+00:00,0.0,78.5,11.12,20.1,32,58
2026-08-18T04:28:00+00:00,0.0,78.7,11.13,20.1,31,58
2026-08-18T04:29:00+00:00,0.0,78.9,11.15,20.0,30,58
2026-08-18T04:30:00+00:00,0.0,78.9,11.17,20.0,30,58
2026-08-18T04:31:00+00:00,0.0,78.9,11.18,20.0,30,58
2026-08-18T04:32:00+00:00,0.0,78.8,11.2,20.0,31,58
2026-08-18T04:33:00+00:00,0.0,78.6,11.22,20.1,32,58
2026-08-18T04:34:00+00:00,0.0,78.3,11.23,20.2,33,58
2026-08-18T04:35:00+00:00,0.0,78.0,11.25,20.3,35,58
2026-08-18T04:36:00+00:00,0.0,77.7,11.27,20.4,37,58
2026-08-18T04:37:00+00:00,0.0,77.3,11.28,20.6,39,58
2026-08-18T04:38:00+00:00,0.0,77.0,11.3,20.7,41,58
2026-08-18T04:39:00+00:00,0.0,76.6,11.32,20.9,43,58
2026-08-18T04:40:00+00:00,0.0,76.3,11.33,21.0,45,58
2026-08-18T04:41:00+00:00,0.0,76.0,11.35,21.1,46,58
2026-08-18T04:42:00+00:00,0.0,75.7,11.37,21.2,48,58
2026-08-18T04:43:00+00:00,0.0,75.5,11.38,21.3,49,58
2026-08-18T04:44:00+00:00,0.0,75.4,11.4,21.3,49,58
2026-08-18T04:45:00+00:00,0.0,75.4,11.42,21.3,50,58
2026-08-18T04:46:00+00:00,0.0,75.3,11.43,21.3,49,58
2026-08-18T04:47:00+00:00,0.0,75.2,11.45,21.3,49,58
2026-08-18T04:48:00+00:00,0.0,75.1,11.47,21.2,48,58
2026-08-18T04:49:00+00:00,0.0,74.8,11.48,21.1,46,58
2026-08-18T04:50:00+00:00,0.0,74.6,11.5,21.0,45,58
2026-08-18T04:51:00+00:00,0.0,74.3,11.52,20.9,43,58
2026-08-18T04:52:00+00:00,0.0,73.9,11.53,20.7,41,59
2026-08-18T04:53:00+00:00,0.0,73.6,11.55,20.6,39,59
2026-08-18T04:54:00+00:00,0.0,73.3,11.57,20.5,37,59
2026-08-18T04:55:00+00:00,0.0,73.0,11.58,20.4,35,59
2026-08-18T04:56:00+00:00,0.0,72.7,11.6,20.3,33,59
2026-08-18T04:57:00+00:00,0.0,72.5,11.62,20.2,32,59
2026-08-18T04:58:00+00:00,0.0,72.3,11.63,20.1,31,59
2026-08-18T04:59:00+00:00,0.0,72.2,11.65,20.1,30,59
2026-08-18T05:00:00+00:00,0.0,72.2,0.02,20.0,14,59
2026-08-18T05:01:00+00:00,0.0,72.2,0.03,20.1,14,59
2026-08-18T05:02:00+00:00,0.0,72.4,0.05,20.1,15,59
2026-08-18T05:03:00+00:00,0.0,72.6,0.07,20.1,15,59
2026-08-18T05:04:00+00:00,0.0,73.0,0.08,20.2,16,59
2026-08-18T05:05:00+00:00,0.0,73.4,0.1,20.3,17,59
2026-08-18T05:06:00+00:00,0.0,73.9,0.12,20.4,18,59
2026-08-18T05:07:00+00:00,0.0,74.4,0.13,20.5,19,59
2026-08-18T05:08:00+00:00,0.0,75.0,0.15,20.7,20,59
2026-08-18T05:09:00+00:00,0.0,75.5,0.17,20.8,21,59
2026-08-18T05:10:00+00:00,0.0,76.0,0.18,20.9,22,59
2026-08-18T05:11:00+00:00,0.0,76.4,0.2,21.0,23,59
2026-08-18T05:12:00+00:00,0.0,76.8,0.22,21.1,23,59
2026-08-18T05:13:00+00:00,0.0,77.0,0.23,21.1,24,59
2026-08-18T05:14:00+00:00,0.0,77.2,0.25,21.2,24,59
2026-08-18T05:15:00+00:00,0.0,77.3,0.27,21.2,24,59
2026-08-18T05:16:00+00:00,0.0,77.2,0.28,21.2,25,59
2026-08-18T05:17:00+00:00,0.0,77.0,0.3,21.2,25,59
2026-08-18T05:18:00+00:00,0.0,76.8,0.32,21.2,25,59
2026-08-18T05:19:00+00:00,0.0,76.4,0.33,21.2,25,59
2026-08-18T05:20:00+00:00,0.0,76.0,0.35,21.2,25,59
2026-08-18T05:21:00+00:00,0.0,75.5,0.37,21.2,25,59
2026-08-18T05:22:00+00:00,0.0,75.0,0.38,21.3,25,59
2026-08-18T05:23:00+00:00,0.0,74.4,0.4,21.3,25,59
2026-08-18T05:24:00+00:00,0.0,73.9,0.42,21.3,25,59
2026-08-18T05:25:00+00:00,0.0,73.4,0.43,21.3,25,59
2026-08-18T05:26:00+00:00,0.0,73.0,0.45,21.3,25,59
2026-08-18T05:27:00+00:00,0.0,72.7,0.47,21.4,25,59
2026-08-18T05:28:00+00:00,0.0,72.4,0.48,21.4,25,59
2026-08-18T05:29:00+00:00,0.0,72.2,0.5,21.4,25,59
2026-08-18T05:30:00+00:00,0.0,72.2,0.52,21.4,25,59
2026-08-18T05:31:00+00:00,0.0,72.2,0.53,21.4,25,59
2026-08-18T05:32:00+00:00,0.0,72.1,0.55,21.3,25,60
2026-08-18T05:33:00+00:00,0.0,72.1,0.57,21.3,24,60
2026-08-18T05:34:00+00:00,0.0,72.0,0.58,21.2,24,60
2026-08-18T05:35:00+00:00,0.0,71.9,0.6,21.1,23,60
2026-08-18T05:36:00+00:00,0.0,71.8,0.62,21.0,22,60
2026-08-18T05:37:00+00:00,0.0,71.7,0.63,20.9,21,60
2026-08-18T05:38:00+00:00,0.0,71.5,0.65,20.8,21,60
2026-08-18T05:39:00+00:00,0.0,71.4,0.67,20.7,20,60
2026-08-18T05:40:00+00:00,0.0,71.3,0.68,20.6,19,60
2026-08-18T05:41:00+00:00,0.0,71.2,0.7,20.5,18,60
2026-08-18T05:42:00+00:00,0.0,71.1,0.72,20.4,18,60
2026-08-18T05:43:00+00:00,0.0,71.1,0.73,20.4,17,60
2026-08-18T05:44:00+00:00,0.0,71.0,0.75,20.3,17,60
2026-08-18T05:45:00+00:00,0.0,71.0,0.77,20.3,17,60
2026-08-18T05:46:00+00:00,0.0,71.1,0.78,20.3,17,60
2026-08-18T05:47:00+00:00,0.0,71.2,0.8,20.4,17,60
2026-08-18T05:48:00+00:00,0.0,71.4,0.82,20.4,18,60
2026-08-18T05:49:00+00:00,0.0,71.8,0.83,20.5,19,60
2026-08-18T05:50:00+00:00,0.0,72.1,0.85,20.5,19,60
2026-08-18T05:51:00+00:00,0.0,72.5,0.87,20.6,20,60
2026-08-18T05:52:00+00:00,0.0,73.0,0.88,20.7,21,60
2026-08-18T05:53:00+00:00,0.0,73.4,0.9,20.8,22,60
2026-08-18T05:54:00+00:00,0.0,73.9,0.92,20.9,23,60
2026-08-18T05:55:00+00:00,0.0,74.3,0.93,21.0,24,60
2026-08-18T05:56:00+00:00,0.0,74.7,0.95,21.1,24,60
2026-08-18T05:57:00+00:00,0.0,75.0,0.97,21.1,25,60
2026-08-18T05:58:00+00:00,0.0,75.2,0.98,21.2,26,60
2026-08-18T05:59:00+00:00,0.0,75.3,1.0,21.2,26,60
2026-08-18T06:00:00+00:00,0.0,75.4,1.02,21.2,26,60
2026-08-18T06:01:00+00:00,0.0,75.4,1.03,21.2,26,60
2026-08-18T06:02:00+00:00,0.0,75.3,1.05,21.2,26,60
2026-08-18T06:03:00+00:00,0.0,75.3,1.07,21.1,25,60
2026-08-18T06:04:00+00:00,0.0,75.2,1.08,21.1,25,60
2026-08-18T06:05:00+00:00,0.0,75.1,1.1,21.0,24,60
2026-08-18T06:06:00+00:00,0.0,75.0,1.12,20.9,23,60
2026-08-18T06:07:00+00:00,0.0,74.9,1.13,20.8,22,60
2026-08-18T06:08:00+00:00,0.0,74.7,1.15,20.6,21,60
2026-08-18T06:09:00+00:00,0.0,74.6,1.17,20.5,20,60
2026-08-18T06:10:00+00:00,0.0,74.5,1.18,20.4,20,60
2026-08-18T06:11:00+00:00,0.0,74.4,1.2,20.3,19,60
2026-08-18T06:12:00+00:00,0.0,74.3,1.22,20.3,18,60
2026-08-18T06:13:00+00:00,0.0,74.3,1.23,20.2,18,60
2026-08-18T06:14:00+00:00,0.0,74.2,1.25,20.2,17,60
2026-08-18T06:15:00+00:00,0.0,74.2,1.27,20.2,17,60
2026-08-18T06:16:00+00:00,0.0,74.2,1.28,20.2,17,60
2026-08-18T06:17:00+00:00,0.0,74.3,1.3,20.2,18,60
2026-08-18T06:18:00+00:00,0.0,74.5,1.32,20.2,18,60
2026-08-18T06:19:00+00:00,0.0,74.7,1.33,20.3,19,60
2026-08-18T06:20:00+00:00,0.0,75.0,1.35,20.4,19,60
2026-08-18T06:21:00+00:00,0.0,75.3,1.37,20.4,20,60
2026-08-18T06:22:00+00:00,0.0,75.6,1.38,20.5,21,60
2026-08-18T06:23:00+00:00,0.0,75.9,1.4,20.6,21,60
2026-08-18T06:24:00+00:00,0.0,76.2,1.42,20.7,22,60
2026-08-18T06:25:00+00:00,0.0,76.5,1.43,20.7,23,60
2026-08-18T06:26:00+00:00,0.0,76.8,1.45,20.8,24,60
2026-08-18T06:27:00+00:00,0.0,77.0,1.47,20.8,24,60
2026-08-18T06:28:00+00:00,0.0,77.2,1.48,20.9,25,60
2026-08-18T06:29:00+00:00,0.0,77.3,1.5,20.9,25,60
2026-08-18T06:30:00+00:00,0.0,77.3,1.52,20.9,25,60
2026-08-18T06:31:00+00:00,0.0,77.3,1.53,20.9,25,60
2026-08-18T06:32:00+00:00,0.0,77.3,1.55,20.9,25,60
2026-08-18T06:33:00+00:00,0.0,77.4,1.57,20.9,25,60
2026-08-18T06:34:00+00:00,0.0,77.5,1.58,20.9,25,60
2026-08-18T06:35:00+00:00,0.0,77.6,1.6,21.0,26,60
2026-08-18T06:36:00+00:00,0.0,77.8,1.62,21.0,26,60
2026-08-18T06:37:00+00:00,0.0,77.9,1.63,21.0,26,60
2026-08-18T06:38:00+00:00,0.0,78.0,1.65,21.0,26,61
2026-08-18T06:39:00+00:00,0.0,78.2,1.67,21.0,26,61
2026-08-18T06:40:00+00:00,0.0,78.3,1.68,21.0,27,61
2026-08-18T06:41:00+00:00,0.0,78.4,1.7,21.0,27,61
2026-08-18T06:42:00+00:00,0.0,78.5,1.72,21.1,27,61
2026-08-18T06:43:00+00:00,0.0,78.6,1.73,21.1,27,61
2026-08-18T06:44:00+00:00,0.0,78.6,1.75,21.1,27,61
2026-08-18T06:45:00+00:00,0.0,78.6,1.77,21.1,27,61
2026-08-18T06:46:00+00:00,0.0,78.6,1.78,21.1,27,61
2026-08-18T06:47:00+00:00,0.0,78.3,1.8,21.1,27,61
2026-08-18T06:48:00+00:00,0.0,77.9,1.82,21.0,27,61
2026-08-18T06:49:00+00:00,0.0,77.4,1.83,21.0,26,61
2026-08-18T06:50:00+00:00,0.0,76.7,1.85,21.0,26,61
2026-08-18T06:51:00+00:00,0.0,76.0,1.87,20.9,25,61
2026-08-18T06:52:00+00:00,0.0,75.2,1.88,20.9,25,61
2026-08-18T06:53:00+00:00,0.0,74.4,1.9,20.8,24,61
2026-08-18T06:54:00+00:00,0.0,73.7,1.92,20.8,24,61
2026-08-18T06:55:00+00:00,0.0,72.9,1.93,20.7,23,61
2026-08-18T06:56:00+00:00,0.0,72.3,1.95,20.7,23,61
2026-08-18T06:57:00+00:00,0.0,71.8,1.97,20.7,22,61
2026-08-18T06:58:00+00:00,0.0,71.4,1.98,20.7,22,61
2026-08-18T06:59:00+00:00,0.0,71.1,2.0,20.6,22,61
2026-08-18T07:00:00+00:00,0.0,71.0,2.02,20.6,22,61
2026-08-18T07:01:00+00:00,0.0,71.1,2.03,20.6,22,61
2026-08-18T07:02:00+00:00,0.0,71.3,2.05,20.6,22,62
2026-08-18T07:03:00+00:00,0.0,71.5,2.07,20.6,22,62
2026-08-18T07:04:00+00:00,0.0,71.9,2.08,20.6,22,62
2026-08-18T07:05:00+00:00,0.0,72.3,2.1,20.6,22,62
2026-08-18T07:06:00+00:00,0.0,72.7,2.12,20.6,22,62
2026-08-18T07:07:00+00:00,0.0,73.2,2.13,20.6,22,62
2026-08-18T07:08:00+00:00,0.0,73.8,2.15,20.6,22,62
2026-08-18T07:09:00+00:00,0.0,74.3,2.17,20.6,22,62
2026-08-18T07:10:00+00:00,0.0,74.7,2.18,20.6,22,62
2026-08-18T07:11:00+00:00,0.0,75.1,2.2,20.5,22,62
2026-08-18T07:12:00+00:00,0.0,75.5,2.22,20.5,22,62
2026-08-18T07:13:00+00:00,0.0,75.7,2.23,20.5,22,62
2026-08-18T07:14:00+00:00,0.0,75.9,2.25,20.5,22,62
2026-08-18T07:15:00+00:00,0.0,76.0,2.27,20.5,22,62
2026-08-18T07:16:00+00:00,0.0,75.9,2.28,20.5,23,62
2026-08-18T07:17:00+00:00,0.0,75.8,2.3,20.5,23,62
2026-08-18T07:18:00+00:00,0.0,75.7,2.32,20.6,23,62
2026-08-18T07:19:00+00:00,0.0,75.4,2.33,20.6,23,62
2026-08-18T07:20:00+00:00,0.0,75.2,2.35,20.6,23,62
2026-08-18T07:21:00+00:00,0.0,74.8,2.37,20.7,24,62
2026-08-18T07:22:00+00:00,0.0,74.5,2.38,20.7,24,62
2026-08-18T07:23:00+00:00,0.0,74.2,2.4,20.7,24,62
2026-08-18T07:24:00+00:00,0.0,73.8,2.42,20.8,24,62
2026-08-18T07:25:00+00:00,0.0,73.5,2.43,20.8,25,62
2026-08-18T07:26:00+00:00,0.0,73.3,2.45,20.9,25,62
2026-08-18T07:27:00+00:00,0.0,73.0,2.47,20.9,25,62
2026-08-18T07:28:00+00:00,0.0,72.9,2.48,20.9,25,63
2026-08-18T07:29:00+00:00,0.0,72.8,2.5,20.9,25,63
2026-08-18T07:30:00+00:00,0.0,72.7,2.52,20.9,26,63
2026-08-18T07:31:00+00:00,0.0,72.8,2.53,20.9,26,63
2026-08-18T07:32:00+00:00,0.0,72.9,2.55,20.9,26,63
2026-08-18T07:33:00+00:00,0.0,73.1,2.57,20.9,26,63
2026-08-18T07:34:00+00:00,0.0,73.5,2.58,20.9,25,63
2026-08-18T07:35:00+00:00,0.0,73.8,2.6,20.8,25,63
2026-08-18T07:36:00+00:00,0.0,74.2,2.62,20.8,25,63
2026-08-18T07:37:00+00:00,0.0,74.7,2.63,20.8,25,63
2026-08-18T07:38:00+00:00,0.0,75.1,2.65,20.8,25,63
2026-08-18T07:39:00+00:00,0.0,75.6,2.67,20.7,25,63
2026-08-18T07:40:00+00:00,0.0,76.0,2.68,20.7,25,63
2026-08-18T07:41:00+00:00,0.0,76.4,2.7,20.7,25,63
2026-08-18T07:42:00+00:00,0.0,76.7,2.72,20.6,25,63
2026-08-18T07:43:00+00:00,0.0,76.9,2.73,20.6,25,63
2026-08-18T07:44:00+00:00,0.0,77.0,2.75,20.6,24,63
2026-08-18T07:45:00+00:00,0.0,77.1,2.77,20.6,24,63
2026-08-18T07:46:00+00:00,0.0,77.0,2.78,20.6,24,63
2026-08-18T07:47:00+00:00,0.0,76.9,2.8,20.6,24,63
2026-08-18T07:48:00+00:00,0.0,76.7,2.82,20.6,24,63
2026-08-18T07:49:00+00:00,0.0,76.4,2.83,20.5,23,63
2026-08-18T07:50:00+00:00,0.0,76.0,2.85,20.5,23,63
2026-08-18T07:51:00+00:00,0.0,75.6,2.87,20.4,22,63
2026-08-18T07:52:00+00:00,0.0,75.2,2.88,20.3,22,63
2026-08-18T07:53:00+00:00,0.0,74.7,2.9,20.3,21,63
2026-08-18T07:54:00+00:00,0.0,74.3,2.92,20.2,20,63
2026-08-18T07:55:00+00:00,0.0,73.9,2.93,20.1,19,63
2026-08-18T07:56:00+00:00,0.0,73.5,2.95,20.1,19,63
2026-08-18T07:57:00+00:00,0.0,73.3,2.97,20.0,18,63
2026-08-18T07:58:00+00:00,0.0,73.0,2.98,20.0,18,63
2026-08-18T07:59:00+00:00,0.0,72.9,3.0,20.0,18,63
2026-08-18T08:00:00+00:00,0.0,72.8,3.02,20.0,18,63
2026-08-18T08:01:00+00:00,0.0,72.9,3.03,20.0,18,63
2026-08-18T08:02:00+00:00,0.0,73.1,3.05,20.0,18,63
2026-08-18T08:03:00+00:00,0.0,73.4,3.07,20.1,19,63
2026-08-18T08:04:00+00:00,0.0,73.8,3.08,20.2,20,63
2026-08-18T08:05:00+00:00,0.0,74.2,3.1,20.3,21,63
2026-08-18T08:06:00+00:00,0.0,74.8,3.12,20.4,22,63
2026-08-18T08:07:00+00:00,0.0,75.3,3.13,20.5,23,63
2026-08-18T08:08:00+00:00,0.0,75.9,3.15,20.6,25,63
2026-08-18T08:09:00+00:00,0.0,76.5,3.17,20.7,26,63
2026-08-18T08:10:00+00:00,0.0,77.0,3.18,20.8,27,63
2026-08-18T08:11:00+00:00,0.0,77.5,3.2,20.9,29,63
2026-08-18T08:12:00+00:00,0.0,77.8,3.22,21.0,29,63
2026-08-18T08:13:00+00:00,0.0,78.1,3.23,21.1,30,63
2026-08-18T08:14:00+00:00,0.0,78.3,3.25,21.1,31,63
2026-08-18T08:15:00+00:00,0.0,78.4,3.27,21.1,31,63
2026-08-18T08:16:00+00:00,0.0,78.4,3.28,21.1,31,63
2026-08-18T08:17:00+00:00,0.0,78.5,3.3,21.1,31,63
2026-08-18T08:18:00+00:00,0.0,78.6,3.32,21.1,31,63
2026-08-18T08:19:00+00:00,0.0,78.7,3.33,21.1,31,63
2026-08-18T08:20:00+00:00,0.0,78.9,3.35,21.1,30,63
2026-08-18T08:21:00+00:00,0.0,79.1,3.37,21.0,30,63
2026-08-18T08:22:00+00:00,0.0,79.3,3.38,21.0,30,63
2026-08-18T08:23:00+00:00,0.0,79.5,3.4,21.0,30,63
2026-08-18T08:24:00+00:00,0.0,79.7,3.42,20.9,30,63
2026-08-18T08:25:00+00:00,0.0,79.9,3.43,20.9,29,63
2026-08-18T08:26:00+00:00,0.0,80.1,3.45,20.9,29,62
2026-08-18T08:27:00+00:00,0.0,80.2,3.47,20.9,29,62
2026-08-18T08:28:00+00:00,0.0,80.3,3.48,20.9,29,62
2026-08-18T08:29:00+00:00,0.0,80.4,3.5,20.8,29,62
2026-08-18T08:30:00+00:00,0.0,80.4,3.52,20.8,29,62
2026-08-18T08:31:00+00:00,0.0,80.4,3.53,20.8,29,62
2026-08-18T08:32:00+00:00,0.0,80.3,3.55,20.9,29,62
2026-08-18T08:33:00+00:00,0.0,80.2,3.57,20.9,29,62
2026-08-18T08:34:00+00:00,0.0,80.1,3.58,20.9,30,62
2026-08-18T08:35:00+00:00,0.0,79.9,3.6,20.9,30,62
2026-08-18T08:36:00+00:00,0.0,79.7,3.62,21.0,30,62
2026-08-18T08:37:00+00:00,0.0,79.5,3.63,21.0,31,62
2026-08-18T08:38:00+00:00,0.0,79.3,3.65,21.0,31,62
2026-08-18T08:39:00+00:00,0.0,79.1,3.67,21.1,31,62
2026-08-18T08:40:00+00:00,0.0,78.9,3.68,21.1,32,62
2026-08-18T08:41:00+00:00,0.0,78.7,3.7,21.2,32,62
2026-08-18T08:42:00+00:00,0.0,78.5,3.72,21.2,32,62
2026-08-18T08:43:00+00:00,0.0,78.4,3.73,21.2,33,62
2026-08-18T08:44:00+00:00,0.0,78.4,3.75,21.2,33,62
2026-08-18T08:45:00+00:00,0.0,78.3,3.77,21.2,33,61
2026-08-18T08:46:00+00:00,0.0,78.3,3.78,21.2,33,61
2026-08-18T08:47:00+00:00,0.0,78.1,3.8,21.2,33,61
2026-08-18T08:48:00+00:00,0.0,77.8,3.82,21.2,32,61
2026-08-18T08:49:00+00:00,0.0,77.5,3.83,21.1,32,61
2026-08-18T08:50:00+00:00,0.0,77.0,3.85,21.1,31,61
2026-08-18T08:51:00+00:00,0.0,76.5,3.87,21.1,31,61
2026-08-18T08:52:00+00:00,0.0,76.0,3.88,21.0,30,61
2026-08-18T08:53:00+00:00,0.0,75.5,3.9,21.0,30,61
2026-08-18T08:54:00+00:00,0.0,74.9,3.92,20.9,29,61
2026-08-18T08:55:00+00:00,0.0,74.4,3.93,20.9,29,61
2026-08-18T08:56:00+00:00,0.0,74.0,3.95,20.9,28,61
2026-08-18T08:57:00+00:00,0.0,73.6,3.97,20.8,28,61
2026-08-18T08:58:00+00:00,0.0,73.4,3.98,20.8,27,61
2026-08-18T08:59:00+00:00,0.0,73.2,4.0,20.8,27,61
2026-08-18T09:00:00+00:00,0.0,73.1,4.02,20.8,27,60
2026-08-18T09:01:00+00:00,0.0,73.1,4.03,20.8,27,60
2026-08-18T09:02:00+00:00,0.0,73.2,4.05,20.8,27,60
2026-08-18T09:03:00+00:00,0.0,73.2,4.07,20.8,27,60
2026-08-18T09:04:00+00:00,0.0,73.3,4.08,20.8,27,60
2026-08-18T09:05:00+00:00,0.0,73.3,4.1,20.8,28,60
2026-08-18T09:06:00+00:00,0.0,73.4,4.12,20.8,28,60
2026-08-18T09:07:00+00:00,0.0,73.5,4.13,20.8,28,60
2026-08-18T09:08:00+00:00,0.0,73.6,4.15,20.8,28,60
2026-08-18T09:09:00+00:00,0.0,73.6,4.17,20.8,28,60
2026-08-18T09:10:00+00:00,0.0,73.7,4.18,20.8,28,60
2026-08-18T09:11:00+00:00,0.0,73.8,4.2,20.8,28,60
2026-08-18T09:12:00+00:00,0.0,73.8,4.22,20.8,28,60
2026-08-18T09:13:00+00:00,0.0,73.9,4.23,20.8,29,60
2026-08-18T09:14:00+00:00,0.0,73.9,4.25,20.8,29,59
2026-08-18T09:15:00+00:00,0.0,73.9,4.27,20.8,29,59
2026-08-18T09:16:00+00:00,0.0,73.9,4.28,20.8,29,59
2026-08-18T09:17:00+00:00,0.0,74.1,4.3,20.8,29,59
2026-08-18T09:18:00+00:00,0.0,74.3,4.32,20.8,28,59
2026-08-18T09:19:00+00:00,0.0,74.6,4.33,20.8,28,59
2026-08-18T09:20:00+00:00,0.0,74.9,4.35,20.7,28,59
2026-08-18T09:21:00+00:00,0.0,75.3,4.37,20.7,27,59
2026-08-18T09:22:00+00:00,0.0,75.7,4.38,20.6,27,59
2026-08-18T09:23:00+00:00,0.0,76.2,4.4,20.6,26,59
2026-08-18T09:24:00+00:00,0.0,76.6,4.42,20.5,26,59
2026-08-18T09:25:00+00:00,0.0,77.0,4.43,20.4,26,59
2026-08-18T09:26:00+00:00,0.0,77.3,4.45,20.4,25,59
2026-08-18T09:27:00+00:00,0.0,77.6,4.47,20.4,25,59
2026-08-18T09:28:00+00:00,0.0,77.8,4.48,20.3,25,59
2026-08-18T09:29:00+00:00,0.0,78.0,4.5,20.3,24,59
2026-08-18T09:30:00+00:00,0.0,78.0,4.52,20.3,24,59
2026-08-18T09:31:00+00:00,0.0,78.0,4.53,20.3,25,59
2026-08-18T09:32:00+00:00,0.0,78.0,4.55,20.3,25,58
2026-08-18T09:33:00+00:00,0.0,78.1,4.57,20.3,25,58
2026-08-18T09:34:00+00:00,0.0,78.2,4.58,20.3,25,58
2026-08-18T09:35:00+00:00,0.0,78.3,4.6,20.3,25,58
2026-08-18T09:36:00+00:00,0.0,78.4,4.62,20.4,25,58
2026-08-18T09:37:00+00:00,0.0,78.5,4.63,20.4,25,58
2026-08-18T09:38:00+00:00,0.0,78.6,4.65,20.4,26,58
2026-08-18T09:39:00+00:00,0.0,78.7,4.67,20.4,26,58
2026-08-18T09:40:00+00:00,0.0,78.8,4.68,20.4,26,58
2026-08-18T09:41:00+00:00,0.0,78.8,4.7,20.4,26,58
2026-08-18T09:42:00+00:00,0.0,78.9,4.72,20.4,26,58
2026-08-18T09:43:00+00:00,0.0,79.0,4.73,20.5,27,58
2026-08-18T09:44:00+00:00,0.0,79.0,4.75,20.5,27,58
2026-08-18T09:45:00+00:00,0.0,79.0,4.77,20.5,27,58
2026-08-18T09:46:00+00:00,0.0,79.0,4.78,20.5,27,58
2026-08-18T09:47:00+00:00,0.0,79.0,4.8,20.5,27,58
2026-08-18T09:48:00+00:00,0.0,79.0,4.82,20.5,27,58
2026-08-18T09:49:00+00:00,0.0,78.9,4.83,20.5,28,58
2026-08-18T09:50:00+00:00,0.0,78.9,4.85,20.6,28,58
2026-08-18T09:51:00+00:00,0.0,78.8,4.87,20.6,29,58
2026-08-18T09:52:00+00:00,0.0,78.8,4.88,20.7,29,58
2026-08-18T09:53:00+00:00,0.0,78.7,4.9,20.7,30,58
2026-08-18T09:54:00+00:00,0.0,78.7,4.92,20.8,30,58
2026-08-18T09:55:00+00:00,0.0,78.6,4.93,20.8,31,58
2026-08-18T09:56:00+00:00,0.0,78.6,4.95,20.9,31,58
2026-08-18T09:57:00+00:00,0.0,78.5,4.97,20.9,32,58
2026-08-18T09:58:00+00:00,0.0,78.5,4.98,20.9,32,58
2026-08-18T09:59:00+00:00,0.0,78.5,5.0,20.9,32,58
2026-08-18T10:00:00+00:00,0.0,78.5,5.02,20.9,32,58
2026-08-18T10:01:00+00:00,0.0,78.4,5.03,20.9,32,58
2026-08-18T10:02:00+00:00,0.0,78.3,5.05,21.0,33,58
2026-08-18T10:03:00+00:00,0.0,78.1,5.07,21.0,33,58
2026-08-18T10:04:00+00:00,0.0,77.8,5.08,21.0,33,58
2026-08-18T10:05:00+00:00,0.0,77.5,5.1,21.0,33,58
2026-08-18T10:06:00+00:00,0.0,77.1,5.12,21.0,33,58
2026-08-18T10:07:00+00:00,0.0,76.7,5.13,21.1,33,58
2026-08-18T10:08:00+00:00,0.0,76.3,5.15,21.1,34,58
2026-08-18T10:09:00+00:00,0.0,75.8,5.17,21.1,34,58
2026-08-18T10:10:00+00:00,0.0,75.5,5.18,21.2,34,58
2026-08-18T10:11:00+00:00,0.0,75.1,5.2,21.2,34,58
2026-08-18T10:12:00+00:00,0.0,74.8,5.22,21.2,35,58
2026-08-18T10:13:00+00:00,0.1,75.0,5.23,21.2,35,58
2026-08-18T10:14:00+00:00,0.2,75.4,5.25,21.2,35,58
2026-08-18T10:15:00+00:00,0.3,76.0,5.27,21.2,35,58
2026-08-18T10:16:00+00:00,0.4,76.7,5.28,21.2,36,58
2026-08-18T10:17:00+00:00,0.5,77.5,5.3,21.2,36,58
2026-08-18T10:18:00+00:00,0.6,78.4,5.32,21.2,36,58
2026-08-18T10:19:00+00:00,0.7,79.3,5.33,21.1,35,58
2026-08-18T10:20:00+00:00,0.8,80.4,5.35,21.1,35,58
2026-08-18T10:21:00+00:00,0.9,81.5,5.37,21.0,35,58
2026-08-18T10:22:00+00:00,1.0,82.6,5.38,20.9,34,58
2026-08-18T10:23:00+00:00,1.1,83.7,5.4,20.9,34,58
2026-08-18T10:24:00+00:00,1.2,84.8,5.42,20.8,34,58
2026-08-18T10:25:00+00:00,1.2,85.8,5.43,20.8,33,58
2026-08-18T10:26:00+00:00,1.3,86.8,5.45,20.7,33,58
2026-08-18T10:27:00+00:00,1.4,87.6,5.47,20.7,32,58
2026-08-18T10:28:00+00:00,1.5,88.3,5.48,20.6,32,58
2026-08-18T10:29:00+00:00,1.5,88.8,5.5,20.6,32,58
2026-08-18T10:30:00+00:00,1.6,89.2,5.52,20.6,32,59
2026-08-18T10:31:00+00:00,1.6,89.5,5.53,20.6,32,59
2026-08-18T10:32:00+00:00,1.7,89.7,5.55,20.6,33,59
2026-08-18T10:33:00+00:00,1.7,89.8,5.57,20.7,33,59
2026-08-18T10:34:00+00:00,1.8,89.8,5.58,20.7,34,59
2026-08-18T10:35:00+00:00,1.8,89.8,5.6,20.8,34,59
2026-08-18T10:36:00+00:00,1.8,89.7,5.62,20.8,35,59
2026-08-18T10:37:00+00:00,1.8,89.5,5.63,20.9,36,59
2026-08-18T10:38:00+00:00,1.8,89.3,5.65,20.9,37,59
2026-08-18T10:39:00+00:00,1.8,89.1,5.67,21.0,38,59
2026-08-18T10:40:00+00:00,1.8,88.8,5.68,21.1,38,59
2026-08-18T10:41:00+00:00,1.8,88.6,5.7,21.1,39,59
2026-08-18T10:42:00+00:00,1.8,88.3,5.72,21.2,39,59
2026-08-18T10:43:00+00:00,1.8,88.1,5.73,21.2,40,59
2026-08-18T10:44:00+00:00,1.7,87.8,5.75,21.2,40,59
2026-08-18T10:45:00+00:00,1.7,87.6,5.77,21.2,40,59
2026-08-18T10:46:00+00:00,1.7,87.4,5.78,21.2,40,59
2026-08-18T10:47:00+00:00,1.6,87.1,5.8,21.2,39,59
2026-08-18T10:48:00+00:00,1.6,86.9,5.82,21.1,38,59
2026-08-18T10:49:00+00:00,1.5,86.6,5.83,21.0,37,60
2026-08-18T10:50:00+00:00,1.4,86.4,5.85,20.9,36,60
2026-08-18T10:51:00+00:00,1.4,86.1,5.87,20.8,35,60
2026-08-18T10:52:00+00:00,1.3,85.8,5.88,20.7,33,60
2026-08-18T10:53:00+00:00,1.2,85.5,5.9,20.6,32,60
2026-08-18T10:54:00+00:00,1.1,85.2,5.92,20.4,30,60
2026-08-18T10:55:00+00:00,1.0,84.8,5.93,20.4,29,60
2026-08-18T10:56:00+00:00,0.9,84.4,5.95,20.3,28,60
2026-08-18T10:57:00+00:00,0.8,84.0,5.97,20.3,27,60
2026-08-18T10:58:00+00:00,0.8,83.5,5.98,20.2,27,61
2026-08-18T10:59:00+00:00,0.7,83.0,6.0,20.2,27,61
2026-08-18T11:00:00+00:00,0.5,82.4,6.02,20.3,27,61
2026-08-18T11:01:00+00:00,0.4,81.8,6.03,20.3,28,61
2026-08-18T11:02:00+00:00,0.3,81.2,6.05,20.4,28,61
2026-08-18T11:03:00+00:00,0.2,80.6,6.07,20.4,29,62
2026-08-18T11:04:00+00:00,0.1,80.0,6.08,20.6,30,62
2026-08-18T11:05:00+00:00,0.0,79.3,6.1,20.7,31,62
2026-08-18T11:06:00+00:00,0.0,79.2,6.12,20.8,33,62
2026-08-18T11:07:00+00:00,0.0,79.2,6.13,20.9,35,62
2026-08-18T11:08:00+00:00,0.0,79.2,6.15,21.1,36,62
2026-08-18T11:09:00+00:00,0.0,79.2,6.17,21.2,38,63
2026-08-18T11:10:00+00:00,0.0,79.2,6.18,21.3,39,63
2026-08-18T11:11:00+00:00,0.0,79.2,6.2,21.4,41,63
2026-08-18T11:12:00+00:00,0.0,79.1,6.22,21.5,42,63
2026-08-18T11:13:00+00:00,0.0,79.1,6.23,21.6,43,63
2026-08-18T11:14:00+00:00,0.0,79.1,6.25,21.7,44,64
2026-08-18T11:15:00+00:00,0.0,79.1,6.27,21.7,45,64
2026-08-18T11:16:00+00:00,0.0,79.1,6.28,21.8,45,64
2026-08-18T11:17:00+00:00,0.0,78.9,6.3,21.8,45,64
2026-08-18T11:18:00+00:00,0.0,78.6,6.32,21.8,45,64
2026-08-18T11:19:00+00:00,0.0,78.2,6.33,21.8,45,64
2026-08-18T11:20:00+00:00,0.0,77.7,6.35,21.8,45,65
2026-08-18T11:21:00+00:00,0.0,77.1,6.37,21.8,44,65
2026-08-18T11:22:00+00:00,0.0,76.5,6.38,21.7,44,65
2026-08-18T11:23:00+00:00,0.0,75.9,6.4,21.7,44,65
2026-08-18T11:24:00+00:00,0.0,75.3,6.42,21.7,43,65
2026-08-18T11:25:00+00:00,0.0,74.7,6.43,21.7,43,66
2026-08-18T11:26:00+00:00,0.0,74.3,6.45,21.7,43,66
2026-08-18T11:27:00+00:00,0.0,73.8,6.47,21.7,43,66
2026-08-18T11:28:00+00:00,0.0,73.5,6.48,21.7,43,66
2026-08-18T11:29:00+00:00,0.0,73.4,6.5,21.7,43,66
2026-08-18T11:30:00+00:00,0.0,73.3,6.52,21.7,43,66
2026-08-18T11:31:00+00:00,0.0,73.3,6.53,21.8,44,67
2026-08-18T11:32:00+00:00,0.0,73.3,6.55,21.8,44,67
2026-08-18T11:33:00+00:00,0.0,73.3,6.57,21.9,45,67
2026-08-18T11:34:00+00:00,0.0,73.4,6.58,21.9,46,67
2026-08-18T11:35:00+00:00,0.0,73.4,6.6,22.0,46,67
2026-08-18T11:36:00+00:00,0.0,73.5,6.62,22.1,47,67
2026-08-18T11:37:00+00:00,0.0,73.6,6.63,22.1,48,68
2026-08-18T11:38:00+00:00,0.0,73.6,6.65,22.2,49,68
2026-08-18T11:39:00+00:00,0.0,73.7,6.67,22.3,50,68
2026-08-18T11:40:00+00:00,0.0,73.8,6.68,22.4,51,68
2026-08-18T11:41:00+00:00,0.0,73.8,6.7,22.4,52,68
2026-08-18T11:42:00+00:00,0.0,73.9,6.72,22.5,53,68
2026-08-18T11:43:00+00:00,0.0,73.9,6.73,22.5,53,69
2026-08-18T11:44:00+00:00,0.0,73.9,6.75,22.6,54,69
2026-08-18T11:45:00+00:00,0.0,73.9,6.77,22.6,54,69
2026-08-18T11:46:00+00:00,0.0,74.0,6.78,22.6,55,69
2026-08-18T11:47:00+00:00,0.0,74.2,6.8,22.6,55,69
2026-08-18T11:48:00+00:00,0.0,74.5,6.82,22.6,55,69
2026-08-18T11:49:00+00:00,0.0,75.0,6.83,22.6,55,69
2026-08-18T11:50:00+00:00,0.0,75.6,6.85,22.6,55,70
2026-08-18T11:51:00+00:00,0.0,76.2,6.87,22.5,54,70
2026-08-18T11:52:00+00:00,0.0,76.9,6.88,22.4,54,70
2026-08-18T11:53:00+00:00,0.0,77.6,6.9,22.4,54,70
2026-08-18T11:54:00+00:00,0.0,78.3,6.92,22.3,53,70
2026-08-18T11:55:00+00:00,0.0,78.9,6.93,22.3,53,70
2026-08-18T11:56:00+00:00,0.0,79.5,6.95,22.2,52,70
2026-08-18T11:57:00+00:00,0.0,79.9,6.97,22.2,52,70
2026-08-18T11:58:00+00:00,0.0,80.3,6.98,22.2,52,71
2026-08-18T11:59:00+00:00,0.0,80.5,7.0,22.2,53,71
2026-08-18T12:00:00+00:00,0.0,80.6,7.02,22.2,53,71
2026-08-18T12:01:00+00:00,0.0,80.1,7.03,22.2,53,71
2026-08-18T12:02:00+00:00,0.0,79.5,7.05,22.3,54,71
2026-08-18T12:03:00+00:00,0.0,78.7,7.07,22.4,55,71
2026-08-18T12:04:00+00:00,0.0,77.8,7.08,22.5,56,71
2026-08-18T12:05:00+00:00,0.0,76.8,7.1,22.7,57,71
2026-08-18T12:06:00+00:00,0.0,75.7,7.12,22.8,59,72
2026-08-18T12:07:00+00:00,0.0,74.6,7.13,23.0,60,72
2026-08-18T12:08:00+00:00,0.0,73.4,7.15,23.1,61,72
2026-08-18T12:09:00+00:00,0.0,72.3,7.17,23.3,63,72
2026-08-18T12:10:00+00:00,0.0,71.2,7.18,23.4,64,72
2026-08-18T12:11:00+00:00,0.0,70.2,7.2,23.5,65,72
2026-08-18T12:12:00+00:00,0.0,69.3,7.22,23.6,66,72
2026-08-18T12:13:00+00:00,0.0,68.5,7.23,23.7,66,72
2026-08-18T12:14:00+00:00,0.0,67.9,7.25,23.8,67,72
2026-08-18T12:15:00+00:00,0.0,67.4,7.27,23.9,67,72
2026-08-18T12:16:00+00:00,0.0,67.1,7.28,23.9,67,73
2026-08-18T12:17:00+00:00,0.0,67.0,7.3,23.9,67,73
2026-08-18T12:18:00+00:00,0.0,67.0,7.32,23.9,67,73
2026-08-18T12:19:00+00:00,0.0,67.1,7.33,23.8,67,73
2026-08-18T12:20:00+00:00,0.0,67.4,7.35,23.8,67,73
2026-08-18T12:21:00+00:00,0.0,67.7,7.37,23.7,66,73
2026-08-18T12:22:00+00:00,0.0,68.1,7.38,23.7,66,73
2026-08-18T12:23:00+00:00,0.0,68.5,7.4,23.6,65,73
2026-08-18T12:24:00+00:00,0.0,68.9,7.42,23.5,65,73
2026-08-18T12:25:00+00:00,0.0,69.2,7.43,23.5,64,73
2026-08-18T12:26:00+00:00,0.0,69.5,7.45,23.4,64,73
2026-08-18T12:27:00+00:00,0.0,69.6,7.47,23.4,64,73
2026-08-18T12:28:00+00:00,0.0,69.6,7.48,23.4,63,74
2026-08-18T12:29:00+00:00,0.0,69.5,7.5,23.4,63,74
2026-08-18T12:30:00+00:00,0.0,69.2,7.52,23.4,64,74
2026-08-18T12:31:00+00:00,0.0,68.8,7.53,23.4,64,74
2026-08-18T12:32:00+00:00,0.0,68.3,7.55,23.4,64,74
2026-08-18T12:33:00+00:00,0.0,67.9,7.57,23.5,64,74
2026-08-18T12:34:00+00:00,0.0,67.4,7.58,23.5,64,74
2026-08-18T12:35:00+00:00,0.0,66.9,7.6,23.5,64,74
2026-08-18T12:36:00+00:00,0.0,66.5,7.62,23.5,64,74
2026-08-18T12:37:00+00:00,0.0,66.0,7.63,23.5,64,74
2026-08-18T12:38:00+00:00,0.0,65.4,7.65,23.6,64,74
2026-08-18T12:39:00+00:00,0.0,64.9,7.67,23.6,64,74
2026-08-18T12:40:00+00:00,0.0,64.5,7.68,23.6,64,74
2026-08-18T12:41:00+00:00,0.0,64.0,7.7,23.6,64,74
2026-08-18T12:42:00+00:00,0.0,63.5,7.72,23.6,64,74
2026-08-18T12:43:00+00:00,0.0,63.1,7.73,23.7,64,75
2026-08-18T12:44:00+00:00,0.0,62.6,7.75,23.7,65,75
2026-08-18T12:45:00+00:00,0.0,62.2,7.77,23.7,65,75
2026-08-18T12:46:00+00:00,0.0,61.8,7.78,23.8,65,75
2026-08-18T12:47:00+00:00,0.0,61.4,7.8,23.8,65,75
2026-08-18T12:48:00+00:00,0.0,60.9,7.82,23.8,65,75
2026-08-18T12:49:00+00:00,0.0,60.4,7.83,23.9,66,75
2026-08-18T12:50:00+00:00,0.0,59.9,7.85,23.9,66,75
2026-08-18T12:51:00+00:00,0.0,59.4,7.87,24.0,67,75
2026-08-18T12:52:00+00:00,0.0,58.8,7.88,24.1,66,75
2026-08-18T12:53:00+00:00,0.0,58.3,7.9,24.1,65,75
2026-08-18T12:54:00+00:00,0.0,57.7,7.92,24.2,64,75
2026-08-18T12:55:00+00:00,0.0,57.2,7.93,24.2,63,75
2026-08-18T12:56:00+00:00,0.0,56.6,7.95,24.3,62,75
2026-08-18T12:57:00+00:00,0.0,56.1,7.97,24.3,61,75
2026-08-18T12:58:00+00:00,0.0,55.7,7.98,24.4,61,75
2026-08-18T12:59:00+00:00,0.0,55.2,8.0,24.4,60,75
2026-08-18T13:00:00+00:00,0.0,54.8,8.02,24.4,60,75
2026-08-18T13:01:00+00:00,0.0,54.4,8.03,24.5,59,75
2026-08-18T13:02:00+00:00,0.0,53.9,8.05,24.6,58,75
2026-08-18T13:03:00+00:00,0.0,53.3,8.07,24.6,57,75
2026-08-18T13:04:00+00:00,0.0,52.6,8.08,24.8,55,76
2026-08-18T13:05:00+00:00,0.0,51.9,8.1,24.9,54,76
2026-08-18T13:06:00+00:00,0.0,51.1,8.12,25.0,52,76
2026-08-18T13:07:00+00:00,0.0,50.4,8.13,25.2,50,76
2026-08-18T13:08:00+00:00,0.0,49.5,8.13,25.3,48,76
2026-08-18T13:09:00+00:00,0.0,48.8,8.13,25.5,46,76
2026-08-18T13:10:00+00:00,0.0,48.0,8.13,25.6,45,76
2026-08-18T13:11:00+00:00,0.0,47.3,8.13,25.7,43,76
2026-08-18T13:12:00+00:00,0.0,46.6,8.13,25.8,42,76
2026-08-18T13:13:00+00:00,0.0,46.0,8.13,25.9,40,76
2026-08-18T13:14:00+00:00,0.0,45.5,8.13,26.0,40,76
2026-08-18T13:15:00+00:00,0.0,45.1,8.13,26.0,39,76
2026-08-18T13:16:00+00:00,0.0,44.7,8.13,26.0,39,76
2026-08-18T13:17:00+00:00,0.0,44.2,8.13,26.0,39,76
2026-08-18T13:18:00+00:00,0.0,43.7,8.13,26.0,39,76
2026-08-18T13:19:00+00:00,0.0,43.1,8.13,25.9,39,76
2026-08-18T13:20:00+00:00,0.0,42.5,8.13,25.8,40,76
2026-08-18T13:21:00+00:00,0.0,41.9,8.13,25.7,41,76
2026-08-18T13:22:00+00:00,0.0,41.3,8.13,25.6,42,76
2026-08-18T13:23:00+00:00,0.0,40.7,8.13,25.4,43,76
2026-08-18T13:24:00+00:00,0.0,40.1,8.13,25.3,44,76
2026-08-18T13:25:00+00:00,0.0,39.4,8.13,25.2,44,76
2026-08-18T13:26:00+00:00,0.0,38.9,8.13,25.1,45,77
2026-08-18T13:27:00+00:00,0.0,38.3,8.13,25.1,45,77
2026-08-18T13:28:00+00:00,0.0,37.8,8.13,25.0,45,77
2026-08-18T13:29:00+00:00,0.0,37.3,8.13,25.0,45,77
2026-08-18T13:30:00+00:00,0.0,36.9,8.13,25.0,45,77
2026-08-18T13:31:00+00:00,0.0,36.6,8.13,25.0,45,77
2026-08-18T13:32:00+00:00,0.0,36.3,8.13,25.1,44,77
2026-08-18T13:33:00+00:00,0.0,36.1,8.13,25.2,43,77
2026-08-18T13:34:00+00:00,0.0,36.0,8.13,25.2,43,77
2026-08-18T13:35:00+00:00,0.0,36.0,8.13,25.3,42,77
2026-08-18T13:36:00+00:00,0.0,35.9,8.13,25.4,41,77
2026-08-18T13:37:00+00:00,0.0,36.0,8.13,25.5,40,77
2026-08-18T13:38:00+00:00,0.0,36.0,8.13,25.6,39,77
2026-08-18T13:39:00+00:00,0.0,36.0,8.13,25.7,38,77
2026-08-18T13:40:00+00:00,0.0,36.0,8.13,25.8,37,77
2026-08-18T13:41:00+00:00,0.0,35.9,8.13,25.9,36,77
2026-08-18T13:42:00+00:00,0.0,35.8,8.13,26.0,35,77
2026-08-18T13:43:00+00:00,0.0,35.6,8.13,26.1,35,78
2026-08-18T13:44:00+00:00,0.0,35.4,8.13,26.1,34,78
2026-08-18T13:45:00+00:00,0.0,35.0,8.13,26.2,34,78
2026-08-18T13:46:00+00:00,0.0,34.7,8.13,26.2,33,78
2026-08-18T13:47:00+00:00,0.0,34.4,8.13,26.2,33,78
2026-08-18T13:48:00+00:00,0.0,34.1,8.13,26.2,33,78
2026-08-18T13:49:00+00:00,0.0,34.0,8.13,26.2,33,78
2026-08-18T13:50:00+00:00,0.0,33.8,8.13,26.2,33,78
2026-08-18T13:51:00+00:00,0.0,33.7,8.13,26.1,34,78
2026-08-18T13:52:00+00:00,0.0,33.7,8.13,26.1,34,78
2026-08-18T13:53:00+00:00,0.0,33.6,8.13,26.1,34,78
2026-08-18T13:54:00+00:00,0.0,33.5,8.13,26.0,34,78
2026-08-18T13:55:00+00:00,0.0,33.4,8.13,26.0,35,78
2026-08-18T13:56:00+00:00,0.0,33.3,8.13,26.0,35,79
2026-08-18T13:57:00+00:00,0.0,33.1,8.13,26.0,35,79
2026-08-18T13:58:00+00:00,0.0,32.9,8.13,26.0,35,79
2026-08-18T13:59:00+00:00,0.0,32.6,8.13,26.0,35,79
2026-08-18T14:00:00+00:00,0.0,32.3,8.13,26.0,34,79
2026-08-18T14:01:00+00:00,0.0,31.8,8.13,26.0,34,79
2026-08-18T14:02:00+00:00,0.0,31.3,8.13,26.0,33,79
2026-08-18T14:03:00+00:00,0.0,30.7,8.13,26.1,33,79
2026-08-18T14:04:00+00:00,0.0,30.1,8.13,26.1,32,79
2026-08-18T14:05:00+00:00,0.0,29.4,8.13,26.2,31,79
2026-08-18T14:06:00+00:00,0.0,28.6,8.13,26.2,31,79
2026-08-18T14:07:00+00:00,0.0,27.8,8.13,26.3,30,80
2026-08-18T14:08:00+00:00,0.0,27.0,8.13,26.3,29,80
2026-08-18T14:09:00+00:00,0.0,26.2,8.13,26.4,29,80
2026-08-18T14:10:00+00:00,0.0,25.5,8.13,26.4,28,80
2026-08-18T14:11:00+00:00,0.0,24.8,8.13,26.5,27,80
2026-08-18T14:12:00+00:00,0.0,24.1,8.13,26.5,27,80
2026-08-18T14:13:00+00:00,0.0,23.5,8.13,26.6,26,80
2026-08-18T14:14:00+00:00,0.0,23.0,8.13,26.6,26,80
2026-08-18T14:15:00+00:00,0.0,22.6,8.13,26.6,25,80
2026-08-18T14:16:00+00:00,0.0,22.2,8.13,26.6,25,80
2026-08-18T14:17:00+00:00,0.0,21.8,8.13,26.6,25,81
2026-08-18T14:18:00+00:00,0.0,21.5,8.13,26.6,25,81
2026-08-18T14:19:00+00:00,0.0,21.1,8.13,26.6,25,81
2026-08-18T14:20:00+00:00,0.0,20.7,8.13,26.6,25,81
2026-08-18T14:21:00+00:00,0.0,20.4,8.13,26.6,25,81
2026-08-18T14:22:00+00:00,0.0,20.0,8.13,26.5,25,81
2026-08-18T14:23:00+00:00,0.0,19.6,8.13,26.5,25,81
2026-08-18T14:24:00+00:00,0.0,19.3,8.13,26.4,26,81
2026-08-18T14:25:00+00:00,0.0,18.9,8.13,26.4,26,81
2026-08-18T14:26:00+00:00,0.0,18.6,8.13,26.4,26,82
2026-08-18T14:27:00+00:00,0.0,18.2,8.13,26.4,26,82
2026-08-18T14:28:00+00:00,0.0,17.8,8.13,26.4,26,82
2026-08-18T14:29:00+00:00,0.0,17.4,8.13,26.4,26,82
2026-08-18T14:30:00+00:00,0.0,17.1,8.13,26.4,25,82
2026-08-18T14:31:00+00:00,0.0,17.0,8.13,26.4,25,82
2026-08-18T14:32:00+00:00,0.0,17.0,8.13,26.4,25,82
2026-08-18T14:33:00+00:00,0.0,17.0,8.13,26.5,24,82
2026-08-18T14:34:00+00:00,0.0,16.9,8.13,26.6,24,82
2026-08-18T14:35:00+00:00,0.0,16.8,8.13,26.7,23,83
2026-08-18T14:36:00+00:00,0.0,16.7,8.13,26.8,23,83
2026-08-18T14:37:00+00:00,0.0,16.6,8.13,26.8,22,83
2026-08-18T14:38:00+00:00,0.0,16.4,8.13,26.9,21,83
2026-08-18T14:39:00+00:00,0.0,16.3,8.13,27.0,20,83
2026-08-18T14:40:00+00:00,0.0,16.2,8.13,27.1,20,83
2026-08-18T14:41:00+00:00,0.0,16.1,8.13,27.2,19,83
2026-08-18T14:42:00+00:00,0.0,16.1,8.13,27.3,19,83
2026-08-18T14:43:00+00:00,0.0,16.0,8.13,27.3,18,83
2026-08-18T14:44:00+00:00,0.0,16.0,8.13,27.4,18,84
2026-08-18T14:45:00+00:00,0.0,16.0,8.13,27.4,18,84
2026-08-18T14:46:00+00:00,0.0,15.9,8.13,27.4,17,84
2026-08-18T14:47:00+00:00,0.0,15.8,8.13,27.5,17,84
2026-08-18T14:48:00+00:00,0.0,15.7,8.13,27.5,17,84
2026-08-18T14:49:00+00:00,0.0,15.5,8.13,27.6,16,84
2026-08-18T14:50:00+00:00,0.0,15.2,8.13,27.7,16,84
2026-08-18T14:51:00+00:00,0.0,15.0,8.13,27.8,15,84
2026-08-18T14:52:00+00:00,0.0,14.7,8.13,27.9,14,85
2026-08-18T14:53:00+00:00,0.0,14.4,8.13,28.0,13,85
2026-08-18T14:54:00+00:00,0.0,14.1,8.13,28.1,13,85
2026-08-18T14:55:00+00:00,0.0,13.8,8.13,28.1,12,85
2026-08-18T14:56:00+00:00,0.0,13.5,8.13,28.2,12,85
2026-08-18T14:57:00+00:00,0.0,13.3,8.13,28.3,11,85
2026-08-18T14:58:00+00:00,0.0,13.2,8.13,28.3,11,85
2026-08-18T14:59:00+00:00,0.0,13.1,8.13,28.4,10,85
2026-08-18T15:00:00+00:00,0.0,13.1,8.13,28.4,10,85
2026-08-18T15:01:00+00:00,0.0,13.2,8.13,28.4,10,86
2026-08-18T15:02:00+00:00,0.0,13.4,8.13,28.4,10,86
2026-08-18T15:03:00+00:00,0.0,13.8,8.13,28.3,11,86
2026-08-18T15:04:00+00:00,0.0,14.4,8.13,28.3,11,86
2026-08-18T15:05:00+00:00,0.0,15.0,8.13,28.2,12,86
2026-08-18T15:06:00+00:00,0.0,15.8,8.13,28.1,13,86
2026-08-18T15:07:00+00:00,0.0,16.6,8.13,28.0,14,86
2026-08-18T15:08:00+00:00,0.0,17.4,8.13,27.9,15,86
2026-08-18T15:09:00+00:00,0.0,18.2,8.13,27.8,16,86
2026-08-18T15:10:00+00:00,0.0,19.0,8.13,27.7,16,87
2026-08-18T15:11:00+00:00,0.0,19.7,8.13,27.6,17,87
2026-08-18T15:12:00+00:00,0.0,20.2,8.13,27.5,18,87
2026-08-18T15:13:00+00:00,0.0,20.6,8.13,27.5,18,87
2026-08-18T15:14:00+00:00,0.0,20.9,8.13,27.5,19,87
2026-08-18T15:15:00+00:00,0.0,21.0,8.13,27.5,19,87
2026-08-18T15:16:00+00:00,0.0,20.9,8.13,27.5,18,87
2026-08-18T15:17:00+00:00,0.0,20.7,8.13,27.5,18,87
2026-08-18T15:18:00+00:00,0.0,20.3,8.13,27.6,18,87
2026-08-18T15:19:00+00:00,0.0,19.8,8.13,27.6,17,87
2026-08-18T15:20:00+00:00,0.0,19.3,8.13,27.6,17,88
2026-08-18T15:21:00+00:00,0.0,18.6,8.13,27.7,16,88
2026-08-18T15:22:00+00:00,0.0,17.9,8.13,27.7,16,88
2026-08-18T15:23:00+00:00,0.0,17.2,8.13,27.8,15,88
2026-08-18T15:24:00+00:00,0.0,16.5,8.13,27.9,15,88
2026-08-18T15:25:00+00:00,0.0,15.8,8.13,27.9,14,88
2026-08-18T15:26:00+00:00,0.0,15.2,8.13,28.0,14,88
2026-08-18T15:27:00+00:00,0.0,14.8,8.13,28.0,13,88
2026-08-18T15:28:00+00:00,0.0,14.4,8.13,28.0,13,88
2026-08-18T15:29:00+00:00,0.0,14.2,8.13,28.1,13,88
2026-08-18T15:30:00+00:00,0.0,14.1,8.13,28.1,13,88
2026-08-18T15:31:00+00:00,0.0,14.1,8.13,28.1,12,89
2026-08-18T15:32:00+00:00,0.0,14.1,8.13,28.1,12,89
2026-08-18T15:33:00+00:00,0.0,14.1,8.13,28.2,12,89
2026-08-18T15:34:00+00:00,0.0,14.2,8.13,28.3,11,89
2026-08-18T15:35:00+00:00,0.0,14.2,8.13,28.4,11,89
2026-08-18T15:36:00+00:00,0.0,14.2,8.13,28.5,10,89
2026-08-18T15:37:00+00:00,0.0,14.3,8.13,28.6,9,89
2026-08-18T15:38:00+00:00,0.0,14.3,8.13,28.7,9,89
2026-08-18T15:39:00+00:00,0.0,14.4,8.13,28.8,8,89
2026-08-18T15:40:00+00:00,0.0,14.4,8.13,28.9,7,89
2026-08-18T15:41:00+00:00,0.0,14.5,8.13,28.9,7,89
2026-08-18T15:42:00+00:00,0.0,14.5,8.13,29.0,6,89
2026-08-18T15:43:00+00:00,0.0,14.5,8.13,29.1,6,89
2026-08-18T15:44:00+00:00,0.0,14.5,8.13,29.1,6,90
2026-08-18T15:45:00+00:00,0.0,14.5,8.13,29.1,5,90
2026-08-18T15:46:00+00:00,0.0,14.6,8.13,29.1,5,90
2026-08-18T15:47:00+00:00,0.0,14.8,8.13,29.1,6,90
2026-08-18T15:48:00+00:00,0.0,15.2,8.13,29.0,6,90
2026-08-18T15:49:00+00:00,0.0,15.7,8.13,29.0,7,90
2026-08-18T15:50:00+00:00,0.0,16.3,8.13,28.9,8,90
2026-08-18T15:51:00+00:00,0.0,17.0,8.13,28.7,9,90
2026-08-18T15:52:00+00:00,0.0,17.7,8.13,28.6,10,90
2026-08-18T15:53:00+00:00,0.0,18.5,8.13,28.5,11,90
2026-08-18T15:54:00+00:00,0.0,19.2,8.13,28.3,12,90
2026-08-18T15:55:00+00:00,0.0,19.9,8.13,28.2,13,90
2026-08-18T15:56:00+00:00,0.0,20.5,8.13,28.1,14,90
2026-08-18T15:57:00+00:00,0.0,21.0,8.13,28.0,14,90
2026-08-18T15:58:00+00:00,0.0,21.4,8.13,28.0,15,90
2026-08-18T15:59:00+00:00,0.0,21.6,8.13,27.9,15,90
2026-08-18T16:00:00+00:00,0.0,21.7,8.13,27.9,15,90
2026-08-18T16:01:00+00:00,0.0,21.6,8.13,27.9,15,90
2026-08-18T16:02:00+00:00,0.0,21.4,8.13,28.0,15,90
2026-08-18T16:03:00+00:00,0.0,20.9,8.13,28.0,15,90
2026-08-18T16:04:00+00:00,0.0,20.4,8.13,28.0,14,90
2026-08-18T16:05:00+00:00,0.0,19.8,8.13,28.1,14,90
2026-08-18T16:06:00+00:00,0.0,19.0,8.13,28.1,13,91
2026-08-18T16:07:00+00:00,0.0,18.2,8.13,28.2,13,91
2026-08-18T16:08:00+00:00,0.0,17.4,8.13,28.2,12,91
2026-08-18T16:09:00+00:00,0.0,16.6,8.13,28.3,12,91
2026-08-18T16:10:00+00:00,0.0,15.9,8.13,28.4,11,91
2026-08-18T16:11:00+00:00,0.0,15.2,8.13,28.4,11,91
2026-08-18T16:12:00+00:00,0.0,14.7,8.13,28.4,10,91
2026-08-18T16:13:00+00:00,0.0,14.3,8.13,28.5,10,91
2026-08-18T16:14:00+00:00,0.0,14.0,8.13,28.5,10,91
2026-08-18T16:15:00+00:00,0.0,13.9,8.13,28.5,10,91
2026-08-18T16:16:00+00:00,0.0,14.0,8.13,28.5,10,91
2026-08-18T16:17:00+00:00,0.0,14.2,8.13,28.5,10,91
2026-08-18T16:18:00+00:00,0.0,14.5,8.13,28.5,10,91
2026-08-18T16:19:00+00:00,0.0,15.0,8.13,28.5,10,91
2026-08-18T16:20:00+00:00,0.0,15.5,8.13,28.5,10,91
2026-08-18T16:21:00+00:00,0.0,16.1,8.13,28.6,10,91
2026-08-18T16:22:00+00:00,0.0,16.7,8.13,28.6,10,91
2026-08-18T16:23:00+00:00,0.0,17.4,8.13,28.6,10,91
2026-08-18T16:24:00+00:00,0.0,18.0,8.13,28.6,10,91
2026-08-18T16:25:00+00:00,0.0,18.6,8.13,28.6,10,91
2026-08-18T16:26:00+00:00,0.0,19.2,8.13,28.6,10,91
2026-08-18T16:27:00+00:00,0.0,19.6,8.13,28.6,10,91
2026-08-18T16:28:00+00:00,0.0,19.9,8.13,28.6,10,91
2026-08-18T16:29:00+00:00,0.0,20.1,8.13,28.6,10,91
2026-08-18T16:30:00+00:00,0.0,20.2,8.13,28.7,10,91
2026-08-18T16:31:00+00:00,0.0,20.1,8.13,28.7,9,91
2026-08-18T16:32:00+00:00,0.0,20.0,8.13,28.7,9,91
2026-08-18T16:33:00+00:00,0.0,19.8,8.13,28.7,9,91
2026-08-18T16:34:00+00:00,0.0,19.5,8.13,28.7,9,91
2026-08-18T16:35:00+00:00,0.0,19.2,8.13,28.8,9,91
2026-08-18T16:36:00+00:00,0.0,18.8,8.13,28.8,8,91
2026-08-18T16:37:00+00:00,0.0,18.4,8.13,28.8,8,92
2026-08-18T16:38:00+00:00,0.0,18.0,8.13,28.9,8,92
2026-08-18T16:39:00+00:00,0.0,17.6,8.13,28.9,7,92
2026-08-18T16:40:00+00:00,0.0,17.2,8.13,28.9,7,92
2026-08-18T16:41:00+00:00,0.0,16.9,8.13,29.0,7,92
2026-08-18T16:42:00+00:00,0.0,16.6,8.13,29.0,7,92
2026-08-18T16:43:00+00:00,0.0,16.4,8.13,29.0,6,92
2026-08-18T16:44:00+00:00,0.0,16.2,8.13,29.0,6,92
2026-08-18T16:45:00+00:00,0.0,16.2,8.13,29.0,6,92
2026-08-18T16:46:00+00:00,0.0,16.2,8.13,29.0,6,92
2026-08-18T16:47:00+00:00,0.0,16.4,8.13,29.0,6,92
2026-08-18T16:48:00+00:00,0.0,16.6,8.13,29.0,7,92
2026-08-18T16:49:00+00:00,0.0,16.9,8.13,29.0,7,92
2026-08-18T16:50:00+00:00,0.0,17.3,8.13,28.9,7,92
2026-08-18T16:51:00+00:00,0.0,17.7,8.13,28.9,8,92
2026-08-18T16:52:00+00:00,0.0,18.2,8.13,28.8,8,92
2026-08-18T16:53:00+00:00,0.0,18.6,8.13,28.8,8,92
2026-08-18T16:54:00+00:00,0.0,19.1,8.13,28.7,9,92
2026-08-18T16:55:00+00:00,0.0,19.5,8.13,28.7,9,92
2026-08-18T16:56:00+00:00,0.0,19.8,8.13,28.6,10,92
2026-08-18T16:57:00+00:00,0.0,20.2,8.13,28.6,10,92
2026-08-18T16:58:00+00:00,0.0,20.4,8.13,28.6,10,92
2026-08-18T16:59:00+00:00,0.0,20.5,8.13,28.6,10,92
2026-08-18T17:00:00+00:00,0.0,20.6,8.13,28.6,10,92
2026-08-18T17:01:00+00:00,0.0,20.5,8.13,28.6,10,92
2026-08-18T17:02:00+00:00,0.0,20.3,8.13,28.6,10,92
2026-08-18T17:03:00+00:00,0.0,20.0,8.13,28.6,10,92
2026-08-18T17:04:00+00:00,0.0,19.6,8.13,28.7,9,92
2026-08-18T17:05:00+00:00,0.0,19.1,8.13,28.8,8,92
2026-08-18T17:06:00+00:00,0.0,18.5,8.13,28.9,8,92
2026-08-18T17:07:00+00:00,0.0,17.9,8.13,29.0,7,92
2026-08-18T17:08:00+00:00,0.0,17.2,8.13,29.1,6,92
2026-08-18T17:09:00+00:00,0.0,16.6,8.13,29.2,5,92
2026-08-18T17:10:00+00:00,0.0,16.1,8.13,29.3,5,92
2026-08-18T17:11:00+00:00,0.0,15.5,8.13,29.3,4,92
2026-08-18T17:12:00+00:00,0.0,15.1,8.13,29.4,4,92
2026-08-18T17:13:00+00:00,0.0,14.8,8.13,29.5,3,92
2026-08-18T17:14:00+00:00,0.0,14.6,8.13,29.5,3,92
2026-08-18T17:15:00+00:00,0.0,14.5,8.13,29.5,3,92
2026-08-18T17:16:00+00:00,0.0,14.6,8.13,29.5,3,92
2026-08-18T17:17:00+00:00,0.0,14.8,8.13,29.5,3,92
2026-08-18T17:18:00+00:00,0.0,15.2,8.13,29.4,3,92
2026-08-18T17:19:00+00:00,0.0,15.7,8.13,29.4,4,92
2026-08-18T17:20:00+00:00,0.0,16.3,8.13,29.4,4,92
2026-08-18T17:21:00+00:00,0.0,17.0,8.13,29.3,4,92
2026-08-18T17:22:00+00:00,0.0,17.7,8.13,29.3,4,92
2026-08-18T17:23:00+00:00,0.0,18.4,8.13,29.3,5,92
2026-08-18T17:24:00+00:00,0.0,19.1,8.13,29.2,5,92
2026-08-18T17:25:00+00:00,0.0,19.8,8.13,29.2,6,92
2026-08-18T17:26:00+00:00,0.0,20.4,8.13,29.2,6,92
2026-08-18T17:27:00+00:00,0.0,20.8,8.13,29.1,6,92
2026-08-18T17:28:00+00:00,0.0,21.2,8.13,29.1,6,92
2026-08-18T17:29:00+00:00,0.0,21.4,8.13,29.1,6,92
2026-08-18T17:30:00+00:00,0.0,21.5,8.13,29.1,6,92
2026-08-18T17:31:00+00:00,0.0,21.5,8.13,29.1,7,92
2026-08-18T17:32:00+00:00,0.0,21.5,8.13,29.0,7,92
2026-08-18T17:33:00+00:00,0.0,21.4,8.13,29.0,7,92
2026-08-18T17:34:00+00:00,0.0,21.3,8.13,28.9,8,92
2026-08-18T17:35:00+00:00,0.0,21.2,8.13,28.9,8,92
2026-08-18T17:36:00+00:00,0.0,21.1,8.13,28.8,9,92
2026-08-18T17:37:00+00:00,0.0,20.9,8.13,28.7,9,92
2026-08-18T17:38:00+00:00,0.0,20.8,8.13,28.6,10,92
2026-08-18T17:39:00+00:00,0.0,20.7,8.13,28.5,10,92
2026-08-18T17:40:00+00:00,0.0,20.6,8.13,28.5,11,92
2026-08-18T17:41:00+00:00,0.0,20.5,8.13,28.4,11,92
2026-08-18T17:42:00+00:00,0.0,20.4,8.13,28.3,12,92
2026-08-18T17:43:00+00:00,0.0,20.3,8.13,28.3,12,92
2026-08-18T17:44:00+00:00,0.0,20.3,8.13,28.3,12,92
2026-08-18T17:45:00+00:00,0.0,20.2,8.13,28.2,13,92
2026-08-18T17:46:00+00:00,0.0,20.2,8.13,28.2,13,92
2026-08-18T17:47:00+00:00,0.0,20.2,8.13,28.2,13,92
2026-08-18T17:48:00+00:00,0.0,20.2,8.13,28.3,13,92
2026-08-18T17:49:00+00:00,0.0,20.3,8.13,28.3,12,92
2026-08-18T17:50:00+00:00,0.0,20.3,8.13,28.3,12,92
2026-08-18T17:51:00+00:00,0.0,20.3,8.13,28.3,12,92
2026-08-18T17:52:00+00:00,0.0,20.3,8.13,28.3,12,92
2026-08-18T17:53:00+00:00,0.0,20.3,8.13,28.3,12,92
2026-08-18T17:54:00+00:00,0.0,20.3,8.13,28.3,12,92
2026-08-18T17:55:00+00:00,0.0,20.3,8.13,28.4,12,92
2026-08-18T17:56:00+00:00,0.0,20.3,8.13,28.4,12,92
2026-08-18T17:57:00+00:00,0.0,20.3,8.13,28.4,12,92
2026-08-18T17:58:00+00:00,0.0,20.3,8.13,28.4,11,92
2026-08-18T17:59:00+00:00,0.0,20.3,8.13,28.4,11,92
2026-08-18T18:00:00+00:00,0.0,20.3,8.13,28.4,12,92
2026-08-18T18:01:00+00:00,0.0,20.3,8.13,28.4,12,92
2026-08-18T18:02:00+00:00,0.0,20.3,8.13,28.4,12,92
2026-08-18T18:03:00+00:00,0.0,20.3,8.13,28.4,12,92
2026-08-18T18:04:00+00:00,0.0,20.2,8.13,28.4,11,92
2026-08-18T18:05:00+00:00,0.0,20.2,8.13,28.4,11,92
2026-08-18T18:06:00+00:00,0.0,20.1,8.13,28.4,11,92
2026-08-18T18:07:00+00:00,0.0,20.1,8.13,28.4,11,92
2026-08-18T18:08:00+00:00,0.0,20.0,8.13,28.5,11,92
2026-08-18T18:09:00+00:00,0.0,20.0,8.13,28.5,11,92
2026-08-18T18:10:00+00:00,0.0,19.9,8.13,28.5,11,92
2026-08-18T18:11:00+00:00,0.0,19.9,8.13,28.5,11,92
2026-08-18T18:12:00+00:00,0.0,19.8,8.13,28.5,11,92
2026-08-18T18:13:00+00:00,0.0,19.8,8.13,28.5,11,91
2026-08-18T18:14:00+00:00,0.0,19.8,8.13,28.5,11,91
2026-08-18T18:15:00+00:00,0.0,19.8,8.13,28.5,11,91
2026-08-18T18:16:00+00:00,0.0,19.8,8.13,28.5,11,91
2026-08-18T18:17:00+00:00,0.0,19.8,8.13,28.5,11,91
2026-08-18T18:18:00+00:00,0.0,19.9,8.13,28.5,11,91
2026-08-18T18:19:00+00:00,0.0,20.0,8.13,28.5,11,91
2026-08-18T18:20:00+00:00,0.0,20.2,8.13,28.5,10,91
2026-08-18T18:21:00+00:00,0.0,20.3,8.13,28.5,10,91
2026-08-18T18:22:00+00:00,0.0,20.4,8.13,28.6,10,91
2026-08-18T18:23:00+00:00,0.0,20.6,8.13,28.6,10,91
2026-08-18T18:24:00+00:00,0.0,20.8,8.13,28.6,10,91
2026-08-18T18:25:00+00:00,0.0,20.9,8.13,28.6,10,91
2026-08-18T18:26:00+00:00,0.0,21.0,8.13,28.6,10,91
2026-08-18T18:27:00+00:00,0.0,21.1,8.13,28.7,10,91
2026-08-18T18:28:00+00:00,0.0,21.2,8.13,28.7,10,91
2026-08-18T18:29:00+00:00,0.0,21.3,8.13,28.7,10,91
2026-08-18T18:30:00+00:00,0.0,21.3,8.13,28.7,10,91
2026-08-18T18:31:00+00:00,0.0,21.3,8.13,28.6,10,91
2026-08-18T18:32:00+00:00,0.0,21.3,8.13,28.6,10,91
2026-08-18T18:33:00+00:00,0.0,21.3,8.13,28.6,10,91
2026-08-18T18:34:00+00:00,0.0,21.4,8.13,28.6,10,91
2026-08-18T18:35:00+00:00,0.0,21.4,8.13,28.6,10,91
2026-08-18T18:36:00+00:00,0.0,21.4,8.13,28.6,10,90
2026-08-18T18:37:00+00:00,0.0,21.5,8.13,28.5,11,90
2026-08-18T18:38:00+00:00,0.0,21.5,8.13,28.5,11,90
2026-08-18T18:39:00+00:00,0.0,21.6,8.13,28.5,11,90
2026-08-18T18:40:00+00:00,0.0,21.6,8.13,28.5,11,90
2026-08-18T18:41:00+00:00,0.0,21.7,8.13,28.5,11,90
2026-08-18T18:42:00+00:00,0.0,21.7,8.13,28.5,11,90
2026-08-18T18:43:00+00:00,0.0,21.7,8.13,28.4,11,90
2026-08-18T18:44:00+00:00,0.0,21.8,8.13,28.4,11,90
2026-08-18T18:45:00+00:00,0.0,21.8,8.13,28.4,12,90
2026-08-18T18:46:00+00:00,0.0,21.7,8.13,28.4,12,90
2026-08-18T18:47:00+00:00,0.0,21.5,8.13,28.3,12,90
2026-08-18T18:48:00+00:00,0.0,21.2,8.13,28.3,13,90
2026-08-18T18:49:00+00:00,0.0,20.8,8.13,28.2,13,90
2026-08-18T18:50:00+00:00,0.0,20.3,8.13,28.1,14,90
2026-08-18T18:51:00+00:00,0.0,19.8,8.13,28.0,14,90
2026-08-18T18:52:00+00:00,0.0,19.2,8.13,27.9,15,90
2026-08-18T18:53:00+00:00,0.0,18.6,8.13,27.8,16,90
2026-08-18T18:54:00+00:00,0.0,18.0,8.13,27.7,16,89
2026-08-18T18:55:00+00:00,0.0,17.5,8.13,27.5,17,89
2026-08-18T18:56:00+00:00,0.0,17.0,8.13,27.4,18,89
2026-08-18T18:57:00+00:00,0.0,16.6,8.13,27.4,18,89
2026-08-18T18:58:00+00:00,0.0,16.3,8.13,27.3,19,89
2026-08-18T18:59:00+00:00,0.0,16.1,8.13,27.3,19,89
2026-08-18T19:00:00+00:00,0.0,16.1,8.13,27.2,19,89
2026-08-18T19:01:00+00:00,0.0,16.1,8.13,27.2,19,89
2026-08-18T19:02:00+00:00,0.0,16.1,8.13,27.2,19,89
2026-08-18T19:03:00+00:00,0.0,16.0,8.13,27.2,19,89
2026-08-18T19:04:00+00:00,0.0,16.0,8.13,27.3,19,89
2026-08-18T19:05:00+00:00,0.0,15.9,8.13,27.3,18,89
2026-08-18T19:06:00+00:00,0.0,15.8,8.13,27.4,18,89
2026-08-18T19:07:00+00:00,0.0,15.8,8.13,27.5,17,89
2026-08-18T19:08:00+00:00,0.0,15.7,8.13,27.5,17,89
2026-08-18T19:09:00+00:00,0.0,15.6,8.13,27.6,16,89
2026-08-18T19:10:00+00:00,0.0,15.6,8.13,27.6,16,88
2026-08-18T19:11:00+00:00,0.0,15.5,8.13,27.7,16,88
2026-08-18T19:12:00+00:00,0.0,15.5,8.13,27.7,15,88
2026-08-18T19:13:00+00:00,0.0,15.4,8.13,27.7,15,88
2026-08-18T19:14:00+00:00,0.0,15.4,8.13,27.7,15,88
2026-08-18T19:15:00+00:00,0.0,15.4,8.13,27.7,15,88
2026-08-18T19:16:00+00:00,0.0,15.4,8.13,27.7,15,88
2026-08-18T19:17:00+00:00,0.0,15.5,8.13,27.7,15,88
2026-08-18T19:18:00+00:00,0.0,15.7,8.13,27.7,15,88
2026-08-18T19:19:00+00:00,0.0,15.9,8.13,27.7,15,88
2026-08-18T19:20:00+00:00,0.0,16.1,8.13,27.8,15,88
2026-08-18T19:21:00+00:00,0.0,16.4,8.13,27.8,15,88
2026-08-18T19:22:00+00:00,0.0,16.7,8.13,27.8,15,88
2026-08-18T19:23:00+00:00,0.0,17.0,8.13,27.9,15,88
2026-08-18T19:24:00+00:00,0.0,17.3,8.13,27.9,15,88
2026-08-18T19:25:00+00:00,0.0,17.5,8.13,27.9,14,87
2026-08-18T19:26:00+00:00,0.0,17.8,8.13,27.9,14,87
2026-08-18T19:27:00+00:00,0.0,18.0,8.13,28.0,14,87
2026-08-18T19:28:00+00:00,0.0,18.1,8.13,28.0,14,87
2026-08-18T19:29:00+00:00,0.0,18.2,8.13,28.0,14,87
2026-08-18T19:30:00+00:00,0.0,18.3,8.13,27.9,14,87
2026-08-18T19:31:00+00:00,0.0,18.2,8.13,27.9,15,87
2026-08-18T19:32:00+00:00,0.0,18.2,8.13,27.9,15,87
2026-08-18T19:33:00+00:00,0.0,18.2,8.13,27.8,15,87
2026-08-18T19:34:00+00:00,0.0,18.1,8.13,27.8,16,87
2026-08-18T19:35:00+00:00,0.0,18.1,8.13,27.7,16,87
2026-08-18T19:36:00+00:00,0.0,18.0,8.13,27.6,17,87
2026-08-18T19:37:00+00:00,0.0,17.9,8.13,27.6,17,87
2026-08-18T19:38:00+00:00,0.0,17.8,8.13,27.5,18,86
2026-08-18T19:39:00+00:00,0.0,17.8,8.13,27.4,18,86
2026-08-18T19:40:00+00:00,0.0,17.7,8.13,27.4,19,86
2026-08-18T19:41:00+00:00,0.0,17.6,8.13,27.3,19,86
2026-08-18T19:42:00+00:00,0.0,17.6,8.13,27.2,19,86
2026-08-18T19:43:00+00:00,0.0,17.5,8.13,27.2,20,86
2026-08-18T19:44:00+00:00,0.0,17.5,8.13,27.1,20,86
2026-08-18T19:45:00+00:00,0.0,17.5,8.13,27.1,20,86
2026-08-18T19:46:00+00:00,0.0,17.5,8.13,27.1,20,86
2026-08-18T19:47:00+00:00,0.0,17.5,8.13,27.1,21,86
2026-08-18T19:48:00+00:00,0.0,17.6,8.13,27.0,21,86
2026-08-18T19:49:00+00:00,0.0,17.6,8.13,27.0,21,86
2026-08-18T19:50:00+00:00,0.0,17.7,8.13,26.9,22,85
2026-08-18T19:51:00+00:00,0.0,17.7,8.13,26.9,22,85
2026-08-18T19:52:00+00:00,0.0,17.8,8.13,26.8,22,85
2026-08-18T19:53:00+00:00,0.0,17.9,8.13,26.8,23,85
2026-08-18T19:54:00+00:00,0.0,17.9,8.13,26.7,23,85
2026-08-18T19:55:00+00:00,0.0,18.0,8.13,26.7,24,85
2026-08-18T19:56:00+00:00,0.0,18.0,8.13,26.6,24,85
2026-08-18T19:57:00+00:00,0.0,18.1,8.13,26.6,24,85
2026-08-18T19:58:00+00:00,0.0,18.1,8.13,26.5,25,85
2026-08-18T19:59:00+00:00,0.0,18.1,8.13,26.5,25,85
2026-08-18T20:00:00+00:00,0.0,18.1,8.13,26.5,25,85
2026-08-18T20:01:00+00:00,0.0,18.2,8.13,26.4,25,85
2026-08-18T20:02:00+00:00,0.0,18.3,8.13,26.4,25,84
2026-08-18T20:03:00+00:00,0.0,18.4,8.13,26.4,25,84
2026-08-18T20:04:00+00:00,0.0,18.7,8.13,26.4,26,84
2026-08-18T20:05:00+00:00,0.0,18.9,8.13,26.4,26,84
2026-08-18T20:06:00+00:00,0.0,19.2,8.13,26.4,26,84
2026-08-18T20:07:00+00:00,0.0,19.5,8.13,26.4,26,84
2026-08-18T20:08:00+00:00,0.0,19.8,8.13,26.5,26,84
2026-08-18T20:09:00+00:00,0.0,20.2,8.13,26.5,26,84
2026-08-18T20:10:00+00:00,0.0,20.5,8.13,26.5,26,84
2026-08-18T20:11:00+00:00,0.0,20.7,8.13,26.5,26,84
2026-08-18T20:12:00+00:00,0.0,20.9,8.13,26.5,26,84
2026-08-18T20:13:00+00:00,0.0,21.1,8.13,26.5,26,83
2026-08-18T20:14:00+00:00,0.0,21.2,8.13,26.4,26,83
2026-08-18T20:15:00+00:00,0.0,21.2,8.13,26.4,26,83
2026-08-18T20:16:00+00:00,0.0,21.2,8.13,26.4,27,83
2026-08-18T20:17:00+00:00,0.0,21.1,8.13,26.4,27,83
2026-08-18T20:18:00+00:00,0.0,21.0,8.13,26.3,27,83
2026-08-18T20:19:00+00:00,0.0,20.8,8.13,26.3,27,83
2026-08-18T20:20:00+00:00,0.0,20.6,8.13,26.3,27,83
2026-08-18T20:21:00+00:00,0.0,20.4,8.13,26.2,28,83
2026-08-18T20:22:00+00:00,0.0,20.1,8.13,26.2,28,83
2026-08-18T20:23:00+00:00,0.0,19.9,8.13,26.2,28,82
2026-08-18T20:24:00+00:00,0.0,19.6,8.13,26.1,28,82
2026-08-18T20:25:00+00:00,0.0,19.4,8.13,26.1,28,82
2026-08-18T20:26:00+00:00,0.0,19.2,8.13,26.1,28,82
2026-08-18T20:27:00+00:00,0.0,19.0,8.13,26.0,28,82
2026-08-18T20:28:00+00:00,0.0,18.9,8.13,26.0,29,82
2026-08-18T20:29:00+00:00,0.0,18.8,8.13,26.0,29,82
2026-08-18T20:30:00+00:00,0.0,18.8,8.13,26.0,29,82
2026-08-18T20:31:00+00:00,0.0,18.8,8.13,25.9,29,82
2026-08-18T20:32:00+00:00,0.0,18.9,8.13,25.9,29,82
2026-08-18T20:33:00+00:00,0.0,19.1,8.13,25.9,30,82
2026-08-18T20:34:00+00:00,0.0,19.3,8.13,25.9,30,81
2026-08-18T20:35:00+00:00,0.0,19.5,8.13,25.8,30,81
2026-08-18T20:36:00+00:00,0.0,19.8,8.13,25.8,31,81
2026-08-18T20:37:00+00:00,0.0,20.1,8.13,25.8,31,81
2026-08-18T20:38:00+00:00,0.0,20.4,8.13,25.7,31,81
2026-08-18T20:39:00+00:00,0.0,20.7,8.13,25.7,32,81
2026-08-18T20:40:00+00:00,0.0,21.0,8.13,25.7,32,81
2026-08-18T20:41:00+00:00,0.0,21.3,8.13,25.7,32,81
2026-08-18T20:42:00+00:00,0.0,21.5,8.13,25.6,33,81
2026-08-18T20:43:00+00:00,0.0,21.6,8.13,25.6,33,80
2026-08-18T20:44:00+00:00,0.0,21.7,8.13,25.6,33,80
2026-08-18T20:45:00+00:00,0.0,21.7,8.13,25.6,33,80
2026-08-18T20:46:00+00:00,0.0,21.7,8.13,25.5,33,80
2026-08-18T20:47:00+00:00,0.0,21.7,8.13,25.5,34,80
2026-08-18T20:48:00+00:00,0.0,21.7,8.13,25.5,34,80
2026-08-18T20:49:00+00:00,0.0,21.7,8.13,25.4,34,80
2026-08-18T20:50:00+00:00,0.0,21.8,8.13,25.4,34,80
2026-08-18T20:51:00+00:00,0.0,21.8,8.13,25.4,35,80
2026-08-18T20:52:00+00:00,0.0,21.8,8.13,25.4,35,80
2026-08-18T20:53:00+00:00,0.0,21.8,8.13,25.3,35,79
2026-08-18T20:54:00+00:00,0.0,21.8,8.13,25.3,35,79
2026-08-18T20:55:00+00:00,0.0,21.8,8.13,25.3,35,79
2026-08-18T20:56:00+00:00,0.0,21.8,8.13,25.2,36,79
2026-08-18T20:57:00+00:00,0.0,21.8,8.13,25.2,36,79
2026-08-18T20:58:00+00:00,0.0,21.8,8.13,25.2,36,79
2026-08-18T20:59:00+00:00,0.0,21.8,8.13,25.1,36,79
2026-08-18T21:00:00+00:00,0.0,21.8,8.13,25.1,37,79
2026-08-18T21:01:00+00:00,0.0,21.7,8.13,25.1,37,79
2026-08-18T21:02:00+00:00,0.0,21.4,8.13,25.0,37,78
2026-08-18T21:03:00+00:00,0.0,21.0,8.13,25.0,37,78
2026-08-18T21:04:00+00:00,0.0,20.5,8.13,25.0,37,78
2026-08-18T21:05:00+00:00,0.0,19.8,8.13,24.9,37,78
2026-08-18T21:06:00+00:00,0.0,19.1,8.13,24.9,37,78
2026-08-18T21:07:00+00:00,0.0,18.3,8.13,24.8,37,78
2026-08-18T21:08:00+00:00,0.0,17.5,8.13,24.7,37,78
2026-08-18T21:09:00+00:00,0.0,16.7,8.13,24.7,37,78
2026-08-18T21:10:00+00:00,0.0,16.0,8.13,24.6,37,78
2026-08-18T21:11:00+00:00,0.0,15.3,8.13,24.6,37,77
2026-08-18T21:12:00+00:00,0.0,14.8,8.13,24.5,37,77
2026-08-18T21:13:00+00:00,0.0,14.4,8.13,24.5,37,77
2026-08-18T21:14:00+00:00,0.0,14.1,8.13,24.5,37,77
2026-08-18T21:15:00+00:00,0.0,14.1,8.13,24.4,38,77
2026-08-18T21:16:00+00:00,0.0,14.1,8.13,24.4,38,77
2026-08-18T21:17:00+00:00,0.0,14.4,8.13,24.3,38,77
2026-08-18T21:18:00+00:00,0.0,14.8,8.13,24.3,39,77
2026-08-18T21:19:00+00:00,0.0,15.4,8.13,24.2,40,77
2026-08-18T21:20:00+00:00,0.0,16.1,8.13,24.1,41,76
2026-08-18T21:21:00+00:00,0.0,16.9,8.13,24.0,42,76
2026-08-18T21:22:00+00:00,0.0,17.8,8.13,23.9,42,76
2026-08-18T21:23:00+00:00,0.0,18.6,8.13,23.8,42,76
2026-08-18T21:24:00+00:00,0.0,19.5,8.13,23.8,42,76
2026-08-18T21:25:00+00:00,0.0,20.3,8.13,23.7,42,76
2026-08-18T21:26:00+00:00,0.0,21.0,8.13,23.6,41,76
2026-08-18T21:27:00+00:00,0.0,21.6,8.13,23.5,41,76
2026-08-18T21:28:00+00:00,0.0,22.0,8.13,23.4,41,76
2026-08-18T21:29:00+00:00,0.0,22.3,8.13,23.4,41,75
2026-08-18T21:30:00+00:00,0.0,22.4,8.13,23.4,41,75
2026-08-18T21:31:00+00:00,0.0,22.3,8.13,23.3,40,75
2026-08-18T21:32:00+00:00,0.0,22.3,8.13,23.3,40,75
2026-08-18T21:33:00+00:00,0.0,22.1,8.13,23.3,40,75
2026-08-18T21:34:00+00:00,0.0,21.9,8.13,23.3,40,75
2026-08-18T21:35:00+00:00,0.0,21.7,8.13,23.3,40,75
2026-08-18T21:36:00+00:00,0.0,21.5,8.13,23.3,40,75
2026-08-18T21:37:00+00:00,0.0,21.2,8.13,23.3,39,74
2026-08-18T21:38:00+00:00,0.0,21.0,8.13,23.3,39,74
2026-08-18T21:39:00+00:00,0.0,20.7,8.13,23.3,39,74
2026-08-18T21:40:00+00:00,0.0,20.4,8.13,23.3,39,74
2026-08-18T21:41:00+00:00,0.0,20.2,8.13,23.3,39,74
2026-08-18T21:42:00+00:00,0.0,20.0,8.13,23.3,39,74
2026-08-18T21:43:00+00:00,0.0,19.9,8.13,23.3,39,74
2026-08-18T21:44:00+00:00,0.0,19.8,8.13,23.3,38,74
2026-08-18T21:45:00+00:00,0.0,19.8,8.13,23.2,38,74
2026-08-18T21:46:00+00:00,0.0,19.7,8.13,23.2,38,73
2026-08-18T21:47:00+00:00,0.0,19.6,8.13,23.2,38,73
2026-08-18T21:48:00+00:00,0.0,19.3,8.13,23.2,38,73
2026-08-18T21:49:00+00:00,0.0,18.9,8.13,23.2,37,73
2026-08-18T21:50:00+00:00,0.0,18.4,8.13,23.2,37,73
2026-08-18T21:51:00+00:00,0.0,17.9,8.13,23.2,37,73
2026-08-18T21:52:00+00:00,0.0,17.4,8.13,23.2,37,73
2026-08-18T21:53:00+00:00,0.0,16.8,8.13,23.2,37,73
2026-08-18T21:54:00+00:00,0.0,16.3,8.13,23.3,37,72
2026-08-18T21:55:00+00:00,0.0,15.7,8.13,23.3,36,72
2026-08-18T21:56:00+00:00,0.0,15.3,8.13,23.3,36,72
2026-08-18T21:57:00+00:00,0.0,14.9,8.13,23.3,36,72
2026-08-18T21:58:00+00:00,0.0,14.6,8.13,23.3,36,72
2026-08-18T21:59:00+00:00,0.0,14.4,8.13,23.3,36,72
2026-08-18T22:00:00+00:00,0.0,14.4,8.13,23.2,35,72
2026-08-18T22:01:00+00:00,0.0,14.4,8.13,23.2,35,72
2026-08-18T22:02:00+00:00,0.0,14.4,8.13,23.2,35,71
2026-08-18T22:03:00+00:00,0.0,14.4,8.13,23.2,35,71
2026-08-18T22:04:00+00:00,0.0,14.5,8.13,23.1,35,71
2026-08-18T22:05:00+00:00,0.0,14.6,8.13,23.1,35,71
2026-08-18T22:06:00+00:00,0.0,14.6,8.13,23.1,35,71
2026-08-18T22:07:00+00:00,0.0,14.7,8.13,23.1,35,71
2026-08-18T22:08:00+00:00,0.0,14.8,8.13,23.1,35,71
2026-08-18T22:09:00+00:00,0.0,14.8,8.13,23.1,35,71
2026-08-18T22:10:00+00:00,0.0,14.9,8.13,23.1,34,70
2026-08-18T22:11:00+00:00,0.0,14.9,8.13,23.0,34,70
2026-08-18T22:12:00+00:00,0.0,15.0,8.13,23.0,34,70
2026-08-18T22:13:00+00:00,0.0,15.0,8.13,23.0,34,70
2026-08-18T22:14:00+00:00,0.0,15.1,8.13,23.0,34,70
2026-08-18T22:15:00+00:00,0.0,15.1,8.13,22.9,34,70
2026-08-18T22:16:00+00:00,0.0,15.1,8.13,22.9,33,70
2026-08-18T22:17:00+00:00,0.0,15.1,8.13,22.9,33,69
2026-08-18T22:18:00+00:00,0.0,15.1,8.13,22.8,33,69
2026-08-18T22:19:00+00:00,0.0,15.2,8.13,22.8,33,69
2026-08-18T22:20:00+00:00,0.0,15.3,8.13,22.7,32,69
2026-08-18T22:21:00+00:00,0.0,15.3,8.13,22.7,32,69
2026-08-18T22:22:00+00:00,0.0,15.4,8.13,22.6,31,69
2026-08-18T22:23:00+00:00,0.0,15.5,8.13,22.5,31,68
2026-08-18T22:24:00+00:00,0.0,15.6,8.13,22.5,31,68
2026-08-18T22:25:00+00:00,0.0,15.6,8.13,22.4,30,68
2026-08-18T22:26:00+00:00,0.0,15.7,8.13,22.4,30,68
2026-08-18T22:27:00+00:00,0.0,15.8,8.13,22.3,30,68
2026-08-18T22:28:00+00:00,0.0,15.8,8.13,22.3,29,68
2026-08-18T22:29:00+00:00,0.0,15.8,8.13,22.2,29,68
2026-08-18T22:30:00+00:00,0.0,15.8,8.13,22.2,29,67
2026-08-18T22:31:00+00:00,0.0,15.8,8.13,22.2,29,67
2026-08-18T22:32:00+00:00,0.0,15.8,8.13,22.1,28,67
2026-08-18T22:33:00+00:00,0.0,15.8,8.13,22.1,28,67
2026-08-18T22:34:00+00:00,0.0,15.9,8.13,22.0,28,67
2026-08-18T22:35:00+00:00,0.0,15.9,8.13,22.0,27,67
2026-08-18T22:36:00+00:00,0.0,15.9,8.13,21.9,27,66
2026-08-18T22:37:00+00:00,0.0,15.9,8.13,21.8,26,66
2026-08-18T22:38:00+00:00,0.0,15.9,8.13,21.8,26,66
2026-08-18T22:39:00+00:00,0.0,15.9,8.13,21.7,26,66
2026-08-18T22:40:00+00:00,0.0,15.9,8.13,21.7,25,66
2026-08-18T22:41:00+00:00,0.0,15.9,8.13,21.6,25,66
2026-08-18T22:42:00+00:00,0.0,15.9,8.13,21.6,25,65
2026-08-18T22:43:00+00:00,0.0,15.9,8.13,21.5,24,65
2026-08-18T22:44:00+00:00,0.0,15.9,8.13,21.5,24,65
2026-08-18T22:45:00+00:00,0.0,15.9,8.13,21.4,24,65
2026-08-18T22:46:00+00:00,0.0,16.0,8.13,21.4,23,65
2026-08-18T22:47:00+00:00,0.0,16.2,8.13,21.4,23,64
2026-08-18T22:48:00+00:00,0.0,16.6,8.13,21.3,23,64
2026-08-18T22:49:00+00:00,0.0,17.1,8.13,21.3,23,64
2026-08-18T22:50:00+00:00,0.0,17.7,8.13,21.2,22,64
2026-08-18T22:51:00+00:00,0.0,18.3,8.13,21.1,22,64
2026-08-18T22:52:00+00:00,0.0,19.1,8.13,21.1,22,64
2026-08-18T22:53:00+00:00,0.0,19.8,8.13,21.0,22,63
2026-08-18T22:54:00+00:00,0.0,20.5,8.13,20.9,21,63
2026-08-18T22:55:00+00:00,0.0,21.2,8.13,20.8,21,63
2026-08-18T22:56:00+00:00,0.0,21.8,8.13,20.8,21,63
2026-08-18T22:57:00+00:00,0.0,22.3,8.13,20.7,20,63
2026-08-18T22:58:00+00:00,0.0,22.7,8.13,20.7,20,62
2026-08-18T22:59:00+00:00,0.0,22.9,8.13,20.6,20,62
2026-08-18T23:00:00+00:00,0.0,23.0,8.13,20.6,19,62
2026-08-18T23:01:00+00:00,0.0,22.9,8.13,20.6,19,62
2026-08-18T23:02:00+00:00,0.0,22.9,8.13,20.5,19,62
2026-08-18T23:03:00+00:00,0.0,22.7,8.13,20.5,19,62
2026-08-18T23:04:00+00:00,0.0,22.6,8.13,20.5,18,61
2026-08-18T23:05:00+00:00,0.0,22.4,8.13,20.4,18,61
2026-08-18T23:06:00+00:00,0.0,22.1,8.13,20.4,18,61
2026-08-18T23:07:00+00:00,0.0,21.9,8.13,20.4,18,61
2026-08-18T23:08:00+00:00,0.0,21.6,8.13,20.4,17,61
2026-08-18T23:09:00+00:00,0.0,21.4,8.13,20.3,17,60
2026-08-18T23:10:00+00:00,0.0,21.2,8.13,20.3,17,60
2026-08-18T23:11:00+00:00,0.0,21.0,8.13,20.3,17,60
2026-08-18T23:12:00+00:00,0.0,20.8,8.13,20.2,16,60
2026-08-18T23:13:00+00:00,0.0,20.7,8.13,20.3,16,60
2026-08-18T23:14:00+00:00,0.0,20.6,8.13,20.3,16,60
2026-08-18T23:15:00+00:00,0.0,20.6,8.13,20.3,16,60
2026-08-18T23:16:00+00:00,0.0,20.6,8.13,20.3,16,60
2026-08-18T23:17:00+00:00,0.0,20.5,8.13,20.3,17,60
2026-08-18T23:18:00+00:00,0.0,20.4,8.13,20.3,17,60
2026-08-18T23:19:00+00:00,0.0,20.3,8.13,20.3,17,60
2026-08-18T23:20:00+00:00,0.0,20.1,8.13,20.4,17,60
2026-08-18T23:21:00+00:00,0.0,20.0,8.13,20.4,17,59
2026-08-18T23:22:00+00:00,0.0,19.8,8.13,20.4,18,59
2026-08-18T23:23:00+00:00,0.0,19.6,8.13,20.5,18,59
2026-08-18T23:24:00+00:00,0.0,19.5,8.13,20.5,18,59
2026-08-18T23:25:00+00:00,0.0,19.3,8.13,20.6,18,59
2026-08-18T23:26:00+00:00,0.0,19.2,8.13,20.6,19,59
2026-08-18T23:27:00+00:00,0.0,19.0,8.13,20.6,19,59
2026-08-18T23:28:00+00:00,0.0,18.9,8.13,20.7,19,59
2026-08-18T23:29:00+00:00,0.0,18.9,8.13,20.7,19,59
2026-08-18T23:30:00+00:00,0.0,18.9,8.13,20.7,19,59
2026-08-18T23:31:00+00:00,0.0,18.8,8.13,20.7,19,59
2026-08-18T23:32:00+00:00,0.0,18.6,8.13,20.7,19,59
2026-08-18T23:33:00+00:00,0.0,18.4,8.13,20.6,19,59
2026-08-18T23:34:00+00:00,0.0,18.0,8.13,20.6,18,59
2026-08-18T23:35:00+00:00,0.0,17.6,8.13,20.5,18,59
2026-08-18T23:36:00+00:00,0.0,17.1,8.13,20.5,17,59
2026-08-18T23:37:00+00:00,0.0,16.5,8.13,20.4,17,59
2026-08-18T23:38:00+00:00,0.0,16.0,8.13,20.4,16,59
2026-08-18T23:39:00+00:00,0.0,15.5,8.13,20.3,16,59
2026-08-18T23:40:00+00:00,0.0,15.0,8.13,20.3,15,59
2026-08-18T23:41:00+00:00,0.0,14.5,8.13,20.2,15,59
2026-08-18T23:42:00+00:00,0.0,14.2,8.13,20.2,14,59
2026-08-18T23:43:00+00:00,0.0,13.9,8.13,20.2,14,59
2026-08-18T23:44:00+00:00,0.0,13.7,8.13,20.1,14,59
2026-08-18T23:45:00+00:00,0.0,13.7,8.13,20.1,14,59
2026-08-18T23:46:00+00:00,0.0,13.7,8.13,20.1,14,59
2026-08-18T23:47:00+00:00,0.0,13.9,8.13,20.1,14,59
2026-08-18T23:48:00+00:00,0.0,14.2,8.13,20.2,14,59
2026-08-18T23:49:00+00:00,0.0,14.5,8.13,20.2,15,59
2026-08-18T23:50:00+00:00,0.0,15.0,8.13,20.2,15,59
2026-08-18T23:51:00+00:00,0.0,15.5,8.13,20.3,15,59
2026-08-18T23:52:00+00:00,0.0,16.0,8.13,20.3,16,59
2026-08-18T23:53:00+00:00,0.0,16.5,8.13,20.3,16,59
2026-08-18T23:54:00+00:00,0.0,17.1,8.13,20.4,16,59
2026-08-18T23:55:00+00:00,0.0,17.6,8.13,20.4,17,59
2026-08-18T23:56:00+00:00,0.0,18.0,8.13,20.4,17,59
2026-08-18T23:57:00+00:00,0.0,18.4,8.13,20.5,17,59
2026-08-18T23:58:00+00:00,0.0,18.7,8.13,20.5,18,59
2026-08-18T23:59:00+00:00,0.0,18.8,8.13,20.5,18,59
