dispositivo,variable,hora_utc,hora_local,dia_local,promedio,minimo,maximo,recuento,sumatoria
gz-01-lote1-wokwi,bateria,2026-09-22 03:00,2026-09-21 22:00,2026-09-21,63,63,63,2,126
gz-01-lote1-wokwi,bateria,2026-09-22 04:00,2026-09-21 23:00,2026-09-21,62.11764705882353,62,63,17,1056
gz-01-lote1-wokwi,bateria,2026-09-22 16:00,2026-09-22 11:00,2026-09-22,95,95,95,32,3040
gz-01-lote1-wokwi,bateria,2026-09-22 17:00,2026-09-22 12:00,2026-09-22,95.88372093023256,95,97,43,4123
gz-01-lote1-wokwi,bateria,2026-09-25 16:00,2026-09-25 11:00,2026-09-25,94.16,93,95,25,2354
gz-01-lote1-wokwi,bateria,2026-09-25 18:00,2026-09-25 13:00,2026-09-25,93.37878787878788,92,96,66,6163
gz-01-lote1-wokwi,bateria,2026-09-27 00:00,2026-09-26 19:00,2026-09-26,61.638297872340424,60,63,47,2897
gz-01-lote1-wokwi,bateria,2026-09-27 01:00,2026-09-26 20:00,2026-09-26,62,61,63,4,248
gz-01-lote1-wokwi,ceSuelo,2026-09-22 03:00,2026-09-21 22:00,2026-09-21,3.97,3.97,3.97,2,7.94
gz-01-lote1-wokwi,ceSuelo,2026-09-22 04:00,2026-09-21 23:00,2026-09-21,0.5552941176470589,0.1,3.97,17,9.440000000000001
gz-01-lote1-wokwi,ceSuelo,2026-09-22 16:00,2026-09-22 11:00,2026-09-22,1.5253125000000012,1.52,1.53,32,48.81000000000004
gz-01-lote1-wokwi,ceSuelo,2026-09-22 17:00,2026-09-22 12:00,2026-09-22,1.5127906976744192,1.44,1.54,43,65.05000000000003
gz-01-lote1-wokwi,ceSuelo,2026-09-25 16:00,2026-09-25 11:00,2026-09-25,1.2648000000000001,0.82,1.58,25,31.62
gz-01-lote1-wokwi,ceSuelo,2026-09-25 18:00,2026-09-25 13:00,2026-09-25,1.1595454545454544,1.11,1.22,66,76.52999999999999
gz-01-lote1-wokwi,ceSuelo,2026-09-27 00:00,2026-09-26 19:00,2026-09-26,0.9400000000000002,0.89,0.99,47,44.18000000000001
gz-01-lote1-wokwi,ceSuelo,2026-09-27 01:00,2026-09-26 20:00,2026-09-26,0.92,0.91,0.93,4,3.68
gz-01-lote1-wokwi,humedadSuelo,2026-09-22 03:00,2026-09-21 22:00,2026-09-21,48,48,48,2,96
gz-01-lote1-wokwi,humedadSuelo,2026-09-22 04:00,2026-09-21 23:00,2026-09-21,35.823529411764696,34.2,48,17,608.9999999999999
gz-01-lote1-wokwi,humedadSuelo,2026-09-22 16:00,2026-09-22 11:00,2026-09-22,39.400000000000006,39.4,39.4,32,1260.8000000000002
gz-01-lote1-wokwi,humedadSuelo,2026-09-22 17:00,2026-09-22 12:00,2026-09-22,39.14418604651166,38.3,39.6,43,1683.2000000000016
gz-01-lote1-wokwi,humedadSuelo,2026-09-25 16:00,2026-09-25 11:00,2026-09-25,34.85999999999999,29.5,42.4,25,871.4999999999999
gz-01-lote1-wokwi,humedadSuelo,2026-09-25 18:00,2026-09-25 13:00,2026-09-25,28.40757575757576,27.6,29.4,66,1874.9
gz-01-lote1-wokwi,humedadSuelo,2026-09-27 00:00,2026-09-26 19:00,2026-09-26,34.48297872340426,33.5,35.4,47,1620.7000000000003
gz-01-lote1-wokwi,humedadSuelo,2026-09-27 01:00,2026-09-26 20:00,2026-09-26,34.25,33.9,34.4,4,137
gz-01-lote1-wokwi,parPPFD,2026-09-22 03:00,2026-09-21 22:00,2026-09-21,82,82,82,2,164
gz-01-lote1-wokwi,parPPFD,2026-09-22 04:00,2026-09-21 23:00,2026-09-21,9.647058823529411,0,82,17,164
gz-01-lote1-wokwi,parPPFD,2026-09-22 16:00,2026-09-22 11:00,2026-09-22,660.34375,659,661,32,21131
gz-01-lote1-wokwi,parPPFD,2026-09-22 17:00,2026-09-22 12:00,2026-09-22,663.3953488372093,641,692,43,28526
gz-01-lote1-wokwi,parPPFD,2026-09-25 16:00,2026-09-25 11:00,2026-09-25,669.96,647,718,25,16749
gz-01-lote1-wokwi,parPPFD,2026-09-25 18:00,2026-09-25 13:00,2026-09-25,623.2575757575758,563,681,66,41135
gz-01-lote1-wokwi,parPPFD,2026-09-27 00:00,2026-09-26 19:00,2026-09-26,0,0,0,47,0
gz-01-lote1-wokwi,parPPFD,2026-09-27 01:00,2026-09-26 20:00,2026-09-26,0,0,0,4,0
gz-01-lote1-wokwi,rssi,2026-09-22 03:00,2026-09-21 22:00,2026-09-21,-79.5,-85,-74,2,-159
gz-01-lote1-wokwi,rssi,2026-09-22 04:00,2026-09-21 23:00,2026-09-21,-87.05882352941177,-99,-72,17,-1480
gz-01-lote1-wokwi,rssi,2026-09-22 16:00,2026-09-22 11:00,2026-09-22,-82.53125,-99,-61,32,-2641
gz-01-lote1-wokwi,rssi,2026-09-22 17:00,2026-09-22 12:00,2026-09-22,-82.69767441860465,-98,-57,43,-3556
gz-01-lote1-wokwi,rssi,2026-09-25 16:00,2026-09-25 11:00,2026-09-25,-81.08,-93,-60,25,-2027
gz-01-lote1-wokwi,rssi,2026-09-25 18:00,2026-09-25 13:00,2026-09-25,-83.93939393939394,-100,-59,66,-5540
gz-01-lote1-wokwi,rssi,2026-09-27 00:00,2026-09-26 19:00,2026-09-26,-85.72340425531915,-100,-65,47,-4029
gz-01-lote1-wokwi,rssi,2026-09-27 01:00,2026-09-26 20:00,2026-09-26,-78.5,-93,-64,4,-314
gz-01-lote1-wokwi,tempCanopy,2026-09-22 03:00,2026-09-21 22:00,2026-09-21,26,26,26,2,52
gz-01-lote1-wokwi,tempCanopy,2026-09-22 04:00,2026-09-21 23:00,2026-09-21,21.58823529411765,21,26,17,367
gz-01-lote1-wokwi,tempCanopy,2026-09-22 16:00,2026-09-22 11:00,2026-09-22,30.399999999999984,30.4,30.4,32,972.7999999999995
gz-01-lote1-wokwi,tempCanopy,2026-09-22 17:00,2026-09-22 12:00,2026-09-22,30.45813953488374,30.1,31.1,43,1309.7000000000007
gz-01-lote1-wokwi,tempCanopy,2026-09-25 16:00,2026-09-25 11:00,2026-09-25,30.223999999999997,29.8,30.8,25,755.5999999999999
gz-01-lote1-wokwi,tempCanopy,2026-09-25 18:00,2026-09-25 13:00,2026-09-25,29.922727272727265,29.5,30.4,66,1974.8999999999994
gz-01-lote1-wokwi,tempCanopy,2026-09-27 00:00,2026-09-26 19:00,2026-09-26,21.08085106382979,20.5,21.6,47,990.8000000000001
gz-01-lote1-wokwi,tempCanopy,2026-09-27 01:00,2026-09-26 20:00,2026-09-26,20.924999999999997,20.9,21,4,83.69999999999999
gz-01-lote1-wokwi,tempSuelo,2026-09-22 03:00,2026-09-21 22:00,2026-09-21,23,23,23,2,46
gz-01-lote1-wokwi,tempSuelo,2026-09-22 04:00,2026-09-21 23:00,2026-09-21,22.470588235294116,22.4,23,17,381.99999999999994
gz-01-lote1-wokwi,tempSuelo,2026-09-22 16:00,2026-09-22 11:00,2026-09-22,24.296874999999993,24.2,24.3,32,777.4999999999998
gz-01-lote1-wokwi,tempSuelo,2026-09-22 17:00,2026-09-22 12:00,2026-09-22,24.583720930232545,24.3,24.9,43,1057.0999999999995
gz-01-lote1-wokwi,tempSuelo,2026-09-25 16:00,2026-09-25 11:00,2026-09-25,24.236000000000004,24,24.4,25,605.9000000000001
gz-01-lote1-wokwi,tempSuelo,2026-09-25 18:00,2026-09-25 13:00,2026-09-25,25.206060606060603,24.9,25.4,66,1663.6
gz-01-lote1-wokwi,tempSuelo,2026-09-27 00:00,2026-09-26 19:00,2026-09-26,23.365957446808498,23.2,23.6,47,1098.1999999999994
gz-01-lote1-wokwi,tempSuelo,2026-09-27 01:00,2026-09-26 20:00,2026-09-26,23.375,23.3,23.4,4,93.5
gz-02-lote2-python,bateria,2026-09-22 03:00,2026-09-21 22:00,2026-09-21,66.28301886792453,66,67,159,10539
gz-02-lote2-python,bateria,2026-09-22 04:00,2026-09-21 23:00,2026-09-21,65.63713080168776,64,67,237,15556
gz-02-lote2-python,bateria,2026-09-22 05:00,2026-09-22 00:00,2026-09-22,62.61764705882353,62,64,238,14903
gz-02-lote2-python,bateria,2026-09-22 06:00,2026-09-22 01:00,2026-09-22,62.26470588235294,62,63,238,14819
gz-02-lote2-python,bateria,2026-09-22 07:00,2026-09-22 02:00,2026-09-22,63.80252100840336,63,64,238,15185
gz-02-lote2-python,bateria,2026-09-22 08:00,2026-09-22 03:00,2026-09-22,64.47257383966245,64,65,237,15280
gz-02-lote2-python,bateria,2026-09-22 09:00,2026-09-22 04:00,2026-09-22,65,65,65,238,15470
gz-02-lote2-python,bateria,2026-09-22 10:00,2026-09-22 05:00,2026-09-22,64.32352941176471,64,65,238,15309
gz-02-lote2-python,bateria,2026-09-22 11:00,2026-09-22 06:00,2026-09-22,67.52521008403362,64,71,238,16071
gz-02-lote2-python,bateria,2026-09-22 12:00,2026-09-22 07:00,2026-09-22,74.72995780590718,71,79,237,17711
gz-02-lote2-python,bateria,2026-09-22 13:00,2026-09-22 08:00,2026-09-22,82.24789915966386,79,85,238,19575
gz-02-lote2-python,bateria,2026-09-22 14:00,2026-09-22 09:00,2026-09-22,87.6218487394958,85,89,238,20854
gz-02-lote2-python,bateria,2026-09-22 15:00,2026-09-22 10:00,2026-09-22,90.39075630252101,89,91,238,21513
gz-02-lote2-python,bateria,2026-09-22 16:00,2026-09-22 11:00,2026-09-22,92.16877637130801,91,93,237,21844
gz-02-lote2-python,bateria,2026-09-22 17:00,2026-09-22 12:00,2026-09-22,92.35714285714286,92,93,238,21981
gz-02-lote2-python,bateria,2026-09-22 18:00,2026-09-22 13:00,2026-09-22,91.15126050420169,91,92,238,21694
gz-02-lote2-python,bateria,2026-09-22 19:00,2026-09-22 14:00,2026-09-22,90.59071729957806,89,91,237,21470
gz-02-lote2-python,bateria,2026-09-22 20:00,2026-09-22 15:00,2026-09-22,85.84937238493724,82,89,239,20518
gz-02-lote2-python,bateria,2026-09-22 21:00,2026-09-22 16:00,2026-09-22,77.90041493775934,74,82,241,18774
gz-02-lote2-python,bateria,2026-09-22 22:00,2026-09-22 17:00,2026-09-22,69.61764705882354,65,74,238,16569
gz-02-lote2-python,bateria,2026-09-22 23:00,2026-09-22 18:00,2026-09-22,62.45378151260504,62,65,238,14864
gz-02-lote2-python,bateria,2026-09-23 00:00,2026-09-22 19:00,2026-09-22,62.042194092827,62,63,237,14704
gz-02-lote2-python,bateria,2026-09-23 01:00,2026-09-22 20:00,2026-09-22,63.109243697478995,63,64,238,15020
gz-02-lote2-python,bateria,2026-09-23 02:00,2026-09-22 21:00,2026-09-22,63.134453781512605,63,64,238,15026
gz-02-lote2-python,bateria,2026-09-23 03:00,2026-09-22 22:00,2026-09-22,62.42016806722689,62,63,238,14856
gz-02-lote2-python,bateria,2026-09-23 04:00,2026-09-22 23:00,2026-09-22,62.54621848739496,62,63,238,14886
gz-02-lote2-python,bateria,2026-09-23 05:00,2026-09-23 00:00,2026-09-23,63.835443037974684,63,64,237,15129
gz-02-lote2-python,bateria,2026-09-23 06:00,2026-09-23 01:00,2026-09-23,64.76050420168067,64,66,238,15413
gz-02-lote2-python,bateria,2026-09-23 07:00,2026-09-23 02:00,2026-09-23,66.72689075630252,66,67,238,15881
gz-02-lote2-python,bateria,2026-09-23 08:00,2026-09-23 03:00,2026-09-23,66.41596638655462,65,67,238,15807
gz-02-lote2-python,bateria,2026-09-23 09:00,2026-09-23 04:00,2026-09-23,63.30379746835443,62,65,237,15003
gz-02-lote2-python,bateria,2026-09-23 10:00,2026-09-23 05:00,2026-09-23,63.26890756302521,62,66,238,15058
gz-02-lote2-python,bateria,2026-09-23 11:00,2026-09-23 06:00,2026-09-23,70.89075630252101,66,76,238,16872
gz-02-lote2-python,bateria,2026-09-23 12:00,2026-09-23 07:00,2026-09-23,78.47058823529412,76,81,238,18676
gz-02-lote2-python,bateria,2026-09-23 13:00,2026-09-23 08:00,2026-09-23,82.75527426160338,81,85,237,19613
gz-02-lote2-python,bateria,2026-09-23 14:00,2026-09-23 09:00,2026-09-23,87.15899581589959,85,89,239,20831
gz-02-lote2-python,bateria,2026-09-23 15:00,2026-09-23 10:00,2026-09-23,89.9327731092437,89,91,238,21404
gz-02-lote2-python,bateria,2026-09-23 16:00,2026-09-23 11:00,2026-09-23,92.47899159663865,91,94,238,22010
gz-02-lote2-python,bateria,2026-09-23 17:00,2026-09-23 12:00,2026-09-23,95.63291139240506,94,96,237,22665
gz-02-lote2-python,bateria,2026-09-23 18:00,2026-09-23 13:00,2026-09-23,93.88702928870293,91,96,239,22439
gz-02-lote2-python,bateria,2026-09-23 19:00,2026-09-23 14:00,2026-09-23,87.60084033613445,84,91,238,20849
gz-02-lote2-python,bateria,2026-09-23 20:00,2026-09-23 15:00,2026-09-23,82.4201680672269,81,84,238,19616
gz-02-lote2-python,bateria,2026-09-23 21:00,2026-09-23 16:00,2026-09-23,78.9493670886076,76,81,237,18711
gz-02-lote2-python,bateria,2026-09-23 22:00,2026-09-23 17:00,2026-09-23,72.5546218487395,69,76,238,17268
gz-02-lote2-python,bateria,2026-09-23 23:00,2026-09-23 18:00,2026-09-23,67.22689075630252,67,69,238,16000
gz-02-lote2-python,bateria,2026-09-24 00:00,2026-09-23 19:00,2026-09-23,67,67,67,238,15946
gz-02-lote2-python,bateria,2026-09-24 01:00,2026-09-23 20:00,2026-09-23,67,67,67,237,15879
gz-02-lote2-python,bateria,2026-09-24 02:00,2026-09-23 21:00,2026-09-23,66.31932773109244,65,67,238,15784
gz-02-lote2-python,bateria,2026-09-24 03:00,2026-09-23 22:00,2026-09-23,62.97478991596638,62,65,238,14988
gz-02-lote2-python,bateria,2026-09-24 04:00,2026-09-23 23:00,2026-09-23,62.319327731092436,62,63,238,14832
gz-02-lote2-python,bateria,2026-09-24 05:00,2026-09-24 00:00,2026-09-24,63.48945147679325,63,64,237,15047
gz-02-lote2-python,bateria,2026-09-24 06:00,2026-09-24 01:00,2026-09-24,64,64,64,238,15232
gz-02-lote2-python,bateria,2026-09-24 07:00,2026-09-24 02:00,2026-09-24,64.9327731092437,64,65,238,15454
gz-02-lote2-python,bateria,2026-09-24 08:00,2026-09-24 03:00,2026-09-24,64.99579831932773,64,65,238,15469
gz-02-lote2-python,bateria,2026-09-24 09:00,2026-09-24 04:00,2026-09-24,64,64,64,237,15168
gz-02-lote2-python,bateria,2026-09-24 10:00,2026-09-24 05:00,2026-09-24,63.642857142857146,63,64,238,15147
gz-02-lote2-python,bateria,2026-09-24 11:00,2026-09-24 06:00,2026-09-24,66.95798319327731,64,70,238,15936
gz-02-lote2-python,bateria,2026-09-24 12:00,2026-09-24 07:00,2026-09-24,74.82773109243698,70,80,238,17809
gz-02-lote2-python,bateria,2026-09-24 13:00,2026-09-24 08:00,2026-09-24,84.38818565400844,80,88,237,20000
gz-02-lote2-python,bateria,2026-09-24 14:00,2026-09-24 09:00,2026-09-24,89.60084033613445,88,90,238,21325
gz-02-lote2-python,bateria,2026-09-24 15:00,2026-09-24 10:00,2026-09-24,90,90,90,238,21420
gz-02-lote2-python,bateria,2026-09-24 16:00,2026-09-24 11:00,2026-09-24,91.81512605042016,90,93,238,21852
gz-02-lote2-python,bateria,2026-09-24 17:00,2026-09-24 12:00,2026-09-24,93.86497890295358,93,94,237,22246
gz-02-lote2-python,bateria,2026-09-24 18:00,2026-09-24 13:00,2026-09-24,92.9453781512605,92,94,238,22121
gz-02-lote2-python,bateria,2026-09-24 19:00,2026-09-24 14:00,2026-09-24,90.26470588235294,88,92,238,21483
gz-02-lote2-python,bateria,2026-09-24 20:00,2026-09-24 15:00,2026-09-24,84.45798319327731,80,88,238,20101
gz-02-lote2-python,bateria,2026-09-24 21:00,2026-09-24 16:00,2026-09-24,75.0042194092827,71,80,237,17776
gz-02-lote2-python,bateria,2026-09-24 22:00,2026-09-24 17:00,2026-09-24,67.77731092436974,66,71,238,16131
gz-02-lote2-python,bateria,2026-09-24 23:00,2026-09-24 18:00,2026-09-24,65.56302521008404,65,66,238,15604
gz-02-lote2-python,bateria,2026-09-25 00:00,2026-09-24 19:00,2026-09-24,66,66,66,238,15708
gz-02-lote2-python,bateria,2026-09-25 01:00,2026-09-24 20:00,2026-09-24,65.62447257383967,65,66,237,15553
gz-02-lote2-python,bateria,2026-09-25 02:00,2026-09-24 21:00,2026-09-24,65.68067226890756,65,66,238,15632
gz-02-lote2-python,bateria,2026-09-25 03:00,2026-09-24 22:00,2026-09-24,66.60504201680672,66,67,238,15852
gz-02-lote2-python,bateria,2026-09-25 04:00,2026-09-24 23:00,2026-09-24,66.48319327731092,66,67,238,15823
gz-02-lote2-python,bateria,2026-09-25 05:00,2026-09-25 00:00,2026-09-25,65.13924050632912,65,66,237,15438
gz-02-lote2-python,bateria,2026-09-25 06:00,2026-09-25 01:00,2026-09-25,64.49579831932773,64,65,238,15350
gz-02-lote2-python,bateria,2026-09-25 07:00,2026-09-25 02:00,2026-09-25,63.69327731092437,63,64,238,15159
gz-02-lote2-python,bateria,2026-09-25 08:00,2026-09-25 03:00,2026-09-25,64.13025210084034,63,65,238,15263
gz-02-lote2-python,bateria,2026-09-25 09:00,2026-09-25 04:00,2026-09-25,66.59493670886076,65,67,237,15783
gz-02-lote2-python,bateria,2026-09-25 10:00,2026-09-25 05:00,2026-09-25,66.30962343096235,65,67,239,15848
gz-02-lote2-python,bateria,2026-09-25 11:00,2026-09-25 06:00,2026-09-25,67.4201680672269,65,70,238,16046
gz-02-lote2-python,bateria,2026-09-25 12:00,2026-09-25 07:00,2026-09-25,74.60084033613445,70,80,238,17755
gz-02-lote2-python,bateria,2026-09-25 13:00,2026-09-25 08:00,2026-09-25,84.26160337552743,80,88,237,19970
gz-02-lote2-python,bateria,2026-09-25 14:00,2026-09-25 09:00,2026-09-25,89.54621848739495,88,90,238,21312
gz-02-lote2-python,bateria,2026-09-25 15:00,2026-09-25 10:00,2026-09-25,90.07531380753139,90,91,239,21528
gz-02-lote2-python,bateria,2026-09-25 16:00,2026-09-25 11:00,2026-09-25,91.66244725738396,91,93,237,21724
gz-02-lote2-python,bateria,2026-09-25 17:00,2026-09-25 12:00,2026-09-25,93,93,93,238,22134
gz-02-lote2-python,bateria,2026-09-25 18:00,2026-09-25 13:00,2026-09-25,91.65966386554622,90,93,238,21815
gz-02-lote2-python,bateria,2026-09-25 19:00,2026-09-25 14:00,2026-09-25,88.73529411764706,87,90,238,21119
gz-02-lote2-python,bateria,2026-09-25 20:00,2026-09-25 15:00,2026-09-25,83.94092827004219,81,87,237,19894
gz-02-lote2-python,bateria,2026-09-25 21:00,2026-09-25 16:00,2026-09-25,78.13865546218487,75,81,238,18597
gz-02-lote2-python,bateria,2026-09-25 22:00,2026-09-25 17:00,2026-09-25,71.22268907563026,68,75,238,16951
gz-02-lote2-python,bateria,2026-09-25 23:00,2026-09-25 18:00,2026-09-25,66.83193277310924,66,68,238,15906
gz-02-lote2-python,bateria,2026-09-26 00:00,2026-09-25 19:00,2026-09-25,65.81434599156118,64,67,237,15598
gz-02-lote2-python,bateria,2026-09-26 01:00,2026-09-25 20:00,2026-09-25,62.588235294117645,62,64,238,14896
gz-02-lote2-python,bateria,2026-09-26 02:00,2026-09-25 21:00,2026-09-25,62,62,62,238,14756
gz-02-lote2-python,bateria,2026-09-26 03:00,2026-09-25 22:00,2026-09-25,62.46638655462185,62,63,238,14867
gz-02-lote2-python,bateria,2026-09-26 04:00,2026-09-25 23:00,2026-09-25,63.40084388185654,63,65,237,15026
gz-02-lote2-python,bateria,2026-09-26 05:00,2026-09-26 00:00,2026-09-26,65.78151260504201,65,67,238,15656
gz-02-lote2-python,bateria,2026-09-26 06:00,2026-09-26 01:00,2026-09-26,65.91176470588235,65,67,238,15687
gz-02-lote2-python,bateria,2026-09-26 07:00,2026-09-26 02:00,2026-09-26,64.23949579831933,64,65,238,15289
gz-02-lote2-python,bateria,2026-09-26 08:00,2026-09-26 03:00,2026-09-26,63.561181434599156,63,64,237,15064
gz-02-lote2-python,bateria,2026-09-26 09:00,2026-09-26 04:00,2026-09-26,63,63,63,238,14994
gz-02-lote2-python,bateria,2026-09-26 10:00,2026-09-26 05:00,2026-09-26,63.00840336134454,63,64,238,14996
gz-02-lote2-python,bateria,2026-09-26 11:00,2026-09-26 06:00,2026-09-26,67.05907172995781,64,71,237,15893
gz-02-lote2-python,bateria,2026-09-26 12:00,2026-09-26 07:00,2026-09-26,74.23109243697479,71,78,238,17667
gz-02-lote2-python,bateria,2026-09-26 13:00,2026-09-26 08:00,2026-09-26,80.8655462184874,78,84,238,19246
gz-02-lote2-python,bateria,2026-09-26 14:00,2026-09-26 09:00,2026-09-26,86.5672268907563,84,89,238,20603
gz-02-lote2-python,bateria,2026-09-26 15:00,2026-09-26 10:00,2026-09-26,91.56540084388186,89,93,237,21701
gz-02-lote2-python,bateria,2026-09-26 16:00,2026-09-26 11:00,2026-09-26,93.84873949579831,93,94,238,22336
gz-02-lote2-python,bateria,2026-09-26 17:00,2026-09-26 12:00,2026-09-26,93.84873949579831,93,94,238,22336
gz-02-lote2-python,bateria,2026-09-26 18:00,2026-09-26 13:00,2026-09-26,92.44303797468355,92,93,237,21909
gz-02-lote2-python,bateria,2026-09-26 19:00,2026-09-26 14:00,2026-09-26,90.15126050420169,88,92,238,21456
gz-02-lote2-python,bateria,2026-09-26 20:00,2026-09-26 15:00,2026-09-26,84.9201680672269,81,88,238,20211
gz-02-lote2-python,bateria,2026-09-26 21:00,2026-09-26 16:00,2026-09-26,76.96624472573839,73,81,237,18241
gz-02-lote2-python,bateria,2026-09-26 22:00,2026-09-26 17:00,2026-09-26,69.00840336134453,65,73,238,16424
gz-02-lote2-python,bateria,2026-09-26 23:00,2026-09-26 18:00,2026-09-26,62.84033613445378,62,65,238,14956
gz-02-lote2-python,bateria,2026-09-27 00:00,2026-09-26 19:00,2026-09-26,63.11344537815126,62,64,238,15021
gz-02-lote2-python,bateria,2026-09-27 01:00,2026-09-26 20:00,2026-09-26,65.71729957805907,64,67,237,15575
gz-02-lote2-python,bateria,2026-09-27 02:00,2026-09-26 21:00,2026-09-26,65.78991596638656,65,67,238,15658
gz-02-lote2-python,bateria,2026-09-27 03:00,2026-09-26 22:00,2026-09-26,63.554621848739494,63,65,238,15126
gz-02-lote2-python,bateria,2026-09-27 04:00,2026-09-26 23:00,2026-09-26,63.273109243697476,63,64,238,15059
gz-02-lote2-python,bateria,2026-09-27 05:00,2026-09-27 00:00,2026-09-27,64.58649789029536,64,65,237,15307
gz-02-lote2-python,bateria,2026-09-27 06:00,2026-09-27 01:00,2026-09-27,64.63598326359832,64,65,239,15448
gz-02-lote2-python,bateria,2026-09-27 07:00,2026-09-27 02:00,2026-09-27,63.445378151260506,63,64,238,15100
gz-02-lote2-python,bateria,2026-09-27 08:00,2026-09-27 03:00,2026-09-27,62.92016806722689,62,63,238,14975
gz-02-lote2-python,bateria,2026-09-27 09:00,2026-09-27 04:00,2026-09-27,62,62,62,237,14694
gz-02-lote2-python,bateria,2026-09-27 10:00,2026-09-27 05:00,2026-09-27,62.28151260504202,62,64,238,14823
gz-02-lote2-python,bateria,2026-09-27 11:00,2026-09-27 06:00,2026-09-27,68.54201680672269,64,73,238,16313
gz-02-lote2-python,bateria,2026-09-27 12:00,2026-09-27 07:00,2026-09-27,75.85654008438819,73,78,237,17978
gz-02-lote2-python,bateria,2026-09-27 13:00,2026-09-27 08:00,2026-09-27,80.6470588235294,78,83,238,19194
gz-02-lote2-python,bateria,2026-09-27 14:00,2026-09-27 09:00,2026-09-27,85.74789915966386,83,88,238,20408
gz-02-lote2-python,bateria,2026-09-27 15:00,2026-09-27 10:00,2026-09-27,90.63865546218487,88,92,238,21572
gz-02-lote2-python,bateria,2026-09-27 16:00,2026-09-27 11:00,2026-09-27,92.89451476793249,92,94,237,22016
gz-02-lote2-python,bateria,2026-09-27 17:00,2026-09-27 12:00,2026-09-27,93.44117647058823,93,94,238,22239
gz-02-lote2-python,bateria,2026-09-27 18:00,2026-09-27 13:00,2026-09-27,91.71008403361344,90,93,238,21827
gz-02-lote2-python,bateria,2026-09-27 19:00,2026-09-27 14:00,2026-09-27,88.30672268907563,86,90,238,21017
gz-02-lote2-python,bateria,2026-09-27 20:00,2026-09-27 15:00,2026-09-27,83.37552742616033,81,86,237,19760
gz-02-lote2-python,bateria,2026-09-27 21:00,2026-09-27 16:00,2026-09-27,77.5,74,81,238,18445
gz-02-lote2-python,bateria,2026-09-27 22:00,2026-09-27 17:00,2026-09-27,70.00420168067227,65,74,238,16661
gz-02-lote2-python,bateria,2026-09-27 23:00,2026-09-27 18:00,2026-09-27,63.331932773109244,63,65,238,15073
gz-02-lote2-python,bateria,2026-09-28 00:00,2026-09-27 19:00,2026-09-27,63.270042194092824,63,64,237,14995
gz-02-lote2-python,bateria,2026-09-28 01:00,2026-09-27 20:00,2026-09-27,64.76050420168067,64,65,238,15413
gz-02-lote2-python,bateria,2026-09-28 02:00,2026-09-27 21:00,2026-09-27,64.76050420168067,64,65,238,15413
gz-02-lote2-python,bateria,2026-09-28 03:00,2026-09-27 22:00,2026-09-27,63.27196652719665,63,64,239,15122
gz-02-lote2-python,bateria,2026-09-28 04:00,2026-09-27 23:00,2026-09-27,63,63,63,237,14931
gz-02-lote2-python,bateria,2026-09-28 05:00,2026-09-28 00:00,2026-09-28,63,63,63,238,14994
gz-02-lote2-python,bateria,2026-09-28 06:00,2026-09-28 01:00,2026-09-28,63,63,63,238,14994
gz-02-lote2-python,bateria,2026-09-28 07:00,2026-09-28 02:00,2026-09-28,62.063025210084035,62,63,238,14771
gz-02-lote2-python,bateria,2026-09-28 08:00,2026-09-28 03:00,2026-09-28,62.65966386554622,62,64,238,14913
gz-02-lote2-python,bateria,2026-09-28 09:00,2026-09-28 04:00,2026-09-28,65.78059071729957,64,67,237,15590
gz-02-lote2-python,bateria,2026-09-28 10:00,2026-09-28 05:00,2026-09-28,65.94957983193277,65,67,238,15696
gz-02-lote2-python,bateria,2026-09-28 11:00,2026-09-28 06:00,2026-09-28,67.81932773109244,65,71,238,16141
gz-02-lote2-python,bateria,2026-09-28 12:00,2026-09-28 07:00,2026-09-28,74.59243697478992,71,78,238,17753
gz-02-lote2-python,bateria,2026-09-28 13:00,2026-09-28 08:00,2026-09-28,81.92827004219409,78,85,237,19417
gz-02-lote2-python,bateria,2026-09-28 14:00,2026-09-28 09:00,2026-09-28,87.54621848739495,85,90,238,20836
gz-02-lote2-python,bateria,2026-09-28 15:00,2026-09-28 10:00,2026-09-28,91.6218487394958,90,93,238,21806
gz-02-lote2-python,bateria,2026-09-28 16:00,2026-09-28 11:00,2026-09-28,93.5672268907563,93,94,238,22269
gz-02-lote2-python,bateria,2026-09-28 17:00,2026-09-28 12:00,2026-09-28,92.67088607594937,92,93,237,21963
gz-02-lote2-python,bateria,2026-09-28 18:00,2026-09-28 13:00,2026-09-28,90.88235294117646,90,92,238,21630
gz-02-lote2-python,bateria,2026-09-28 19:00,2026-09-28 14:00,2026-09-28,87.8109243697479,86,90,238,20899
gz-02-lote2-python,bateria,2026-09-28 20:00,2026-09-28 15:00,2026-09-28,82.52521008403362,79,86,238,19641
gz-02-lote2-python,bateria,2026-09-28 21:00,2026-09-28 16:00,2026-09-28,75.28691983122363,72,79,237,17843
gz-02-lote2-python,bateria,2026-09-28 22:00,2026-09-28 17:00,2026-09-28,68.46218487394958,66,72,238,16294
gz-02-lote2-python,bateria,2026-09-28 23:00,2026-09-28 18:00,2026-09-28,65.68067226890756,65,66,238,15632
gz-02-lote2-python,bateria,2026-09-29 00:00,2026-09-28 19:00,2026-09-28,66,66,66,147,9702
gz-02-lote2-python,ceSuelo,2026-09-22 03:00,2026-09-21 22:00,2026-09-21,1.097106918238994,1.06,1.19,159,174.44000000000005
gz-02-lote2-python,ceSuelo,2026-09-22 04:00,2026-09-21 23:00,2026-09-21,1.0924050632911388,1.01,1.19,237,258.8999999999999
gz-02-lote2-python,ceSuelo,2026-09-22 05:00,2026-09-22 00:00,2026-09-22,1.0950000000000024,1.01,1.16,238,260.6100000000006
gz-02-lote2-python,ceSuelo,2026-09-22 06:00,2026-09-22 01:00,2026-09-22,1.1581512605042028,1.08,1.22,238,275.64000000000027
gz-02-lote2-python,ceSuelo,2026-09-22 07:00,2026-09-22 02:00,2026-09-22,1.099159663865546,1.01,1.21,238,261.59999999999997
gz-02-lote2-python,ceSuelo,2026-09-22 08:00,2026-09-22 03:00,2026-09-22,1.1080590717299585,1.02,1.21,237,262.6100000000002
gz-02-lote2-python,ceSuelo,2026-09-22 09:00,2026-09-22 04:00,2026-09-22,0.9965966386554632,0.96,1.02,238,237.19000000000025
gz-02-lote2-python,ceSuelo,2026-09-22 10:00,2026-09-22 05:00,2026-09-22,1.0415546218487408,1,1.08,238,247.8900000000003
gz-02-lote2-python,ceSuelo,2026-09-22 11:00,2026-09-22 06:00,2026-09-22,1.0790756302521016,1,1.16,238,256.82000000000016
gz-02-lote2-python,ceSuelo,2026-09-22 12:00,2026-09-22 07:00,2026-09-22,1.1537974683544292,1,1.24,237,273.4499999999997
gz-02-lote2-python,ceSuelo,2026-09-22 13:00,2026-09-22 08:00,2026-09-22,1.1146638655462167,1.03,1.26,238,265.28999999999957
gz-02-lote2-python,ceSuelo,2026-09-22 14:00,2026-09-22 09:00,2026-09-22,1.179285714285711,1.1,1.26,238,280.6699999999992
gz-02-lote2-python,ceSuelo,2026-09-22 15:00,2026-09-22 10:00,2026-09-22,1.1261344537815137,1.07,1.2,238,268.02000000000027
gz-02-lote2-python,ceSuelo,2026-09-22 16:00,2026-09-22 11:00,2026-09-22,1.1203797468354446,1.08,1.2,237,265.53000000000037
gz-02-lote2-python,ceSuelo,2026-09-22 17:00,2026-09-22 12:00,2026-09-22,1.137016806722691,1.1,1.21,238,270.6100000000004
gz-02-lote2-python,ceSuelo,2026-09-22 18:00,2026-09-22 13:00,2026-09-22,1.132226890756302,1.06,1.21,238,269.46999999999986
gz-02-lote2-python,ceSuelo,2026-09-22 19:00,2026-09-22 14:00,2026-09-22,1.1610548523206736,1.07,1.26,237,275.1699999999997
gz-02-lote2-python,ceSuelo,2026-09-22 20:00,2026-09-22 15:00,2026-09-22,1.1515062761506283,1.08,1.18,239,275.21000000000015
gz-02-lote2-python,ceSuelo,2026-09-22 21:00,2026-09-22 16:00,2026-09-22,1.0680912863070533,1,1.14,241,257.40999999999985
gz-02-lote2-python,ceSuelo,2026-09-22 22:00,2026-09-22 17:00,2026-09-22,1.1078991596638663,1.03,1.21,238,263.6800000000002
gz-02-lote2-python,ceSuelo,2026-09-22 23:00,2026-09-22 18:00,2026-09-22,1.1175210084033607,1.03,1.21,238,265.96999999999986
gz-02-lote2-python,ceSuelo,2026-09-23 00:00,2026-09-22 19:00,2026-09-22,1.103797468354431,1.05,1.16,237,261.60000000000014
gz-02-lote2-python,ceSuelo,2026-09-23 01:00,2026-09-22 20:00,2026-09-22,1.0890756302521039,1.02,1.13,238,259.2000000000007
gz-02-lote2-python,ceSuelo,2026-09-23 02:00,2026-09-22 21:00,2026-09-22,1.0926890756302536,1.02,1.14,238,260.06000000000034
gz-02-lote2-python,ceSuelo,2026-09-23 03:00,2026-09-22 22:00,2026-09-22,1.0858403361344546,1.07,1.1,238,258.4300000000002
gz-02-lote2-python,ceSuelo,2026-09-23 04:00,2026-09-22 23:00,2026-09-22,1.1023109243697495,1.02,1.16,238,262.35000000000036
gz-02-lote2-python,ceSuelo,2026-09-23 05:00,2026-09-23 00:00,2026-09-23,1.1071729957805918,1.04,1.18,237,262.40000000000026
gz-02-lote2-python,ceSuelo,2026-09-23 06:00,2026-09-23 01:00,2026-09-23,1.138319327731091,1.05,1.22,238,270.9199999999997
gz-02-lote2-python,ceSuelo,2026-09-23 07:00,2026-09-23 02:00,2026-09-23,1.1423529411764703,1.05,1.23,238,271.87999999999994
gz-02-lote2-python,ceSuelo,2026-09-23 08:00,2026-09-23 03:00,2026-09-23,1.1153361344537813,1.07,1.15,238,265.44999999999993
gz-02-lote2-python,ceSuelo,2026-09-23 09:00,2026-09-23 04:00,2026-09-23,1.0665822784810162,1.05,1.09,237,252.78000000000085
gz-02-lote2-python,ceSuelo,2026-09-23 10:00,2026-09-23 05:00,2026-09-23,1.052394957983194,1,1.18,238,250.47000000000017
gz-02-lote2-python,ceSuelo,2026-09-23 11:00,2026-09-23 06:00,2026-09-23,1.1438235294117645,1.12,1.18,238,272.22999999999996
gz-02-lote2-python,ceSuelo,2026-09-23 12:00,2026-09-23 07:00,2026-09-23,1.161680672268906,1.12,1.23,238,276.4799999999996
gz-02-lote2-python,ceSuelo,2026-09-23 13:00,2026-09-23 08:00,2026-09-23,1.1193248945147685,1.07,1.16,237,265.28000000000014
gz-02-lote2-python,ceSuelo,2026-09-23 14:00,2026-09-23 09:00,2026-09-23,1.122803347280334,1.07,1.18,239,268.34999999999985
gz-02-lote2-python,ceSuelo,2026-09-23 15:00,2026-09-23 10:00,2026-09-23,1.1659663865546235,1.05,1.25,238,277.5000000000004
gz-02-lote2-python,ceSuelo,2026-09-23 16:00,2026-09-23 11:00,2026-09-23,1.144621848739496,1.05,1.21,238,272.42
gz-02-lote2-python,ceSuelo,2026-09-23 17:00,2026-09-23 12:00,2026-09-23,1.1044303797468358,1.04,1.2,237,261.75000000000006
gz-02-lote2-python,ceSuelo,2026-09-23 18:00,2026-09-23 13:00,2026-09-23,1.200083682008368,1.07,1.27,239,286.81999999999994
gz-02-lote2-python,ceSuelo,2026-09-23 19:00,2026-09-23 14:00,2026-09-23,1.1144537815126043,1.01,1.24,238,265.23999999999984
gz-02-lote2-python,ceSuelo,2026-09-23 20:00,2026-09-23 15:00,2026-09-23,1.1515966386554628,1.08,1.24,238,274.08000000000015
gz-02-lote2-python,ceSuelo,2026-09-23 21:00,2026-09-23 16:00,2026-09-23,1.1182700421940917,1.07,1.2,237,265.02999999999975
gz-02-lote2-python,ceSuelo,2026-09-23 22:00,2026-09-23 17:00,2026-09-23,1.1555042016806711,1.1,1.21,238,275.0099999999997
gz-02-lote2-python,ceSuelo,2026-09-23 23:00,2026-09-23 18:00,2026-09-23,1.1333613445378163,1.07,1.2,238,269.7400000000003
gz-02-lote2-python,ceSuelo,2026-09-24 00:00,2026-09-23 19:00,2026-09-23,1.0540756302521024,0.98,1.18,238,250.87000000000037
gz-02-lote2-python,ceSuelo,2026-09-24 01:00,2026-09-23 20:00,2026-09-23,1.0984388185654008,1.05,1.18,237,260.33
gz-02-lote2-python,ceSuelo,2026-09-24 02:00,2026-09-23 21:00,2026-09-23,1.0651680672268913,1.01,1.15,238,253.5100000000001
gz-02-lote2-python,ceSuelo,2026-09-24 03:00,2026-09-23 22:00,2026-09-23,1.0842857142857143,1.03,1.11,238,258.06
gz-02-lote2-python,ceSuelo,2026-09-24 04:00,2026-09-23 23:00,2026-09-23,1.0764285714285713,1.03,1.14,238,256.18999999999994
gz-02-lote2-python,ceSuelo,2026-09-24 05:00,2026-09-24 00:00,2026-09-24,1.1091983122362887,1.04,1.16,237,262.88000000000045
gz-02-lote2-python,ceSuelo,2026-09-24 06:00,2026-09-24 01:00,2026-09-24,1.1122268907563013,1.04,1.14,238,264.7099999999997
gz-02-lote2-python,ceSuelo,2026-09-24 07:00,2026-09-24 02:00,2026-09-24,1.1351260504201668,1.09,1.16,238,270.1599999999997
gz-02-lote2-python,ceSuelo,2026-09-24 08:00,2026-09-24 03:00,2026-09-24,1.0927310924369753,1.03,1.16,238,260.0700000000001
gz-02-lote2-python,ceSuelo,2026-09-24 09:00,2026-09-24 04:00,2026-09-24,1.1129535864978906,1.06,1.24,237,263.77000000000004
gz-02-lote2-python,ceSuelo,2026-09-24 10:00,2026-09-24 05:00,2026-09-24,1.1109243697479008,1.06,1.24,238,264.4000000000004
gz-02-lote2-python,ceSuelo,2026-09-24 11:00,2026-09-24 06:00,2026-09-24,1.151428571428572,1.05,1.24,238,274.04000000000013
gz-02-lote2-python,ceSuelo,2026-09-24 12:00,2026-09-24 07:00,2026-09-24,1.1742857142857133,1.04,1.24,238,279.47999999999973
gz-02-lote2-python,ceSuelo,2026-09-24 13:00,2026-09-24 08:00,2026-09-24,1.0772151898734186,1.01,1.16,237,255.30000000000018
gz-02-lote2-python,ceSuelo,2026-09-24 14:00,2026-09-24 09:00,2026-09-24,1.1597899159663887,1.06,1.25,238,276.0300000000005
gz-02-lote2-python,ceSuelo,2026-09-24 15:00,2026-09-24 10:00,2026-09-24,1.1170588235294117,1.06,1.16,238,265.85999999999996
gz-02-lote2-python,ceSuelo,2026-09-24 16:00,2026-09-24 11:00,2026-09-24,1.1184033613445366,1.08,1.16,238,266.1799999999997
gz-02-lote2-python,ceSuelo,2026-09-24 17:00,2026-09-24 12:00,2026-09-24,1.1654008438818573,1.11,1.2,237,276.20000000000016
gz-02-lote2-python,ceSuelo,2026-09-24 18:00,2026-09-24 13:00,2026-09-24,1.143109243697479,1.09,1.22,238,272.06
gz-02-lote2-python,ceSuelo,2026-09-24 19:00,2026-09-24 14:00,2026-09-24,1.11857142857143,1.09,1.15,238,266.22000000000037
gz-02-lote2-python,ceSuelo,2026-09-24 20:00,2026-09-24 15:00,2026-09-24,1.1247478991596633,1.05,1.18,238,267.6899999999999
gz-02-lote2-python,ceSuelo,2026-09-24 21:00,2026-09-24 16:00,2026-09-24,1.0942616033755275,0.81,1.21,237,259.34000000000003
gz-02-lote2-python,ceSuelo,2026-09-24 22:00,2026-09-24 17:00,2026-09-24,0.8765126050420169,0.75,1.05,238,208.61
gz-02-lote2-python,ceSuelo,2026-09-24 23:00,2026-09-24 18:00,2026-09-24,1.073193277310925,1.01,1.17,238,255.42000000000013
gz-02-lote2-python,ceSuelo,2026-09-25 00:00,2026-09-24 19:00,2026-09-24,1.0673949579831974,1.02,1.12,238,254.04000000000096
gz-02-lote2-python,ceSuelo,2026-09-25 01:00,2026-09-24 20:00,2026-09-24,1.0765822784810126,1.01,1.14,237,255.14999999999998
gz-02-lote2-python,ceSuelo,2026-09-25 02:00,2026-09-24 21:00,2026-09-24,1.1222689075630252,1.01,1.17,238,267.1
gz-02-lote2-python,ceSuelo,2026-09-25 03:00,2026-09-24 22:00,2026-09-24,1.097478991596639,0.99,1.18,238,261.2000000000001
gz-02-lote2-python,ceSuelo,2026-09-25 04:00,2026-09-24 23:00,2026-09-24,1.092142857142858,0.99,1.13,238,259.9300000000002
gz-02-lote2-python,ceSuelo,2026-09-25 05:00,2026-09-25 00:00,2026-09-25,1.1103375527426163,1.04,1.2,237,263.15000000000003
gz-02-lote2-python,ceSuelo,2026-09-25 06:00,2026-09-25 01:00,2026-09-25,1.1641176470588208,1.11,1.24,238,277.0599999999994
gz-02-lote2-python,ceSuelo,2026-09-25 07:00,2026-09-25 02:00,2026-09-25,1.0857563025210129,1.03,1.11,238,258.41000000000105
gz-02-lote2-python,ceSuelo,2026-09-25 08:00,2026-09-25 03:00,2026-09-25,1.0368067226890771,1,1.08,238,246.76000000000036
gz-02-lote2-python,ceSuelo,2026-09-25 09:00,2026-09-25 04:00,2026-09-25,1.1065400843881852,1.06,1.15,237,262.2499999999999
gz-02-lote2-python,ceSuelo,2026-09-25 10:00,2026-09-25 05:00,2026-09-25,1.098368200836819,0.94,1.22,239,262.5099999999997
gz-02-lote2-python,ceSuelo,2026-09-25 11:00,2026-09-25 06:00,2026-09-25,1.0966386554621839,0.94,1.22,238,260.9999999999998
gz-02-lote2-python,ceSuelo,2026-09-25 12:00,2026-09-25 07:00,2026-09-25,1.144411764705885,1.08,1.22,238,272.37000000000063
gz-02-lote2-python,ceSuelo,2026-09-25 13:00,2026-09-25 08:00,2026-09-25,1.1478902953586496,1.08,1.21,237,272.04999999999995
gz-02-lote2-python,ceSuelo,2026-09-25 14:00,2026-09-25 09:00,2026-09-25,1.1762605042016787,1.08,1.26,238,279.94999999999953
gz-02-lote2-python,ceSuelo,2026-09-25 15:00,2026-09-25 10:00,2026-09-25,1.1599999999999995,1.12,1.19,239,277.2399999999999
gz-02-lote2-python,ceSuelo,2026-09-25 16:00,2026-09-25 11:00,2026-09-25,1.1569198312236304,1.08,1.24,237,274.1900000000004
gz-02-lote2-python,ceSuelo,2026-09-25 17:00,2026-09-25 12:00,2026-09-25,1.1670168067226907,1.1,1.27,238,277.7500000000004
gz-02-lote2-python,ceSuelo,2026-09-25 18:00,2026-09-25 13:00,2026-09-25,1.2127310924369723,1.17,1.27,238,288.6299999999994
gz-02-lote2-python,ceSuelo,2026-09-25 19:00,2026-09-25 14:00,2026-09-25,1.1527310924369731,0.82,1.26,238,274.3499999999996
gz-02-lote2-python,ceSuelo,2026-09-25 20:00,2026-09-25 15:00,2026-09-25,0.8400843881856562,0.79,1.04,237,199.10000000000053
gz-02-lote2-python,ceSuelo,2026-09-25 21:00,2026-09-25 16:00,2026-09-25,1.1349999999999987,1.04,1.22,238,270.1299999999997
gz-02-lote2-python,ceSuelo,2026-09-25 22:00,2026-09-25 17:00,2026-09-25,1.1515966386554641,1.09,1.23,238,274.08000000000044
gz-02-lote2-python,ceSuelo,2026-09-25 23:00,2026-09-25 18:00,2026-09-25,1.0597899159663877,0.96,1.12,238,252.23000000000027
gz-02-lote2-python,ceSuelo,2026-09-26 00:00,2026-09-25 19:00,2026-09-25,1.08776371308017,1.04,1.14,237,257.8000000000003
gz-02-lote2-python,ceSuelo,2026-09-26 01:00,2026-09-25 20:00,2026-09-25,1.1245378151260499,1.06,1.18,238,267.6399999999999
gz-02-lote2-python,ceSuelo,2026-09-26 02:00,2026-09-25 21:00,2026-09-25,1.1203361344537788,1.07,1.21,238,266.63999999999936
gz-02-lote2-python,ceSuelo,2026-09-26 03:00,2026-09-25 22:00,2026-09-25,1.102310924369746,1.03,1.21,238,262.34999999999957
gz-02-lote2-python,ceSuelo,2026-09-26 04:00,2026-09-25 23:00,2026-09-25,1.0516033755274283,0.96,1.15,237,249.23000000000053
gz-02-lote2-python,ceSuelo,2026-09-26 05:00,2026-09-26 00:00,2026-09-26,1.092899159663865,0.96,1.19,238,260.1099999999999
gz-02-lote2-python,ceSuelo,2026-09-26 06:00,2026-09-26 01:00,2026-09-26,1.131134453781513,1.06,1.19,238,269.2100000000001
gz-02-lote2-python,ceSuelo,2026-09-26 07:00,2026-09-26 02:00,2026-09-26,1.1442016806722697,1.08,1.19,238,272.32000000000016
gz-02-lote2-python,ceSuelo,2026-09-26 08:00,2026-09-26 03:00,2026-09-26,1.1427426160337548,1.08,1.2,237,270.82999999999987
gz-02-lote2-python,ceSuelo,2026-09-26 09:00,2026-09-26 04:00,2026-09-26,1.1342857142857128,1.08,1.2,238,269.95999999999964
gz-02-lote2-python,ceSuelo,2026-09-26 10:00,2026-09-26 05:00,2026-09-26,1.079243697478994,1.01,1.13,238,256.8600000000006
gz-02-lote2-python,ceSuelo,2026-09-26 11:00,2026-09-26 06:00,2026-09-26,1.0795358649789002,1.01,1.22,237,255.84999999999934
gz-02-lote2-python,ceSuelo,2026-09-26 12:00,2026-09-26 07:00,2026-09-26,1.1485714285714292,1.05,1.22,238,273.3600000000002
gz-02-lote2-python,ceSuelo,2026-09-26 13:00,2026-09-26 08:00,2026-09-26,1.133109243697481,1.05,1.18,238,269.68000000000046
gz-02-lote2-python,ceSuelo,2026-09-26 14:00,2026-09-26 09:00,2026-09-26,1.1557563025210071,1.1,1.21,238,275.0699999999997
gz-02-lote2-python,ceSuelo,2026-09-26 15:00,2026-09-26 10:00,2026-09-26,1.1594092827004223,1.08,1.22,237,274.7800000000001
gz-02-lote2-python,ceSuelo,2026-09-26 16:00,2026-09-26 11:00,2026-09-26,1.0997478991596639,1.02,1.2,238,261.74
gz-02-lote2-python,ceSuelo,2026-09-26 17:00,2026-09-26 12:00,2026-09-26,1.1289915966386568,1.07,1.23,238,268.70000000000033
gz-02-lote2-python,ceSuelo,2026-09-26 18:00,2026-09-26 13:00,2026-09-26,1.242151898734178,1.18,1.29,237,294.39000000000016
gz-02-lote2-python,ceSuelo,2026-09-26 19:00,2026-09-26 14:00,2026-09-26,1.1689495798319327,1.07,1.27,238,278.21
gz-02-lote2-python,ceSuelo,2026-09-26 20:00,2026-09-26 15:00,2026-09-26,1.1196638655462172,1.05,1.2,238,266.4799999999997
gz-02-lote2-python,ceSuelo,2026-09-26 21:00,2026-09-26 16:00,2026-09-26,1.1446835443037948,1.03,1.24,237,271.2899999999994
gz-02-lote2-python,ceSuelo,2026-09-26 22:00,2026-09-26 17:00,2026-09-26,1.0770588235294118,0.99,1.14,238,256.34000000000003
gz-02-lote2-python,ceSuelo,2026-09-26 23:00,2026-09-26 18:00,2026-09-26,1.0979411764705889,0.99,1.18,238,261.3100000000002
gz-02-lote2-python,ceSuelo,2026-09-27 00:00,2026-09-26 19:00,2026-09-26,1.1521428571428554,1.1,1.19,238,274.2099999999996
gz-02-lote2-python,ceSuelo,2026-09-27 01:00,2026-09-26 20:00,2026-09-26,1.0769620253164558,0.99,1.13,237,255.24
gz-02-lote2-python,ceSuelo,2026-09-27 02:00,2026-09-26 21:00,2026-09-26,1.1377310924369741,1.02,1.22,238,270.77999999999986
gz-02-lote2-python,ceSuelo,2026-09-27 03:00,2026-09-26 22:00,2026-09-26,1.0463445378151257,0.97,1.22,238,249.02999999999994
gz-02-lote2-python,ceSuelo,2026-09-27 04:00,2026-09-26 23:00,2026-09-26,1.0427310924369777,1.02,1.06,238,248.17000000000067
gz-02-lote2-python,ceSuelo,2026-09-27 05:00,2026-09-27 00:00,2026-09-27,1.1472573839662448,1.02,1.23,237,271.90000000000003
gz-02-lote2-python,ceSuelo,2026-09-27 06:00,2026-09-27 01:00,2026-09-27,1.1044351464435145,1.02,1.15,239,263.96
gz-02-lote2-python,ceSuelo,2026-09-27 07:00,2026-09-27 02:00,2026-09-27,1.1628991596638671,1.08,1.22,238,276.7700000000004
gz-02-lote2-python,ceSuelo,2026-09-27 08:00,2026-09-27 03:00,2026-09-27,1.1177310924369732,1.08,1.17,238,266.01999999999964
gz-02-lote2-python,ceSuelo,2026-09-27 09:00,2026-09-27 04:00,2026-09-27,1.1049367088607631,1.05,1.18,237,261.87000000000086
gz-02-lote2-python,ceSuelo,2026-09-27 10:00,2026-09-27 05:00,2026-09-27,1.1447478991596634,1.11,1.18,238,272.4499999999999
gz-02-lote2-python,ceSuelo,2026-09-27 11:00,2026-09-27 06:00,2026-09-27,1.1321008403361363,1.06,1.18,238,269.44000000000045
gz-02-lote2-python,ceSuelo,2026-09-27 12:00,2026-09-27 07:00,2026-09-27,1.1387341772151909,1.1,1.18,237,269.8800000000002
gz-02-lote2-python,ceSuelo,2026-09-27 13:00,2026-09-27 08:00,2026-09-27,1.1602100840336123,1.04,1.25,238,276.1299999999997
gz-02-lote2-python,ceSuelo,2026-09-27 14:00,2026-09-27 09:00,2026-09-27,1.0997899159663849,1.04,1.14,238,261.7499999999996
gz-02-lote2-python,ceSuelo,2026-09-27 15:00,2026-09-27 10:00,2026-09-27,1.179831932773109,1.09,1.27,238,280.79999999999995
gz-02-lote2-python,ceSuelo,2026-09-27 16:00,2026-09-27 11:00,2026-09-27,1.1870886075949356,1.14,1.25,237,281.33999999999975
gz-02-lote2-python,ceSuelo,2026-09-27 17:00,2026-09-27 12:00,2026-09-27,1.1633193277310925,1.11,1.26,238,276.87
gz-02-lote2-python,ceSuelo,2026-09-27 18:00,2026-09-27 13:00,2026-09-27,1.2267226890756313,1.13,1.28,238,291.96000000000026
gz-02-lote2-python,ceSuelo,2026-09-27 19:00,2026-09-27 14:00,2026-09-27,1.1465966386554645,1.11,1.21,238,272.89000000000055
gz-02-lote2-python,ceSuelo,2026-09-27 20:00,2026-09-27 15:00,2026-09-27,1.060970464135022,0.99,1.15,237,251.45000000000022
gz-02-lote2-python,ceSuelo,2026-09-27 21:00,2026-09-27 16:00,2026-09-27,1.1870168067226872,1.13,1.26,238,282.50999999999954
gz-02-lote2-python,ceSuelo,2026-09-27 22:00,2026-09-27 17:00,2026-09-27,1.1376050420168038,1.08,1.2,238,270.7499999999993
gz-02-lote2-python,ceSuelo,2026-09-27 23:00,2026-09-27 18:00,2026-09-27,1.1330672268907562,1.08,1.17,238,269.66999999999996
gz-02-lote2-python,ceSuelo,2026-09-28 00:00,2026-09-27 19:00,2026-09-27,1.13620253164557,1.07,1.22,237,269.2800000000001
gz-02-lote2-python,ceSuelo,2026-09-28 01:00,2026-09-27 20:00,2026-09-27,1.1137394957983198,1.01,1.25,238,265.0700000000001
gz-02-lote2-python,ceSuelo,2026-09-28 02:00,2026-09-27 21:00,2026-09-27,1.1342436974789918,1.07,1.18,238,269.95000000000005
gz-02-lote2-python,ceSuelo,2026-09-28 03:00,2026-09-27 22:00,2026-09-27,1.076108786610879,1.02,1.14,239,257.19000000000005
gz-02-lote2-python,ceSuelo,2026-09-28 04:00,2026-09-27 23:00,2026-09-27,1.1099578059071733,1.03,1.2,237,263.06000000000006
gz-02-lote2-python,ceSuelo,2026-09-28 05:00,2026-09-28 00:00,2026-09-28,1.1408403361344537,1.1,1.18,238,271.52
gz-02-lote2-python,ceSuelo,2026-09-28 06:00,2026-09-28 01:00,2026-09-28,1.1032352941176469,1.04,1.15,238,262.56999999999994
gz-02-lote2-python,ceSuelo,2026-09-28 07:00,2026-09-28 02:00,2026-09-28,1.0677731092436975,0.99,1.13,238,254.13
gz-02-lote2-python,ceSuelo,2026-09-28 08:00,2026-09-28 03:00,2026-09-28,1.1271848739495798,1.09,1.17,238,268.27
gz-02-lote2-python,ceSuelo,2026-09-28 09:00,2026-09-28 04:00,2026-09-28,1.1135021097046414,0.97,1.21,237,263.9
gz-02-lote2-python,ceSuelo,2026-09-28 10:00,2026-09-28 05:00,2026-09-28,1.1050840336134453,0.98,1.21,238,263.01
gz-02-lote2-python,ceSuelo,2026-09-28 11:00,2026-09-28 06:00,2026-09-28,1.0776050420168066,0.98,1.16,238,256.46999999999997
gz-02-lote2-python,ceSuelo,2026-09-28 12:00,2026-09-28 07:00,2026-09-28,1.0617226890756302,1.01,1.11,238,252.69
gz-02-lote2-python,ceSuelo,2026-09-28 13:00,2026-09-28 08:00,2026-09-28,1.1250210970464136,1.09,1.18,237,266.63000000000005
gz-02-lote2-python,ceSuelo,2026-09-28 14:00,2026-09-28 09:00,2026-09-28,1.1712184873949578,1.1,1.26,238,278.74999999999994
gz-02-lote2-python,ceSuelo,2026-09-28 15:00,2026-09-28 10:00,2026-09-28,1.1555882352941176,1.1,1.24,238,275.03
gz-02-lote2-python,ceSuelo,2026-09-28 16:00,2026-09-28 11:00,2026-09-28,1.1827310924369747,1.1,1.27,238,281.49
gz-02-lote2-python,ceSuelo,2026-09-28 17:00,2026-09-28 12:00,2026-09-28,1.1829535864978904,1.15,1.23,237,280.36
gz-02-lote2-python,ceSuelo,2026-09-28 18:00,2026-09-28 13:00,2026-09-28,1.1941176470588237,1.16,1.22,238,284.20000000000005
gz-02-lote2-python,ceSuelo,2026-09-28 19:00,2026-09-28 14:00,2026-09-28,1.1793277310924368,1.11,1.27,238,280.67999999999995
gz-02-lote2-python,ceSuelo,2026-09-28 20:00,2026-09-28 15:00,2026-09-28,1.1642016806722686,1.11,1.22,238,277.0799999999999
gz-02-lote2-python,ceSuelo,2026-09-28 21:00,2026-09-28 16:00,2026-09-28,1.139957805907173,1.09,1.23,237,270.17
gz-02-lote2-python,ceSuelo,2026-09-28 22:00,2026-09-28 17:00,2026-09-28,1.1436554621848742,1.08,1.23,238,272.19000000000005
gz-02-lote2-python,ceSuelo,2026-09-28 23:00,2026-09-28 18:00,2026-09-28,1.0735294117647058,1.02,1.14,238,255.5
gz-02-lote2-python,ceSuelo,2026-09-29 00:00,2026-09-28 19:00,2026-09-28,1.129795918367347,1.09,1.14,147,166.07999999999998
gz-02-lote2-python,humedadSuelo,2026-09-22 03:00,2026-09-21 22:00,2026-09-21,30.444654088050324,28.4,32,159,4840.700000000002
gz-02-lote2-python,humedadSuelo,2026-09-22 04:00,2026-09-21 23:00,2026-09-21,30.891139240506348,29.5,32.2,237,7321.200000000004
gz-02-lote2-python,humedadSuelo,2026-09-22 05:00,2026-09-22 00:00,2026-09-22,29.471848739495815,28,31.1,238,7014.300000000004
gz-02-lote2-python,humedadSuelo,2026-09-22 06:00,2026-09-22 01:00,2026-09-22,29.561764705882336,27.8,31.8,238,7035.699999999996
gz-02-lote2-python,humedadSuelo,2026-09-22 07:00,2026-09-22 02:00,2026-09-22,30.33487394957984,28,32.1,238,7219.700000000002
gz-02-lote2-python,humedadSuelo,2026-09-22 08:00,2026-09-22 03:00,2026-09-22,29.85232067510548,28,32,237,7074.999999999999
gz-02-lote2-python,humedadSuelo,2026-09-22 09:00,2026-09-22 04:00,2026-09-22,31.54411764705883,30.1,32.6,238,7507.500000000002
gz-02-lote2-python,humedadSuelo,2026-09-22 10:00,2026-09-22 05:00,2026-09-22,31.93151260504203,30.5,33,238,7599.7000000000035
gz-02-lote2-python,humedadSuelo,2026-09-22 11:00,2026-09-22 06:00,2026-09-22,30.617226890756335,30.1,32.1,238,7286.900000000008
gz-02-lote2-python,humedadSuelo,2026-09-22 12:00,2026-09-22 07:00,2026-09-22,29.249789029535854,27.9,31.4,237,6932.199999999997
gz-02-lote2-python,humedadSuelo,2026-09-22 13:00,2026-09-22 08:00,2026-09-22,28.950840336134426,27.5,30.1,238,6890.299999999994
gz-02-lote2-python,humedadSuelo,2026-09-22 14:00,2026-09-22 09:00,2026-09-22,28.947478991596576,27,31.3,238,6889.499999999985
gz-02-lote2-python,humedadSuelo,2026-09-22 15:00,2026-09-22 10:00,2026-09-22,28.592857142857152,27,29.7,238,6805.100000000002
gz-02-lote2-python,humedadSuelo,2026-09-22 16:00,2026-09-22 11:00,2026-09-22,28.671308016877653,26.8,30.4,237,6795.100000000004
gz-02-lote2-python,humedadSuelo,2026-09-22 17:00,2026-09-22 12:00,2026-09-22,28.206302521008386,27.1,29.4,238,6713.099999999996
gz-02-lote2-python,humedadSuelo,2026-09-22 18:00,2026-09-22 13:00,2026-09-22,29.28067226890759,27.1,30,238,6968.800000000007
gz-02-lote2-python,humedadSuelo,2026-09-22 19:00,2026-09-22 14:00,2026-09-22,28.643881856540062,27.1,29.8,237,6788.599999999995
gz-02-lote2-python,humedadSuelo,2026-09-22 20:00,2026-09-22 15:00,2026-09-22,28.89581589958156,28,29.8,239,6906.099999999993
gz-02-lote2-python,humedadSuelo,2026-09-22 21:00,2026-09-22 16:00,2026-09-22,29.97925311203323,28.5,30.8,241,7225.000000000008
gz-02-lote2-python,humedadSuelo,2026-09-22 22:00,2026-09-22 17:00,2026-09-22,29.485714285714348,27.8,30.7,238,7017.600000000015
gz-02-lote2-python,humedadSuelo,2026-09-22 23:00,2026-09-22 18:00,2026-09-22,30.086974789915953,28.1,31.6,238,7160.699999999997
gz-02-lote2-python,humedadSuelo,2026-09-23 00:00,2026-09-22 19:00,2026-09-22,30.61898734177215,29.2,32,237,7256.7
gz-02-lote2-python,humedadSuelo,2026-09-23 01:00,2026-09-22 20:00,2026-09-22,30.484453781512624,29.2,32,238,7255.300000000005
gz-02-lote2-python,humedadSuelo,2026-09-23 02:00,2026-09-22 21:00,2026-09-22,30.586974789915953,28.8,31.6,238,7279.699999999997
gz-02-lote2-python,humedadSuelo,2026-09-23 03:00,2026-09-22 22:00,2026-09-22,30.49369747899167,30.3,31.2,238,7257.500000000017
gz-02-lote2-python,humedadSuelo,2026-09-23 04:00,2026-09-22 23:00,2026-09-22,29.871428571428602,29.1,31.2,238,7109.400000000007
gz-02-lote2-python,humedadSuelo,2026-09-23 05:00,2026-09-23 00:00,2026-09-23,29.913924050632925,27.9,31.8,237,7089.600000000003
gz-02-lote2-python,humedadSuelo,2026-09-23 06:00,2026-09-23 01:00,2026-09-23,29.35966386554622,27.9,30.1,238,6987.6
gz-02-lote2-python,humedadSuelo,2026-09-23 07:00,2026-09-23 02:00,2026-09-23,29.772268907563085,28.4,31.4,238,7085.800000000014
gz-02-lote2-python,humedadSuelo,2026-09-23 08:00,2026-09-23 03:00,2026-09-23,29.776470588235277,29,31.4,238,7086.799999999996
gz-02-lote2-python,humedadSuelo,2026-09-23 09:00,2026-09-23 04:00,2026-09-23,30.852320675105386,30.4,31.7,237,7311.999999999976
gz-02-lote2-python,humedadSuelo,2026-09-23 10:00,2026-09-23 05:00,2026-09-23,30.85840336134454,27.9,31.7,238,7344.3
gz-02-lote2-python,humedadSuelo,2026-09-23 11:00,2026-09-23 06:00,2026-09-23,30.069327731092468,27.9,30.9,238,7156.500000000007
gz-02-lote2-python,humedadSuelo,2026-09-23 12:00,2026-09-23 07:00,2026-09-23,29.540756302520975,27.9,30.7,238,7030.6999999999925
gz-02-lote2-python,humedadSuelo,2026-09-23 13:00,2026-09-23 08:00,2026-09-23,30.229113924050576,29.5,30.4,237,7164.2999999999865
gz-02-lote2-python,humedadSuelo,2026-09-23 14:00,2026-09-23 09:00,2026-09-23,28.65606694560669,26.8,29.6,239,6848.799999999998
gz-02-lote2-python,humedadSuelo,2026-09-23 15:00,2026-09-23 10:00,2026-09-23,28.436554621848707,27.3,30.2,238,6767.899999999992
gz-02-lote2-python,humedadSuelo,2026-09-23 16:00,2026-09-23 11:00,2026-09-23,29.23697478991595,27.7,30.3,238,6958.399999999996
gz-02-lote2-python,humedadSuelo,2026-09-23 17:00,2026-09-23 12:00,2026-09-23,29.48143459915617,27,30.6,237,6987.100000000012
gz-02-lote2-python,humedadSuelo,2026-09-23 18:00,2026-09-23 13:00,2026-09-23,27.66443514644351,27,29.9,239,6611.799999999998
gz-02-lote2-python,humedadSuelo,2026-09-23 19:00,2026-09-23 14:00,2026-09-23,29.460924369747882,27.6,30.5,238,7011.699999999996
gz-02-lote2-python,humedadSuelo,2026-09-23 20:00,2026-09-23 15:00,2026-09-23,29.13823529411764,27.1,30.4,238,6934.899999999998
gz-02-lote2-python,humedadSuelo,2026-09-23 21:00,2026-09-23 16:00,2026-09-23,29.647679324894504,27.5,31.6,237,7026.499999999997
gz-02-lote2-python,humedadSuelo,2026-09-23 22:00,2026-09-23 17:00,2026-09-23,29.336974789915967,27.7,31.4,238,6982.2
gz-02-lote2-python,humedadSuelo,2026-09-23 23:00,2026-09-23 18:00,2026-09-23,28.936974789915965,28,31.3,238,6887
gz-02-lote2-python,humedadSuelo,2026-09-24 00:00,2026-09-23 19:00,2026-09-23,30.305462184873928,28.9,31.3,238,7212.699999999995
gz-02-lote2-python,humedadSuelo,2026-09-24 01:00,2026-09-23 20:00,2026-09-23,29.70590717299579,28.9,30.7,237,7040.300000000002
gz-02-lote2-python,humedadSuelo,2026-09-24 02:00,2026-09-23 21:00,2026-09-23,30.83571428571424,30.2,31.3,238,7338.899999999989
gz-02-lote2-python,humedadSuelo,2026-09-24 03:00,2026-09-23 22:00,2026-09-23,30.20546218487394,29.1,31.2,238,7188.899999999998
gz-02-lote2-python,humedadSuelo,2026-09-24 04:00,2026-09-23 23:00,2026-09-23,30.231512605041978,29.4,30.6,238,7195.09999999999
gz-02-lote2-python,humedadSuelo,2026-09-24 05:00,2026-09-24 00:00,2026-09-24,28.972995780590708,27.9,30.5,237,6866.599999999998
gz-02-lote2-python,humedadSuelo,2026-09-24 06:00,2026-09-24 01:00,2026-09-24,30.749579831932742,29.5,31.2,238,7318.399999999992
gz-02-lote2-python,humedadSuelo,2026-09-24 07:00,2026-09-24 02:00,2026-09-24,29.75882352941169,29.4,31,238,7082.599999999982
gz-02-lote2-python,humedadSuelo,2026-09-24 08:00,2026-09-24 03:00,2026-09-24,29.895378151260495,28.9,31.3,238,7115.099999999998
gz-02-lote2-python,humedadSuelo,2026-09-24 09:00,2026-09-24 04:00,2026-09-24,29.154008438818586,28.2,31.3,237,6909.500000000005
gz-02-lote2-python,humedadSuelo,2026-09-24 10:00,2026-09-24 05:00,2026-09-24,31.03991596638665,28.2,32.1,238,7387.500000000023
gz-02-lote2-python,humedadSuelo,2026-09-24 11:00,2026-09-24 06:00,2026-09-24,29.120168067226892,27.9,31.3,238,6930.6
gz-02-lote2-python,humedadSuelo,2026-09-24 12:00,2026-09-24 07:00,2026-09-24,29.35504201680672,27.8,31,238,6986.499999999999
gz-02-lote2-python,humedadSuelo,2026-09-24 13:00,2026-09-24 08:00,2026-09-24,29.662447257383985,27.4,31.5,237,7030.000000000005
gz-02-lote2-python,humedadSuelo,2026-09-24 14:00,2026-09-24 09:00,2026-09-24,27.937815126050452,27.3,30,238,6649.200000000008
gz-02-lote2-python,humedadSuelo,2026-09-24 15:00,2026-09-24 10:00,2026-09-24,30.117647058823554,28.7,31.1,238,7168.0000000000055
gz-02-lote2-python,humedadSuelo,2026-09-24 16:00,2026-09-24 11:00,2026-09-24,28.851680672268923,26.4,30.6,238,6866.7000000000035
gz-02-lote2-python,humedadSuelo,2026-09-24 17:00,2026-09-24 12:00,2026-09-24,28.340084388185634,26.4,29.4,237,6716.599999999995
gz-02-lote2-python,humedadSuelo,2026-09-24 18:00,2026-09-24 13:00,2026-09-24,28.84033613445378,27.8,29.6,238,6863.999999999999
gz-02-lote2-python,humedadSuelo,2026-09-24 19:00,2026-09-24 14:00,2026-09-24,28.613865546218435,27.2,29.5,238,6810.099999999988
gz-02-lote2-python,humedadSuelo,2026-09-24 20:00,2026-09-24 15:00,2026-09-24,29.215966386554616,27.8,30.4,238,6953.399999999999
gz-02-lote2-python,humedadSuelo,2026-09-24 21:00,2026-09-24 16:00,2026-09-24,30.46329113924052,27.9,36.3,237,7219.800000000004
gz-02-lote2-python,humedadSuelo,2026-09-24 22:00,2026-09-24 17:00,2026-09-24,35.353781512605046,30.5,38.1,238,8414.2
gz-02-lote2-python,humedadSuelo,2026-09-24 23:00,2026-09-24 18:00,2026-09-24,30.180252100840335,28,31.7,238,7182.9
gz-02-lote2-python,humedadSuelo,2026-09-25 00:00,2026-09-24 19:00,2026-09-24,30.560084033613524,29,31.7,238,7273.300000000018
gz-02-lote2-python,humedadSuelo,2026-09-25 01:00,2026-09-24 20:00,2026-09-24,30.13122362869199,28.3,31.7,237,7141.100000000002
gz-02-lote2-python,humedadSuelo,2026-09-25 02:00,2026-09-24 21:00,2026-09-24,29.52100840336135,27.8,31.7,238,7026.000000000001
gz-02-lote2-python,humedadSuelo,2026-09-25 03:00,2026-09-24 22:00,2026-09-24,29.661764705882355,28.8,31.7,238,7059.500000000001
gz-02-lote2-python,humedadSuelo,2026-09-25 04:00,2026-09-24 23:00,2026-09-24,29.43109243697478,28.4,31.7,238,7004.599999999998
gz-02-lote2-python,humedadSuelo,2026-09-25 05:00,2026-09-25 00:00,2026-09-25,29.68523206751055,28.4,30.5,237,7035.400000000001
gz-02-lote2-python,humedadSuelo,2026-09-25 06:00,2026-09-25 01:00,2026-09-25,28.3764705882353,27.8,29.1,238,6753.600000000001
gz-02-lote2-python,humedadSuelo,2026-09-25 07:00,2026-09-25 02:00,2026-09-25,29.710084033613448,27.8,31.2,238,7071.000000000001
gz-02-lote2-python,humedadSuelo,2026-09-25 08:00,2026-09-25 03:00,2026-09-25,30.87647058823527,29.5,31.6,238,7348.599999999995
gz-02-lote2-python,humedadSuelo,2026-09-25 09:00,2026-09-25 04:00,2026-09-25,29.762447257383958,28.4,30.7,237,7053.699999999998
gz-02-lote2-python,humedadSuelo,2026-09-25 10:00,2026-09-25 05:00,2026-09-25,30.455648535564883,28.5,32.7,239,7278.900000000007
gz-02-lote2-python,humedadSuelo,2026-09-25 11:00,2026-09-25 06:00,2026-09-25,30.16302521008405,28.5,32.7,238,7178.800000000004
gz-02-lote2-python,humedadSuelo,2026-09-25 12:00,2026-09-25 07:00,2026-09-25,28.763445378151207,27.9,29.9,238,6845.699999999987
gz-02-lote2-python,humedadSuelo,2026-09-25 13:00,2026-09-25 08:00,2026-09-25,28.601265822784775,27.3,30.4,237,6778.499999999992
gz-02-lote2-python,humedadSuelo,2026-09-25 14:00,2026-09-25 09:00,2026-09-25,28.970168067226904,27.1,30.4,238,6894.900000000003
gz-02-lote2-python,humedadSuelo,2026-09-25 15:00,2026-09-25 10:00,2026-09-25,29.093305439330553,27.9,30.3,239,6953.300000000002
gz-02-lote2-python,humedadSuelo,2026-09-25 16:00,2026-09-25 11:00,2026-09-25,28.49578059071731,27.2,29.8,237,6753.500000000003
gz-02-lote2-python,humedadSuelo,2026-09-25 17:00,2026-09-25 12:00,2026-09-25,28.658403361344494,26.6,29.7,238,6820.69999999999
gz-02-lote2-python,humedadSuelo,2026-09-25 18:00,2026-09-25 13:00,2026-09-25,26.855462184873947,25.8,28.8,238,6391.599999999999
gz-02-lote2-python,humedadSuelo,2026-09-25 19:00,2026-09-25 14:00,2026-09-25,28.65378151260509,26.5,35.8,238,6819.600000000011
gz-02-lote2-python,humedadSuelo,2026-09-25 20:00,2026-09-25 15:00,2026-09-25,36.10928270042195,32.3,37.2,237,8557.900000000001
gz-02-lote2-python,humedadSuelo,2026-09-25 21:00,2026-09-25 16:00,2026-09-25,29.107142857142865,28.2,32.2,238,6927.500000000002
gz-02-lote2-python,humedadSuelo,2026-09-25 22:00,2026-09-25 17:00,2026-09-25,29.689075630252084,28.1,31.6,238,7065.999999999996
gz-02-lote2-python,humedadSuelo,2026-09-25 23:00,2026-09-25 18:00,2026-09-25,30.21680672268908,28.6,32.2,238,7191.6
gz-02-lote2-python,humedadSuelo,2026-09-26 00:00,2026-09-25 19:00,2026-09-25,30.95400843881856,29,32.1,237,7336.0999999999985
gz-02-lote2-python,humedadSuelo,2026-09-26 01:00,2026-09-25 20:00,2026-09-25,29.64705882352945,28.7,30.7,238,7056.000000000009
gz-02-lote2-python,humedadSuelo,2026-09-26 02:00,2026-09-25 21:00,2026-09-25,30.81764705882355,28.2,31.9,238,7334.600000000005
gz-02-lote2-python,humedadSuelo,2026-09-26 03:00,2026-09-25 22:00,2026-09-25,30.065126050420155,28.2,31.9,238,7155.499999999996
gz-02-lote2-python,humedadSuelo,2026-09-26 04:00,2026-09-25 23:00,2026-09-25,30.14852320675106,28.2,32.2,237,7145.200000000002
gz-02-lote2-python,humedadSuelo,2026-09-26 05:00,2026-09-26 00:00,2026-09-26,30.504201680672303,29,32.2,238,7260.000000000008
gz-02-lote2-python,humedadSuelo,2026-09-26 06:00,2026-09-26 01:00,2026-09-26,29.522689075630257,28.6,30.3,238,7026.4000000000015
gz-02-lote2-python,humedadSuelo,2026-09-26 07:00,2026-09-26 02:00,2026-09-26,29.812605042016827,28.6,31.3,238,7095.400000000005
gz-02-lote2-python,humedadSuelo,2026-09-26 08:00,2026-09-26 03:00,2026-09-26,29.795358649789037,28.2,31.3,237,7061.500000000002
gz-02-lote2-python,humedadSuelo,2026-09-26 09:00,2026-09-26 04:00,2026-09-26,30.205042016806736,28.2,31.5,238,7188.800000000003
gz-02-lote2-python,humedadSuelo,2026-09-26 10:00,2026-09-26 05:00,2026-09-26,30.936554621848785,30,32.7,238,7362.900000000011
gz-02-lote2-python,humedadSuelo,2026-09-26 11:00,2026-09-26 06:00,2026-09-26,31.314767932489445,27.8,32.7,237,7421.5999999999985
gz-02-lote2-python,humedadSuelo,2026-09-26 12:00,2026-09-26 07:00,2026-09-26,28.637394957983226,27.8,29.6,238,6815.700000000008
gz-02-lote2-python,humedadSuelo,2026-09-26 13:00,2026-09-26 08:00,2026-09-26,28.5789915966386,27,30.1,238,6801.7999999999865
gz-02-lote2-python,humedadSuelo,2026-09-26 14:00,2026-09-26 09:00,2026-09-26,28.140336134453797,27,30.2,238,6697.400000000003
gz-02-lote2-python,humedadSuelo,2026-09-26 15:00,2026-09-26 10:00,2026-09-26,28.290295358649782,26.6,31.2,237,6704.799999999998
gz-02-lote2-python,humedadSuelo,2026-09-26 16:00,2026-09-26 11:00,2026-09-26,28.422268907563033,27.3,30.2,238,6764.500000000002
gz-02-lote2-python,humedadSuelo,2026-09-26 17:00,2026-09-26 12:00,2026-09-26,28.602941176470623,26.5,30.2,238,6807.500000000008
gz-02-lote2-python,humedadSuelo,2026-09-26 18:00,2026-09-26 13:00,2026-09-26,27.046413502109722,25.8,28.7,237,6410.000000000005
gz-02-lote2-python,humedadSuelo,2026-09-26 19:00,2026-09-26 14:00,2026-09-26,27.965126050420167,26.2,28.9,238,6655.7
gz-02-lote2-python,humedadSuelo,2026-09-26 20:00,2026-09-26 15:00,2026-09-26,28.67689075630256,27.7,29.9,238,6825.100000000009
gz-02-lote2-python,humedadSuelo,2026-09-26 21:00,2026-09-26 16:00,2026-09-26,28.760759493670864,27.4,31.7,237,6816.299999999995
gz-02-lote2-python,humedadSuelo,2026-09-26 22:00,2026-09-26 17:00,2026-09-26,30.69159663865546,29.2,31.7,238,7304.599999999999
gz-02-lote2-python,humedadSuelo,2026-09-26 23:00,2026-09-26 18:00,2026-09-26,29.485294117647044,28,31.5,238,7017.499999999996
gz-02-lote2-python,humedadSuelo,2026-09-27 00:00,2026-09-26 19:00,2026-09-26,29.13319327731085,27.9,30.9,238,6933.699999999982
gz-02-lote2-python,humedadSuelo,2026-09-27 01:00,2026-09-26 20:00,2026-09-26,29.872573839662444,28,31.3,237,7079.799999999999
gz-02-lote2-python,humedadSuelo,2026-09-27 02:00,2026-09-26 21:00,2026-09-26,29.669747899159685,28.2,32,238,7061.400000000005
gz-02-lote2-python,humedadSuelo,2026-09-27 03:00,2026-09-26 22:00,2026-09-26,30.658403361344494,28.2,32.2,238,7296.69999999999
gz-02-lote2-python,humedadSuelo,2026-09-27 04:00,2026-09-26 23:00,2026-09-26,31.410924369747878,31.1,31.8,238,7475.799999999995
gz-02-lote2-python,humedadSuelo,2026-09-27 05:00,2026-09-27 00:00,2026-09-27,29.041350210970446,28,31.7,237,6882.799999999996
gz-02-lote2-python,humedadSuelo,2026-09-27 06:00,2026-09-27 01:00,2026-09-27,29.26945606694559,28,31.5,239,6995.399999999996
gz-02-lote2-python,humedadSuelo,2026-09-27 07:00,2026-09-27 02:00,2026-09-27,28.83361344537816,28,31.6,238,6862.4000000000015
gz-02-lote2-python,humedadSuelo,2026-09-27 08:00,2026-09-27 03:00,2026-09-27,29.93109243697477,28.7,31.6,238,7123.599999999995
gz-02-lote2-python,humedadSuelo,2026-09-27 09:00,2026-09-27 04:00,2026-09-27,30.67848101265822,28.7,31.9,237,7270.799999999998
gz-02-lote2-python,humedadSuelo,2026-09-27 10:00,2026-09-27 05:00,2026-09-27,30.1205882352941,29,31.9,238,7168.699999999996
gz-02-lote2-python,humedadSuelo,2026-09-27 11:00,2026-09-27 06:00,2026-09-27,30.042857142857144,29.4,31.1,238,7150.200000000001
gz-02-lote2-python,humedadSuelo,2026-09-27 12:00,2026-09-27 07:00,2026-09-27,30.308860759493623,29.4,31.5,237,7183.199999999989
gz-02-lote2-python,humedadSuelo,2026-09-27 13:00,2026-09-27 08:00,2026-09-27,28.57310924369745,27.2,30.9,238,6800.399999999992
gz-02-lote2-python,humedadSuelo,2026-09-27 14:00,2026-09-27 09:00,2026-09-27,29.477731092437004,27.3,30.9,238,7015.700000000007
gz-02-lote2-python,humedadSuelo,2026-09-27 15:00,2026-09-27 10:00,2026-09-27,28.23697478991597,26,30.3,238,6720.400000000001
gz-02-lote2-python,humedadSuelo,2026-09-27 16:00,2026-09-27 11:00,2026-09-27,27.67552742616033,26.5,29.2,237,6559.099999999998
gz-02-lote2-python,humedadSuelo,2026-09-27 17:00,2026-09-27 12:00,2026-09-27,28.516806722689072,26.4,30.2,238,6786.999999999999
gz-02-lote2-python,humedadSuelo,2026-09-27 18:00,2026-09-27 13:00,2026-09-27,27.6676470588235,26.4,28.9,238,6584.899999999993
gz-02-lote2-python,humedadSuelo,2026-09-27 19:00,2026-09-27 14:00,2026-09-27,29.02773109243697,27.6,30.2,238,6908.5999999999985
gz-02-lote2-python,humedadSuelo,2026-09-27 20:00,2026-09-27 15:00,2026-09-27,29.984388185653955,28.8,31.3,237,7106.299999999987
gz-02-lote2-python,humedadSuelo,2026-09-27 21:00,2026-09-27 16:00,2026-09-27,28.89327731092436,27.3,30.3,238,6876.599999999998
gz-02-lote2-python,humedadSuelo,2026-09-27 22:00,2026-09-27 17:00,2026-09-27,29.57016806722687,27.8,30.6,238,7037.699999999995
gz-02-lote2-python,humedadSuelo,2026-09-27 23:00,2026-09-27 18:00,2026-09-27,30.494957983193274,29,32.1,238,7257.799999999999
gz-02-lote2-python,humedadSuelo,2026-09-28 00:00,2026-09-27 19:00,2026-09-27,30.41518987341769,28.7,32,237,7208.399999999993
gz-02-lote2-python,humedadSuelo,2026-09-28 01:00,2026-09-27 20:00,2026-09-27,30.16470588235294,27.8,31.8,238,7179.2
gz-02-lote2-python,humedadSuelo,2026-09-28 02:00,2026-09-27 21:00,2026-09-27,29.57478991596636,28.5,31.2,238,7038.799999999994
gz-02-lote2-python,humedadSuelo,2026-09-28 03:00,2026-09-27 22:00,2026-09-27,30.592887029288708,28.9,31.5,239,7311.700000000001
gz-02-lote2-python,humedadSuelo,2026-09-28 04:00,2026-09-27 23:00,2026-09-27,30.093248945147682,28.7,31.1,237,7132.1
gz-02-lote2-python,humedadSuelo,2026-09-28 05:00,2026-09-28 00:00,2026-09-28,29.826890756302525,28.7,31.3,238,7098.800000000001
gz-02-lote2-python,humedadSuelo,2026-09-28 06:00,2026-09-28 01:00,2026-09-28,30.085714285714285,28.8,31.4,238,7160.4
gz-02-lote2-python,humedadSuelo,2026-09-28 07:00,2026-09-28 02:00,2026-09-28,30.38235294117647,28,31.7,238,7231
gz-02-lote2-python,humedadSuelo,2026-09-28 08:00,2026-09-28 03:00,2026-09-28,29.51722689075631,28,30.9,238,7025.100000000001
gz-02-lote2-python,humedadSuelo,2026-09-28 09:00,2026-09-28 04:00,2026-09-28,29.5493670886076,28.1,31.8,237,7003.200000000001
gz-02-lote2-python,humedadSuelo,2026-09-28 10:00,2026-09-28 05:00,2026-09-28,29.345378151260505,28.6,31.7,238,6984.2
gz-02-lote2-python,humedadSuelo,2026-09-28 11:00,2026-09-28 06:00,2026-09-28,31.1672268907563,29.5,32.5,238,7417.799999999999
gz-02-lote2-python,humedadSuelo,2026-09-28 12:00,2026-09-28 07:00,2026-09-28,30.286974789915963,28.2,32.5,238,7208.299999999999
gz-02-lote2-python,humedadSuelo,2026-09-28 13:00,2026-09-28 08:00,2026-09-28,28.817721518987348,28.4,29.6,237,6829.800000000001
gz-02-lote2-python,humedadSuelo,2026-09-28 14:00,2026-09-28 09:00,2026-09-28,28.63403361344537,26.9,29.7,238,6814.899999999999
gz-02-lote2-python,humedadSuelo,2026-09-28 15:00,2026-09-28 10:00,2026-09-28,28.278991596638658,28.1,29,238,6730.400000000001
gz-02-lote2-python,humedadSuelo,2026-09-28 16:00,2026-09-28 11:00,2026-09-28,27.94663865546218,26,29.6,238,6651.299999999999
gz-02-lote2-python,humedadSuelo,2026-09-28 17:00,2026-09-28 12:00,2026-09-28,28.300421940928274,26.2,29.6,237,6707.200000000001
gz-02-lote2-python,humedadSuelo,2026-09-28 18:00,2026-09-28 13:00,2026-09-28,27.979831932773113,26.2,29.2,238,6659.200000000001
gz-02-lote2-python,humedadSuelo,2026-09-28 19:00,2026-09-28 14:00,2026-09-28,28.694537815126054,26,30.6,238,6829.300000000001
gz-02-lote2-python,humedadSuelo,2026-09-28 20:00,2026-09-28 15:00,2026-09-28,29.02226890756302,26.7,30.4,238,6907.299999999999
gz-02-lote2-python,humedadSuelo,2026-09-28 21:00,2026-09-28 16:00,2026-09-28,29.610548523206745,27.2,30.8,237,7017.699999999999
gz-02-lote2-python,humedadSuelo,2026-09-28 22:00,2026-09-28 17:00,2026-09-28,29.07226890756303,27.2,31.1,238,6919.200000000001
gz-02-lote2-python,humedadSuelo,2026-09-28 23:00,2026-09-28 18:00,2026-09-28,31.069327731092436,29.5,31.7,238,7394.5
gz-02-lote2-python,humedadSuelo,2026-09-29 00:00,2026-09-28 19:00,2026-09-28,29.431972789115648,29.3,29.9,147,4326.5
gz-02-lote2-python,parPPFD,2026-09-22 03:00,2026-09-21 22:00,2026-09-21,0,0,0,159,0
gz-02-lote2-python,parPPFD,2026-09-22 04:00,2026-09-21 23:00,2026-09-21,0,0,0,237,0
gz-02-lote2-python,parPPFD,2026-09-22 05:00,2026-09-22 00:00,2026-09-22,0,0,0,238,0
gz-02-lote2-python,parPPFD,2026-09-22 06:00,2026-09-22 01:00,2026-09-22,0,0,0,238,0
gz-02-lote2-python,parPPFD,2026-09-22 07:00,2026-09-22 02:00,2026-09-22,0,0,0,238,0
gz-02-lote2-python,parPPFD,2026-09-22 08:00,2026-09-22 03:00,2026-09-22,0,0,0,237,0
gz-02-lote2-python,parPPFD,2026-09-22 09:00,2026-09-22 04:00,2026-09-22,0,0,0,238,0
gz-02-lote2-python,parPPFD,2026-09-22 10:00,2026-09-22 05:00,2026-09-22,0.865546218487395,0,17,238,206
gz-02-lote2-python,parPPFD,2026-09-22 11:00,2026-09-22 06:00,2026-09-22,90.39075630252101,18,179,238,21513
gz-02-lote2-python,parPPFD,2026-09-22 12:00,2026-09-22 07:00,2026-09-22,169.81434599156117,123,195,237,40246
gz-02-lote2-python,parPPFD,2026-09-22 13:00,2026-09-22 08:00,2026-09-22,322.0924369747899,139,406,238,76658
gz-02-lote2-python,parPPFD,2026-09-22 14:00,2026-09-22 09:00,2026-09-22,357.6764705882353,299,538,238,85127
gz-02-lote2-python,parPPFD,2026-09-22 15:00,2026-09-22 10:00,2026-09-22,363.33193277310926,276,539,238,86473
gz-02-lote2-python,parPPFD,2026-09-22 16:00,2026-09-22 11:00,2026-09-22,588.324894514768,429,684,237,139433
gz-02-lote2-python,parPPFD,2026-09-22 17:00,2026-09-22 12:00,2026-09-22,506.7731092436975,383,658,238,120612
gz-02-lote2-python,parPPFD,2026-09-22 18:00,2026-09-22 13:00,2026-09-22,505.56302521008405,410,708,238,120324
gz-02-lote2-python,parPPFD,2026-09-22 19:00,2026-09-22 14:00,2026-09-22,419.2320675105485,248,707,237,99358
gz-02-lote2-python,parPPFD,2026-09-22 20:00,2026-09-22 15:00,2026-09-22,372.9539748953975,319,492,239,89136
gz-02-lote2-python,parPPFD,2026-09-22 21:00,2026-09-22 16:00,2026-09-22,214.35269709543567,89,353,241,51659
gz-02-lote2-python,parPPFD,2026-09-22 22:00,2026-09-22 17:00,2026-09-22,96.07142857142857,20,302,238,22865
gz-02-lote2-python,parPPFD,2026-09-22 23:00,2026-09-22 18:00,2026-09-22,2.046218487394958,0,19,238,487
gz-02-lote2-python,parPPFD,2026-09-23 00:00,2026-09-22 19:00,2026-09-22,0,0,0,237,0
gz-02-lote2-python,parPPFD,2026-09-23 01:00,2026-09-22 20:00,2026-09-22,0,0,0,238,0
gz-02-lote2-python,parPPFD,2026-09-23 02:00,2026-09-22 21:00,2026-09-22,0,0,0,238,0
gz-02-lote2-python,parPPFD,2026-09-23 03:00,2026-09-22 22:00,2026-09-22,0,0,0,238,0
gz-02-lote2-python,parPPFD,2026-09-23 04:00,2026-09-22 23:00,2026-09-22,0,0,0,238,0
gz-02-lote2-python,parPPFD,2026-09-23 05:00,2026-09-23 00:00,2026-09-23,0,0,0,237,0
gz-02-lote2-python,parPPFD,2026-09-23 06:00,2026-09-23 01:00,2026-09-23,0,0,0,238,0
gz-02-lote2-python,parPPFD,2026-09-23 07:00,2026-09-23 02:00,2026-09-23,0,0,0,238,0
gz-02-lote2-python,parPPFD,2026-09-23 08:00,2026-09-23 03:00,2026-09-23,0,0,0,238,0
gz-02-lote2-python,parPPFD,2026-09-23 09:00,2026-09-23 04:00,2026-09-23,0,0,0,237,0
gz-02-lote2-python,parPPFD,2026-09-23 10:00,2026-09-23 05:00,2026-09-23,0.5294117647058824,0,11,238,126
gz-02-lote2-python,parPPFD,2026-09-23 11:00,2026-09-23 06:00,2026-09-23,103.15546218487395,11,210,238,24551
gz-02-lote2-python,parPPFD,2026-09-23 12:00,2026-09-23 07:00,2026-09-23,192.71428571428572,132,281,238,45866
gz-02-lote2-python,parPPFD,2026-09-23 13:00,2026-09-23 08:00,2026-09-23,418.40506329113924,134,547,237,99162
gz-02-lote2-python,parPPFD,2026-09-23 14:00,2026-09-23 09:00,2026-09-23,432.73640167364016,287,558,239,103424
gz-02-lote2-python,parPPFD,2026-09-23 15:00,2026-09-23 10:00,2026-09-23,542.2731092436975,287,762,238,129061
gz-02-lote2-python,parPPFD,2026-09-23 16:00,2026-09-23 11:00,2026-09-23,440.6302521008403,338,545,238,104870
gz-02-lote2-python,parPPFD,2026-09-23 17:00,2026-09-23 12:00,2026-09-23,416.47257383966246,285,748,237,98704
gz-02-lote2-python,parPPFD,2026-09-23 18:00,2026-09-23 13:00,2026-09-23,620.9707112970711,346,818,239,148412
gz-02-lote2-python,parPPFD,2026-09-23 19:00,2026-09-23 14:00,2026-09-23,242.2731092436975,189,346,238,57661
gz-02-lote2-python,parPPFD,2026-09-23 20:00,2026-09-23 15:00,2026-09-23,371.5966386554622,205,491,238,88440
gz-02-lote2-python,parPPFD,2026-09-23 21:00,2026-09-23 16:00,2026-09-23,225.18143459915612,132,386,237,53368
gz-02-lote2-python,parPPFD,2026-09-23 22:00,2026-09-23 17:00,2026-09-23,74.11764705882354,23,171,238,17640
gz-02-lote2-python,parPPFD,2026-09-23 23:00,2026-09-23 18:00,2026-09-23,2.2605042016806722,0,22,238,538
gz-02-lote2-python,parPPFD,2026-09-24 00:00,2026-09-23 19:00,2026-09-23,0,0,0,238,0
gz-02-lote2-python,parPPFD,2026-09-24 01:00,2026-09-23 20:00,2026-09-23,0,0,0,237,0
gz-02-lote2-python,parPPFD,2026-09-24 02:00,2026-09-23 21:00,2026-09-23,0,0,0,238,0
gz-02-lote2-python,parPPFD,2026-09-24 03:00,2026-09-23 22:00,2026-09-23,0,0,0,238,0
gz-02-lote2-python,parPPFD,2026-09-24 04:00,2026-09-23 23:00,2026-09-23,0,0,0,238,0
gz-02-lote2-python,parPPFD,2026-09-24 05:00,2026-09-24 00:00,2026-09-24,0,0,0,237,0
gz-02-lote2-python,parPPFD,2026-09-24 06:00,2026-09-24 01:00,2026-09-24,0,0,0,238,0
gz-02-lote2-python,parPPFD,2026-09-24 07:00,2026-09-24 02:00,2026-09-24,0,0,0,238,0
gz-02-lote2-python,parPPFD,2026-09-24 08:00,2026-09-24 03:00,2026-09-24,0,0,0,238,0
gz-02-lote2-python,parPPFD,2026-09-24 09:00,2026-09-24 04:00,2026-09-24,0,0,0,237,0
gz-02-lote2-python,parPPFD,2026-09-24 10:00,2026-09-24 05:00,2026-09-24,0.8781512605042017,0,17,238,209
gz-02-lote2-python,parPPFD,2026-09-24 11:00,2026-09-24 06:00,2026-09-24,72.96638655462185,18,169,238,17366
gz-02-lote2-python,parPPFD,2026-09-24 12:00,2026-09-24 07:00,2026-09-24,301.0798319327731,170,418,238,71657
gz-02-lote2-python,parPPFD,2026-09-24 13:00,2026-09-24 08:00,2026-09-24,301.6666666666667,149,478,237,71495
gz-02-lote2-python,parPPFD,2026-09-24 14:00,2026-09-24 09:00,2026-09-24,473.88655462184875,259,611,238,112785
gz-02-lote2-python,parPPFD,2026-09-24 15:00,2026-09-24 10:00,2026-09-24,365.66806722689074,245,567,238,87029
gz-02-lote2-python,parPPFD,2026-09-24 16:00,2026-09-24 11:00,2026-09-24,592.7268907563025,451,662,238,141069
gz-02-lote2-python,parPPFD,2026-09-24 17:00,2026-09-24 12:00,2026-09-24,477.2067510548523,279,631,237,113098
gz-02-lote2-python,parPPFD,2026-09-24 18:00,2026-09-24 13:00,2026-09-24,442.53361344537814,279,568,238,105323
gz-02-lote2-python,parPPFD,2026-09-24 19:00,2026-09-24 14:00,2026-09-24,439.4621848739496,331,605,238,104592
gz-02-lote2-python,parPPFD,2026-09-24 20:00,2026-09-24 15:00,2026-09-24,366.19747899159665,286,425,238,87155
gz-02-lote2-python,parPPFD,2026-09-24 21:00,2026-09-24 16:00,2026-09-24,180.73839662447259,123,309,237,42835
gz-02-lote2-python,parPPFD,2026-09-24 22:00,2026-09-24 17:00,2026-09-24,102.59243697478992,37,147,238,24417
gz-02-lote2-python,parPPFD,2026-09-24 23:00,2026-09-24 18:00,2026-09-24,3.634453781512605,0,37,238,865
gz-02-lote2-python,parPPFD,2026-09-25 00:00,2026-09-24 19:00,2026-09-24,0,0,0,238,0
gz-02-lote2-python,parPPFD,2026-09-25 01:00,2026-09-24 20:00,2026-09-24,0,0,0,237,0
gz-02-lote2-python,parPPFD,2026-09-25 02:00,2026-09-24 21:00,2026-09-24,0,0,0,238,0
gz-02-lote2-python,parPPFD,2026-09-25 03:00,2026-09-24 22:00,2026-09-24,0,0,0,238,0
gz-02-lote2-python,parPPFD,2026-09-25 04:00,2026-09-24 23:00,2026-09-24,0,0,0,238,0
gz-02-lote2-python,parPPFD,2026-09-25 05:00,2026-09-25 00:00,2026-09-25,0,0,0,237,0
gz-02-lote2-python,parPPFD,2026-09-25 06:00,2026-09-25 01:00,2026-09-25,0,0,0,238,0
gz-02-lote2-python,parPPFD,2026-09-25 07:00,2026-09-25 02:00,2026-09-25,0,0,0,238,0
gz-02-lote2-python,parPPFD,2026-09-25 08:00,2026-09-25 03:00,2026-09-25,0,0,0,238,0
gz-02-lote2-python,parPPFD,2026-09-25 09:00,2026-09-25 04:00,2026-09-25,0,0,0,237,0
gz-02-lote2-python,parPPFD,2026-09-25 10:00,2026-09-25 05:00,2026-09-25,0.48535564853556484,0,10,239,116
gz-02-lote2-python,parPPFD,2026-09-25 11:00,2026-09-25 06:00,2026-09-25,79.74369747899159,10,162,238,18979
gz-02-lote2-python,parPPFD,2026-09-25 12:00,2026-09-25 07:00,2026-09-25,234.38655462184875,159,328,238,55784
gz-02-lote2-python,parPPFD,2026-09-25 13:00,2026-09-25 08:00,2026-09-25,466.7088607594937,315,606,237,110610
gz-02-lote2-python,parPPFD,2026-09-25 14:00,2026-09-25 09:00,2026-09-25,627.1386554621848,444,759,238,149259
gz-02-lote2-python,parPPFD,2026-09-25 15:00,2026-09-25 10:00,2026-09-25,418.22594142259413,258,722,239,99956
gz-02-lote2-python,parPPFD,2026-09-25 16:00,2026-09-25 11:00,2026-09-25,591.451476793249,497,685,237,140174
gz-02-lote2-python,parPPFD,2026-09-25 17:00,2026-09-25 12:00,2026-09-25,647.9033613445379,547,714,238,154201
gz-02-lote2-python,parPPFD,2026-09-25 18:00,2026-09-25 13:00,2026-09-25,765.7268907563025,536,879,238,182243
gz-02-lote2-python,parPPFD,2026-09-25 19:00,2026-09-25 14:00,2026-09-25,686.2773109243698,494,853,238,163334
gz-02-lote2-python,parPPFD,2026-09-25 20:00,2026-09-25 15:00,2026-09-25,378.24050632911394,311,494,237,89643
gz-02-lote2-python,parPPFD,2026-09-25 21:00,2026-09-25 16:00,2026-09-25,275.7563025210084,176,325,238,65630
gz-02-lote2-python,parPPFD,2026-09-25 22:00,2026-09-25 17:00,2026-09-25,101.25630252100841,51,175,238,24099
gz-02-lote2-python,parPPFD,2026-09-25 23:00,2026-09-25 18:00,2026-09-25,4.550420168067227,0,50,238,1083
gz-02-lote2-python,parPPFD,2026-09-26 00:00,2026-09-25 19:00,2026-09-25,0,0,0,237,0
gz-02-lote2-python,parPPFD,2026-09-26 01:00,2026-09-25 20:00,2026-09-25,0,0,0,238,0
gz-02-lote2-python,parPPFD,2026-09-26 02:00,2026-09-25 21:00,2026-09-25,0,0,0,238,0
gz-02-lote2-python,parPPFD,2026-09-26 03:00,2026-09-25 22:00,2026-09-25,0,0,0,238,0
gz-02-lote2-python,parPPFD,2026-09-26 04:00,2026-09-25 23:00,2026-09-25,0,0,0,237,0
gz-02-lote2-python,parPPFD,2026-09-26 05:00,2026-09-26 00:00,2026-09-26,0,0,0,238,0
gz-02-lote2-python,parPPFD,2026-09-26 06:00,2026-09-26 01:00,2026-09-26,0,0,0,238,0
gz-02-lote2-python,parPPFD,2026-09-26 07:00,2026-09-26 02:00,2026-09-26,0,0,0,238,0
gz-02-lote2-python,parPPFD,2026-09-26 08:00,2026-09-26 03:00,2026-09-26,0,0,0,237,0
gz-02-lote2-python,parPPFD,2026-09-26 09:00,2026-09-26 04:00,2026-09-26,0,0,0,238,0
gz-02-lote2-python,parPPFD,2026-09-26 10:00,2026-09-26 05:00,2026-09-26,0.8109243697478992,0,16,238,193
gz-02-lote2-python,parPPFD,2026-09-26 11:00,2026-09-26 06:00,2026-09-26,86.35864978902954,17,228,237,20467
gz-02-lote2-python,parPPFD,2026-09-26 12:00,2026-09-26 07:00,2026-09-26,169.1596638655462,93,236,238,40260
gz-02-lote2-python,parPPFD,2026-09-26 13:00,2026-09-26 08:00,2026-09-26,264.10084033613447,195,429,238,62856
gz-02-lote2-python,parPPFD,2026-09-26 14:00,2026-09-26 09:00,2026-09-26,411.1806722689076,185,554,238,97861
gz-02-lote2-python,parPPFD,2026-09-26 15:00,2026-09-26 10:00,2026-09-26,294.6033755274262,186,396,237,69821
gz-02-lote2-python,parPPFD,2026-09-26 16:00,2026-09-26 11:00,2026-09-26,534.9915966386554,232,758,238,127328
gz-02-lote2-python,parPPFD,2026-09-26 17:00,2026-09-26 12:00,2026-09-26,590.3697478991596,361,713,238,140508
gz-02-lote2-python,parPPFD,2026-09-26 18:00,2026-09-26 13:00,2026-09-26,639.2573839662447,361,830,237,151504
gz-02-lote2-python,parPPFD,2026-09-26 19:00,2026-09-26 14:00,2026-09-26,661.109243697479,564,756,238,157344
gz-02-lote2-python,parPPFD,2026-09-26 20:00,2026-09-26 15:00,2026-09-26,332.84453781512605,152,624,238,79217
gz-02-lote2-python,parPPFD,2026-09-26 21:00,2026-09-26 16:00,2026-09-26,297.7552742616034,86,445,237,70568
gz-02-lote2-python,parPPFD,2026-09-26 22:00,2026-09-26 17:00,2026-09-26,64.9327731092437,30,86,238,15454
gz-02-lote2-python,parPPFD,2026-09-26 23:00,2026-09-26 18:00,2026-09-26,3.264705882352941,0,30,238,777
gz-02-lote2-python,parPPFD,2026-09-27 00:00,2026-09-26 19:00,2026-09-26,0,0,0,238,0
gz-02-lote2-python,parPPFD,2026-09-27 01:00,2026-09-26 20:00,2026-09-26,0,0,0,237,0
gz-02-lote2-python,parPPFD,2026-09-27 02:00,2026-09-26 21:00,2026-09-26,0,0,0,238,0
gz-02-lote2-python,parPPFD,2026-09-27 03:00,2026-09-26 22:00,2026-09-26,0,0,0,238,0
gz-02-lote2-python,parPPFD,2026-09-27 04:00,2026-09-26 23:00,2026-09-26,0,0,0,238,0
gz-02-lote2-python,parPPFD,2026-09-27 05:00,2026-09-27 00:00,2026-09-27,0,0,0,237,0
gz-02-lote2-python,parPPFD,2026-09-27 06:00,2026-09-27 01:00,2026-09-27,0,0,0,239,0
gz-02-lote2-python,parPPFD,2026-09-27 07:00,2026-09-27 02:00,2026-09-27,0,0,0,238,0
gz-02-lote2-python,parPPFD,2026-09-27 08:00,2026-09-27 03:00,2026-09-27,0,0,0,238,0
gz-02-lote2-python,parPPFD,2026-09-27 09:00,2026-09-27 04:00,2026-09-27,0,0,0,237,0
gz-02-lote2-python,parPPFD,2026-09-27 10:00,2026-09-27 05:00,2026-09-27,0.7436974789915967,0,15,238,177
gz-02-lote2-python,parPPFD,2026-09-27 11:00,2026-09-27 06:00,2026-09-27,91.0798319327731,16,161,238,21677
gz-02-lote2-python,parPPFD,2026-09-27 12:00,2026-09-27 07:00,2026-09-27,211.26582278481013,119,396,237,50070
gz-02-lote2-python,parPPFD,2026-09-27 13:00,2026-09-27 08:00,2026-09-27,424.94117647058823,293,553,238,101136
gz-02-lote2-python,parPPFD,2026-09-27 14:00,2026-09-27 09:00,2026-09-27,429.1386554621849,294,658,238,102135
gz-02-lote2-python,parPPFD,2026-09-27 15:00,2026-09-27 10:00,2026-09-27,678.3487394957983,589,769,238,161447
gz-02-lote2-python,parPPFD,2026-09-27 16:00,2026-09-27 11:00,2026-09-27,759.2700421940929,674,874,237,179947
gz-02-lote2-python,parPPFD,2026-09-27 17:00,2026-09-27 12:00,2026-09-27,682.8739495798319,596,875,238,162524
gz-02-lote2-python,parPPFD,2026-09-27 18:00,2026-09-27 13:00,2026-09-27,590.1848739495798,457,754,238,140464
gz-02-lote2-python,parPPFD,2026-09-27 19:00,2026-09-27 14:00,2026-09-27,435.79831932773106,294,642,238,103720
gz-02-lote2-python,parPPFD,2026-09-27 20:00,2026-09-27 15:00,2026-09-27,355.1729957805907,241,641,237,84176
gz-02-lote2-python,parPPFD,2026-09-27 21:00,2026-09-27 16:00,2026-09-27,228.45378151260505,182,287,238,54372
gz-02-lote2-python,parPPFD,2026-09-27 22:00,2026-09-27 17:00,2026-09-27,83.17226890756302,23,230,238,19795
gz-02-lote2-python,parPPFD,2026-09-27 23:00,2026-09-27 18:00,2026-09-27,2.327731092436975,0,22,238,554
gz-02-lote2-python,parPPFD,2026-09-28 00:00,2026-09-27 19:00,2026-09-27,0,0,0,237,0
gz-02-lote2-python,parPPFD,2026-09-28 01:00,2026-09-27 20:00,2026-09-27,0,0,0,238,0
gz-02-lote2-python,parPPFD,2026-09-28 02:00,2026-09-27 21:00,2026-09-27,0,0,0,238,0
gz-02-lote2-python,parPPFD,2026-09-28 03:00,2026-09-27 22:00,2026-09-27,0,0,0,239,0
gz-02-lote2-python,parPPFD,2026-09-28 04:00,2026-09-27 23:00,2026-09-27,0,0,0,237,0
gz-02-lote2-python,parPPFD,2026-09-28 05:00,2026-09-28 00:00,2026-09-28,0,0,0,238,0
gz-02-lote2-python,parPPFD,2026-09-28 06:00,2026-09-28 01:00,2026-09-28,0,0,0,238,0
gz-02-lote2-python,parPPFD,2026-09-28 07:00,2026-09-28 02:00,2026-09-28,0,0,0,238,0
gz-02-lote2-python,parPPFD,2026-09-28 08:00,2026-09-28 03:00,2026-09-28,0,0,0,238,0
gz-02-lote2-python,parPPFD,2026-09-28 09:00,2026-09-28 04:00,2026-09-28,0,0,0,237,0
gz-02-lote2-python,parPPFD,2026-09-28 10:00,2026-09-28 05:00,2026-09-28,0.5210084033613446,0,11,238,124
gz-02-lote2-python,parPPFD,2026-09-28 11:00,2026-09-28 06:00,2026-09-28,68.80252100840336,11,145,238,16375
gz-02-lote2-python,parPPFD,2026-09-28 12:00,2026-09-28 07:00,2026-09-28,312.8151260504202,145,436,238,74450
gz-02-lote2-python,parPPFD,2026-09-28 13:00,2026-09-28 08:00,2026-09-28,335.2151898734177,253,414,237,79446
gz-02-lote2-python,parPPFD,2026-09-28 14:00,2026-09-28 09:00,2026-09-28,433.8613445378151,269,526,238,103259
gz-02-lote2-python,parPPFD,2026-09-28 15:00,2026-09-28 10:00,2026-09-28,587.0294117647059,433,739,238,139713
gz-02-lote2-python,parPPFD,2026-09-28 16:00,2026-09-28 11:00,2026-09-28,585.6974789915967,481,738,238,139396
gz-02-lote2-python,parPPFD,2026-09-28 17:00,2026-09-28 12:00,2026-09-28,563.2278481012659,431,758,237,133485
gz-02-lote2-python,parPPFD,2026-09-28 18:00,2026-09-28 13:00,2026-09-28,380.7563025210084,174,711,238,90620
gz-02-lote2-python,parPPFD,2026-09-28 19:00,2026-09-28 14:00,2026-09-28,549.0084033613446,174,724,238,130664
gz-02-lote2-python,parPPFD,2026-09-28 20:00,2026-09-28 15:00,2026-09-28,385.42857142857144,276,722,238,91732
gz-02-lote2-python,parPPFD,2026-09-28 21:00,2026-09-28 16:00,2026-09-28,213.72573839662448,156,363,237,50653
gz-02-lote2-python,parPPFD,2026-09-28 22:00,2026-09-28 17:00,2026-09-28,122.46218487394958,23,226,238,29146
gz-02-lote2-python,parPPFD,2026-09-28 23:00,2026-09-28 18:00,2026-09-28,2.369747899159664,0,23,238,564
gz-02-lote2-python,parPPFD,2026-09-29 00:00,2026-09-28 19:00,2026-09-28,0,0,0,147,0
gz-02-lote2-python,rssi,2026-09-22 03:00,2026-09-21 22:00,2026-09-21,-72.74842767295597,-80,-61,159,-11567
gz-02-lote2-python,rssi,2026-09-22 04:00,2026-09-21 23:00,2026-09-21,-72.13924050632912,-79,-61,237,-17097
gz-02-lote2-python,rssi,2026-09-22 05:00,2026-09-22 00:00,2026-09-22,-68.50840336134453,-83,-61,238,-16305
gz-02-lote2-python,rssi,2026-09-22 06:00,2026-09-22 01:00,2026-09-22,-69.8529411764706,-83,-60,238,-16625
gz-02-lote2-python,rssi,2026-09-22 07:00,2026-09-22 02:00,2026-09-22,-67.52521008403362,-79,-60,238,-16071
gz-02-lote2-python,rssi,2026-09-22 08:00,2026-09-22 03:00,2026-09-22,-76.26582278481013,-83,-65,237,-18075
gz-02-lote2-python,rssi,2026-09-22 09:00,2026-09-22 04:00,2026-09-22,-72.44957983193277,-79,-62,238,-17243
gz-02-lote2-python,rssi,2026-09-22 10:00,2026-09-22 05:00,2026-09-22,-71.16386554621849,-82,-62,238,-16937
gz-02-lote2-python,rssi,2026-09-22 11:00,2026-09-22 06:00,2026-09-22,-69,-77,-60,238,-16422
gz-02-lote2-python,rssi,2026-09-22 12:00,2026-09-22 07:00,2026-09-22,-71.48523206751055,-81,-63,237,-16942
gz-02-lote2-python,rssi,2026-09-22 13:00,2026-09-22 08:00,2026-09-22,-67.3655462184874,-77,-60,238,-16033
gz-02-lote2-python,rssi,2026-09-22 14:00,2026-09-22 09:00,2026-09-22,-70.97058823529412,-83,-61,238,-16891
gz-02-lote2-python,rssi,2026-09-22 15:00,2026-09-22 10:00,2026-09-22,-67.02100840336135,-83,-60,238,-15951
gz-02-lote2-python,rssi,2026-09-22 16:00,2026-09-22 11:00,2026-09-22,-73.0042194092827,-81,-60,237,-17302
gz-02-lote2-python,rssi,2026-09-22 17:00,2026-09-22 12:00,2026-09-22,-68.48319327731092,-76,-61,238,-16299
gz-02-lote2-python,rssi,2026-09-22 18:00,2026-09-22 13:00,2026-09-22,-69.89495798319328,-78,-61,238,-16635
gz-02-lote2-python,rssi,2026-09-22 19:00,2026-09-22 14:00,2026-09-22,-70.16033755274262,-80,-62,237,-16628
gz-02-lote2-python,rssi,2026-09-22 20:00,2026-09-22 15:00,2026-09-22,-74.53138075313808,-80,-70,239,-17813
gz-02-lote2-python,rssi,2026-09-22 21:00,2026-09-22 16:00,2026-09-22,-72.59751037344398,-82,-64,241,-17496
gz-02-lote2-python,rssi,2026-09-22 22:00,2026-09-22 17:00,2026-09-22,-70.3781512605042,-82,-62,238,-16750
gz-02-lote2-python,rssi,2026-09-22 23:00,2026-09-22 18:00,2026-09-22,-66.71008403361344,-77,-60,238,-15877
gz-02-lote2-python,rssi,2026-09-23 00:00,2026-09-22 19:00,2026-09-22,-68.50210970464136,-77,-61,237,-16235
gz-02-lote2-python,rssi,2026-09-23 01:00,2026-09-22 20:00,2026-09-22,-70.22268907563026,-78,-62,238,-16713
gz-02-lote2-python,rssi,2026-09-23 02:00,2026-09-22 21:00,2026-09-22,-72.15966386554622,-82,-63,238,-17174
gz-02-lote2-python,rssi,2026-09-23 03:00,2026-09-22 22:00,2026-09-22,-68.69747899159664,-74,-61,238,-16350
gz-02-lote2-python,rssi,2026-09-23 04:00,2026-09-22 23:00,2026-09-22,-68.19747899159664,-75,-61,238,-16231
gz-02-lote2-python,rssi,2026-09-23 05:00,2026-09-23 00:00,2026-09-23,-68.57805907172995,-75,-60,237,-16253
gz-02-lote2-python,rssi,2026-09-23 06:00,2026-09-23 01:00,2026-09-23,-70.09243697478992,-82,-62,238,-16682
gz-02-lote2-python,rssi,2026-09-23 07:00,2026-09-23 02:00,2026-09-23,-72.21428571428571,-80,-63,238,-17187
gz-02-lote2-python,rssi,2026-09-23 08:00,2026-09-23 03:00,2026-09-23,-73.45378151260505,-82,-63,238,-17482
gz-02-lote2-python,rssi,2026-09-23 09:00,2026-09-23 04:00,2026-09-23,-70.77637130801688,-83,-63,237,-16774
gz-02-lote2-python,rssi,2026-09-23 10:00,2026-09-23 05:00,2026-09-23,-73.42436974789916,-83,-64,238,-17475
gz-02-lote2-python,rssi,2026-09-23 11:00,2026-09-23 06:00,2026-09-23,-70.82352941176471,-81,-62,238,-16856
gz-02-lote2-python,rssi,2026-09-23 12:00,2026-09-23 07:00,2026-09-23,-70.2983193277311,-82,-62,238,-16731
gz-02-lote2-python,rssi,2026-09-23 13:00,2026-09-23 08:00,2026-09-23,-71.0126582278481,-81,-60,237,-16830
gz-02-lote2-python,rssi,2026-09-23 14:00,2026-09-23 09:00,2026-09-23,-68.38075313807532,-78,-60,239,-16343
gz-02-lote2-python,rssi,2026-09-23 15:00,2026-09-23 10:00,2026-09-23,-70.1344537815126,-82,-60,238,-16692
gz-02-lote2-python,rssi,2026-09-23 16:00,2026-09-23 11:00,2026-09-23,-76.5,-82,-60,238,-18207
gz-02-lote2-python,rssi,2026-09-23 17:00,2026-09-23 12:00,2026-09-23,-67.64978902953587,-76,-60,237,-16033
gz-02-lote2-python,rssi,2026-09-23 18:00,2026-09-23 13:00,2026-09-23,-74.0418410041841,-80,-63,239,-17696
gz-02-lote2-python,rssi,2026-09-23 19:00,2026-09-23 14:00,2026-09-23,-69.41176470588235,-78,-63,238,-16520
gz-02-lote2-python,rssi,2026-09-23 20:00,2026-09-23 15:00,2026-09-23,-66.72689075630252,-76,-61,238,-15881
gz-02-lote2-python,rssi,2026-09-23 21:00,2026-09-23 16:00,2026-09-23,-68.0886075949367,-79,-60,237,-16137
gz-02-lote2-python,rssi,2026-09-23 22:00,2026-09-23 17:00,2026-09-23,-67.73529411764706,-75,-62,238,-16121
gz-02-lote2-python,rssi,2026-09-23 23:00,2026-09-23 18:00,2026-09-23,-72.27731092436974,-82,-67,238,-17202
gz-02-lote2-python,rssi,2026-09-24 00:00,2026-09-23 19:00,2026-09-23,-77.28571428571429,-83,-64,238,-18394
gz-02-lote2-python,rssi,2026-09-24 01:00,2026-09-23 20:00,2026-09-23,-71.67088607594937,-80,-64,237,-16986
gz-02-lote2-python,rssi,2026-09-24 02:00,2026-09-23 21:00,2026-09-23,-70.31512605042016,-78,-60,238,-16735
gz-02-lote2-python,rssi,2026-09-24 03:00,2026-09-23 22:00,2026-09-23,-68.42857142857143,-82,-61,238,-16286
gz-02-lote2-python,rssi,2026-09-24 04:00,2026-09-23 23:00,2026-09-23,-72.26470588235294,-83,-61,238,-17199
gz-02-lote2-python,rssi,2026-09-24 05:00,2026-09-24 00:00,2026-09-24,-70.46835443037975,-83,-60,237,-16701
gz-02-lote2-python,rssi,2026-09-24 06:00,2026-09-24 01:00,2026-09-24,-73.1470588235294,-83,-64,238,-17409
gz-02-lote2-python,rssi,2026-09-24 07:00,2026-09-24 02:00,2026-09-24,-72.24369747899159,-82,-60,238,-17194
gz-02-lote2-python,rssi,2026-09-24 08:00,2026-09-24 03:00,2026-09-24,-72.97899159663865,-83,-60,238,-17369
gz-02-lote2-python,rssi,2026-09-24 09:00,2026-09-24 04:00,2026-09-24,-68.34177215189874,-74,-60,237,-16197
gz-02-lote2-python,rssi,2026-09-24 10:00,2026-09-24 05:00,2026-09-24,-66.4201680672269,-75,-61,238,-15808
gz-02-lote2-python,rssi,2026-09-24 11:00,2026-09-24 06:00,2026-09-24,-71.80252100840336,-83,-66,238,-17089
gz-02-lote2-python,rssi,2026-09-24 12:00,2026-09-24 07:00,2026-09-24,-69.8529411764706,-81,-62,238,-16625
gz-02-lote2-python,rssi,2026-09-24 13:00,2026-09-24 08:00,2026-09-24,-72.35864978902954,-82,-62,237,-17149
gz-02-lote2-python,rssi,2026-09-24 14:00,2026-09-24 09:00,2026-09-24,-73.72689075630252,-83,-60,238,-17547
gz-02-lote2-python,rssi,2026-09-24 15:00,2026-09-24 10:00,2026-09-24,-72.72268907563026,-82,-60,238,-17308
gz-02-lote2-python,rssi,2026-09-24 16:00,2026-09-24 11:00,2026-09-24,-71.47058823529412,-82,-63,238,-17010
gz-02-lote2-python,rssi,2026-09-24 17:00,2026-09-24 12:00,2026-09-24,-68.48945147679325,-77,-60,237,-16232
gz-02-lote2-python,rssi,2026-09-24 18:00,2026-09-24 13:00,2026-09-24,-65.89495798319328,-77,-60,238,-15683
gz-02-lote2-python,rssi,2026-09-24 19:00,2026-09-24 14:00,2026-09-24,-75.59243697478992,-83,-60,238,-17991
gz-02-lote2-python,rssi,2026-09-24 20:00,2026-09-24 15:00,2026-09-24,-67.90336134453781,-76,-63,238,-16161
gz-02-lote2-python,rssi,2026-09-24 21:00,2026-09-24 16:00,2026-09-24,-74.78059071729957,-81,-68,237,-17723
gz-02-lote2-python,rssi,2026-09-24 22:00,2026-09-24 17:00,2026-09-24,-69.73949579831933,-82,-60,238,-16598
gz-02-lote2-python,rssi,2026-09-24 23:00,2026-09-24 18:00,2026-09-24,-68.97478991596638,-74,-61,238,-16416
gz-02-lote2-python,rssi,2026-09-25 00:00,2026-09-24 19:00,2026-09-24,-76.72268907563026,-83,-64,238,-18260
gz-02-lote2-python,rssi,2026-09-25 01:00,2026-09-24 20:00,2026-09-24,-67.10548523206751,-76,-60,237,-15904
gz-02-lote2-python,rssi,2026-09-25 02:00,2026-09-24 21:00,2026-09-24,-67.26470588235294,-76,-60,238,-16009
gz-02-lote2-python,rssi,2026-09-25 03:00,2026-09-24 22:00,2026-09-24,-68.22689075630252,-81,-60,238,-16238
gz-02-lote2-python,rssi,2026-09-25 04:00,2026-09-24 23:00,2026-09-24,-71.10084033613445,-83,-64,238,-16922
gz-02-lote2-python,rssi,2026-09-25 05:00,2026-09-25 00:00,2026-09-25,-71.21097046413502,-83,-66,237,-16877
gz-02-lote2-python,rssi,2026-09-25 06:00,2026-09-25 01:00,2026-09-25,-72.86134453781513,-83,-60,238,-17341
gz-02-lote2-python,rssi,2026-09-25 07:00,2026-09-25 02:00,2026-09-25,-68.15966386554622,-83,-60,238,-16222
gz-02-lote2-python,rssi,2026-09-25 08:00,2026-09-25 03:00,2026-09-25,-69.82773109243698,-75,-62,238,-16619
gz-02-lote2-python,rssi,2026-09-25 09:00,2026-09-25 04:00,2026-09-25,-68.21518987341773,-80,-60,237,-16167
gz-02-lote2-python,rssi,2026-09-25 10:00,2026-09-25 05:00,2026-09-25,-69.2133891213389,-83,-61,239,-16542
gz-02-lote2-python,rssi,2026-09-25 11:00,2026-09-25 06:00,2026-09-25,-71.34873949579831,-78,-63,238,-16981
gz-02-lote2-python,rssi,2026-09-25 12:00,2026-09-25 07:00,2026-09-25,-71.40336134453781,-83,-61,238,-16994
gz-02-lote2-python,rssi,2026-09-25 13:00,2026-09-25 08:00,2026-09-25,-72.44303797468355,-80,-61,237,-17169
gz-02-lote2-python,rssi,2026-09-25 14:00,2026-09-25 09:00,2026-09-25,-70.02521008403362,-78,-62,238,-16666
gz-02-lote2-python,rssi,2026-09-25 15:00,2026-09-25 10:00,2026-09-25,-63.10878661087866,-71,-61,239,-15083
gz-02-lote2-python,rssi,2026-09-25 16:00,2026-09-25 11:00,2026-09-25,-73.52742616033755,-82,-60,237,-17426
gz-02-lote2-python,rssi,2026-09-25 17:00,2026-09-25 12:00,2026-09-25,-73.08823529411765,-83,-65,238,-17395
gz-02-lote2-python,rssi,2026-09-25 18:00,2026-09-25 13:00,2026-09-25,-68.03361344537815,-74,-60,238,-16192
gz-02-lote2-python,rssi,2026-09-25 19:00,2026-09-25 14:00,2026-09-25,-70.88655462184875,-82,-60,238,-16871
gz-02-lote2-python,rssi,2026-09-25 20:00,2026-09-25 15:00,2026-09-25,-73.9367088607595,-83,-60,237,-17523
gz-02-lote2-python,rssi,2026-09-25 21:00,2026-09-25 16:00,2026-09-25,-75.32352941176471,-83,-65,238,-17927
gz-02-lote2-python,rssi,2026-09-25 22:00,2026-09-25 17:00,2026-09-25,-70.44957983193277,-82,-64,238,-16767
gz-02-lote2-python,rssi,2026-09-25 23:00,2026-09-25 18:00,2026-09-25,-70.47899159663865,-82,-62,238,-16774
gz-02-lote2-python,rssi,2026-09-26 00:00,2026-09-25 19:00,2026-09-25,-70.32489451476793,-75,-66,237,-16667
gz-02-lote2-python,rssi,2026-09-26 01:00,2026-09-25 20:00,2026-09-25,-70.96218487394958,-81,-60,238,-16889
gz-02-lote2-python,rssi,2026-09-26 02:00,2026-09-25 21:00,2026-09-25,-72.45798319327731,-80,-66,238,-17245
gz-02-lote2-python,rssi,2026-09-26 03:00,2026-09-25 22:00,2026-09-25,-71.75210084033614,-82,-61,238,-17077
gz-02-lote2-python,rssi,2026-09-26 04:00,2026-09-25 23:00,2026-09-25,-69.9535864978903,-83,-61,237,-16579
gz-02-lote2-python,rssi,2026-09-26 05:00,2026-09-26 00:00,2026-09-26,-71.31932773109244,-80,-61,238,-16974
gz-02-lote2-python,rssi,2026-09-26 06:00,2026-09-26 01:00,2026-09-26,-71.81512605042016,-82,-62,238,-17092
gz-02-lote2-python,rssi,2026-09-26 07:00,2026-09-26 02:00,2026-09-26,-67.1344537815126,-79,-61,238,-15978
gz-02-lote2-python,rssi,2026-09-26 08:00,2026-09-26 03:00,2026-09-26,-72.19409282700423,-83,-63,237,-17110
gz-02-lote2-python,rssi,2026-09-26 09:00,2026-09-26 04:00,2026-09-26,-71.92857142857143,-82,-64,238,-17119
gz-02-lote2-python,rssi,2026-09-26 10:00,2026-09-26 05:00,2026-09-26,-71.19327731092437,-80,-60,238,-16944
gz-02-lote2-python,rssi,2026-09-26 11:00,2026-09-26 06:00,2026-09-26,-72.50632911392405,-83,-60,237,-17184
gz-02-lote2-python,rssi,2026-09-26 12:00,2026-09-26 07:00,2026-09-26,-74.89075630252101,-83,-67,238,-17824
gz-02-lote2-python,rssi,2026-09-26 13:00,2026-09-26 08:00,2026-09-26,-67.10084033613445,-79,-62,238,-15970
gz-02-lote2-python,rssi,2026-09-26 14:00,2026-09-26 09:00,2026-09-26,-73.54621848739495,-83,-61,238,-17504
gz-02-lote2-python,rssi,2026-09-26 15:00,2026-09-26 10:00,2026-09-26,-70.28691983122363,-83,-61,237,-16658
gz-02-lote2-python,rssi,2026-09-26 16:00,2026-09-26 11:00,2026-09-26,-71.5,-80,-66,238,-17017
gz-02-lote2-python,rssi,2026-09-26 17:00,2026-09-26 12:00,2026-09-26,-68.68067226890756,-76,-62,238,-16346
gz-02-lote2-python,rssi,2026-09-26 18:00,2026-09-26 13:00,2026-09-26,-65.76371308016877,-76,-60,237,-15586
gz-02-lote2-python,rssi,2026-09-26 19:00,2026-09-26 14:00,2026-09-26,-71.10084033613445,-81,-63,238,-16922
gz-02-lote2-python,rssi,2026-09-26 20:00,2026-09-26 15:00,2026-09-26,-71.8529411764706,-83,-64,238,-17101
gz-02-lote2-python,rssi,2026-09-26 21:00,2026-09-26 16:00,2026-09-26,-71.70464135021098,-83,-61,237,-16994
gz-02-lote2-python,rssi,2026-09-26 22:00,2026-09-26 17:00,2026-09-26,-69.97478991596638,-81,-61,238,-16654
gz-02-lote2-python,rssi,2026-09-26 23:00,2026-09-26 18:00,2026-09-26,-72.21428571428571,-80,-62,238,-17187
gz-02-lote2-python,rssi,2026-09-27 00:00,2026-09-26 19:00,2026-09-26,-69.72689075630252,-78,-60,238,-16595
gz-02-lote2-python,rssi,2026-09-27 01:00,2026-09-26 20:00,2026-09-26,-67.71308016877637,-77,-64,237,-16048
gz-02-lote2-python,rssi,2026-09-27 02:00,2026-09-26 21:00,2026-09-26,-67.8109243697479,-83,-61,238,-16139
gz-02-lote2-python,rssi,2026-09-27 03:00,2026-09-26 22:00,2026-09-26,-70.17226890756302,-77,-61,238,-16701
gz-02-lote2-python,rssi,2026-09-27 04:00,2026-09-26 23:00,2026-09-26,-67.99579831932773,-77,-63,238,-16183
gz-02-lote2-python,rssi,2026-09-27 05:00,2026-09-27 00:00,2026-09-27,-70.51898734177215,-81,-61,237,-16713
gz-02-lote2-python,rssi,2026-09-27 06:00,2026-09-27 01:00,2026-09-27,-73.11297071129707,-80,-63,239,-17474
gz-02-lote2-python,rssi,2026-09-27 07:00,2026-09-27 02:00,2026-09-27,-74.76050420168067,-79,-65,238,-17793
gz-02-lote2-python,rssi,2026-09-27 08:00,2026-09-27 03:00,2026-09-27,-70.77731092436974,-79,-63,238,-16845
gz-02-lote2-python,rssi,2026-09-27 09:00,2026-09-27 04:00,2026-09-27,-68.92827004219409,-78,-60,237,-16336
gz-02-lote2-python,rssi,2026-09-27 10:00,2026-09-27 05:00,2026-09-27,-68.97899159663865,-79,-60,238,-16417
gz-02-lote2-python,rssi,2026-09-27 11:00,2026-09-27 06:00,2026-09-27,-68.27731092436974,-76,-60,238,-16250
gz-02-lote2-python,rssi,2026-09-27 12:00,2026-09-27 07:00,2026-09-27,-72.25738396624473,-80,-65,237,-17125
gz-02-lote2-python,rssi,2026-09-27 13:00,2026-09-27 08:00,2026-09-27,-70.40756302521008,-81,-60,238,-16757
gz-02-lote2-python,rssi,2026-09-27 14:00,2026-09-27 09:00,2026-09-27,-75.30672268907563,-82,-60,238,-17923
gz-02-lote2-python,rssi,2026-09-27 15:00,2026-09-27 10:00,2026-09-27,-68.65966386554622,-75,-60,238,-16341
gz-02-lote2-python,rssi,2026-09-27 16:00,2026-09-27 11:00,2026-09-27,-73.86919831223629,-82,-64,237,-17507
gz-02-lote2-python,rssi,2026-09-27 17:00,2026-09-27 12:00,2026-09-27,-74.30252100840336,-81,-62,238,-17684
gz-02-lote2-python,rssi,2026-09-27 18:00,2026-09-27 13:00,2026-09-27,-71.45378151260505,-81,-65,238,-17006
gz-02-lote2-python,rssi,2026-09-27 19:00,2026-09-27 14:00,2026-09-27,-74.39075630252101,-81,-65,238,-17705
gz-02-lote2-python,rssi,2026-09-27 20:00,2026-09-27 15:00,2026-09-27,-68.37552742616033,-79,-60,237,-16205
gz-02-lote2-python,rssi,2026-09-27 21:00,2026-09-27 16:00,2026-09-27,-70.77731092436974,-81,-62,238,-16845
gz-02-lote2-python,rssi,2026-09-27 22:00,2026-09-27 17:00,2026-09-27,-66.57563025210084,-79,-60,238,-15845
gz-02-lote2-python,rssi,2026-09-27 23:00,2026-09-27 18:00,2026-09-27,-68.80672268907563,-80,-60,238,-16376
gz-02-lote2-python,rssi,2026-09-28 00:00,2026-09-27 19:00,2026-09-27,-69.29113924050633,-79,-62,237,-16422
gz-02-lote2-python,rssi,2026-09-28 01:00,2026-09-27 20:00,2026-09-27,-76.03361344537815,-82,-65,238,-18096
gz-02-lote2-python,rssi,2026-09-28 02:00,2026-09-27 21:00,2026-09-27,-69.61344537815125,-82,-61,238,-16568
gz-02-lote2-python,rssi,2026-09-28 03:00,2026-09-27 22:00,2026-09-27,-68.38075313807532,-78,-61,239,-16343
gz-02-lote2-python,rssi,2026-09-28 04:00,2026-09-27 23:00,2026-09-27,-72.55696202531645,-81,-61,237,-17196
gz-02-lote2-python,rssi,2026-09-28 05:00,2026-09-28 00:00,2026-09-28,-71.52100840336135,-81,-62,238,-17022
gz-02-lote2-python,rssi,2026-09-28 06:00,2026-09-28 01:00,2026-09-28,-66.30672268907563,-74,-60,238,-15781
gz-02-lote2-python,rssi,2026-09-28 07:00,2026-09-28 02:00,2026-09-28,-70.72689075630252,-83,-60,238,-16833
gz-02-lote2-python,rssi,2026-09-28 08:00,2026-09-28 03:00,2026-09-28,-69.43697478991596,-79,-63,238,-16526
gz-02-lote2-python,rssi,2026-09-28 09:00,2026-09-28 04:00,2026-09-28,-71.86075949367088,-82,-60,237,-17031
gz-02-lote2-python,rssi,2026-09-28 10:00,2026-09-28 05:00,2026-09-28,-73.48319327731092,-83,-60,238,-17489
gz-02-lote2-python,rssi,2026-09-28 11:00,2026-09-28 06:00,2026-09-28,-69.58823529411765,-83,-62,238,-16562
gz-02-lote2-python,rssi,2026-09-28 12:00,2026-09-28 07:00,2026-09-28,-73.69747899159664,-83,-62,238,-17540
gz-02-lote2-python,rssi,2026-09-28 13:00,2026-09-28 08:00,2026-09-28,-75.16033755274262,-83,-69,237,-17813
gz-02-lote2-python,rssi,2026-09-28 14:00,2026-09-28 09:00,2026-09-28,-71.62605042016807,-78,-64,238,-17047
gz-02-lote2-python,rssi,2026-09-28 15:00,2026-09-28 10:00,2026-09-28,-74.73949579831933,-83,-64,238,-17788
gz-02-lote2-python,rssi,2026-09-28 16:00,2026-09-28 11:00,2026-09-28,-70.07563025210084,-83,-60,238,-16678
gz-02-lote2-python,rssi,2026-09-28 17:00,2026-09-28 12:00,2026-09-28,-71.86075949367088,-78,-63,237,-17031
gz-02-lote2-python,rssi,2026-09-28 18:00,2026-09-28 13:00,2026-09-28,-69.6890756302521,-81,-63,238,-16586
gz-02-lote2-python,rssi,2026-09-28 19:00,2026-09-28 14:00,2026-09-28,-69.55882352941177,-79,-62,238,-16555
gz-02-lote2-python,rssi,2026-09-28 20:00,2026-09-28 15:00,2026-09-28,-65.30252100840336,-68,-61,238,-15542
gz-02-lote2-python,rssi,2026-09-28 21:00,2026-09-28 16:00,2026-09-28,-69.55274261603375,-83,-60,237,-16484
gz-02-lote2-python,rssi,2026-09-28 22:00,2026-09-28 17:00,2026-09-28,-65.15126050420169,-77,-60,238,-15506
gz-02-lote2-python,rssi,2026-09-28 23:00,2026-09-28 18:00,2026-09-28,-72.44117647058823,-83,-60,238,-17241
gz-02-lote2-python,rssi,2026-09-29 00:00,2026-09-28 19:00,2026-09-28,-73.64625850340136,-81,-65,147,-10826
gz-02-lote2-python,tempCanopy,2026-09-22 03:00,2026-09-21 22:00,2026-09-21,20.920125786163556,20.2,21.5,159,3326.300000000005
gz-02-lote2-python,tempCanopy,2026-09-22 04:00,2026-09-21 23:00,2026-09-21,21.22658227848101,20.2,21.8,237,5030.7
gz-02-lote2-python,tempCanopy,2026-09-22 05:00,2026-09-22 00:00,2026-09-22,21.141176470588217,20.4,21.6,238,5031.599999999996
gz-02-lote2-python,tempCanopy,2026-09-22 06:00,2026-09-22 01:00,2026-09-22,20.661764705882312,20.4,21.1,238,4917.49999999999
gz-02-lote2-python,tempCanopy,2026-09-22 07:00,2026-09-22 02:00,2026-09-22,21.066806722689044,20.4,21.8,238,5013.899999999992
gz-02-lote2-python,tempCanopy,2026-09-22 08:00,2026-09-22 03:00,2026-09-22,21.358649789029574,21,21.9,237,5062.000000000009
gz-02-lote2-python,tempCanopy,2026-09-22 09:00,2026-09-22 04:00,2026-09-22,21.03277310924366,20.5,21.9,238,5005.799999999991
gz-02-lote2-python,tempCanopy,2026-09-22 10:00,2026-09-22 05:00,2026-09-22,21.21722689075629,20.5,21.9,238,5049.699999999997
gz-02-lote2-python,tempCanopy,2026-09-22 11:00,2026-09-22 06:00,2026-09-22,21.932352941176447,21.6,22.3,238,5219.899999999994
gz-02-lote2-python,tempCanopy,2026-09-22 12:00,2026-09-22 07:00,2026-09-22,22.56497890295357,22,23.4,237,5347.899999999996
gz-02-lote2-python,tempCanopy,2026-09-22 13:00,2026-09-22 08:00,2026-09-22,24.263865546218444,22.3,24.9,238,5774.799999999989
gz-02-lote2-python,tempCanopy,2026-09-22 14:00,2026-09-22 09:00,2026-09-22,24.745798319327687,23.6,26.2,238,5889.499999999989
gz-02-lote2-python,tempCanopy,2026-09-22 15:00,2026-09-22 10:00,2026-09-22,25.078571428571394,24.2,26.3,238,5968.699999999992
gz-02-lote2-python,tempCanopy,2026-09-22 16:00,2026-09-22 11:00,2026-09-22,27.251476793248955,26.1,28.1,237,6458.600000000002
gz-02-lote2-python,tempCanopy,2026-09-22 17:00,2026-09-22 12:00,2026-09-22,26.681932773109235,25,28.1,238,6350.299999999998
gz-02-lote2-python,tempCanopy,2026-09-22 18:00,2026-09-22 13:00,2026-09-22,26.25084033613448,25,28.3,238,6247.700000000006
gz-02-lote2-python,tempCanopy,2026-09-22 19:00,2026-09-22 14:00,2026-09-22,25.4464135021097,24.1,28.3,237,6030.799999999998
gz-02-lote2-python,tempCanopy,2026-09-22 20:00,2026-09-22 15:00,2026-09-22,24.996234309623446,24.3,26,239,5974.100000000004
gz-02-lote2-python,tempCanopy,2026-09-22 21:00,2026-09-22 16:00,2026-09-22,23.719917012448136,23,25.4,241,5716.500000000001
gz-02-lote2-python,tempCanopy,2026-09-22 22:00,2026-09-22 17:00,2026-09-22,22.599159663865553,21.9,24.2,238,5378.600000000001
gz-02-lote2-python,tempCanopy,2026-09-22 23:00,2026-09-22 18:00,2026-09-22,21.319327731092454,20.4,21.9,238,5074.000000000004
gz-02-lote2-python,tempCanopy,2026-09-23 00:00,2026-09-22 19:00,2026-09-22,21.083966244725765,20.3,21.6,237,4996.900000000006
gz-02-lote2-python,tempCanopy,2026-09-23 01:00,2026-09-22 20:00,2026-09-22,20.83739495798321,20.3,21.7,238,4959.300000000004
gz-02-lote2-python,tempCanopy,2026-09-23 02:00,2026-09-22 21:00,2026-09-22,21.02563025210081,20.3,21.7,238,5004.099999999993
gz-02-lote2-python,tempCanopy,2026-09-23 03:00,2026-09-22 22:00,2026-09-22,21.28277310924365,20.3,21.7,238,5065.299999999988
gz-02-lote2-python,tempCanopy,2026-09-23 04:00,2026-09-22 23:00,2026-09-22,20.830672268907563,20.6,21.2,238,4957.7
gz-02-lote2-python,tempCanopy,2026-09-23 05:00,2026-09-23 00:00,2026-09-23,20.891561181434604,20.3,21.8,237,4951.300000000001
gz-02-lote2-python,tempCanopy,2026-09-23 06:00,2026-09-23 01:00,2026-09-23,21.247478991596566,20.9,21.7,238,5056.899999999982
gz-02-lote2-python,tempCanopy,2026-09-23 07:00,2026-09-23 02:00,2026-09-23,20.90714285714291,20.7,21.2,238,4975.900000000013
gz-02-lote2-python,tempCanopy,2026-09-23 08:00,2026-09-23 03:00,2026-09-23,21.006302521008358,20.6,21.9,238,4999.499999999989
gz-02-lote2-python,tempCanopy,2026-09-23 09:00,2026-09-23 04:00,2026-09-23,21.404219409282714,20.9,21.8,237,5072.800000000003
gz-02-lote2-python,tempCanopy,2026-09-23 10:00,2026-09-23 05:00,2026-09-23,20.621848739495828,20.2,21.8,238,4908.000000000007
gz-02-lote2-python,tempCanopy,2026-09-23 11:00,2026-09-23 06:00,2026-09-23,21.976890756302428,21.4,23.5,238,5230.499999999978
gz-02-lote2-python,tempCanopy,2026-09-23 12:00,2026-09-23 07:00,2026-09-23,23.18109243697476,22.2,23.9,238,5517.099999999993
gz-02-lote2-python,tempCanopy,2026-09-23 13:00,2026-09-23 08:00,2026-09-23,25.293248945147685,22.2,27,237,5994.500000000001
gz-02-lote2-python,tempCanopy,2026-09-23 14:00,2026-09-23 09:00,2026-09-23,25.09958158995815,24.2,25.7,239,5998.799999999997
gz-02-lote2-python,tempCanopy,2026-09-23 15:00,2026-09-23 10:00,2026-09-23,27.39369747899159,23.9,30.1,238,6519.699999999999
gz-02-lote2-python,tempCanopy,2026-09-23 16:00,2026-09-23 11:00,2026-09-23,25.55084033613441,23.9,26.3,238,6081.099999999989
gz-02-lote2-python,tempCanopy,2026-09-23 17:00,2026-09-23 12:00,2026-09-23,25.41012658227845,24,28.6,237,6022.1999999999925
gz-02-lote2-python,tempCanopy,2026-09-23 18:00,2026-09-23 13:00,2026-09-23,27.171966527196663,24,28.6,239,6494.100000000002
gz-02-lote2-python,tempCanopy,2026-09-23 19:00,2026-09-23 14:00,2026-09-23,23.782773109243706,23.2,24.6,238,5660.300000000002
gz-02-lote2-python,tempCanopy,2026-09-23 20:00,2026-09-23 15:00,2026-09-23,24.99243697478991,23.5,25.9,238,5948.199999999999
gz-02-lote2-python,tempCanopy,2026-09-23 21:00,2026-09-23 16:00,2026-09-23,23.545147679324906,22.2,25.9,237,5580.200000000003
gz-02-lote2-python,tempCanopy,2026-09-23 22:00,2026-09-23 17:00,2026-09-23,21.999999999999996,21.1,23.5,238,5235.999999999999
gz-02-lote2-python,tempCanopy,2026-09-23 23:00,2026-09-23 18:00,2026-09-23,20.639075630252165,20.3,21.7,238,4912.100000000015
gz-02-lote2-python,tempCanopy,2026-09-24 00:00,2026-09-23 19:00,2026-09-23,20.99915966386554,20.2,21.7,238,4997.799999999998
gz-02-lote2-python,tempCanopy,2026-09-24 01:00,2026-09-23 20:00,2026-09-23,20.90970464135018,20.6,21.2,237,4955.599999999993
gz-02-lote2-python,tempCanopy,2026-09-24 02:00,2026-09-23 21:00,2026-09-23,21.118487394957995,20.7,21.8,238,5026.200000000003
gz-02-lote2-python,tempCanopy,2026-09-24 03:00,2026-09-23 22:00,2026-09-23,20.659663865546204,20.1,21.8,238,4916.999999999996
gz-02-lote2-python,tempCanopy,2026-09-24 04:00,2026-09-23 23:00,2026-09-23,20.94747899159667,20.3,21.4,238,4985.500000000008
gz-02-lote2-python,tempCanopy,2026-09-24 05:00,2026-09-24 00:00,2026-09-24,21.33417721518987,20.4,21.9,237,5056.2
gz-02-lote2-python,tempCanopy,2026-09-24 06:00,2026-09-24 01:00,2026-09-24,20.950840336134437,20.2,21.8,238,4986.299999999996
gz-02-lote2-python,tempCanopy,2026-09-24 07:00,2026-09-24 02:00,2026-09-24,20.971428571428525,20.4,21.5,238,4991.199999999989
gz-02-lote2-python,tempCanopy,2026-09-24 08:00,2026-09-24 03:00,2026-09-24,21.101260504201743,20.7,21.8,238,5022.100000000015
gz-02-lote2-python,tempCanopy,2026-09-24 09:00,2026-09-24 04:00,2026-09-24,21.129113924050642,20.8,21.4,237,5007.600000000002
gz-02-lote2-python,tempCanopy,2026-09-24 10:00,2026-09-24 05:00,2026-09-24,21.070168067226888,20.7,21.4,238,5014.699999999999
gz-02-lote2-python,tempCanopy,2026-09-24 11:00,2026-09-24 06:00,2026-09-24,21.332773109243686,20.7,22.4,238,5077.199999999997
gz-02-lote2-python,tempCanopy,2026-09-24 12:00,2026-09-24 07:00,2026-09-24,24.225630252100842,22.4,25.5,238,5765.700000000001
gz-02-lote2-python,tempCanopy,2026-09-24 13:00,2026-09-24 08:00,2026-09-24,23.60928270042192,22.5,25,237,5595.399999999995
gz-02-lote2-python,tempCanopy,2026-09-24 14:00,2026-09-24 09:00,2026-09-24,25.576050420168073,23.9,27.1,238,6087.100000000001
gz-02-lote2-python,tempCanopy,2026-09-24 15:00,2026-09-24 10:00,2026-09-24,24.631512605042023,23.2,26.5,238,5862.300000000001
gz-02-lote2-python,tempCanopy,2026-09-24 16:00,2026-09-24 11:00,2026-09-24,27.25252100840338,26.5,27.6,238,6486.100000000005
gz-02-lote2-python,tempCanopy,2026-09-24 17:00,2026-09-24 12:00,2026-09-24,26.305063291139287,24.2,27.6,237,6234.300000000011
gz-02-lote2-python,tempCanopy,2026-09-24 18:00,2026-09-24 13:00,2026-09-24,25.755042016806748,24.1,27.6,238,6129.700000000006
gz-02-lote2-python,tempCanopy,2026-09-24 19:00,2026-09-24 14:00,2026-09-24,25.55294117647055,24.4,26.1,238,6081.599999999991
gz-02-lote2-python,tempCanopy,2026-09-24 20:00,2026-09-24 15:00,2026-09-24,24.879411764705857,23.7,25.5,238,5921.299999999994
gz-02-lote2-python,tempCanopy,2026-09-24 21:00,2026-09-24 16:00,2026-09-24,22.754430379746868,22.1,23.7,237,5392.8000000000075
gz-02-lote2-python,tempCanopy,2026-09-24 22:00,2026-09-24 17:00,2026-09-24,21.90462184873951,20.6,22.6,238,5213.300000000003
gz-02-lote2-python,tempCanopy,2026-09-24 23:00,2026-09-24 18:00,2026-09-24,21.278991596638665,20.6,21.7,238,5064.400000000002
gz-02-lote2-python,tempCanopy,2026-09-25 00:00,2026-09-24 19:00,2026-09-24,20.643697478991594,20.1,21.1,238,4913.2
gz-02-lote2-python,tempCanopy,2026-09-25 01:00,2026-09-24 20:00,2026-09-24,20.426160337552716,20.2,20.9,237,4840.999999999994
gz-02-lote2-python,tempCanopy,2026-09-25 02:00,2026-09-24 21:00,2026-09-24,20.884873949579873,20.7,21.2,238,4970.6000000000095
gz-02-lote2-python,tempCanopy,2026-09-25 03:00,2026-09-24 22:00,2026-09-24,21.266386554621874,20.8,21.9,238,5061.400000000006
gz-02-lote2-python,tempCanopy,2026-09-25 04:00,2026-09-24 23:00,2026-09-24,20.906722689075664,20.4,21.9,238,4975.800000000008
gz-02-lote2-python,tempCanopy,2026-09-25 05:00,2026-09-25 00:00,2026-09-25,20.675105485232066,20.2,21.2,237,4900
gz-02-lote2-python,tempCanopy,2026-09-25 06:00,2026-09-25 01:00,2026-09-25,21.090336134453747,20.2,21.6,238,5019.499999999992
gz-02-lote2-python,tempCanopy,2026-09-25 07:00,2026-09-25 02:00,2026-09-25,21.234033613445398,20.8,21.8,238,5053.700000000004
gz-02-lote2-python,tempCanopy,2026-09-25 08:00,2026-09-25 03:00,2026-09-25,21.078151260504164,20.1,21.7,238,5016.599999999991
gz-02-lote2-python,tempCanopy,2026-09-25 09:00,2026-09-25 04:00,2026-09-25,21.242194092827003,20.1,21.6,237,5034.4
gz-02-lote2-python,tempCanopy,2026-09-25 10:00,2026-09-25 05:00,2026-09-25,20.81673640167361,20.2,21.3,239,4975.1999999999925
gz-02-lote2-python,tempCanopy,2026-09-25 11:00,2026-09-25 06:00,2026-09-25,22.272268907563035,21.1,23.1,238,5300.800000000002
gz-02-lote2-python,tempCanopy,2026-09-25 12:00,2026-09-25 07:00,2026-09-25,23.491596638655466,23,24.4,238,5591.000000000001
gz-02-lote2-python,tempCanopy,2026-09-25 13:00,2026-09-25 08:00,2026-09-25,25.480590717299588,23.6,27,237,6038.900000000002
gz-02-lote2-python,tempCanopy,2026-09-25 14:00,2026-09-25 09:00,2026-09-25,27.047899159663856,25.2,28.9,238,6437.399999999998
gz-02-lote2-python,tempCanopy,2026-09-25 15:00,2026-09-25 10:00,2026-09-25,25.505020920502066,23.1,28.9,239,6095.699999999993
gz-02-lote2-python,tempCanopy,2026-09-25 16:00,2026-09-25 11:00,2026-09-25,27.085654008438876,26.6,27.7,237,6419.300000000014
gz-02-lote2-python,tempCanopy,2026-09-25 17:00,2026-09-25 12:00,2026-09-25,27.70126050420165,26.9,28.2,238,6592.899999999992
gz-02-lote2-python,tempCanopy,2026-09-25 18:00,2026-09-25 13:00,2026-09-25,28.883613445378156,27.2,30,238,6874.300000000001
gz-02-lote2-python,tempCanopy,2026-09-25 19:00,2026-09-25 14:00,2026-09-25,27.7403361344538,26.4,29.1,238,6602.200000000004
gz-02-lote2-python,tempCanopy,2026-09-25 20:00,2026-09-25 15:00,2026-09-25,25.182700421940925,24.7,26.4,237,5968.299999999999
gz-02-lote2-python,tempCanopy,2026-09-25 21:00,2026-09-25 16:00,2026-09-25,24.21512605042014,23.6,25,238,5763.199999999993
gz-02-lote2-python,tempCanopy,2026-09-25 22:00,2026-09-25 17:00,2026-09-25,21.94201680672269,20.9,23.7,238,5222.200000000001
gz-02-lote2-python,tempCanopy,2026-09-25 23:00,2026-09-25 18:00,2026-09-25,21.03319327731094,20.7,21.3,238,5005.900000000003
gz-02-lote2-python,tempCanopy,2026-09-26 00:00,2026-09-25 19:00,2026-09-25,21.248523206751045,20.7,21.8,237,5035.899999999998
gz-02-lote2-python,tempCanopy,2026-09-26 01:00,2026-09-25 20:00,2026-09-25,20.848739495798366,20.3,21.5,238,4962.000000000011
gz-02-lote2-python,tempCanopy,2026-09-26 02:00,2026-09-25 21:00,2026-09-25,20.691176470588236,20.3,21.5,238,4924.5
gz-02-lote2-python,tempCanopy,2026-09-26 03:00,2026-09-25 22:00,2026-09-25,20.853361344537838,20.3,21.3,238,4963.100000000006
gz-02-lote2-python,tempCanopy,2026-09-26 04:00,2026-09-25 23:00,2026-09-25,20.521518987341707,20.2,21.3,237,4863.599999999985
gz-02-lote2-python,tempCanopy,2026-09-26 05:00,2026-09-26 00:00,2026-09-26,20.72394957983191,20.1,21.3,238,4932.299999999995
gz-02-lote2-python,tempCanopy,2026-09-26 06:00,2026-09-26 01:00,2026-09-26,20.746638655462192,20.1,21.3,238,4937.700000000002
gz-02-lote2-python,tempCanopy,2026-09-26 07:00,2026-09-26 02:00,2026-09-26,20.68781512605038,20.3,21.3,238,4923.699999999991
gz-02-lote2-python,tempCanopy,2026-09-26 08:00,2026-09-26 03:00,2026-09-26,20.721940928270012,20.3,21.2,237,4911.099999999993
gz-02-lote2-python,tempCanopy,2026-09-26 09:00,2026-09-26 04:00,2026-09-26,21.13529411764708,20.4,21.6,238,5030.200000000005
gz-02-lote2-python,tempCanopy,2026-09-26 10:00,2026-09-26 05:00,2026-09-26,21.309243697479,20.7,21.8,238,5071.600000000002
gz-02-lote2-python,tempCanopy,2026-09-26 11:00,2026-09-26 06:00,2026-09-26,21.98354430379748,20.9,23.2,237,5210.100000000003
gz-02-lote2-python,tempCanopy,2026-09-26 12:00,2026-09-26 07:00,2026-09-26,22.666806722689103,22.1,23.4,238,5394.700000000006
gz-02-lote2-python,tempCanopy,2026-09-26 13:00,2026-09-26 08:00,2026-09-26,24.35168067226891,23.2,25.9,238,5795.700000000001
gz-02-lote2-python,tempCanopy,2026-09-26 14:00,2026-09-26 09:00,2026-09-26,25.538235294117587,23.9,26.7,238,6078.099999999986
gz-02-lote2-python,tempCanopy,2026-09-26 15:00,2026-09-26 10:00,2026-09-26,24.601687763713077,23.1,25.7,237,5830.599999999999
gz-02-lote2-python,tempCanopy,2026-09-26 16:00,2026-09-26 11:00,2026-09-26,26.38613445378151,23.1,29.4,238,6279.899999999999
gz-02-lote2-python,tempCanopy,2026-09-26 17:00,2026-09-26 12:00,2026-09-26,26.98235294117648,25.2,29.4,238,6421.800000000002
gz-02-lote2-python,tempCanopy,2026-09-26 18:00,2026-09-26 13:00,2026-09-26,27.6282700421941,25.2,29.1,237,6547.9000000000015
gz-02-lote2-python,tempCanopy,2026-09-26 19:00,2026-09-26 14:00,2026-09-26,27.85252100840334,26.9,29.1,238,6628.899999999995
gz-02-lote2-python,tempCanopy,2026-09-26 20:00,2026-09-26 15:00,2026-09-26,24.46344537815127,22.2,27.1,238,5822.300000000002
gz-02-lote2-python,tempCanopy,2026-09-26 21:00,2026-09-26 16:00,2026-09-26,23.941350210970462,21.5,25,237,5674.099999999999
gz-02-lote2-python,tempCanopy,2026-09-26 22:00,2026-09-26 17:00,2026-09-26,21.439915966386597,20.5,21.9,238,5102.70000000001
gz-02-lote2-python,tempCanopy,2026-09-26 23:00,2026-09-26 18:00,2026-09-26,20.955042016806683,20.2,21.6,238,4987.29999999999
gz-02-lote2-python,tempCanopy,2026-09-27 00:00,2026-09-26 19:00,2026-09-26,20.43571428571422,20.2,20.7,238,4863.699999999984
gz-02-lote2-python,tempCanopy,2026-09-27 01:00,2026-09-26 20:00,2026-09-26,20.834599156118173,20.5,21.3,237,4937.8000000000075
gz-02-lote2-python,tempCanopy,2026-09-27 02:00,2026-09-26 21:00,2026-09-26,20.416386554621816,20.1,21,238,4859.099999999992
gz-02-lote2-python,tempCanopy,2026-09-27 03:00,2026-09-26 22:00,2026-09-26,21.076890756302515,20.1,21.6,238,5016.299999999998
gz-02-lote2-python,tempCanopy,2026-09-27 04:00,2026-09-26 23:00,2026-09-26,21.364705882352958,20.8,21.8,238,5084.800000000004
gz-02-lote2-python,tempCanopy,2026-09-27 05:00,2026-09-27 00:00,2026-09-27,20.99113924050633,20.3,21.8,237,4974.900000000001
gz-02-lote2-python,tempCanopy,2026-09-27 06:00,2026-09-27 01:00,2026-09-27,20.98117154811713,20.3,21.7,239,5014.499999999994
gz-02-lote2-python,tempCanopy,2026-09-27 07:00,2026-09-27 02:00,2026-09-27,21.3739495798319,20.9,21.7,238,5086.999999999993
gz-02-lote2-python,tempCanopy,2026-09-27 08:00,2026-09-27 03:00,2026-09-27,21.163445378151277,20.7,21.7,238,5036.900000000004
gz-02-lote2-python,tempCanopy,2026-09-27 09:00,2026-09-27 04:00,2026-09-27,20.779746835443042,20.3,21.5,237,4924.800000000001
gz-02-lote2-python,tempCanopy,2026-09-27 10:00,2026-09-27 05:00,2026-09-27,21.190756302521038,20.7,21.7,238,5043.400000000007
gz-02-lote2-python,tempCanopy,2026-09-27 11:00,2026-09-27 06:00,2026-09-27,21.854201680672254,20.7,22.5,238,5201.2999999999965
gz-02-lote2-python,tempCanopy,2026-09-27 12:00,2026-09-27 07:00,2026-09-27,23.5725738396624,22.2,26.3,237,5586.699999999989
gz-02-lote2-python,tempCanopy,2026-09-27 13:00,2026-09-27 08:00,2026-09-27,25.890336134453776,24.3,26.9,238,6161.899999999999
gz-02-lote2-python,tempCanopy,2026-09-27 14:00,2026-09-27 09:00,2026-09-27,25.50168067226888,24.1,27.6,238,6069.399999999993
gz-02-lote2-python,tempCanopy,2026-09-27 15:00,2026-09-27 10:00,2026-09-27,28.475630252100814,27.2,30.5,238,6777.199999999993
gz-02-lote2-python,tempCanopy,2026-09-27 16:00,2026-09-27 11:00,2026-09-27,29.220253164556983,28.5,30.5,237,6925.200000000005
gz-02-lote2-python,tempCanopy,2026-09-27 17:00,2026-09-27 12:00,2026-09-27,28.13907563025211,27.3,28.9,238,6697.100000000002
gz-02-lote2-python,tempCanopy,2026-09-27 18:00,2026-09-27 13:00,2026-09-27,27.365126050420116,25.8,28.9,238,6512.899999999988
gz-02-lote2-python,tempCanopy,2026-09-27 19:00,2026-09-27 14:00,2026-09-27,25.434873949579792,24.2,27,238,6053.499999999991
gz-02-lote2-python,tempCanopy,2026-09-27 20:00,2026-09-27 15:00,2026-09-27,24.367088607594944,23.6,26.3,237,5775.000000000002
gz-02-lote2-python,tempCanopy,2026-09-27 21:00,2026-09-27 16:00,2026-09-27,22.944957983193266,22.4,23.6,238,5460.899999999997
gz-02-lote2-python,tempCanopy,2026-09-27 22:00,2026-09-27 17:00,2026-09-27,21.752521008403356,20.5,23.1,238,5177.0999999999985
gz-02-lote2-python,tempCanopy,2026-09-27 23:00,2026-09-27 18:00,2026-09-27,21.063865546218477,20.5,21.5,238,5013.199999999997
gz-02-lote2-python,tempCanopy,2026-09-28 00:00,2026-09-27 19:00,2026-09-27,20.456540084388173,20.1,21.5,237,4848.199999999997
gz-02-lote2-python,tempCanopy,2026-09-28 01:00,2026-09-27 20:00,2026-09-27,21.116386554621858,20.7,21.5,238,5025.700000000003
gz-02-lote2-python,tempCanopy,2026-09-28 02:00,2026-09-27 21:00,2026-09-27,21.14831932773105,20.8,21.6,238,5033.299999999989
gz-02-lote2-python,tempCanopy,2026-09-28 03:00,2026-09-27 22:00,2026-09-27,21.145606694560666,20.2,21.8,239,5053.799999999999
gz-02-lote2-python,tempCanopy,2026-09-28 04:00,2026-09-27 23:00,2026-09-27,20.760759493670886,20.2,21.2,237,4920.3
gz-02-lote2-python,tempCanopy,2026-09-28 05:00,2026-09-28 00:00,2026-09-28,21.050840336134456,20.5,21.8,238,5010.1
gz-02-lote2-python,tempCanopy,2026-09-28 06:00,2026-09-28 01:00,2026-09-28,21.01806722689075,20.6,21.5,238,5002.299999999998
gz-02-lote2-python,tempCanopy,2026-09-28 07:00,2026-09-28 02:00,2026-09-28,20.784033613445377,20.2,21.4,238,4946.599999999999
gz-02-lote2-python,tempCanopy,2026-09-28 08:00,2026-09-28 03:00,2026-09-28,20.786134453781518,20.2,21.1,238,4947.100000000001
gz-02-lote2-python,tempCanopy,2026-09-28 09:00,2026-09-28 04:00,2026-09-28,21.005485232067514,20.4,21.3,237,4978.300000000001
gz-02-lote2-python,tempCanopy,2026-09-28 10:00,2026-09-28 05:00,2026-09-28,20.926050420168064,20.6,21.7,238,4980.4
gz-02-lote2-python,tempCanopy,2026-09-28 11:00,2026-09-28 06:00,2026-09-28,21.763025210084034,20.5,22.5,238,5179.6
gz-02-lote2-python,tempCanopy,2026-09-28 12:00,2026-09-28 07:00,2026-09-28,24.017226890756312,22.3,24.7,238,5716.100000000002
gz-02-lote2-python,tempCanopy,2026-09-28 13:00,2026-09-28 08:00,2026-09-28,24.44472573839663,23.6,24.9,237,5793.4000000000015
gz-02-lote2-python,tempCanopy,2026-09-28 14:00,2026-09-28 09:00,2026-09-28,26.155882352941177,23.6,27.9,238,6225.1
gz-02-lote2-python,tempCanopy,2026-09-28 15:00,2026-09-28 10:00,2026-09-28,27.009243697478986,25.7,30.8,238,6428.199999999999
gz-02-lote2-python,tempCanopy,2026-09-28 16:00,2026-09-28 11:00,2026-09-28,27.96680672268908,26,30.8,238,6656.1
gz-02-lote2-python,tempCanopy,2026-09-28 17:00,2026-09-28 12:00,2026-09-28,27.16919831223629,26,29.3,237,6439.1
gz-02-lote2-python,tempCanopy,2026-09-28 18:00,2026-09-28 13:00,2026-09-28,25.241596638655462,22.3,29.3,238,6007.5
gz-02-lote2-python,tempCanopy,2026-09-28 19:00,2026-09-28 14:00,2026-09-28,26.434453781512605,22.3,28.4,238,6291.4
gz-02-lote2-python,tempCanopy,2026-09-28 20:00,2026-09-28 15:00,2026-09-28,25.07899159663865,24.3,26.8,238,5968.799999999999
gz-02-lote2-python,tempCanopy,2026-09-28 21:00,2026-09-28 16:00,2026-09-28,23.170464135021096,22.5,24.9,237,5491.4
gz-02-lote2-python,tempCanopy,2026-09-28 22:00,2026-09-28 17:00,2026-09-28,22.140756302521012,20.8,23.1,238,5269.500000000001
gz-02-lote2-python,tempCanopy,2026-09-28 23:00,2026-09-28 18:00,2026-09-28,20.582352941176474,20.3,20.8,238,4898.6
gz-02-lote2-python,tempCanopy,2026-09-29 00:00,2026-09-28 19:00,2026-09-28,20.74353741496599,20.2,21.5,147,3049.3
gz-02-lote2-python,tempSuelo,2026-09-22 03:00,2026-09-21 22:00,2026-09-21,22.032075471698114,22,22.1,159,3503.1
gz-02-lote2-python,tempSuelo,2026-09-22 04:00,2026-09-21 23:00,2026-09-21,22.11814345991567,22,22.4,237,5242.000000000015
gz-02-lote2-python,tempSuelo,2026-09-22 05:00,2026-09-22 00:00,2026-09-22,22.686134453781527,22.4,22.9,238,5399.300000000004
gz-02-lote2-python,tempSuelo,2026-09-22 06:00,2026-09-22 01:00,2026-09-22,22.700000000000085,22.5,22.9,238,5402.60000000002
gz-02-lote2-python,tempSuelo,2026-09-22 07:00,2026-09-22 02:00,2026-09-22,22.5978991596639,22.3,22.8,238,5378.300000000008
gz-02-lote2-python,tempSuelo,2026-09-22 08:00,2026-09-22 03:00,2026-09-22,22.468354430379776,22.3,22.7,237,5325.000000000007
gz-02-lote2-python,tempSuelo,2026-09-22 09:00,2026-09-22 04:00,2026-09-22,22.37605042016806,22,22.8,238,5325.499999999998
gz-02-lote2-python,tempSuelo,2026-09-22 10:00,2026-09-22 05:00,2026-09-22,22.494537815126055,22.1,22.8,238,5353.700000000001
gz-02-lote2-python,tempSuelo,2026-09-22 11:00,2026-09-22 06:00,2026-09-22,22.433613445378228,22.1,22.8,238,5339.200000000018
gz-02-lote2-python,tempSuelo,2026-09-22 12:00,2026-09-22 07:00,2026-09-22,22.518143459915596,22.1,22.8,237,5336.7999999999965
gz-02-lote2-python,tempSuelo,2026-09-22 13:00,2026-09-22 08:00,2026-09-22,22.213865546218564,22,22.8,238,5286.900000000018
gz-02-lote2-python,tempSuelo,2026-09-22 14:00,2026-09-22 09:00,2026-09-22,22.93487394957992,22.8,23.2,238,5458.500000000021
gz-02-lote2-python,tempSuelo,2026-09-22 15:00,2026-09-22 10:00,2026-09-22,23.338235294117684,23.2,23.5,238,5554.500000000009
gz-02-lote2-python,tempSuelo,2026-09-22 16:00,2026-09-22 11:00,2026-09-22,23.75400843881854,23.2,24.3,237,5629.699999999994
gz-02-lote2-python,tempSuelo,2026-09-22 17:00,2026-09-22 12:00,2026-09-22,23.929831932773112,23.6,24.3,238,5695.300000000001
gz-02-lote2-python,tempSuelo,2026-09-22 18:00,2026-09-22 13:00,2026-09-22,23.815126050420123,23.5,24.2,238,5667.999999999989
gz-02-lote2-python,tempSuelo,2026-09-22 19:00,2026-09-22 14:00,2026-09-22,24.54345991561181,23.9,25,237,5816.799999999998
gz-02-lote2-python,tempSuelo,2026-09-22 20:00,2026-09-22 15:00,2026-09-22,24.471966527196596,24.2,24.7,239,5848.7999999999865
gz-02-lote2-python,tempSuelo,2026-09-22 21:00,2026-09-22 16:00,2026-09-22,23.965145228215743,23.7,24.3,241,5775.599999999994
gz-02-lote2-python,tempSuelo,2026-09-22 22:00,2026-09-22 17:00,2026-09-22,23.401260504201705,22.9,24.3,238,5569.5000000000055
gz-02-lote2-python,tempSuelo,2026-09-22 23:00,2026-09-22 18:00,2026-09-22,23.40168067226886,23,24,238,5569.5999999999885
gz-02-lote2-python,tempSuelo,2026-09-23 00:00,2026-09-22 19:00,2026-09-22,23.410970464134987,23.2,24,237,5548.399999999992
gz-02-lote2-python,tempSuelo,2026-09-23 01:00,2026-09-22 20:00,2026-09-22,22.592436974789905,22,23.2,238,5376.999999999997
gz-02-lote2-python,tempSuelo,2026-09-23 02:00,2026-09-22 21:00,2026-09-22,22.202941176470596,22,22.4,238,5284.300000000002
gz-02-lote2-python,tempSuelo,2026-09-23 03:00,2026-09-22 22:00,2026-09-22,22.218907563025237,22,22.3,238,5288.100000000007
gz-02-lote2-python,tempSuelo,2026-09-23 04:00,2026-09-22 23:00,2026-09-22,22.328151260504256,22.2,22.4,238,5314.100000000013
gz-02-lote2-python,tempSuelo,2026-09-23 05:00,2026-09-23 00:00,2026-09-23,22.59198312236281,22.2,22.8,237,5354.299999999986
gz-02-lote2-python,tempSuelo,2026-09-23 06:00,2026-09-23 01:00,2026-09-23,22.73277310924368,22.6,22.9,238,5410.399999999996
gz-02-lote2-python,tempSuelo,2026-09-23 07:00,2026-09-23 02:00,2026-09-23,22.29285714285711,22.1,22.9,238,5305.699999999992
gz-02-lote2-python,tempSuelo,2026-09-23 08:00,2026-09-23 03:00,2026-09-23,22.240756302520985,22.1,22.5,238,5293.299999999995
gz-02-lote2-python,tempSuelo,2026-09-23 09:00,2026-09-23 04:00,2026-09-23,22.2780590717299,22.2,22.5,237,5279.899999999986
gz-02-lote2-python,tempSuelo,2026-09-23 10:00,2026-09-23 05:00,2026-09-23,22.249579831932724,22.1,22.6,238,5295.399999999989
gz-02-lote2-python,tempSuelo,2026-09-23 11:00,2026-09-23 06:00,2026-09-23,22.522268907563106,21.9,22.8,238,5360.300000000019
gz-02-lote2-python,tempSuelo,2026-09-23 12:00,2026-09-23 07:00,2026-09-23,22.193277310924323,21.9,22.3,238,5281.999999999989
gz-02-lote2-python,tempSuelo,2026-09-23 13:00,2026-09-23 08:00,2026-09-23,22.46624472573843,22.3,22.8,237,5324.500000000008
gz-02-lote2-python,tempSuelo,2026-09-23 14:00,2026-09-23 09:00,2026-09-23,22.719246861924653,22.7,22.8,239,5429.899999999992
gz-02-lote2-python,tempSuelo,2026-09-23 15:00,2026-09-23 10:00,2026-09-23,22.798319327731072,22.7,23,238,5425.999999999995
gz-02-lote2-python,tempSuelo,2026-09-23 16:00,2026-09-23 11:00,2026-09-23,23.949159663865583,23,24.4,238,5699.900000000009
gz-02-lote2-python,tempSuelo,2026-09-23 17:00,2026-09-23 12:00,2026-09-23,23.73122362869194,23.6,24.1,237,5624.299999999989
gz-02-lote2-python,tempSuelo,2026-09-23 18:00,2026-09-23 13:00,2026-09-23,24.33891213389121,23.6,25,239,5816.999999999999
gz-02-lote2-python,tempSuelo,2026-09-23 19:00,2026-09-23 14:00,2026-09-23,23.780672268907647,23.6,23.9,238,5659.80000000002
gz-02-lote2-python,tempSuelo,2026-09-23 20:00,2026-09-23 15:00,2026-09-23,23.80336134453787,23.2,24.9,238,5665.200000000013
gz-02-lote2-python,tempSuelo,2026-09-23 21:00,2026-09-23 16:00,2026-09-23,24.68945147679317,23.6,25.1,237,5851.399999999981
gz-02-lote2-python,tempSuelo,2026-09-23 22:00,2026-09-23 17:00,2026-09-23,22.916806722689085,22.6,23.6,238,5454.200000000003
gz-02-lote2-python,tempSuelo,2026-09-23 23:00,2026-09-23 18:00,2026-09-23,23.600420168067284,22.6,24,238,5616.900000000013
gz-02-lote2-python,tempSuelo,2026-09-24 00:00,2026-09-23 19:00,2026-09-23,23.064285714285692,22.5,24,238,5489.299999999995
gz-02-lote2-python,tempSuelo,2026-09-24 01:00,2026-09-23 20:00,2026-09-23,22.82869198312234,22,23.3,237,5410.399999999994
gz-02-lote2-python,tempSuelo,2026-09-24 02:00,2026-09-23 21:00,2026-09-23,22.595378151260483,22,22.8,238,5377.699999999995
gz-02-lote2-python,tempSuelo,2026-09-24 03:00,2026-09-23 22:00,2026-09-23,22.726890756302517,22.7,22.8,238,5408.999999999999
gz-02-lote2-python,tempSuelo,2026-09-24 04:00,2026-09-23 23:00,2026-09-23,22.532773109243653,22.3,22.7,238,5362.799999999989
gz-02-lote2-python,tempSuelo,2026-09-24 05:00,2026-09-24 00:00,2026-09-24,22.524050632911354,22.3,22.8,237,5338.199999999991
gz-02-lote2-python,tempSuelo,2026-09-24 06:00,2026-09-24 01:00,2026-09-24,22.26932773109242,22,22.8,238,5300.099999999996
gz-02-lote2-python,tempSuelo,2026-09-24 07:00,2026-09-24 02:00,2026-09-24,22.291176470588244,21.9,22.8,238,5305.300000000002
gz-02-lote2-python,tempSuelo,2026-09-24 08:00,2026-09-24 03:00,2026-09-24,22.671848739495864,22.5,22.8,238,5395.900000000016
gz-02-lote2-python,tempSuelo,2026-09-24 09:00,2026-09-24 04:00,2026-09-24,22.49873417721527,22.3,22.8,237,5332.200000000019
gz-02-lote2-python,tempSuelo,2026-09-24 10:00,2026-09-24 05:00,2026-09-24,22.585714285714346,22.3,22.9,238,5375.400000000014
gz-02-lote2-python,tempSuelo,2026-09-24 11:00,2026-09-24 06:00,2026-09-24,22.58991596638655,22.4,22.9,238,5376.399999999999
gz-02-lote2-python,tempSuelo,2026-09-24 12:00,2026-09-24 07:00,2026-09-24,22.442016806722666,22.1,22.7,238,5341.199999999994
gz-02-lote2-python,tempSuelo,2026-09-24 13:00,2026-09-24 08:00,2026-09-24,22.532489451476792,22.1,22.7,237,5340.2
gz-02-lote2-python,tempSuelo,2026-09-24 14:00,2026-09-24 09:00,2026-09-24,22.716386554621746,22.7,22.8,238,5406.499999999975
gz-02-lote2-python,tempSuelo,2026-09-24 15:00,2026-09-24 10:00,2026-09-24,23.38445378151255,22.8,24.2,238,5565.499999999987
gz-02-lote2-python,tempSuelo,2026-09-24 16:00,2026-09-24 11:00,2026-09-24,23.5327731092437,22.9,24.2,238,5600.8
gz-02-lote2-python,tempSuelo,2026-09-24 17:00,2026-09-24 12:00,2026-09-24,24.35358649789032,23.5,24.9,237,5771.800000000006
gz-02-lote2-python,tempSuelo,2026-09-24 18:00,2026-09-24 13:00,2026-09-24,23.88991596638661,23.5,24.6,238,5685.800000000013
gz-02-lote2-python,tempSuelo,2026-09-24 19:00,2026-09-24 14:00,2026-09-24,24.296638655462225,24.1,24.6,238,5782.6000000000095
gz-02-lote2-python,tempSuelo,2026-09-24 20:00,2026-09-24 15:00,2026-09-24,23.990336134453845,22.9,24.5,238,5709.700000000015
gz-02-lote2-python,tempSuelo,2026-09-24 21:00,2026-09-24 16:00,2026-09-24,23.900421940928297,22.9,24.3,237,5664.400000000006
gz-02-lote2-python,tempSuelo,2026-09-24 22:00,2026-09-24 17:00,2026-09-24,23.93865546218491,23.2,24.3,238,5697.400000000009
gz-02-lote2-python,tempSuelo,2026-09-24 23:00,2026-09-24 18:00,2026-09-24,23.744957983193235,23.2,24.2,238,5651.29999999999
gz-02-lote2-python,tempSuelo,2026-09-25 00:00,2026-09-24 19:00,2026-09-24,23.273109243697544,23.1,23.4,238,5539.0000000000155
gz-02-lote2-python,tempSuelo,2026-09-25 01:00,2026-09-24 20:00,2026-09-24,22.813080168776455,22.6,23.1,237,5406.70000000002
gz-02-lote2-python,tempSuelo,2026-09-25 02:00,2026-09-24 21:00,2026-09-24,22.605882352941173,22.5,22.9,238,5380.199999999999
gz-02-lote2-python,tempSuelo,2026-09-25 03:00,2026-09-24 22:00,2026-09-24,22.343697478991587,22,22.9,238,5317.799999999997
gz-02-lote2-python,tempSuelo,2026-09-25 04:00,2026-09-24 23:00,2026-09-24,22.288655462184863,21.9,22.8,238,5304.699999999997
gz-02-lote2-python,tempSuelo,2026-09-25 05:00,2026-09-25 00:00,2026-09-25,22.590717299578095,22.4,22.8,237,5354.000000000008
gz-02-lote2-python,tempSuelo,2026-09-25 06:00,2026-09-25 01:00,2026-09-25,22.556722689075627,22.4,22.8,238,5368.499999999999
gz-02-lote2-python,tempSuelo,2026-09-25 07:00,2026-09-25 02:00,2026-09-25,22.5159663865546,22.1,22.8,238,5358.799999999995
gz-02-lote2-python,tempSuelo,2026-09-25 08:00,2026-09-25 03:00,2026-09-25,22.600000000000048,22.1,22.9,238,5378.800000000011
gz-02-lote2-python,tempSuelo,2026-09-25 09:00,2026-09-25 04:00,2026-09-25,22.298312236286947,22.2,22.6,237,5284.700000000006
gz-02-lote2-python,tempSuelo,2026-09-25 10:00,2026-09-25 05:00,2026-09-25,22.451882845188212,22.1,22.7,239,5365.999999999983
gz-02-lote2-python,tempSuelo,2026-09-25 11:00,2026-09-25 06:00,2026-09-25,22.44747899159664,22.1,22.6,238,5342.5
gz-02-lote2-python,tempSuelo,2026-09-25 12:00,2026-09-25 07:00,2026-09-25,22.64747899159667,22.4,22.8,238,5390.100000000008
gz-02-lote2-python,tempSuelo,2026-09-25 13:00,2026-09-25 08:00,2026-09-25,22.30590717299574,22,22.8,237,5286.499999999991
gz-02-lote2-python,tempSuelo,2026-09-25 14:00,2026-09-25 09:00,2026-09-25,22.596218487395017,22.3,23.1,238,5377.900000000014
gz-02-lote2-python,tempSuelo,2026-09-25 15:00,2026-09-25 10:00,2026-09-25,22.870711297071125,22.6,23.2,239,5466.0999999999985
gz-02-lote2-python,tempSuelo,2026-09-25 16:00,2026-09-25 11:00,2026-09-25,23.78101265822786,23.2,24.1,237,5636.100000000002
gz-02-lote2-python,tempSuelo,2026-09-25 17:00,2026-09-25 12:00,2026-09-25,24.307142857142917,24.1,24.4,238,5785.100000000014
gz-02-lote2-python,tempSuelo,2026-09-25 18:00,2026-09-25 13:00,2026-09-25,23.687394957983194,23.2,24.3,238,5637.6
gz-02-lote2-python,tempSuelo,2026-09-25 19:00,2026-09-25 14:00,2026-09-25,24.69327731092442,24,25,238,5877.000000000012
gz-02-lote2-python,tempSuelo,2026-09-25 20:00,2026-09-25 15:00,2026-09-25,24.742194092826946,24.6,25,237,5863.899999999986
gz-02-lote2-python,tempSuelo,2026-09-25 21:00,2026-09-25 16:00,2026-09-25,24.951680672268875,24.7,25.1,238,5938.499999999992
gz-02-lote2-python,tempSuelo,2026-09-25 22:00,2026-09-25 17:00,2026-09-25,24.696638655462102,24.4,25,238,5877.79999999998
gz-02-lote2-python,tempSuelo,2026-09-25 23:00,2026-09-25 18:00,2026-09-25,23.457983193277258,23,24.4,238,5582.999999999987
gz-02-lote2-python,tempSuelo,2026-09-26 00:00,2026-09-25 19:00,2026-09-25,23.45991561181438,23,23.9,237,5560.000000000008
gz-02-lote2-python,tempSuelo,2026-09-26 01:00,2026-09-25 20:00,2026-09-25,22.951680672268825,22.9,23,238,5462.49999999998
gz-02-lote2-python,tempSuelo,2026-09-26 02:00,2026-09-25 21:00,2026-09-25,22.46722689075632,22.2,22.9,238,5347.2000000000035
gz-02-lote2-python,tempSuelo,2026-09-26 03:00,2026-09-25 22:00,2026-09-25,22.309243697479012,22.1,22.7,238,5309.600000000005
gz-02-lote2-python,tempSuelo,2026-09-26 04:00,2026-09-25 23:00,2026-09-25,22.299156118143543,22.1,22.4,237,5284.90000000002
gz-02-lote2-python,tempSuelo,2026-09-26 05:00,2026-09-26 00:00,2026-09-26,22.301260504201768,22.1,22.4,238,5307.700000000021
gz-02-lote2-python,tempSuelo,2026-09-26 06:00,2026-09-26 01:00,2026-09-26,22.39453781512617,22.3,22.7,238,5329.900000000029
gz-02-lote2-python,tempSuelo,2026-09-26 07:00,2026-09-26 02:00,2026-09-26,22.575630252100794,22.5,22.7,238,5372.999999999989
gz-02-lote2-python,tempSuelo,2026-09-26 08:00,2026-09-26 03:00,2026-09-26,22.323628691983146,22,22.5,237,5290.700000000005
gz-02-lote2-python,tempSuelo,2026-09-26 09:00,2026-09-26 04:00,2026-09-26,22.639915966386575,22,22.9,238,5388.300000000005
gz-02-lote2-python,tempSuelo,2026-09-26 10:00,2026-09-26 05:00,2026-09-26,22.8000000000001,22.8,22.8,238,5426.400000000024
gz-02-lote2-python,tempSuelo,2026-09-26 11:00,2026-09-26 06:00,2026-09-26,22.402953586497933,22.1,22.8,237,5309.50000000001
gz-02-lote2-python,tempSuelo,2026-09-26 12:00,2026-09-26 07:00,2026-09-26,22.528991596638665,22.1,22.8,238,5361.900000000002
gz-02-lote2-python,tempSuelo,2026-09-26 13:00,2026-09-26 08:00,2026-09-26,22.517226890756284,22.1,22.8,238,5359.099999999996
gz-02-lote2-python,tempSuelo,2026-09-26 14:00,2026-09-26 09:00,2026-09-26,22.559243697478966,22.1,22.7,238,5369.099999999994
gz-02-lote2-python,tempSuelo,2026-09-26 15:00,2026-09-26 10:00,2026-09-26,22.713502109704663,22.4,23.3,237,5383.100000000005
gz-02-lote2-python,tempSuelo,2026-09-26 16:00,2026-09-26 11:00,2026-09-26,23.546638655462107,23.3,23.7,238,5604.099999999981
gz-02-lote2-python,tempSuelo,2026-09-26 17:00,2026-09-26 12:00,2026-09-26,24.048739495798337,23.4,24.5,238,5723.600000000004
gz-02-lote2-python,tempSuelo,2026-09-26 18:00,2026-09-26 13:00,2026-09-26,23.773417721518978,23,24.3,237,5634.299999999997
gz-02-lote2-python,tempSuelo,2026-09-26 19:00,2026-09-26 14:00,2026-09-26,24.168487394957996,23,25.2,238,5752.100000000003
gz-02-lote2-python,tempSuelo,2026-09-26 20:00,2026-09-26 15:00,2026-09-26,24.384453781512565,23.9,25.2,238,5803.499999999991
gz-02-lote2-python,tempSuelo,2026-09-26 21:00,2026-09-26 16:00,2026-09-26,24.729535864978892,23.9,25.4,237,5860.899999999998
gz-02-lote2-python,tempSuelo,2026-09-26 22:00,2026-09-26 17:00,2026-09-26,24.66134453781513,24.2,25,238,5869.400000000001
gz-02-lote2-python,tempSuelo,2026-09-26 23:00,2026-09-26 18:00,2026-09-26,23.440336134453784,22.8,24.4,238,5578.8
gz-02-lote2-python,tempSuelo,2026-09-27 00:00,2026-09-26 19:00,2026-09-26,23.02436974789915,22.3,23.6,238,5479.799999999997
gz-02-lote2-python,tempSuelo,2026-09-27 01:00,2026-09-26 20:00,2026-09-26,22.408438818565386,22.2,22.9,237,5310.7999999999965
gz-02-lote2-python,tempSuelo,2026-09-27 02:00,2026-09-26 21:00,2026-09-26,22.69579831932777,22.3,22.9,238,5401.6000000000095
gz-02-lote2-python,tempSuelo,2026-09-27 03:00,2026-09-26 22:00,2026-09-26,22.420588235294222,22.2,22.8,238,5336.100000000025
gz-02-lote2-python,tempSuelo,2026-09-27 04:00,2026-09-26 23:00,2026-09-26,22.29117647058823,22.1,22.8,238,5305.299999999998
gz-02-lote2-python,tempSuelo,2026-09-27 05:00,2026-09-27 00:00,2026-09-27,22.1016877637131,21.9,22.3,237,5238.100000000005
gz-02-lote2-python,tempSuelo,2026-09-27 06:00,2026-09-27 01:00,2026-09-27,22.490794979079453,22.3,22.6,239,5375.299999999989
gz-02-lote2-python,tempSuelo,2026-09-27 07:00,2026-09-27 02:00,2026-09-27,22.413025210084047,22.2,22.5,238,5334.300000000003
gz-02-lote2-python,tempSuelo,2026-09-27 08:00,2026-09-27 03:00,2026-09-27,22.50798319327726,22.2,22.8,238,5356.899999999988
gz-02-lote2-python,tempSuelo,2026-09-27 09:00,2026-09-27 04:00,2026-09-27,22.506751054852266,22.3,22.6,237,5334.099999999987
gz-02-lote2-python,tempSuelo,2026-09-27 10:00,2026-09-27 05:00,2026-09-27,22.609243697479044,22.2,22.9,238,5381.000000000013
gz-02-lote2-python,tempSuelo,2026-09-27 11:00,2026-09-27 06:00,2026-09-27,22.623949579831926,22.2,22.8,238,5384.499999999998
gz-02-lote2-python,tempSuelo,2026-09-27 12:00,2026-09-27 07:00,2026-09-27,22.24556962025314,22,22.7,237,5272.199999999994
gz-02-lote2-python,tempSuelo,2026-09-27 13:00,2026-09-27 08:00,2026-09-27,22.408823529411737,22,22.7,238,5333.299999999994
gz-02-lote2-python,tempSuelo,2026-09-27 14:00,2026-09-27 09:00,2026-09-27,22.480252100840374,22.2,23.1,238,5350.300000000009
gz-02-lote2-python,tempSuelo,2026-09-27 15:00,2026-09-27 10:00,2026-09-27,23.16974789915978,22.8,24,238,5514.400000000028
gz-02-lote2-python,tempSuelo,2026-09-27 16:00,2026-09-27 11:00,2026-09-27,23.97594936708869,23.8,24.1,237,5682.300000000019
gz-02-lote2-python,tempSuelo,2026-09-27 17:00,2026-09-27 12:00,2026-09-27,24.025630252100864,23.7,24.9,238,5718.100000000006
gz-02-lote2-python,tempSuelo,2026-09-27 18:00,2026-09-27 13:00,2026-09-27,25.096638655462094,24.9,25.2,238,5972.999999999978
gz-02-lote2-python,tempSuelo,2026-09-27 19:00,2026-09-27 14:00,2026-09-27,24.881932773109185,24.7,25.2,238,5921.899999999986
gz-02-lote2-python,tempSuelo,2026-09-27 20:00,2026-09-27 15:00,2026-09-27,24.98691983122353,24.9,25.2,237,5921.899999999977
gz-02-lote2-python,tempSuelo,2026-09-27 21:00,2026-09-27 16:00,2026-09-27,24.455882352941178,24.2,25.2,238,5820.5
gz-02-lote2-python,tempSuelo,2026-09-27 22:00,2026-09-27 17:00,2026-09-27,24.14159663865545,24,24.3,238,5745.699999999997
gz-02-lote2-python,tempSuelo,2026-09-27 23:00,2026-09-27 18:00,2026-09-27,23.720588235294095,23.5,24.3,238,5645.4999999999945
gz-02-lote2-python,tempSuelo,2026-09-28 00:00,2026-09-27 19:00,2026-09-27,23.529535864978914,23.5,23.6,237,5576.500000000003
gz-02-lote2-python,tempSuelo,2026-09-28 01:00,2026-09-27 20:00,2026-09-27,22.66638655462189,22.3,23.5,238,5394.60000000001
gz-02-lote2-python,tempSuelo,2026-09-28 02:00,2026-09-27 21:00,2026-09-27,22.254201680672285,21.9,22.6,238,5296.500000000004
gz-02-lote2-python,tempSuelo,2026-09-28 03:00,2026-09-27 22:00,2026-09-27,22.365690376569034,22.2,22.6,239,5345.4
gz-02-lote2-python,tempSuelo,2026-09-28 04:00,2026-09-27 23:00,2026-09-27,22.45105485232067,22.3,22.8,237,5320.899999999999
gz-02-lote2-python,tempSuelo,2026-09-28 05:00,2026-09-28 00:00,2026-09-28,22.322268907563025,22,22.8,238,5312.7
gz-02-lote2-python,tempSuelo,2026-09-28 06:00,2026-09-28 01:00,2026-09-28,22.221428571428568,22,22.5,238,5288.699999999999
gz-02-lote2-python,tempSuelo,2026-09-28 07:00,2026-09-28 02:00,2026-09-28,22.381092436974786,22.3,22.4,238,5326.699999999999
gz-02-lote2-python,tempSuelo,2026-09-28 08:00,2026-09-28 03:00,2026-09-28,22.636554621848735,22.3,22.8,238,5387.499999999999
gz-02-lote2-python,tempSuelo,2026-09-28 09:00,2026-09-28 04:00,2026-09-28,22.429535864978906,22.1,22.6,237,5315.800000000001
gz-02-lote2-python,tempSuelo,2026-09-28 10:00,2026-09-28 05:00,2026-09-28,22.217647058823534,22,22.8,238,5287.800000000001
gz-02-lote2-python,tempSuelo,2026-09-28 11:00,2026-09-28 06:00,2026-09-28,22.551260504201682,22,22.8,238,5367.200000000001
gz-02-lote2-python,tempSuelo,2026-09-28 12:00,2026-09-28 07:00,2026-09-28,22.342016806722686,22,22.8,238,5317.4
gz-02-lote2-python,tempSuelo,2026-09-28 13:00,2026-09-28 08:00,2026-09-28,22.63206751054852,22.1,22.8,237,5363.799999999999
gz-02-lote2-python,tempSuelo,2026-09-28 14:00,2026-09-28 09:00,2026-09-28,22.528991596638654,22.1,22.9,238,5361.9
gz-02-lote2-python,tempSuelo,2026-09-28 15:00,2026-09-28 10:00,2026-09-28,23.354201680672265,22.9,24,238,5558.299999999999
gz-02-lote2-python,tempSuelo,2026-09-28 16:00,2026-09-28 11:00,2026-09-28,23.51344537815126,23,24,238,5596.2
gz-02-lote2-python,tempSuelo,2026-09-28 17:00,2026-09-28 12:00,2026-09-28,24.10970464135022,23,24.7,237,5714.000000000002
gz-02-lote2-python,tempSuelo,2026-09-28 18:00,2026-09-28 13:00,2026-09-28,24.485294117647054,24.1,25.2,238,5827.499999999999
gz-02-lote2-python,tempSuelo,2026-09-28 19:00,2026-09-28 14:00,2026-09-28,24.707983193277304,24.3,25.2,238,5880.499999999998
gz-02-lote2-python,tempSuelo,2026-09-28 20:00,2026-09-28 15:00,2026-09-28,24.54159663865546,24.2,25.5,238,5840.9
gz-02-lote2-python,tempSuelo,2026-09-28 21:00,2026-09-28 16:00,2026-09-28,24.032489451476795,23.4,25.5,237,5695.700000000001
gz-02-lote2-python,tempSuelo,2026-09-28 22:00,2026-09-28 17:00,2026-09-28,24.710924369747893,23.4,25.2,238,5881.199999999999
gz-02-lote2-python,tempSuelo,2026-09-28 23:00,2026-09-28 18:00,2026-09-28,23.55252100840336,22.9,24.9,238,5605.5
gz-02-lote2-python,tempSuelo,2026-09-29 00:00,2026-09-28 19:00,2026-09-28,23.34013605442177,23.2,23.6,147,3431
gz-03-lote3-twin,bateria,2026-09-22 03:00,2026-09-21 22:00,2026-09-21,51.15151515151515,15,96,33,1688
gz-03-lote3-twin,bateria,2026-09-22 04:00,2026-09-21 23:00,2026-09-21,50.3125,0,99,48,2415
gz-03-lote3-twin,bateria,2026-09-22 05:00,2026-09-22 00:00,2026-09-22,49.6875,14,85,48,2385
gz-03-lote3-twin,bateria,2026-09-22 06:00,2026-09-22 01:00,2026-09-22,49.729166666666664,5,96,48,2387
gz-03-lote3-twin,bateria,2026-09-22 07:00,2026-09-22 02:00,2026-09-22,49.8125,7,86,48,2391
gz-03-lote3-twin,bateria,2026-09-22 08:00,2026-09-22 03:00,2026-09-22,49.97959183673469,16,82,49,2449
gz-03-lote3-twin,bateria,2026-09-22 09:00,2026-09-22 04:00,2026-09-22,50.125,14,88,48,2406
gz-03-lote3-twin,bateria,2026-09-22 10:00,2026-09-22 05:00,2026-09-22,50.291666666666664,12,88,48,2414
gz-03-lote3-twin,bateria,2026-09-22 11:00,2026-09-22 06:00,2026-09-22,49.833333333333336,16,86,48,2392
gz-03-lote3-twin,bateria,2026-09-22 12:00,2026-09-22 07:00,2026-09-22,49.479166666666664,7,92,48,2375
gz-03-lote3-twin,bateria,2026-09-22 13:00,2026-09-22 08:00,2026-09-22,49.916666666666664,9,94,48,2396
gz-03-lote3-twin,bateria,2026-09-22 14:00,2026-09-22 09:00,2026-09-22,50.91836734693877,8,91,49,2495
gz-03-lote3-twin,bateria,2026-09-22 15:00,2026-09-22 10:00,2026-09-22,50.125,6,95,48,2406
gz-03-lote3-twin,bateria,2026-09-22 16:00,2026-09-22 11:00,2026-09-22,49.729166666666664,7,91,48,2387
gz-03-lote3-twin,bateria,2026-09-22 17:00,2026-09-22 12:00,2026-09-22,50.270833333333336,7,96,48,2413
gz-03-lote3-twin,bateria,2026-09-22 18:00,2026-09-22 13:00,2026-09-22,49.479166666666664,6,93,48,2375
gz-03-lote3-twin,bateria,2026-09-22 19:00,2026-09-22 14:00,2026-09-22,50.10204081632653,10,92,49,2455
gz-03-lote3-twin,bateria,2026-09-22 20:00,2026-09-22 15:00,2026-09-22,51.229166666666664,9,91,48,2459
gz-03-lote3-twin,bateria,2026-09-22 21:00,2026-09-22 16:00,2026-09-22,48.5,2,90,50,2425
gz-03-lote3-twin,bateria,2026-09-22 22:00,2026-09-22 17:00,2026-09-22,50.375,16,89,48,2418
gz-03-lote3-twin,bateria,2026-09-22 23:00,2026-09-22 18:00,2026-09-22,49.5625,4,91,48,2379
gz-03-lote3-twin,bateria,2026-09-23 00:00,2026-09-22 19:00,2026-09-22,50.916666666666664,12,97,48,2444
gz-03-lote3-twin,bateria,2026-09-23 01:00,2026-09-22 20:00,2026-09-22,49.673469387755105,9,96,49,2434
gz-03-lote3-twin,bateria,2026-09-23 02:00,2026-09-22 21:00,2026-09-22,50.083333333333336,8,88,48,2404
gz-03-lote3-twin,bateria,2026-09-23 03:00,2026-09-22 22:00,2026-09-22,50.041666666666664,9,90,48,2402
gz-03-lote3-twin,bateria,2026-09-23 04:00,2026-09-22 23:00,2026-09-22,50.5625,13,91,48,2427
gz-03-lote3-twin,bateria,2026-09-23 05:00,2026-09-23 00:00,2026-09-23,49.5625,9,84,48,2379
gz-03-lote3-twin,bateria,2026-09-23 06:00,2026-09-23 01:00,2026-09-23,50.10204081632653,6,89,49,2455
gz-03-lote3-twin,bateria,2026-09-23 07:00,2026-09-23 02:00,2026-09-23,50.1875,12,89,48,2409
gz-03-lote3-twin,bateria,2026-09-23 08:00,2026-09-23 03:00,2026-09-23,49.625,10,89,48,2382
gz-03-lote3-twin,bateria,2026-09-23 09:00,2026-09-23 04:00,2026-09-23,49.958333333333336,15,87,48,2398
gz-03-lote3-twin,bateria,2026-09-23 10:00,2026-09-23 05:00,2026-09-23,49.6530612244898,9,91,49,2433
gz-03-lote3-twin,bateria,2026-09-23 11:00,2026-09-23 06:00,2026-09-23,50.520833333333336,15,92,48,2425
gz-03-lote3-twin,bateria,2026-09-23 12:00,2026-09-23 07:00,2026-09-23,49.020833333333336,10,89,48,2353
gz-03-lote3-twin,bateria,2026-09-23 13:00,2026-09-23 08:00,2026-09-23,50.354166666666664,9,87,48,2417
gz-03-lote3-twin,bateria,2026-09-23 14:00,2026-09-23 09:00,2026-09-23,49.708333333333336,15,88,48,2386
gz-03-lote3-twin,bateria,2026-09-23 15:00,2026-09-23 10:00,2026-09-23,50.48979591836735,7,89,49,2474
gz-03-lote3-twin,bateria,2026-09-23 16:00,2026-09-23 11:00,2026-09-23,49.125,6,85,48,2358
gz-03-lote3-twin,bateria,2026-09-23 17:00,2026-09-23 12:00,2026-09-23,51,11,90,48,2448
gz-03-lote3-twin,bateria,2026-09-23 18:00,2026-09-23 13:00,2026-09-23,51.34782608695652,10,91,46,2362
gz-03-lote3-twin,bateria,2026-09-23 19:00,2026-09-23 14:00,2026-09-23,53.108695652173914,9,89,46,2443
gz-03-lote3-twin,bateria,2026-09-23 20:00,2026-09-23 15:00,2026-09-23,47.95918367346939,15,90,49,2350
gz-03-lote3-twin,bateria,2026-09-23 21:00,2026-09-23 16:00,2026-09-23,49.270833333333336,7,93,48,2365
gz-03-lote3-twin,bateria,2026-09-23 22:00,2026-09-23 17:00,2026-09-23,51.854166666666664,3,87,48,2489
gz-03-lote3-twin,bateria,2026-09-23 23:00,2026-09-23 18:00,2026-09-23,50.791666666666664,10,88,48,2438
gz-03-lote3-twin,bateria,2026-09-24 00:00,2026-09-23 19:00,2026-09-23,47.979166666666664,13,83,48,2303
gz-03-lote3-twin,bateria,2026-09-24 01:00,2026-09-23 20:00,2026-09-23,49.55102040816327,12,95,49,2428
gz-03-lote3-twin,bateria,2026-09-24 02:00,2026-09-23 21:00,2026-09-23,52.625,5,98,48,2526
gz-03-lote3-twin,bateria,2026-09-24 03:00,2026-09-23 22:00,2026-09-23,49.458333333333336,11,84,48,2374
gz-03-lote3-twin,bateria,2026-09-24 04:00,2026-09-23 23:00,2026-09-23,47.3125,8,87,48,2271
gz-03-lote3-twin,bateria,2026-09-24 05:00,2026-09-24 00:00,2026-09-24,50.9375,8,92,48,2445
gz-03-lote3-twin,bateria,2026-09-24 06:00,2026-09-24 01:00,2026-09-24,52.6530612244898,14,98,49,2580
gz-03-lote3-twin,bateria,2026-09-24 07:00,2026-09-24 02:00,2026-09-24,47.854166666666664,9,87,48,2297
gz-03-lote3-twin,bateria,2026-09-24 08:00,2026-09-24 03:00,2026-09-24,48.666666666666664,8,85,48,2336
gz-03-lote3-twin,bateria,2026-09-24 09:00,2026-09-24 04:00,2026-09-24,52.166666666666664,5,92,48,2504
gz-03-lote3-twin,bateria,2026-09-24 10:00,2026-09-24 05:00,2026-09-24,51.104166666666664,16,96,48,2453
gz-03-lote3-twin,bateria,2026-09-24 11:00,2026-09-24 06:00,2026-09-24,47.69387755102041,12,90,49,2337
gz-03-lote3-twin,bateria,2026-09-24 12:00,2026-09-24 07:00,2026-09-24,49.645833333333336,6,90,48,2383
gz-03-lote3-twin,bateria,2026-09-24 13:00,2026-09-24 08:00,2026-09-24,52.083333333333336,4,88,48,2500
gz-03-lote3-twin,bateria,2026-09-24 14:00,2026-09-24 09:00,2026-09-24,50.479166666666664,14,90,48,2423
gz-03-lote3-twin,bateria,2026-09-24 15:00,2026-09-24 10:00,2026-09-24,47.625,16,93,48,2286
gz-03-lote3-twin,bateria,2026-09-24 16:00,2026-09-24 11:00,2026-09-24,50.285714285714285,6,91,49,2464
gz-03-lote3-twin,bateria,2026-09-24 17:00,2026-09-24 12:00,2026-09-24,52.541666666666664,9,91,48,2522
gz-03-lote3-twin,bateria,2026-09-24 18:00,2026-09-24 13:00,2026-09-24,48.875,11,88,48,2346
gz-03-lote3-twin,bateria,2026-09-24 19:00,2026-09-24 14:00,2026-09-24,47.5625,9,98,48,2283
gz-03-lote3-twin,bateria,2026-09-24 20:00,2026-09-24 15:00,2026-09-24,51.958333333333336,10,93,48,2494
gz-03-lote3-twin,bateria,2026-09-24 21:00,2026-09-24 16:00,2026-09-24,51.326530612244895,13,82,49,2515
gz-03-lote3-twin,bateria,2026-09-24 22:00,2026-09-24 17:00,2026-09-24,47.791666666666664,2,85,48,2294
gz-03-lote3-twin,bateria,2026-09-24 23:00,2026-09-24 18:00,2026-09-24,49.4375,9,91,48,2373
gz-03-lote3-twin,bateria,2026-09-25 00:00,2026-09-24 19:00,2026-09-24,52.333333333333336,13,96,48,2512
gz-03-lote3-twin,bateria,2026-09-25 01:00,2026-09-24 20:00,2026-09-24,50.08163265306123,18,89,49,2454
gz-03-lote3-twin,bateria,2026-09-25 02:00,2026-09-24 21:00,2026-09-24,47.958333333333336,7,94,48,2302
gz-03-lote3-twin,bateria,2026-09-25 03:00,2026-09-24 22:00,2026-09-24,49.854166666666664,2,85,48,2393
gz-03-lote3-twin,bateria,2026-09-25 04:00,2026-09-24 23:00,2026-09-24,52.3125,13,91,48,2511
gz-03-lote3-twin,bateria,2026-09-25 05:00,2026-09-25 00:00,2026-09-25,49.833333333333336,13,95,48,2392
gz-03-lote3-twin,bateria,2026-09-25 06:00,2026-09-25 01:00,2026-09-25,47.142857142857146,11,97,49,2310
gz-03-lote3-twin,bateria,2026-09-25 07:00,2026-09-25 02:00,2026-09-25,51.3125,5,85,48,2463
gz-03-lote3-twin,bateria,2026-09-25 08:00,2026-09-25 03:00,2026-09-25,52.541666666666664,14,83,48,2522
gz-03-lote3-twin,bateria,2026-09-25 09:00,2026-09-25 04:00,2026-09-25,48.0625,7,92,48,2307
gz-03-lote3-twin,bateria,2026-09-25 10:00,2026-09-25 05:00,2026-09-25,47.895833333333336,14,96,48,2299
gz-03-lote3-twin,bateria,2026-09-25 11:00,2026-09-25 06:00,2026-09-25,52.55102040816327,12,89,49,2575
gz-03-lote3-twin,bateria,2026-09-25 12:00,2026-09-25 07:00,2026-09-25,50.770833333333336,7,89,48,2437
gz-03-lote3-twin,bateria,2026-09-25 13:00,2026-09-25 08:00,2026-09-25,47.583333333333336,5,88,48,2284
gz-03-lote3-twin,bateria,2026-09-25 14:00,2026-09-25 09:00,2026-09-25,49.479166666666664,13,90,48,2375
gz-03-lote3-twin,bateria,2026-09-25 15:00,2026-09-25 10:00,2026-09-25,52.145833333333336,17,93,48,2503
gz-03-lote3-twin,bateria,2026-09-25 16:00,2026-09-25 11:00,2026-09-25,50.30612244897959,9,89,49,2465
gz-03-lote3-twin,bateria,2026-09-25 17:00,2026-09-25 12:00,2026-09-25,47.583333333333336,8,90,48,2284
gz-03-lote3-twin,bateria,2026-09-25 18:00,2026-09-25 13:00,2026-09-25,50.333333333333336,8,85,48,2416
gz-03-lote3-twin,bateria,2026-09-25 19:00,2026-09-25 14:00,2026-09-25,52.3125,11,94,48,2511
gz-03-lote3-twin,bateria,2026-09-25 20:00,2026-09-25 15:00,2026-09-25,49.083333333333336,15,94,48,2356
gz-03-lote3-twin,bateria,2026-09-25 21:00,2026-09-25 16:00,2026-09-25,47.57142857142857,3,86,49,2331
gz-03-lote3-twin,bateria,2026-09-25 22:00,2026-09-25 17:00,2026-09-25,52.291666666666664,13,84,48,2510
gz-03-lote3-twin,bateria,2026-09-25 23:00,2026-09-25 18:00,2026-09-25,51.416666666666664,10,89,48,2468
gz-03-lote3-twin,bateria,2026-09-26 00:00,2026-09-25 19:00,2026-09-25,47.354166666666664,10,100,48,2273
gz-03-lote3-twin,bateria,2026-09-26 01:00,2026-09-25 20:00,2026-09-25,49.291666666666664,10,95,48,2366
gz-03-lote3-twin,bateria,2026-09-26 02:00,2026-09-25 21:00,2026-09-25,52.755102040816325,9,85,49,2585
gz-03-lote3-twin,bateria,2026-09-26 03:00,2026-09-25 22:00,2026-09-25,49.729166666666664,1,87,48,2387
gz-03-lote3-twin,bateria,2026-09-26 04:00,2026-09-25 23:00,2026-09-25,47.9375,10,94,48,2301
gz-03-lote3-twin,bateria,2026-09-26 05:00,2026-09-26 00:00,2026-09-26,50.354166666666664,16,89,48,2417
gz-03-lote3-twin,bateria,2026-09-26 06:00,2026-09-26 01:00,2026-09-26,51.875,14,95,48,2490
gz-03-lote3-twin,bateria,2026-09-26 07:00,2026-09-26 02:00,2026-09-26,49.6530612244898,7,86,49,2433
gz-03-lote3-twin,bateria,2026-09-26 08:00,2026-09-26 03:00,2026-09-26,47.854166666666664,4,90,48,2297
gz-03-lote3-twin,bateria,2026-09-26 09:00,2026-09-26 04:00,2026-09-26,50.708333333333336,13,89,48,2434
gz-03-lote3-twin,bateria,2026-09-26 10:00,2026-09-26 05:00,2026-09-26,52.3125,11,94,48,2511
gz-03-lote3-twin,bateria,2026-09-26 11:00,2026-09-26 06:00,2026-09-26,48.183673469387756,7,95,49,2361
gz-03-lote3-twin,bateria,2026-09-26 12:00,2026-09-26 07:00,2026-09-26,48.333333333333336,10,83,48,2320
gz-03-lote3-twin,bateria,2026-09-26 13:00,2026-09-26 08:00,2026-09-26,52.25,6,92,48,2508
gz-03-lote3-twin,bateria,2026-09-26 14:00,2026-09-26 09:00,2026-09-26,51.5,8,92,48,2472
gz-03-lote3-twin,bateria,2026-09-26 15:00,2026-09-26 10:00,2026-09-26,47.6875,16,94,48,2289
gz-03-lote3-twin,bateria,2026-09-26 16:00,2026-09-26 11:00,2026-09-26,49.3469387755102,12,88,49,2418
gz-03-lote3-twin,bateria,2026-09-26 17:00,2026-09-26 12:00,2026-09-26,51.958333333333336,6,91,48,2494
gz-03-lote3-twin,bateria,2026-09-26 18:00,2026-09-26 13:00,2026-09-26,50.4375,8,87,48,2421
gz-03-lote3-twin,bateria,2026-09-26 19:00,2026-09-26 14:00,2026-09-26,47.9375,14,92,48,2301
gz-03-lote3-twin,bateria,2026-09-26 20:00,2026-09-26 15:00,2026-09-26,49.416666666666664,12,95,48,2372
gz-03-lote3-twin,bateria,2026-09-26 21:00,2026-09-26 16:00,2026-09-26,52.63265306122449,11,93,49,2579
gz-03-lote3-twin,bateria,2026-09-26 22:00,2026-09-26 17:00,2026-09-26,49.9375,9,85,48,2397
gz-03-lote3-twin,bateria,2026-09-26 23:00,2026-09-26 18:00,2026-09-26,47.229166666666664,6,85,48,2267
gz-03-lote3-twin,bateria,2026-09-27 00:00,2026-09-26 19:00,2026-09-26,50.416666666666664,10,92,48,2420
gz-03-lote3-twin,bateria,2026-09-27 01:00,2026-09-26 20:00,2026-09-26,52.770833333333336,16,93,48,2533
gz-03-lote3-twin,bateria,2026-09-27 02:00,2026-09-26 21:00,2026-09-26,48.55102040816327,15,93,49,2379
gz-03-lote3-twin,bateria,2026-09-27 03:00,2026-09-26 22:00,2026-09-26,47.8125,4,88,48,2295
gz-03-lote3-twin,bateria,2026-09-27 04:00,2026-09-26 23:00,2026-09-26,51.9375,8,86,48,2493
gz-03-lote3-twin,bateria,2026-09-27 05:00,2026-09-27 00:00,2026-09-27,51.666666666666664,10,91,48,2480
gz-03-lote3-twin,bateria,2026-09-27 06:00,2026-09-27 01:00,2026-09-27,48.12244897959184,13,98,49,2358
gz-03-lote3-twin,bateria,2026-09-27 07:00,2026-09-27 02:00,2026-09-27,48.75,9,90,48,2340
gz-03-lote3-twin,bateria,2026-09-27 08:00,2026-09-27 03:00,2026-09-27,51.916666666666664,15,90,48,2492
gz-03-lote3-twin,bateria,2026-09-27 09:00,2026-09-27 04:00,2026-09-27,51.166666666666664,6,86,48,2456
gz-03-lote3-twin,bateria,2026-09-27 10:00,2026-09-27 05:00,2026-09-27,48.333333333333336,3,94,48,2320
gz-03-lote3-twin,bateria,2026-09-27 11:00,2026-09-27 06:00,2026-09-27,48.59183673469388,14,91,49,2381
gz-03-lote3-twin,bateria,2026-09-27 12:00,2026-09-27 07:00,2026-09-27,52.729166666666664,17,94,48,2531
gz-03-lote3-twin,bateria,2026-09-27 13:00,2026-09-27 08:00,2026-09-27,50.4375,7,94,48,2421
gz-03-lote3-twin,bateria,2026-09-27 14:00,2026-09-27 09:00,2026-09-27,47.395833333333336,5,85,48,2275
gz-03-lote3-twin,bateria,2026-09-27 15:00,2026-09-27 10:00,2026-09-27,49.958333333333336,8,88,48,2398
gz-03-lote3-twin,bateria,2026-09-27 16:00,2026-09-27 11:00,2026-09-27,52.755102040816325,12,96,49,2585
gz-03-lote3-twin,bateria,2026-09-27 17:00,2026-09-27 12:00,2026-09-27,48.75,8,93,48,2340
gz-03-lote3-twin,bateria,2026-09-27 18:00,2026-09-27 13:00,2026-09-27,48.1875,8,86,48,2313
gz-03-lote3-twin,bateria,2026-09-27 19:00,2026-09-27 14:00,2026-09-27,51.125,8,86,48,2454
gz-03-lote3-twin,bateria,2026-09-27 20:00,2026-09-27 15:00,2026-09-27,51.75,4,97,48,2484
gz-03-lote3-twin,bateria,2026-09-27 21:00,2026-09-27 16:00,2026-09-27,48.63265306122449,11,94,49,2383
gz-03-lote3-twin,bateria,2026-09-27 22:00,2026-09-27 17:00,2026-09-27,48.5,13,87,48,2328
gz-03-lote3-twin,bateria,2026-09-27 23:00,2026-09-27 18:00,2026-09-27,51.1875,12,93,48,2457
gz-03-lote3-twin,bateria,2026-09-28 00:00,2026-09-27 19:00,2026-09-27,51.75,1,86,48,2484
gz-03-lote3-twin,bateria,2026-09-28 01:00,2026-09-27 20:00,2026-09-27,47.69387755102041,7,90,49,2337
gz-03-lote3-twin,bateria,2026-09-28 02:00,2026-09-27 21:00,2026-09-27,49.0625,12,90,48,2355
gz-03-lote3-twin,bateria,2026-09-28 03:00,2026-09-27 22:00,2026-09-27,52.520833333333336,12,97,48,2521
gz-03-lote3-twin,bateria,2026-09-28 04:00,2026-09-27 23:00,2026-09-27,50.6875,7,88,48,2433
gz-03-lote3-twin,bateria,2026-09-28 05:00,2026-09-28 00:00,2026-09-28,47.166666666666664,9,83,48,2264
gz-03-lote3-twin,bateria,2026-09-28 06:00,2026-09-28 01:00,2026-09-28,50.53061224489796,6,89,49,2476
gz-03-lote3-twin,bateria,2026-09-28 07:00,2026-09-28 02:00,2026-09-28,52.125,13,96,48,2502
gz-03-lote3-twin,bateria,2026-09-28 08:00,2026-09-28 03:00,2026-09-28,49.395833333333336,15,90,48,2371
gz-03-lote3-twin,bateria,2026-09-28 09:00,2026-09-28 04:00,2026-09-28,47.8125,9,89,48,2295
gz-03-lote3-twin,bateria,2026-09-28 10:00,2026-09-28 05:00,2026-09-28,50.729166666666664,4,89,48,2435
gz-03-lote3-twin,bateria,2026-09-28 11:00,2026-09-28 06:00,2026-09-28,52.16326530612245,5,86,49,2556
gz-03-lote3-twin,bateria,2026-09-28 12:00,2026-09-28 07:00,2026-09-28,49.208333333333336,13,90,48,2362
gz-03-lote3-twin,bateria,2026-09-28 13:00,2026-09-28 08:00,2026-09-28,47.6875,11,96,48,2289
gz-03-lote3-twin,bateria,2026-09-28 14:00,2026-09-28 09:00,2026-09-28,51.270833333333336,11,91,48,2461
gz-03-lote3-twin,bateria,2026-09-28 15:00,2026-09-28 10:00,2026-09-28,52.375,7,84,48,2514
gz-03-lote3-twin,bateria,2026-09-28 16:00,2026-09-28 11:00,2026-09-28,47.69387755102041,6,88,49,2337
gz-03-lote3-twin,bateria,2026-09-28 17:00,2026-09-28 12:00,2026-09-28,48.604166666666664,14,92,48,2333
gz-03-lote3-twin,bateria,2026-09-28 18:00,2026-09-28 13:00,2026-09-28,52.708333333333336,17,93,48,2530
gz-03-lote3-twin,bateria,2026-09-28 19:00,2026-09-28 14:00,2026-09-28,50.9375,6,89,48,2445
gz-03-lote3-twin,bateria,2026-09-28 20:00,2026-09-28 15:00,2026-09-28,47.5625,5,90,48,2283
gz-03-lote3-twin,bateria,2026-09-28 21:00,2026-09-28 16:00,2026-09-28,49.795918367346935,10,89,49,2440
gz-03-lote3-twin,bateria,2026-09-28 22:00,2026-09-28 17:00,2026-09-28,52.229166666666664,12,95,48,2507
gz-03-lote3-twin,bateria,2026-09-28 23:00,2026-09-28 18:00,2026-09-28,49.833333333333336,14,94,48,2392
gz-03-lote3-twin,bateria,2026-09-29 00:00,2026-09-28 19:00,2026-09-28,46.3,6,86,30,1389
gz-03-lote3-twin,ceSuelo,2026-09-22 03:00,2026-09-21 22:00,2026-09-21,9.633030303030303,2.84,17.48,33,317.89
gz-03-lote3-twin,ceSuelo,2026-09-22 04:00,2026-09-21 23:00,2026-09-21,10.187708333333335,0.09,19.03,48,489.0100000000001
gz-03-lote3-twin,ceSuelo,2026-09-22 05:00,2026-09-22 00:00,2026-09-22,10.307708333333338,3.16,18.67,48,494.7700000000002
gz-03-lote3-twin,ceSuelo,2026-09-22 06:00,2026-09-22 01:00,2026-09-22,9.967500000000003,2.51,18.1,48,478.4400000000001
gz-03-lote3-twin,ceSuelo,2026-09-22 07:00,2026-09-22 02:00,2026-09-22,9.667083333333332,3.06,17.22,48,464.02
gz-03-lote3-twin,ceSuelo,2026-09-22 08:00,2026-09-22 03:00,2026-09-22,9.83408163265306,1.32,18.03,49,481.86999999999995
gz-03-lote3-twin,ceSuelo,2026-09-22 09:00,2026-09-22 04:00,2026-09-22,10.299375000000001,0.99,19.66,48,494.37000000000006
gz-03-lote3-twin,ceSuelo,2026-09-22 10:00,2026-09-22 05:00,2026-09-22,10.284375,3.3,16.95,48,493.65000000000003
gz-03-lote3-twin,ceSuelo,2026-09-22 11:00,2026-09-22 06:00,2026-09-22,9.784583333333332,1.2,18.39,48,469.65999999999997
gz-03-lote3-twin,ceSuelo,2026-09-22 12:00,2026-09-22 07:00,2026-09-22,9.623750000000003,3.06,16.67,48,461.9400000000001
gz-03-lote3-twin,ceSuelo,2026-09-22 13:00,2026-09-22 08:00,2026-09-22,10.068750000000003,1.04,19.41,48,483.3000000000001
gz-03-lote3-twin,ceSuelo,2026-09-22 14:00,2026-09-22 09:00,2026-09-22,10.260816326530616,2.17,18.51,49,502.78000000000014
gz-03-lote3-twin,ceSuelo,2026-09-22 15:00,2026-09-22 10:00,2026-09-22,10.186666666666666,1.23,17.09,48,488.9599999999999
gz-03-lote3-twin,ceSuelo,2026-09-22 16:00,2026-09-22 11:00,2026-09-22,9.795625,1.71,18.43,48,470.18999999999994
gz-03-lote3-twin,ceSuelo,2026-09-22 17:00,2026-09-22 12:00,2026-09-22,9.591875000000002,1.75,18.59,48,460.4100000000001
gz-03-lote3-twin,ceSuelo,2026-09-22 18:00,2026-09-22 13:00,2026-09-22,10.296041666666662,2.09,19.62,48,494.2099999999998
gz-03-lote3-twin,ceSuelo,2026-09-22 19:00,2026-09-22 14:00,2026-09-22,9.707142857142859,1.48,17.82,49,475.6500000000001
gz-03-lote3-twin,ceSuelo,2026-09-22 20:00,2026-09-22 15:00,2026-09-22,9.937916666666666,1.74,18.32,48,477.02
gz-03-lote3-twin,ceSuelo,2026-09-22 21:00,2026-09-22 16:00,2026-09-22,10.328,2.29,17.63,50,516.4
gz-03-lote3-twin,ceSuelo,2026-09-22 22:00,2026-09-22 17:00,2026-09-22,10.06375,3.3,19.91,48,483.06
gz-03-lote3-twin,ceSuelo,2026-09-22 23:00,2026-09-22 18:00,2026-09-22,9.900833333333333,3.56,17.78,48,475.24
gz-03-lote3-twin,ceSuelo,2026-09-23 00:00,2026-09-22 19:00,2026-09-22,9.805,1.66,17.54,48,470.64
gz-03-lote3-twin,ceSuelo,2026-09-23 01:00,2026-09-22 20:00,2026-09-22,9.954693877551023,2.88,18.96,49,487.7800000000001
gz-03-lote3-twin,ceSuelo,2026-09-23 02:00,2026-09-22 21:00,2026-09-22,10.269999999999998,1.64,16.4,48,492.9599999999999
gz-03-lote3-twin,ceSuelo,2026-09-23 03:00,2026-09-22 22:00,2026-09-22,10.149999999999999,0.14,17.17,48,487.19999999999993
gz-03-lote3-twin,ceSuelo,2026-09-23 04:00,2026-09-22 23:00,2026-09-22,9.845,2.58,18.71,48,472.56
gz-03-lote3-twin,ceSuelo,2026-09-23 05:00,2026-09-23 00:00,2026-09-23,9.691250000000002,1.43,17.5,48,465.18000000000006
gz-03-lote3-twin,ceSuelo,2026-09-23 06:00,2026-09-23 01:00,2026-09-23,10.043061224489797,2.9,18.06,49,492.11000000000007
gz-03-lote3-twin,ceSuelo,2026-09-23 07:00,2026-09-23 02:00,2026-09-23,10.123958333333333,3.13,19.04,48,485.95
gz-03-lote3-twin,ceSuelo,2026-09-23 08:00,2026-09-23 03:00,2026-09-23,10.245833333333332,2.54,17.71,48,491.7999999999999
gz-03-lote3-twin,ceSuelo,2026-09-23 09:00,2026-09-23 04:00,2026-09-23,10.02979166666667,1.56,18.33,48,481.4300000000001
gz-03-lote3-twin,ceSuelo,2026-09-23 10:00,2026-09-23 05:00,2026-09-23,9.538571428571426,0.9,17.49,49,467.38999999999993
gz-03-lote3-twin,ceSuelo,2026-09-23 11:00,2026-09-23 06:00,2026-09-23,10.035833333333334,1.44,17.28,48,481.7200000000001
gz-03-lote3-twin,ceSuelo,2026-09-23 12:00,2026-09-23 07:00,2026-09-23,10.084375000000005,2.82,18.41,48,484.05000000000024
gz-03-lote3-twin,ceSuelo,2026-09-23 13:00,2026-09-23 08:00,2026-09-23,10.203541666666666,1.5,17.88,48,489.77
gz-03-lote3-twin,ceSuelo,2026-09-23 14:00,2026-09-23 09:00,2026-09-23,10.141041666666665,3.48,18.37,48,486.76999999999987
gz-03-lote3-twin,ceSuelo,2026-09-23 15:00,2026-09-23 10:00,2026-09-23,9.587142857142856,2.46,19.87,49,469.7699999999999
gz-03-lote3-twin,ceSuelo,2026-09-23 16:00,2026-09-23 11:00,2026-09-23,9.903124999999998,0.79,17.51,48,475.3499999999999
gz-03-lote3-twin,ceSuelo,2026-09-23 17:00,2026-09-23 12:00,2026-09-23,10.123958333333334,2.9,17.15,48,485.95000000000005
gz-03-lote3-twin,ceSuelo,2026-09-23 18:00,2026-09-23 13:00,2026-09-23,10.096086956521741,1.65,18.25,46,464.42000000000013
gz-03-lote3-twin,ceSuelo,2026-09-23 19:00,2026-09-23 14:00,2026-09-23,9.899999999999997,0.46,18.41,46,455.39999999999986
gz-03-lote3-twin,ceSuelo,2026-09-23 20:00,2026-09-23 15:00,2026-09-23,9.945918367346938,1.37,16.46,49,487.34999999999997
gz-03-lote3-twin,ceSuelo,2026-09-23 21:00,2026-09-23 16:00,2026-09-23,10.00625,1.54,18.59,48,480.29999999999995
gz-03-lote3-twin,ceSuelo,2026-09-23 22:00,2026-09-23 17:00,2026-09-23,10.046666666666663,2.89,17.7,48,482.23999999999984
gz-03-lote3-twin,ceSuelo,2026-09-23 23:00,2026-09-23 18:00,2026-09-23,9.987083333333333,0.6,17.83,48,479.37999999999994
gz-03-lote3-twin,ceSuelo,2026-09-24 00:00,2026-09-23 19:00,2026-09-23,9.945833333333335,2.27,19.29,48,477.4000000000001
gz-03-lote3-twin,ceSuelo,2026-09-24 01:00,2026-09-23 20:00,2026-09-23,10.033061224489796,1.82,18.86,49,491.62
gz-03-lote3-twin,ceSuelo,2026-09-24 02:00,2026-09-23 21:00,2026-09-23,9.936874999999999,1.66,17.79,48,476.96999999999997
gz-03-lote3-twin,ceSuelo,2026-09-24 03:00,2026-09-23 22:00,2026-09-23,10.025208333333333,2.17,18.95,48,481.21000000000004
gz-03-lote3-twin,ceSuelo,2026-09-24 04:00,2026-09-23 23:00,2026-09-23,10.013958333333333,2.78,17.84,48,480.67
gz-03-lote3-twin,ceSuelo,2026-09-24 05:00,2026-09-24 00:00,2026-09-24,10.009166666666667,1.08,16.76,48,480.44
gz-03-lote3-twin,ceSuelo,2026-09-24 06:00,2026-09-24 01:00,2026-09-24,9.9434693877551,1.56,17.83,49,487.22999999999985
gz-03-lote3-twin,ceSuelo,2026-09-24 07:00,2026-09-24 02:00,2026-09-24,9.986041666666669,2.71,17.35,48,479.3300000000001
gz-03-lote3-twin,ceSuelo,2026-09-24 08:00,2026-09-24 03:00,2026-09-24,10.07583333333333,2.26,18.31,48,483.6399999999999
gz-03-lote3-twin,ceSuelo,2026-09-24 09:00,2026-09-24 04:00,2026-09-24,9.975,1.13,17.36,48,478.8
gz-03-lote3-twin,ceSuelo,2026-09-24 10:00,2026-09-24 05:00,2026-09-24,9.959999999999999,2.87,19.54,48,478.0799999999999
gz-03-lote3-twin,ceSuelo,2026-09-24 11:00,2026-09-24 06:00,2026-09-24,10.011836734693876,2.65,17.57,49,490.5799999999999
gz-03-lote3-twin,ceSuelo,2026-09-24 12:00,2026-09-24 07:00,2026-09-24,9.942916666666664,0.63,18.45,48,477.2599999999999
gz-03-lote3-twin,ceSuelo,2026-09-24 13:00,2026-09-24 08:00,2026-09-24,10.031458333333335,2.27,18.86,48,481.51000000000005
gz-03-lote3-twin,ceSuelo,2026-09-24 14:00,2026-09-24 09:00,2026-09-24,10.004166666666666,0.68,18.24,48,480.2
gz-03-lote3-twin,ceSuelo,2026-09-24 15:00,2026-09-24 10:00,2026-09-24,10.026875,0.46,16.98,48,481.29
gz-03-lote3-twin,ceSuelo,2026-09-24 16:00,2026-09-24 11:00,2026-09-24,9.90673469387755,2.07,19.3,49,485.42999999999995
gz-03-lote3-twin,ceSuelo,2026-09-24 17:00,2026-09-24 12:00,2026-09-24,10.011041666666667,2.19,17.4,48,480.53000000000003
gz-03-lote3-twin,ceSuelo,2026-09-24 18:00,2026-09-24 13:00,2026-09-24,10.070208333333335,1.8,18.5,48,483.37000000000006
gz-03-lote3-twin,ceSuelo,2026-09-24 19:00,2026-09-24 14:00,2026-09-24,9.979583333333332,3.36,18.31,48,479.02
gz-03-lote3-twin,ceSuelo,2026-09-24 20:00,2026-09-24 15:00,2026-09-24,9.978541666666667,1.57,18.14,48,478.96999999999997
gz-03-lote3-twin,ceSuelo,2026-09-24 21:00,2026-09-24 16:00,2026-09-24,9.958979591836732,2.01,16.36,49,487.9899999999999
gz-03-lote3-twin,ceSuelo,2026-09-24 22:00,2026-09-24 17:00,2026-09-24,9.990208333333335,1.43,18.01,48,479.5300000000001
gz-03-lote3-twin,ceSuelo,2026-09-24 23:00,2026-09-24 18:00,2026-09-24,10.008541666666668,2.46,18.63,48,480.4100000000001
gz-03-lote3-twin,ceSuelo,2026-09-25 00:00,2026-09-24 19:00,2026-09-24,10.00520833333333,0.9,17.61,48,480.2499999999999
gz-03-lote3-twin,ceSuelo,2026-09-25 01:00,2026-09-24 20:00,2026-09-24,9.938367346938778,2.04,17.98,49,486.9800000000001
gz-03-lote3-twin,ceSuelo,2026-09-25 02:00,2026-09-24 21:00,2026-09-24,9.978541666666667,2.53,19.88,48,478.96999999999997
gz-03-lote3-twin,ceSuelo,2026-09-25 03:00,2026-09-24 22:00,2026-09-24,10.040833333333332,2.55,17.22,48,481.9599999999999
gz-03-lote3-twin,ceSuelo,2026-09-25 04:00,2026-09-24 23:00,2026-09-24,10.052916666666667,0.43,18.81,48,482.53999999999996
gz-03-lote3-twin,ceSuelo,2026-09-25 05:00,2026-09-25 00:00,2026-09-25,9.995625000000002,2.56,17.71,48,479.7900000000001
gz-03-lote3-twin,ceSuelo,2026-09-25 06:00,2026-09-25 01:00,2026-09-25,9.926734693877552,0.75,18.24,49,486.4100000000001
gz-03-lote3-twin,ceSuelo,2026-09-25 07:00,2026-09-25 02:00,2026-09-25,9.997916666666669,1.87,16.88,48,479.9000000000001
gz-03-lote3-twin,ceSuelo,2026-09-25 08:00,2026-09-25 03:00,2026-09-25,10.021041666666665,2.15,18.7,48,481.00999999999993
gz-03-lote3-twin,ceSuelo,2026-09-25 09:00,2026-09-25 04:00,2026-09-25,9.988124999999998,2.99,18.4,48,479.4299999999999
gz-03-lote3-twin,ceSuelo,2026-09-25 10:00,2026-09-25 05:00,2026-09-25,10.00104166666667,2.23,17.51,48,480.0500000000001
gz-03-lote3-twin,ceSuelo,2026-09-25 11:00,2026-09-25 06:00,2026-09-25,9.969183673469386,1.89,18.15,49,488.48999999999995
gz-03-lote3-twin,ceSuelo,2026-09-25 12:00,2026-09-25 07:00,2026-09-25,9.935,2.78,19.08,48,476.88000000000005
gz-03-lote3-twin,ceSuelo,2026-09-25 13:00,2026-09-25 08:00,2026-09-25,10.06125,1.64,16.88,48,482.94
gz-03-lote3-twin,ceSuelo,2026-09-25 14:00,2026-09-25 09:00,2026-09-25,10.031458333333333,0.48,17.67,48,481.51
gz-03-lote3-twin,ceSuelo,2026-09-25 15:00,2026-09-25 10:00,2026-09-25,10.019791666666665,1.98,17.77,48,480.9499999999999
gz-03-lote3-twin,ceSuelo,2026-09-25 16:00,2026-09-25 11:00,2026-09-25,9.932653061224489,1.08,19,49,486.7
gz-03-lote3-twin,ceSuelo,2026-09-25 17:00,2026-09-25 12:00,2026-09-25,9.963333333333335,2.38,18.6,48,478.24000000000007
gz-03-lote3-twin,ceSuelo,2026-09-25 18:00,2026-09-25 13:00,2026-09-25,10.055416666666666,3.41,19.31,48,482.65999999999997
gz-03-lote3-twin,ceSuelo,2026-09-25 19:00,2026-09-25 14:00,2026-09-25,9.953541666666668,1.45,17.64,48,477.77000000000004
gz-03-lote3-twin,ceSuelo,2026-09-25 20:00,2026-09-25 15:00,2026-09-25,10.021250000000002,1.22,17.64,48,481.0200000000001
gz-03-lote3-twin,ceSuelo,2026-09-25 21:00,2026-09-25 16:00,2026-09-25,9.963877551020408,0.98,18.12,49,488.23
gz-03-lote3-twin,ceSuelo,2026-09-25 22:00,2026-09-25 17:00,2026-09-25,9.931666666666665,2.01,17.39,48,476.7199999999999
gz-03-lote3-twin,ceSuelo,2026-09-25 23:00,2026-09-25 18:00,2026-09-25,10.071874999999997,2.73,18.66,48,483.4499999999999
gz-03-lote3-twin,ceSuelo,2026-09-26 00:00,2026-09-25 19:00,2026-09-25,10.017291666666667,3.37,17.58,48,480.83
gz-03-lote3-twin,ceSuelo,2026-09-26 01:00,2026-09-25 20:00,2026-09-25,10.029583333333333,2.35,17.78,48,481.42
gz-03-lote3-twin,ceSuelo,2026-09-26 02:00,2026-09-25 21:00,2026-09-25,9.919387755102042,3.27,17.47,49,486.05000000000007
gz-03-lote3-twin,ceSuelo,2026-09-26 03:00,2026-09-25 22:00,2026-09-25,9.984791666666668,2.27,18.62,48,479.27000000000004
gz-03-lote3-twin,ceSuelo,2026-09-26 04:00,2026-09-25 23:00,2026-09-25,10.046041666666664,2.56,17.61,48,482.20999999999987
gz-03-lote3-twin,ceSuelo,2026-09-26 05:00,2026-09-26 00:00,2026-09-26,9.95395833333333,0.9,17.72,48,477.78999999999985
gz-03-lote3-twin,ceSuelo,2026-09-26 06:00,2026-09-26 01:00,2026-09-26,10.026458333333334,1.74,18.26,48,481.27000000000004
gz-03-lote3-twin,ceSuelo,2026-09-26 07:00,2026-09-26 02:00,2026-09-26,9.965510204081633,1.16,18.54,49,488.31000000000006
gz-03-lote3-twin,ceSuelo,2026-09-26 08:00,2026-09-26 03:00,2026-09-26,9.938333333333334,1.85,17.85,48,477.0400000000001
gz-03-lote3-twin,ceSuelo,2026-09-26 09:00,2026-09-26 04:00,2026-09-26,10.050833333333337,2.99,18.88,48,482.44000000000017
gz-03-lote3-twin,ceSuelo,2026-09-26 10:00,2026-09-26 05:00,2026-09-26,10.011041666666669,3.86,17.71,48,480.5300000000001
gz-03-lote3-twin,ceSuelo,2026-09-26 11:00,2026-09-26 06:00,2026-09-26,9.929795918367349,2.21,17.56,49,486.56000000000006
gz-03-lote3-twin,ceSuelo,2026-09-26 12:00,2026-09-26 07:00,2026-09-26,10.022708333333334,2.09,16.65,48,481.09000000000003
gz-03-lote3-twin,ceSuelo,2026-09-26 13:00,2026-09-26 08:00,2026-09-26,9.998333333333333,2.35,18.41,48,479.92
gz-03-lote3-twin,ceSuelo,2026-09-26 14:00,2026-09-26 09:00,2026-09-26,10.057916666666667,2.94,17.24,48,482.78000000000003
gz-03-lote3-twin,ceSuelo,2026-09-26 15:00,2026-09-26 10:00,2026-09-26,9.954375000000004,0.6,17.14,48,477.8100000000002
gz-03-lote3-twin,ceSuelo,2026-09-26 16:00,2026-09-26 11:00,2026-09-26,9.99448979591837,2.31,19.28,49,489.7300000000001
gz-03-lote3-twin,ceSuelo,2026-09-26 17:00,2026-09-26 12:00,2026-09-26,10.000833333333334,1.46,19.27,48,480.04
gz-03-lote3-twin,ceSuelo,2026-09-26 18:00,2026-09-26 13:00,2026-09-26,9.942291666666666,1.6,17.82,48,477.22999999999996
gz-03-lote3-twin,ceSuelo,2026-09-26 19:00,2026-09-26 14:00,2026-09-26,10.032708333333332,1.74,19.01,48,481.56999999999994
gz-03-lote3-twin,ceSuelo,2026-09-26 20:00,2026-09-26 15:00,2026-09-26,9.993749999999999,3.63,17.6,48,479.69999999999993
gz-03-lote3-twin,ceSuelo,2026-09-26 21:00,2026-09-26 16:00,2026-09-26,9.969795918367346,1.4,17.82,49,488.5199999999999
gz-03-lote3-twin,ceSuelo,2026-09-26 22:00,2026-09-26 17:00,2026-09-26,9.992916666666664,1.74,16.62,48,479.65999999999985
gz-03-lote3-twin,ceSuelo,2026-09-26 23:00,2026-09-26 18:00,2026-09-26,9.998333333333337,1.44,17.64,48,479.9200000000002
gz-03-lote3-twin,ceSuelo,2026-09-27 00:00,2026-09-26 19:00,2026-09-26,10.064999999999998,2.9,18.05,48,483.1199999999999
gz-03-lote3-twin,ceSuelo,2026-09-27 01:00,2026-09-26 20:00,2026-09-26,9.967500000000003,0.95,18.18,48,478.44000000000017
gz-03-lote3-twin,ceSuelo,2026-09-27 02:00,2026-09-26 21:00,2026-09-26,9.988775510204082,3.09,19.37,49,489.45000000000005
gz-03-lote3-twin,ceSuelo,2026-09-27 03:00,2026-09-26 22:00,2026-09-26,10.002083333333333,2.51,19.74,48,480.1
gz-03-lote3-twin,ceSuelo,2026-09-27 04:00,2026-09-26 23:00,2026-09-26,9.956874999999997,1.67,17.59,48,477.92999999999984
gz-03-lote3-twin,ceSuelo,2026-09-27 05:00,2026-09-27 00:00,2026-09-27,10.019375,0.89,18.63,48,480.93
gz-03-lote3-twin,ceSuelo,2026-09-27 06:00,2026-09-27 01:00,2026-09-27,10.017142857142858,2.61,16.77,49,490.84000000000003
gz-03-lote3-twin,ceSuelo,2026-09-27 07:00,2026-09-27 02:00,2026-09-27,9.959375000000003,1.42,17.44,48,478.0500000000001
gz-03-lote3-twin,ceSuelo,2026-09-27 08:00,2026-09-27 03:00,2026-09-27,9.971041666666666,2.31,16.08,48,478.61
gz-03-lote3-twin,ceSuelo,2026-09-27 09:00,2026-09-27 04:00,2026-09-27,9.982708333333333,1.33,17.74,48,479.17
gz-03-lote3-twin,ceSuelo,2026-09-27 10:00,2026-09-27 05:00,2026-09-27,10.076458333333333,2.63,17.61,48,483.67
gz-03-lote3-twin,ceSuelo,2026-09-27 11:00,2026-09-27 06:00,2026-09-27,9.938979591836738,1.58,18.91,49,487.0100000000001
gz-03-lote3-twin,ceSuelo,2026-09-27 12:00,2026-09-27 07:00,2026-09-27,10.008749999999997,2.96,18.07,48,480.4199999999999
gz-03-lote3-twin,ceSuelo,2026-09-27 13:00,2026-09-27 08:00,2026-09-27,10.015208333333335,1.95,19.26,48,480.7300000000001
gz-03-lote3-twin,ceSuelo,2026-09-27 14:00,2026-09-27 09:00,2026-09-27,9.973333333333334,2.58,18.02,48,478.7200000000001
gz-03-lote3-twin,ceSuelo,2026-09-27 15:00,2026-09-27 10:00,2026-09-27,10.015416666666669,1.1,17.71,48,480.74000000000007
gz-03-lote3-twin,ceSuelo,2026-09-27 16:00,2026-09-27 11:00,2026-09-27,10.012040816326529,1.86,16.97,49,490.5899999999999
gz-03-lote3-twin,ceSuelo,2026-09-27 17:00,2026-09-27 12:00,2026-09-27,9.98145833333333,1.97,17.69,48,479.1099999999999
gz-03-lote3-twin,ceSuelo,2026-09-27 18:00,2026-09-27 13:00,2026-09-27,9.951875000000001,2.66,16.78,48,477.69000000000005
gz-03-lote3-twin,ceSuelo,2026-09-27 19:00,2026-09-27 14:00,2026-09-27,9.972916666666672,1.68,17.4,48,478.7000000000003
gz-03-lote3-twin,ceSuelo,2026-09-27 20:00,2026-09-27 15:00,2026-09-27,10.059375,3.08,16.86,48,482.84999999999997
gz-03-lote3-twin,ceSuelo,2026-09-27 21:00,2026-09-27 16:00,2026-09-27,9.962448979591835,2.04,18.86,49,488.15999999999997
gz-03-lote3-twin,ceSuelo,2026-09-27 22:00,2026-09-27 17:00,2026-09-27,10.004791666666668,2.74,17.73,48,480.2300000000001
gz-03-lote3-twin,ceSuelo,2026-09-27 23:00,2026-09-27 18:00,2026-09-27,9.999374999999999,1.56,19.28,48,479.96999999999997
gz-03-lote3-twin,ceSuelo,2026-09-28 00:00,2026-09-27 19:00,2026-09-27,10.006874999999997,2.39,18.67,48,480.32999999999987
gz-03-lote3-twin,ceSuelo,2026-09-28 01:00,2026-09-27 20:00,2026-09-27,10.038571428571428,0.39,17.53,49,491.89
gz-03-lote3-twin,ceSuelo,2026-09-28 02:00,2026-09-27 21:00,2026-09-27,9.966249999999999,1.02,16.91,48,478.37999999999994
gz-03-lote3-twin,ceSuelo,2026-09-28 03:00,2026-09-27 22:00,2026-09-27,10.007291666666667,1.76,18.69,48,480.35
gz-03-lote3-twin,ceSuelo,2026-09-28 04:00,2026-09-27 23:00,2026-09-27,9.940416666666666,2.16,17.24,48,477.14
gz-03-lote3-twin,ceSuelo,2026-09-28 05:00,2026-09-28 00:00,2026-09-28,9.969791666666667,1.95,17.87,48,478.55
gz-03-lote3-twin,ceSuelo,2026-09-28 06:00,2026-09-28 01:00,2026-09-28,10.114285714285714,3.25,17.7,49,495.6
gz-03-lote3-twin,ceSuelo,2026-09-28 07:00,2026-09-28 02:00,2026-09-28,9.913541666666667,2.89,19.07,48,475.85
gz-03-lote3-twin,ceSuelo,2026-09-28 08:00,2026-09-28 03:00,2026-09-28,9.989166666666668,3.14,17.13,48,479.48
gz-03-lote3-twin,ceSuelo,2026-09-28 09:00,2026-09-28 04:00,2026-09-28,9.981666666666667,0.74,18.69,48,479.12000000000006
gz-03-lote3-twin,ceSuelo,2026-09-28 10:00,2026-09-28 05:00,2026-09-28,10.02125,2.38,18.65,48,481.02
gz-03-lote3-twin,ceSuelo,2026-09-28 11:00,2026-09-28 06:00,2026-09-28,10.028979591836736,0.78,18.4,49,491.42
gz-03-lote3-twin,ceSuelo,2026-09-28 12:00,2026-09-28 07:00,2026-09-28,9.971874999999999,0.48,16.95,48,478.65
gz-03-lote3-twin,ceSuelo,2026-09-28 13:00,2026-09-28 08:00,2026-09-28,10.017083333333334,2.7,19.12,48,480.82000000000005
gz-03-lote3-twin,ceSuelo,2026-09-28 14:00,2026-09-28 09:00,2026-09-28,9.951458333333333,2.69,17.26,48,477.66999999999996
gz-03-lote3-twin,ceSuelo,2026-09-28 15:00,2026-09-28 10:00,2026-09-28,9.962708333333332,2.24,17.99,48,478.2099999999999
gz-03-lote3-twin,ceSuelo,2026-09-28 16:00,2026-09-28 11:00,2026-09-28,10.114693877551021,2.84,17.59,49,495.62
gz-03-lote3-twin,ceSuelo,2026-09-28 17:00,2026-09-28 12:00,2026-09-28,9.927708333333335,2.24,18.82,48,476.5300000000001
gz-03-lote3-twin,ceSuelo,2026-09-28 18:00,2026-09-28 13:00,2026-09-28,9.974583333333333,2.56,16.74,48,478.78
gz-03-lote3-twin,ceSuelo,2026-09-28 19:00,2026-09-28 14:00,2026-09-28,9.958333333333334,0.65,17.44,48,478
gz-03-lote3-twin,ceSuelo,2026-09-28 20:00,2026-09-28 15:00,2026-09-28,10.042916666666668,2.07,18.5,48,482.06000000000006
gz-03-lote3-twin,ceSuelo,2026-09-28 21:00,2026-09-28 16:00,2026-09-28,10.024693877551021,1.32,18.88,49,491.21000000000004
gz-03-lote3-twin,ceSuelo,2026-09-28 22:00,2026-09-28 17:00,2026-09-28,9.967916666666666,1.21,18.06,48,478.4599999999999
gz-03-lote3-twin,ceSuelo,2026-09-28 23:00,2026-09-28 18:00,2026-09-28,10.033125,2.46,19.17,48,481.59000000000003
gz-03-lote3-twin,ceSuelo,2026-09-29 00:00,2026-09-28 19:00,2026-09-28,9.998333333333333,3.67,16.62,30,299.95
gz-03-lote3-twin,humedadSuelo,2026-09-22 03:00,2026-09-21 22:00,2026-09-21,36.148484848484834,12.7,55.5,33,1192.8999999999996
gz-03-lote3-twin,humedadSuelo,2026-09-22 04:00,2026-09-21 23:00,2026-09-21,35.24374999999999,7.8,65.4,48,1691.6999999999996
gz-03-lote3-twin,humedadSuelo,2026-09-22 05:00,2026-09-22 00:00,2026-09-22,34.629166666666684,2.1,66.1,48,1662.2000000000007
gz-03-lote3-twin,humedadSuelo,2026-09-22 06:00,2026-09-22 01:00,2026-09-22,34.68750000000001,5.4,63.3,48,1665.0000000000002
gz-03-lote3-twin,humedadSuelo,2026-09-22 07:00,2026-09-22 02:00,2026-09-22,34.539583333333326,8.3,61.8,48,1657.8999999999996
gz-03-lote3-twin,humedadSuelo,2026-09-22 08:00,2026-09-22 03:00,2026-09-22,35.76734693877551,5,67.4,49,1752.6000000000001
gz-03-lote3-twin,humedadSuelo,2026-09-22 09:00,2026-09-22 04:00,2026-09-22,35.18333333333333,4.7,61.7,48,1688.7999999999997
gz-03-lote3-twin,humedadSuelo,2026-09-22 10:00,2026-09-22 05:00,2026-09-22,34.87708333333334,7,66.5,48,1674.1000000000001
gz-03-lote3-twin,humedadSuelo,2026-09-22 11:00,2026-09-22 06:00,2026-09-22,34.5125,6.8,62.4,48,1656.6000000000001
gz-03-lote3-twin,humedadSuelo,2026-09-22 12:00,2026-09-22 07:00,2026-09-22,34.25624999999999,6.3,60.3,48,1644.2999999999995
gz-03-lote3-twin,humedadSuelo,2026-09-22 13:00,2026-09-22 08:00,2026-09-22,35.08750000000001,5.5,65.4,48,1684.2000000000007
gz-03-lote3-twin,humedadSuelo,2026-09-22 14:00,2026-09-22 09:00,2026-09-22,35.68571428571428,8.4,60.5,49,1748.6
gz-03-lote3-twin,humedadSuelo,2026-09-22 15:00,2026-09-22 10:00,2026-09-22,35.16458333333333,7.5,62.4,48,1687.8999999999999
gz-03-lote3-twin,humedadSuelo,2026-09-22 16:00,2026-09-22 11:00,2026-09-22,34.67500000000001,4.3,65.4,48,1664.4000000000005
gz-03-lote3-twin,humedadSuelo,2026-09-22 17:00,2026-09-22 12:00,2026-09-22,35.089583333333344,10.2,63.5,48,1684.3000000000004
gz-03-lote3-twin,humedadSuelo,2026-09-22 18:00,2026-09-22 13:00,2026-09-22,34.99999999999999,4.1,58.9,48,1679.9999999999995
gz-03-lote3-twin,humedadSuelo,2026-09-22 19:00,2026-09-22 14:00,2026-09-22,34.171428571428585,4.3,62.2,49,1674.4000000000005
gz-03-lote3-twin,humedadSuelo,2026-09-22 20:00,2026-09-22 15:00,2026-09-22,35.44583333333335,7,64.5,48,1701.4000000000005
gz-03-lote3-twin,humedadSuelo,2026-09-22 21:00,2026-09-22 16:00,2026-09-22,34.654,5.5,62.1,50,1732.7000000000003
gz-03-lote3-twin,humedadSuelo,2026-09-22 22:00,2026-09-22 17:00,2026-09-22,34.931250000000006,4.7,66,48,1676.7000000000003
gz-03-lote3-twin,humedadSuelo,2026-09-22 23:00,2026-09-22 18:00,2026-09-22,35.39791666666666,8.2,61.4,48,1699.0999999999997
gz-03-lote3-twin,humedadSuelo,2026-09-23 00:00,2026-09-22 19:00,2026-09-22,34.83541666666667,4.7,62.9,48,1672.1
gz-03-lote3-twin,humedadSuelo,2026-09-23 01:00,2026-09-22 20:00,2026-09-22,34.83061224489797,5.5,62.3,49,1706.7000000000005
gz-03-lote3-twin,humedadSuelo,2026-09-23 02:00,2026-09-22 21:00,2026-09-22,34.47708333333333,5.4,61.6,48,1654.8999999999999
gz-03-lote3-twin,humedadSuelo,2026-09-23 03:00,2026-09-22 22:00,2026-09-22,35.13125,5.9,65.9,48,1686.3000000000002
gz-03-lote3-twin,humedadSuelo,2026-09-23 04:00,2026-09-22 23:00,2026-09-22,35.38125,9.7,60.9,48,1698.3
gz-03-lote3-twin,humedadSuelo,2026-09-23 05:00,2026-09-23 00:00,2026-09-23,34.787499999999994,6.1,64.1,48,1669.7999999999997
gz-03-lote3-twin,humedadSuelo,2026-09-23 06:00,2026-09-23 01:00,2026-09-23,34.98367346938775,6,67.6,49,1714.1999999999998
gz-03-lote3-twin,humedadSuelo,2026-09-23 07:00,2026-09-23 02:00,2026-09-23,34.572916666666664,8.1,62.1,48,1659.5
gz-03-lote3-twin,humedadSuelo,2026-09-23 08:00,2026-09-23 03:00,2026-09-23,35.077083333333334,6.1,65.2,48,1683.7
gz-03-lote3-twin,humedadSuelo,2026-09-23 09:00,2026-09-23 04:00,2026-09-23,34.85,4,61.6,48,1672.8
gz-03-lote3-twin,humedadSuelo,2026-09-23 10:00,2026-09-23 05:00,2026-09-23,34.95714285714287,1.9,61.7,49,1712.9000000000008
gz-03-lote3-twin,humedadSuelo,2026-09-23 11:00,2026-09-23 06:00,2026-09-23,34.849999999999994,8.4,64.7,48,1672.7999999999997
gz-03-lote3-twin,humedadSuelo,2026-09-23 12:00,2026-09-23 07:00,2026-09-23,35.14166666666666,10.8,60.6,48,1686.7999999999997
gz-03-lote3-twin,humedadSuelo,2026-09-23 13:00,2026-09-23 08:00,2026-09-23,34.95833333333332,3.8,60.8,48,1677.9999999999995
gz-03-lote3-twin,humedadSuelo,2026-09-23 14:00,2026-09-23 09:00,2026-09-23,34.539583333333326,8.1,69.4,48,1657.8999999999996
gz-03-lote3-twin,humedadSuelo,2026-09-23 15:00,2026-09-23 10:00,2026-09-23,35.00612244897959,7.1,64.5,49,1715.2999999999997
gz-03-lote3-twin,humedadSuelo,2026-09-23 16:00,2026-09-23 11:00,2026-09-23,34.987500000000004,6.8,65.9,48,1679.4
gz-03-lote3-twin,humedadSuelo,2026-09-23 17:00,2026-09-23 12:00,2026-09-23,35.391666666666666,3.6,59.8,48,1698.8
gz-03-lote3-twin,humedadSuelo,2026-09-23 18:00,2026-09-23 13:00,2026-09-23,34.99999999999999,10.3,63.4,46,1609.9999999999998
gz-03-lote3-twin,humedadSuelo,2026-09-23 19:00,2026-09-23 14:00,2026-09-23,33.50434782608696,4.6,64.4,46,1541.2000000000003
gz-03-lote3-twin,humedadSuelo,2026-09-23 20:00,2026-09-23 15:00,2026-09-23,33.71632653061224,9.7,59.9,49,1652.1
gz-03-lote3-twin,humedadSuelo,2026-09-23 21:00,2026-09-23 16:00,2026-09-23,35.025,6.4,61.9,48,1681.2
gz-03-lote3-twin,humedadSuelo,2026-09-23 22:00,2026-09-23 17:00,2026-09-23,36.11041666666667,2.2,67.9,48,1733.3000000000004
gz-03-lote3-twin,humedadSuelo,2026-09-23 23:00,2026-09-23 18:00,2026-09-23,35.69583333333333,8.1,61,48,1713.3999999999999
gz-03-lote3-twin,humedadSuelo,2026-09-24 00:00,2026-09-23 19:00,2026-09-23,35.24583333333333,11.8,60.1,48,1691.8
gz-03-lote3-twin,humedadSuelo,2026-09-24 01:00,2026-09-23 20:00,2026-09-23,33.68775510204082,9.1,66.1,49,1650.7
gz-03-lote3-twin,humedadSuelo,2026-09-24 02:00,2026-09-23 21:00,2026-09-23,34.127083333333324,1.2,61.6,48,1638.0999999999997
gz-03-lote3-twin,humedadSuelo,2026-09-24 03:00,2026-09-23 22:00,2026-09-23,34.75416666666667,7.8,65.5,48,1668.2
gz-03-lote3-twin,humedadSuelo,2026-09-24 04:00,2026-09-23 23:00,2026-09-23,36.02291666666667,5.2,59.3,48,1729.1
gz-03-lote3-twin,humedadSuelo,2026-09-24 05:00,2026-09-24 00:00,2026-09-24,36.05833333333333,8.9,67.6,48,1730.8
gz-03-lote3-twin,humedadSuelo,2026-09-24 06:00,2026-09-24 01:00,2026-09-24,35.18571428571429,5.2,64.9,49,1724.1000000000004
gz-03-lote3-twin,humedadSuelo,2026-09-24 07:00,2026-09-24 02:00,2026-09-24,33.699999999999996,5.8,58.1,48,1617.6
gz-03-lote3-twin,humedadSuelo,2026-09-24 08:00,2026-09-24 03:00,2026-09-24,33.82916666666667,4.6,63.1,48,1623.8000000000004
gz-03-lote3-twin,humedadSuelo,2026-09-24 09:00,2026-09-24 04:00,2026-09-24,34.95,2.8,64.7,48,1677.6000000000001
gz-03-lote3-twin,humedadSuelo,2026-09-24 10:00,2026-09-24 05:00,2026-09-24,35.962500000000006,10.5,66.4,48,1726.2000000000003
gz-03-lote3-twin,humedadSuelo,2026-09-24 11:00,2026-09-24 06:00,2026-09-24,36.206122448979585,10,60.9,49,1774.0999999999997
gz-03-lote3-twin,humedadSuelo,2026-09-24 12:00,2026-09-24 07:00,2026-09-24,34.85,8.6,60,48,1672.8000000000002
gz-03-lote3-twin,humedadSuelo,2026-09-24 13:00,2026-09-24 08:00,2026-09-24,33.704166666666666,0.8,67.5,48,1617.8
gz-03-lote3-twin,humedadSuelo,2026-09-24 14:00,2026-09-24 09:00,2026-09-24,34.168749999999996,10,64.8,48,1640.0999999999997
gz-03-lote3-twin,humedadSuelo,2026-09-24 15:00,2026-09-24 10:00,2026-09-24,34.79583333333334,9.6,58.8,48,1670.2000000000003
gz-03-lote3-twin,humedadSuelo,2026-09-24 16:00,2026-09-24 11:00,2026-09-24,36.23877551020407,4.1,67.3,49,1775.6999999999994
gz-03-lote3-twin,humedadSuelo,2026-09-24 17:00,2026-09-24 12:00,2026-09-24,35.67083333333333,6.9,62.7,48,1712.1999999999998
gz-03-lote3-twin,humedadSuelo,2026-09-24 18:00,2026-09-24 13:00,2026-09-24,35.04583333333333,9.1,64.3,48,1682.1999999999998
gz-03-lote3-twin,humedadSuelo,2026-09-24 19:00,2026-09-24 14:00,2026-09-24,34.075,7.7,63.3,48,1635.6000000000001
gz-03-lote3-twin,humedadSuelo,2026-09-24 20:00,2026-09-24 15:00,2026-09-24,33.802083333333336,2.8,63.7,48,1622.5
gz-03-lote3-twin,humedadSuelo,2026-09-24 21:00,2026-09-24 16:00,2026-09-24,34.82244897959183,4,65.8,49,1706.3
gz-03-lote3-twin,humedadSuelo,2026-09-24 22:00,2026-09-24 17:00,2026-09-24,36.06875,11,64.5,48,1731.3000000000002
gz-03-lote3-twin,humedadSuelo,2026-09-24 23:00,2026-09-24 18:00,2026-09-24,35.958333333333336,11.7,62.4,48,1726
gz-03-lote3-twin,humedadSuelo,2026-09-25 00:00,2026-09-24 19:00,2026-09-24,35.08541666666668,6.9,68.7,48,1684.1000000000006
gz-03-lote3-twin,humedadSuelo,2026-09-25 01:00,2026-09-24 20:00,2026-09-24,33.75510204081633,1.2,59.7,49,1654.0000000000002
gz-03-lote3-twin,humedadSuelo,2026-09-25 02:00,2026-09-24 21:00,2026-09-24,33.85208333333334,11.6,62.7,48,1624.9000000000003
gz-03-lote3-twin,humedadSuelo,2026-09-25 03:00,2026-09-24 22:00,2026-09-24,34.84583333333334,4.8,60,48,1672.6000000000004
gz-03-lote3-twin,humedadSuelo,2026-09-25 04:00,2026-09-24 23:00,2026-09-24,36.127083333333324,6.1,65.5,48,1734.0999999999997
gz-03-lote3-twin,humedadSuelo,2026-09-25 05:00,2026-09-25 00:00,2026-09-25,35.825,7.3,63.9,48,1719.6000000000001
gz-03-lote3-twin,humedadSuelo,2026-09-25 06:00,2026-09-25 01:00,2026-09-25,35.39183673469386,10.3,57.8,49,1734.1999999999991
gz-03-lote3-twin,humedadSuelo,2026-09-25 07:00,2026-09-25 02:00,2026-09-25,33.68125,3.6,65.3,48,1616.7
gz-03-lote3-twin,humedadSuelo,2026-09-25 08:00,2026-09-25 03:00,2026-09-25,34.07083333333333,6.4,62.4,48,1635.3999999999999
gz-03-lote3-twin,humedadSuelo,2026-09-25 09:00,2026-09-25 04:00,2026-09-25,34.68749999999999,4.8,59.7,48,1664.9999999999998
gz-03-lote3-twin,humedadSuelo,2026-09-25 10:00,2026-09-25 05:00,2026-09-25,35.58125,10.5,62.6,48,1707.8999999999999
gz-03-lote3-twin,humedadSuelo,2026-09-25 11:00,2026-09-25 06:00,2026-09-25,36.28571428571429,4,64.5,49,1778.0000000000002
gz-03-lote3-twin,humedadSuelo,2026-09-25 12:00,2026-09-25 07:00,2026-09-25,35.324999999999996,8.9,68.6,48,1695.5999999999997
gz-03-lote3-twin,humedadSuelo,2026-09-25 13:00,2026-09-25 08:00,2026-09-25,34.0625,4.5,59.5,48,1635
gz-03-lote3-twin,humedadSuelo,2026-09-25 14:00,2026-09-25 09:00,2026-09-25,33.83333333333332,8.3,61.1,48,1623.9999999999995
gz-03-lote3-twin,humedadSuelo,2026-09-25 15:00,2026-09-25 10:00,2026-09-25,34.43125000000001,2.9,62.8,48,1652.7000000000005
gz-03-lote3-twin,humedadSuelo,2026-09-25 16:00,2026-09-25 11:00,2026-09-25,36.00816326530614,6,66.5,49,1764.4000000000008
gz-03-lote3-twin,humedadSuelo,2026-09-25 17:00,2026-09-25 12:00,2026-09-25,36.131249999999994,9.3,62,48,1734.2999999999997
gz-03-lote3-twin,humedadSuelo,2026-09-25 18:00,2026-09-25 13:00,2026-09-25,35.25416666666667,7.5,66.7,48,1692.2
gz-03-lote3-twin,humedadSuelo,2026-09-25 19:00,2026-09-25 14:00,2026-09-25,33.785416666666656,3.2,64,48,1621.6999999999994
gz-03-lote3-twin,humedadSuelo,2026-09-25 20:00,2026-09-25 15:00,2026-09-25,33.9375,6.5,62.8,48,1629
gz-03-lote3-twin,humedadSuelo,2026-09-25 21:00,2026-09-25 16:00,2026-09-25,34.65102040816326,8.6,60.8,49,1697.8999999999999
gz-03-lote3-twin,humedadSuelo,2026-09-25 22:00,2026-09-25 17:00,2026-09-25,36.322916666666664,7.2,64.6,48,1743.4999999999998
gz-03-lote3-twin,humedadSuelo,2026-09-25 23:00,2026-09-25 18:00,2026-09-25,35.78541666666667,4.6,68.3,48,1717.7
gz-03-lote3-twin,humedadSuelo,2026-09-26 00:00,2026-09-25 19:00,2026-09-25,34.93749999999999,4.3,57.5,48,1676.9999999999998
gz-03-lote3-twin,humedadSuelo,2026-09-26 01:00,2026-09-25 20:00,2026-09-25,34.28958333333333,12.1,61.8,48,1645.9
gz-03-lote3-twin,humedadSuelo,2026-09-26 02:00,2026-09-25 21:00,2026-09-25,33.577551020408166,7.2,63,49,1645.3000000000002
gz-03-lote3-twin,humedadSuelo,2026-09-26 03:00,2026-09-25 22:00,2026-09-25,34.91041666666668,2.2,61,48,1675.7000000000005
gz-03-lote3-twin,humedadSuelo,2026-09-26 04:00,2026-09-25 23:00,2026-09-25,35.791666666666664,9.5,66.8,48,1718
gz-03-lote3-twin,humedadSuelo,2026-09-26 05:00,2026-09-26 00:00,2026-09-26,35.91666666666667,7,61.5,48,1724.0000000000002
gz-03-lote3-twin,humedadSuelo,2026-09-26 06:00,2026-09-26 01:00,2026-09-26,35.51249999999999,7.9,67.1,48,1704.5999999999995
gz-03-lote3-twin,humedadSuelo,2026-09-26 07:00,2026-09-26 02:00,2026-09-26,33.92244897959182,4.7,63.9,49,1662.1999999999991
gz-03-lote3-twin,humedadSuelo,2026-09-26 08:00,2026-09-26 03:00,2026-09-26,33.89166666666666,5.8,57.2,48,1626.7999999999997
gz-03-lote3-twin,humedadSuelo,2026-09-26 09:00,2026-09-26 04:00,2026-09-26,34.4625,5.6,64.6,48,1654.2
gz-03-lote3-twin,humedadSuelo,2026-09-26 10:00,2026-09-26 05:00,2026-09-26,35.79375000000001,3.2,64.1,48,1718.1000000000004
gz-03-lote3-twin,humedadSuelo,2026-09-26 11:00,2026-09-26 06:00,2026-09-26,36.23673469387756,8.9,64.4,49,1775.6000000000004
gz-03-lote3-twin,humedadSuelo,2026-09-26 12:00,2026-09-26 07:00,2026-09-26,35.56041666666667,10.9,58.8,48,1706.9
gz-03-lote3-twin,humedadSuelo,2026-09-26 13:00,2026-09-26 08:00,2026-09-26,33.904166666666654,8.4,64,48,1627.3999999999994
gz-03-lote3-twin,humedadSuelo,2026-09-26 14:00,2026-09-26 09:00,2026-09-26,33.883333333333326,2.3,66.8,48,1626.3999999999996
gz-03-lote3-twin,humedadSuelo,2026-09-26 15:00,2026-09-26 10:00,2026-09-26,34.491666666666674,6.9,62.7,48,1655.6000000000004
gz-03-lote3-twin,humedadSuelo,2026-09-26 16:00,2026-09-26 11:00,2026-09-26,35.64489795918366,8.5,58.8,49,1746.5999999999995
gz-03-lote3-twin,humedadSuelo,2026-09-26 17:00,2026-09-26 12:00,2026-09-26,35.99166666666667,8.3,62.5,48,1727.6
gz-03-lote3-twin,humedadSuelo,2026-09-26 18:00,2026-09-26 13:00,2026-09-26,35.516666666666666,2.3,66.3,48,1704.8
gz-03-lote3-twin,humedadSuelo,2026-09-26 19:00,2026-09-26 14:00,2026-09-26,34.43333333333333,9.5,64.1,48,1652.7999999999997
gz-03-lote3-twin,humedadSuelo,2026-09-26 20:00,2026-09-26 15:00,2026-09-26,34.083333333333336,7.2,59.2,48,1636
gz-03-lote3-twin,humedadSuelo,2026-09-26 21:00,2026-09-26 16:00,2026-09-26,33.8530612244898,5.6,66.3,49,1658.8000000000002
gz-03-lote3-twin,humedadSuelo,2026-09-26 22:00,2026-09-26 17:00,2026-09-26,35.45625,5,63.8,48,1701.8999999999999
gz-03-lote3-twin,humedadSuelo,2026-09-26 23:00,2026-09-26 18:00,2026-09-26,35.94375,6,62.7,48,1725.3000000000002
gz-03-lote3-twin,humedadSuelo,2026-09-27 00:00,2026-09-26 19:00,2026-09-26,36.00416666666666,4,60.6,48,1728.1999999999998
gz-03-lote3-twin,humedadSuelo,2026-09-27 01:00,2026-09-26 20:00,2026-09-26,34.63333333333334,5.5,65.4,48,1662.4000000000003
gz-03-lote3-twin,humedadSuelo,2026-09-27 02:00,2026-09-26 21:00,2026-09-26,33.80408163265306,7.3,64.8,49,1656.3999999999999
gz-03-lote3-twin,humedadSuelo,2026-09-27 03:00,2026-09-26 22:00,2026-09-26,33.760416666666664,9.3,59.9,48,1620.5
gz-03-lote3-twin,humedadSuelo,2026-09-27 04:00,2026-09-26 23:00,2026-09-26,35.364583333333336,7.5,59.9,48,1697.5000000000002
gz-03-lote3-twin,humedadSuelo,2026-09-27 05:00,2026-09-27 00:00,2026-09-27,35.96458333333334,1.2,68.7,48,1726.3000000000002
gz-03-lote3-twin,humedadSuelo,2026-09-27 06:00,2026-09-27 01:00,2026-09-27,36.2326530612245,10.1,62.8,49,1775.4000000000003
gz-03-lote3-twin,humedadSuelo,2026-09-27 07:00,2026-09-27 02:00,2026-09-27,34.63125,8.5,58.8,48,1662.3000000000002
gz-03-lote3-twin,humedadSuelo,2026-09-27 08:00,2026-09-27 03:00,2026-09-27,33.958333333333336,4.1,60.1,48,1630.0000000000002
gz-03-lote3-twin,humedadSuelo,2026-09-27 09:00,2026-09-27 04:00,2026-09-27,33.90625000000001,5.5,67.4,48,1627.5000000000002
gz-03-lote3-twin,humedadSuelo,2026-09-27 10:00,2026-09-27 05:00,2026-09-27,34.929166666666674,9.3,65.6,48,1676.6000000000004
gz-03-lote3-twin,humedadSuelo,2026-09-27 11:00,2026-09-27 06:00,2026-09-27,35.851020408163265,10.8,61.9,49,1756.7
gz-03-lote3-twin,humedadSuelo,2026-09-27 12:00,2026-09-27 07:00,2026-09-27,36.07916666666666,8.1,66.5,48,1731.7999999999997
gz-03-lote3-twin,humedadSuelo,2026-09-27 13:00,2026-09-27 08:00,2026-09-27,35.08541666666666,0.9,60.5,48,1684.0999999999997
gz-03-lote3-twin,humedadSuelo,2026-09-27 14:00,2026-09-27 09:00,2026-09-27,34.36666666666667,10.3,65.5,48,1649.6
gz-03-lote3-twin,humedadSuelo,2026-09-27 15:00,2026-09-27 10:00,2026-09-27,33.56666666666667,6.7,57.8,48,1611.2000000000003
gz-03-lote3-twin,humedadSuelo,2026-09-27 16:00,2026-09-27 11:00,2026-09-27,34.648979591836735,6.8,64.5,49,1697.8
gz-03-lote3-twin,humedadSuelo,2026-09-27 17:00,2026-09-27 12:00,2026-09-27,35.50625,6.7,65.1,48,1704.3
gz-03-lote3-twin,humedadSuelo,2026-09-27 18:00,2026-09-27 13:00,2026-09-27,36.48125000000001,8.6,63.4,48,1751.1000000000006
gz-03-lote3-twin,humedadSuelo,2026-09-27 19:00,2026-09-27 14:00,2026-09-27,35.26250000000001,9.1,66.1,48,1692.6000000000004
gz-03-lote3-twin,humedadSuelo,2026-09-27 20:00,2026-09-27 15:00,2026-09-27,34.28125000000001,4.3,62.6,48,1645.5000000000005
gz-03-lote3-twin,humedadSuelo,2026-09-27 21:00,2026-09-27 16:00,2026-09-27,33.48571428571429,5.6,61.4,49,1640.8000000000002
gz-03-lote3-twin,humedadSuelo,2026-09-27 22:00,2026-09-27 17:00,2026-09-27,34.61249999999999,12,63.6,48,1661.3999999999996
gz-03-lote3-twin,humedadSuelo,2026-09-27 23:00,2026-09-27 18:00,2026-09-27,35.54791666666668,4.4,60.2,48,1706.3000000000006
gz-03-lote3-twin,humedadSuelo,2026-09-28 00:00,2026-09-27 19:00,2026-09-27,36.239583333333336,6.7,66.8,48,1739.5
gz-03-lote3-twin,humedadSuelo,2026-09-28 01:00,2026-09-27 20:00,2026-09-27,35.446938775510205,4.2,60.8,49,1736.8999999999999
gz-03-lote3-twin,humedadSuelo,2026-09-28 02:00,2026-09-27 21:00,2026-09-27,34.45208333333334,10.6,60.8,48,1653.7000000000003
gz-03-lote3-twin,humedadSuelo,2026-09-28 03:00,2026-09-27 22:00,2026-09-27,33.762499999999996,4.8,65.9,48,1620.6
gz-03-lote3-twin,humedadSuelo,2026-09-28 04:00,2026-09-27 23:00,2026-09-27,34.35625,1.5,64.8,48,1649.1000000000001
gz-03-lote3-twin,humedadSuelo,2026-09-28 05:00,2026-09-28 00:00,2026-09-28,35.00833333333333,11,64.6,48,1680.4
gz-03-lote3-twin,humedadSuelo,2026-09-28 06:00,2026-09-28 01:00,2026-09-28,36.4265306122449,7.5,60.3,49,1784.9
gz-03-lote3-twin,humedadSuelo,2026-09-28 07:00,2026-09-28 02:00,2026-09-28,35.61666666666667,7,67,48,1709.6
gz-03-lote3-twin,humedadSuelo,2026-09-28 08:00,2026-09-28 03:00,2026-09-28,34.987500000000004,5.2,64.2,48,1679.4
gz-03-lote3-twin,humedadSuelo,2026-09-28 09:00,2026-09-28 04:00,2026-09-28,33.518750000000004,5.7,59.7,48,1608.9
gz-03-lote3-twin,humedadSuelo,2026-09-28 10:00,2026-09-28 05:00,2026-09-28,34.072916666666664,3.2,64.2,48,1635.5
gz-03-lote3-twin,humedadSuelo,2026-09-28 11:00,2026-09-28 06:00,2026-09-28,35.03469387755102,9.1,63.4,49,1716.7
gz-03-lote3-twin,humedadSuelo,2026-09-28 12:00,2026-09-28 07:00,2026-09-28,36.23541666666666,3.3,65.4,48,1739.2999999999997
gz-03-lote3-twin,humedadSuelo,2026-09-28 13:00,2026-09-28 08:00,2026-09-28,35.854166666666664,10.3,57.3,48,1721
gz-03-lote3-twin,humedadSuelo,2026-09-28 14:00,2026-09-28 09:00,2026-09-28,35.012499999999996,5.9,63.1,48,1680.6
gz-03-lote3-twin,humedadSuelo,2026-09-28 15:00,2026-09-28 10:00,2026-09-28,33.85208333333333,5.4,67.4,48,1624.9
gz-03-lote3-twin,humedadSuelo,2026-09-28 16:00,2026-09-28 11:00,2026-09-28,33.865306122448985,6.5,60.6,49,1659.4
gz-03-lote3-twin,humedadSuelo,2026-09-28 17:00,2026-09-28 12:00,2026-09-28,34.87291666666667,10.6,57.7,48,1673.9
gz-03-lote3-twin,humedadSuelo,2026-09-28 18:00,2026-09-28 13:00,2026-09-28,35.95833333333333,1.1,63.5,48,1725.9999999999998
gz-03-lote3-twin,humedadSuelo,2026-09-28 19:00,2026-09-28 14:00,2026-09-28,35.87083333333334,7,68.3,48,1721.8000000000002
gz-03-lote3-twin,humedadSuelo,2026-09-28 20:00,2026-09-28 15:00,2026-09-28,35.4625,7.7,61.8,48,1702.1999999999998
gz-03-lote3-twin,humedadSuelo,2026-09-28 21:00,2026-09-28 16:00,2026-09-28,33.66938775510204,11,63.6,49,1649.8000000000002
gz-03-lote3-twin,humedadSuelo,2026-09-28 22:00,2026-09-28 17:00,2026-09-28,34.079166666666666,6.2,62.4,48,1635.8
gz-03-lote3-twin,humedadSuelo,2026-09-28 23:00,2026-09-28 18:00,2026-09-28,34.38958333333333,2,66.7,48,1650.6999999999998
gz-03-lote3-twin,humedadSuelo,2026-09-29 00:00,2026-09-28 19:00,2026-09-28,38.826666666666675,13.3,63.3,30,1164.8000000000002
gz-03-lote3-twin,parPPFD,2026-09-22 03:00,2026-09-21 22:00,2026-09-21,1258.060606060606,397,2184,33,41516
gz-03-lote3-twin,parPPFD,2026-09-22 04:00,2026-09-21 23:00,2026-09-21,1248.9166666666667,442,2228,48,59948
gz-03-lote3-twin,parPPFD,2026-09-22 05:00,2026-09-22 00:00,2026-09-22,1236.2708333333333,161,2349,48,59341
gz-03-lote3-twin,parPPFD,2026-09-22 06:00,2026-09-22 01:00,2026-09-22,1238.5,125,2390,48,59448
gz-03-lote3-twin,parPPFD,2026-09-22 07:00,2026-09-22 02:00,2026-09-22,1253.2083333333333,456,2282,48,60154
gz-03-lote3-twin,parPPFD,2026-09-22 08:00,2026-09-22 03:00,2026-09-22,1262.142857142857,242,2099,49,61845
gz-03-lote3-twin,parPPFD,2026-09-22 09:00,2026-09-22 04:00,2026-09-22,1244.1666666666667,334,2367,48,59720
gz-03-lote3-twin,parPPFD,2026-09-22 10:00,2026-09-22 05:00,2026-09-22,1250.625,94,2324,48,60030
gz-03-lote3-twin,parPPFD,2026-09-22 11:00,2026-09-22 06:00,2026-09-22,1248.8541666666667,170,2038,48,59945
gz-03-lote3-twin,parPPFD,2026-09-22 12:00,2026-09-22 07:00,2026-09-22,1248.9583333333333,298,2309,48,59950
gz-03-lote3-twin,parPPFD,2026-09-22 13:00,2026-09-22 08:00,2026-09-22,1255.1041666666667,302,2089,48,60245
gz-03-lote3-twin,parPPFD,2026-09-22 14:00,2026-09-22 09:00,2026-09-22,1253.795918367347,118,2285,49,61436
gz-03-lote3-twin,parPPFD,2026-09-22 15:00,2026-09-22 10:00,2026-09-22,1233.8541666666667,270,2394,48,59225
gz-03-lote3-twin,parPPFD,2026-09-22 16:00,2026-09-22 11:00,2026-09-22,1244.8333333333333,180,2247,48,59752
gz-03-lote3-twin,parPPFD,2026-09-22 17:00,2026-09-22 12:00,2026-09-22,1250.7083333333333,83,2234,48,60034
gz-03-lote3-twin,parPPFD,2026-09-22 18:00,2026-09-22 13:00,2026-09-22,1300.3125,132,2183,48,62415
gz-03-lote3-twin,parPPFD,2026-09-22 19:00,2026-09-22 14:00,2026-09-22,1241.938775510204,377,2221,49,60855
gz-03-lote3-twin,parPPFD,2026-09-22 20:00,2026-09-22 15:00,2026-09-22,1301.9166666666667,88,2277,48,62492
gz-03-lote3-twin,parPPFD,2026-09-22 21:00,2026-09-22 16:00,2026-09-22,1234.74,183,2407,50,61737
gz-03-lote3-twin,parPPFD,2026-09-22 22:00,2026-09-22 17:00,2026-09-22,1242.1458333333333,166,2253,48,59623
gz-03-lote3-twin,parPPFD,2026-09-22 23:00,2026-09-22 18:00,2026-09-22,1277.3333333333333,180,2411,48,61312
gz-03-lote3-twin,parPPFD,2026-09-23 00:00,2026-09-22 19:00,2026-09-22,1233.9166666666667,151,2309,48,59228
gz-03-lote3-twin,parPPFD,2026-09-23 01:00,2026-09-22 20:00,2026-09-22,1237.6530612244899,394,2144,49,60645
gz-03-lote3-twin,parPPFD,2026-09-23 02:00,2026-09-22 21:00,2026-09-22,1273.3125,361,2108,48,61119
gz-03-lote3-twin,parPPFD,2026-09-23 03:00,2026-09-22 22:00,2026-09-22,1244.3333333333333,491,2165,48,59728
gz-03-lote3-twin,parPPFD,2026-09-23 04:00,2026-09-22 23:00,2026-09-22,1223.625,211,2076,48,58734
gz-03-lote3-twin,parPPFD,2026-09-23 05:00,2026-09-23 00:00,2026-09-23,1265.0833333333333,378,2284,48,60724
gz-03-lote3-twin,parPPFD,2026-09-23 06:00,2026-09-23 01:00,2026-09-23,1262.3877551020407,60,2301,49,61857
gz-03-lote3-twin,parPPFD,2026-09-23 07:00,2026-09-23 02:00,2026-09-23,1227.1875,217,2354,48,58905
gz-03-lote3-twin,parPPFD,2026-09-23 08:00,2026-09-23 03:00,2026-09-23,1252.9791666666667,41,2335,48,60143
gz-03-lote3-twin,parPPFD,2026-09-23 09:00,2026-09-23 04:00,2026-09-23,1275.6458333333333,152,2415,48,61231
gz-03-lote3-twin,parPPFD,2026-09-23 10:00,2026-09-23 05:00,2026-09-23,1235.2448979591836,338,2217,49,60527
gz-03-lote3-twin,parPPFD,2026-09-23 11:00,2026-09-23 06:00,2026-09-23,1238.2916666666667,160,2108,48,59438
gz-03-lote3-twin,parPPFD,2026-09-23 12:00,2026-09-23 07:00,2026-09-23,1269.9791666666667,408,2330,48,60959
gz-03-lote3-twin,parPPFD,2026-09-23 13:00,2026-09-23 08:00,2026-09-23,1243.375,372,2035,48,59682
gz-03-lote3-twin,parPPFD,2026-09-23 14:00,2026-09-23 09:00,2026-09-23,1219.1458333333333,426,2106,48,58519
gz-03-lote3-twin,parPPFD,2026-09-23 15:00,2026-09-23 10:00,2026-09-23,1271.8775510204082,172,2206,49,62322
gz-03-lote3-twin,parPPFD,2026-09-23 16:00,2026-09-23 11:00,2026-09-23,1255.2083333333333,311,2226,48,60250
gz-03-lote3-twin,parPPFD,2026-09-23 17:00,2026-09-23 12:00,2026-09-23,1223.7916666666667,287,2317,48,58742
gz-03-lote3-twin,parPPFD,2026-09-23 18:00,2026-09-23 13:00,2026-09-23,1254.1521739130435,22,2363,46,57691
gz-03-lote3-twin,parPPFD,2026-09-23 19:00,2026-09-23 14:00,2026-09-23,1382.7826086956522,219,2200,46,63608
gz-03-lote3-twin,parPPFD,2026-09-23 20:00,2026-09-23 15:00,2026-09-23,1249.8979591836735,92,2250,49,61245
gz-03-lote3-twin,parPPFD,2026-09-23 21:00,2026-09-23 16:00,2026-09-23,1150.6041666666667,255,2092,48,55229
gz-03-lote3-twin,parPPFD,2026-09-23 22:00,2026-09-23 17:00,2026-09-23,1192.2291666666667,390,2323,48,57227
gz-03-lote3-twin,parPPFD,2026-09-23 23:00,2026-09-23 18:00,2026-09-23,1320.4375,281,2189,48,63381
gz-03-lote3-twin,parPPFD,2026-09-24 00:00,2026-09-23 19:00,2026-09-23,1338.875,357,2245,48,64266
gz-03-lote3-twin,parPPFD,2026-09-24 01:00,2026-09-23 20:00,2026-09-23,1236.2244897959183,308,2434,49,60575
gz-03-lote3-twin,parPPFD,2026-09-24 02:00,2026-09-23 21:00,2026-09-23,1159.875,296,1974,48,55674
gz-03-lote3-twin,parPPFD,2026-09-24 03:00,2026-09-23 22:00,2026-09-23,1239.4375,52,2384,48,59493
gz-03-lote3-twin,parPPFD,2026-09-24 04:00,2026-09-23 23:00,2026-09-23,1336.4583333333333,525,2184,48,64150
gz-03-lote3-twin,parPPFD,2026-09-24 05:00,2026-09-24 00:00,2026-09-24,1298.9583333333333,34,2274,48,62350
gz-03-lote3-twin,parPPFD,2026-09-24 06:00,2026-09-24 01:00,2026-09-24,1159.4285714285713,251,2050,49,56812
gz-03-lote3-twin,parPPFD,2026-09-24 07:00,2026-09-24 02:00,2026-09-24,1161.6666666666667,362,2335,48,55760
gz-03-lote3-twin,parPPFD,2026-09-24 08:00,2026-09-24 03:00,2026-09-24,1282.1041666666667,290,2161,48,61541
gz-03-lote3-twin,parPPFD,2026-09-24 09:00,2026-09-24 04:00,2026-09-24,1345.8958333333333,365,2209,48,64603
gz-03-lote3-twin,parPPFD,2026-09-24 10:00,2026-09-24 05:00,2026-09-24,1270.2708333333333,318,2367,48,60973
gz-03-lote3-twin,parPPFD,2026-09-24 11:00,2026-09-24 06:00,2026-09-24,1162.7755102040817,248,2012,49,56976
gz-03-lote3-twin,parPPFD,2026-09-24 12:00,2026-09-24 07:00,2026-09-24,1214.4166666666667,35,2346,48,58292
gz-03-lote3-twin,parPPFD,2026-09-24 13:00,2026-09-24 08:00,2026-09-24,1328.4375,585,2146,48,63765
gz-03-lote3-twin,parPPFD,2026-09-24 14:00,2026-09-24 09:00,2026-09-24,1328.875,48,2352,48,63786
gz-03-lote3-twin,parPPFD,2026-09-24 15:00,2026-09-24 10:00,2026-09-24,1211.5208333333333,463,2018,48,58153
gz-03-lote3-twin,parPPFD,2026-09-24 16:00,2026-09-24 11:00,2026-09-24,1131.0204081632653,283,2405,49,55420
gz-03-lote3-twin,parPPFD,2026-09-24 17:00,2026-09-24 12:00,2026-09-24,1250.25,322,2105,48,60012
gz-03-lote3-twin,parPPFD,2026-09-24 18:00,2026-09-24 13:00,2026-09-24,1343.6041666666667,284,2224,48,64493
gz-03-lote3-twin,parPPFD,2026-09-24 19:00,2026-09-24 14:00,2026-09-24,1293.7708333333333,423,2361,48,62101
gz-03-lote3-twin,parPPFD,2026-09-24 20:00,2026-09-24 15:00,2026-09-24,1183.7708333333333,241,2092,48,56821
gz-03-lote3-twin,parPPFD,2026-09-24 21:00,2026-09-24 16:00,2026-09-24,1176.8367346938776,99,2370,49,57665
gz-03-lote3-twin,parPPFD,2026-09-24 22:00,2026-09-24 17:00,2026-09-24,1302.875,494,2148,48,62538
gz-03-lote3-twin,parPPFD,2026-09-24 23:00,2026-09-24 18:00,2026-09-24,1345.0625,74,2407,48,64563
gz-03-lote3-twin,parPPFD,2026-09-25 00:00,2026-09-24 19:00,2026-09-24,1238.4583333333333,446,1949,48,59446
gz-03-lote3-twin,parPPFD,2026-09-25 01:00,2026-09-24 20:00,2026-09-24,1136.8979591836735,234,2442,49,55708
gz-03-lote3-twin,parPPFD,2026-09-25 02:00,2026-09-24 21:00,2026-09-24,1218.7708333333333,438,2065,48,58501
gz-03-lote3-twin,parPPFD,2026-09-25 03:00,2026-09-24 22:00,2026-09-24,1331.9166666666667,157,2212,48,63932
gz-03-lote3-twin,parPPFD,2026-09-25 04:00,2026-09-24 23:00,2026-09-24,1312.1666666666667,376,2253,48,62984
gz-03-lote3-twin,parPPFD,2026-09-25 05:00,2026-09-25 00:00,2026-09-25,1195.7083333333333,269,2142,48,57394
gz-03-lote3-twin,parPPFD,2026-09-25 06:00,2026-09-25 01:00,2026-09-25,1172.0408163265306,116,2139,49,57430
gz-03-lote3-twin,parPPFD,2026-09-25 07:00,2026-09-25 02:00,2026-09-25,1287.9791666666667,503,2292,48,61823
gz-03-lote3-twin,parPPFD,2026-09-25 08:00,2026-09-25 03:00,2026-09-25,1345.9583333333333,216,2462,48,64606
gz-03-lote3-twin,parPPFD,2026-09-25 09:00,2026-09-25 04:00,2026-09-25,1253.9791666666667,294,1962,48,60191
gz-03-lote3-twin,parPPFD,2026-09-25 10:00,2026-09-25 05:00,2026-09-25,1149.0416666666667,62,2360,48,55154
gz-03-lote3-twin,parPPFD,2026-09-25 11:00,2026-09-25 06:00,2026-09-25,1184.2857142857142,215,2062,49,58030
gz-03-lote3-twin,parPPFD,2026-09-25 12:00,2026-09-25 07:00,2026-09-25,1325.7291666666667,95,2189,48,63635
gz-03-lote3-twin,parPPFD,2026-09-25 13:00,2026-09-25 08:00,2026-09-25,1326.5625,338,2246,48,63675
gz-03-lote3-twin,parPPFD,2026-09-25 14:00,2026-09-25 09:00,2026-09-25,1216.5,321,2261,48,58392
gz-03-lote3-twin,parPPFD,2026-09-25 15:00,2026-09-25 10:00,2026-09-25,1163.9375,191,2218,48,55869
gz-03-lote3-twin,parPPFD,2026-09-25 16:00,2026-09-25 11:00,2026-09-25,1263.938775510204,443,2263,49,61933
gz-03-lote3-twin,parPPFD,2026-09-25 17:00,2026-09-25 12:00,2026-09-25,1351.3958333333333,291,2424,48,64867
gz-03-lote3-twin,parPPFD,2026-09-25 18:00,2026-09-25 13:00,2026-09-25,1291.125,238,1922,48,61974
gz-03-lote3-twin,parPPFD,2026-09-25 19:00,2026-09-25 14:00,2026-09-25,1174.6458333333333,467,2400,48,56383
gz-03-lote3-twin,parPPFD,2026-09-25 20:00,2026-09-25 15:00,2026-09-25,1157.4375,106,2071,48,55557
gz-03-lote3-twin,parPPFD,2026-09-25 21:00,2026-09-25 16:00,2026-09-25,1267.9183673469388,140,2224,49,62128
gz-03-lote3-twin,parPPFD,2026-09-25 22:00,2026-09-25 17:00,2026-09-25,1339.9791666666667,356,2170,48,64319
gz-03-lote3-twin,parPPFD,2026-09-25 23:00,2026-09-25 18:00,2026-09-25,1253.8958333333333,312,2263,48,60187
gz-03-lote3-twin,parPPFD,2026-09-26 00:00,2026-09-25 19:00,2026-09-25,1162.3958333333333,183,2050,48,55795
gz-03-lote3-twin,parPPFD,2026-09-26 01:00,2026-09-25 20:00,2026-09-25,1201.7083333333333,408,2263,48,57682
gz-03-lote3-twin,parPPFD,2026-09-26 02:00,2026-09-25 21:00,2026-09-25,1351.061224489796,296,2461,49,66202
gz-03-lote3-twin,parPPFD,2026-09-26 03:00,2026-09-25 22:00,2026-09-25,1328,251,2231,48,63744
gz-03-lote3-twin,parPPFD,2026-09-26 04:00,2026-09-25 23:00,2026-09-25,1199.1458333333333,520,2376,48,57559
gz-03-lote3-twin,parPPFD,2026-09-26 05:00,2026-09-26 00:00,2026-09-26,1150.0208333333333,63,2161,48,55201
gz-03-lote3-twin,parPPFD,2026-09-26 06:00,2026-09-26 01:00,2026-09-26,1247.9375,84,2107,48,59901
gz-03-lote3-twin,parPPFD,2026-09-26 07:00,2026-09-26 02:00,2026-09-26,1338.4285714285713,484,2385,49,65583
gz-03-lote3-twin,parPPFD,2026-09-26 08:00,2026-09-26 03:00,2026-09-26,1265.5416666666667,299,2379,48,60746
gz-03-lote3-twin,parPPFD,2026-09-26 09:00,2026-09-26 04:00,2026-09-26,1162.5625,278,2175,48,55803
gz-03-lote3-twin,parPPFD,2026-09-26 10:00,2026-09-26 05:00,2026-09-26,1196.9791666666667,243,2226,48,57455
gz-03-lote3-twin,parPPFD,2026-09-26 11:00,2026-09-26 06:00,2026-09-26,1335.3877551020407,277,2091,49,65434
gz-03-lote3-twin,parPPFD,2026-09-26 12:00,2026-09-26 07:00,2026-09-26,1335.4791666666667,214,2273,48,64103
gz-03-lote3-twin,parPPFD,2026-09-26 13:00,2026-09-26 08:00,2026-09-26,1210.2916666666667,398,2239,48,58094
gz-03-lote3-twin,parPPFD,2026-09-26 14:00,2026-09-26 09:00,2026-09-26,1150.4583333333333,137,2316,48,55222
gz-03-lote3-twin,parPPFD,2026-09-26 15:00,2026-09-26 10:00,2026-09-26,1243.0208333333333,273,2169,48,59665
gz-03-lote3-twin,parPPFD,2026-09-26 16:00,2026-09-26 11:00,2026-09-26,1343.4897959183672,282,2421,49,65831
gz-03-lote3-twin,parPPFD,2026-09-26 17:00,2026-09-26 12:00,2026-09-26,1274.8333333333333,355,2235,48,61192
gz-03-lote3-twin,parPPFD,2026-09-26 18:00,2026-09-26 13:00,2026-09-26,1166.2083333333333,130,2115,48,55978
gz-03-lote3-twin,parPPFD,2026-09-26 19:00,2026-09-26 14:00,2026-09-26,1193.2291666666667,248,2189,48,57275
gz-03-lote3-twin,parPPFD,2026-09-26 20:00,2026-09-26 15:00,2026-09-26,1317.4791666666667,250,2395,48,63239
gz-03-lote3-twin,parPPFD,2026-09-26 21:00,2026-09-26 16:00,2026-09-26,1352.7755102040817,309,2216,49,66286
gz-03-lote3-twin,parPPFD,2026-09-26 22:00,2026-09-26 17:00,2026-09-26,1210.2916666666667,445,2410,48,58094
gz-03-lote3-twin,parPPFD,2026-09-26 23:00,2026-09-26 18:00,2026-09-26,1143.6041666666667,159,2156,48,54893
gz-03-lote3-twin,parPPFD,2026-09-27 00:00,2026-09-26 19:00,2026-09-26,1233.7708333333333,111,2144,48,59221
gz-03-lote3-twin,parPPFD,2026-09-27 01:00,2026-09-26 20:00,2026-09-26,1332.3125,269,2258,48,63951
gz-03-lote3-twin,parPPFD,2026-09-27 02:00,2026-09-26 21:00,2026-09-26,1286.061224489796,299,2346,49,63017
gz-03-lote3-twin,parPPFD,2026-09-27 03:00,2026-09-26 22:00,2026-09-26,1166.8333333333333,311,2153,48,56008
gz-03-lote3-twin,parPPFD,2026-09-27 04:00,2026-09-26 23:00,2026-09-26,1190.1041666666667,262,2234,48,57125
gz-03-lote3-twin,parPPFD,2026-09-27 05:00,2026-09-27 00:00,2026-09-27,1318.2916666666667,401,2069,48,63278
gz-03-lote3-twin,parPPFD,2026-09-27 06:00,2026-09-27 01:00,2026-09-27,1352.3877551020407,215,2327,49,66267
gz-03-lote3-twin,parPPFD,2026-09-27 07:00,2026-09-27 02:00,2026-09-27,1212.6458333333333,462,2144,48,58207
gz-03-lote3-twin,parPPFD,2026-09-27 08:00,2026-09-27 03:00,2026-09-27,1149.0625,112,2329,48,55155
gz-03-lote3-twin,parPPFD,2026-09-27 09:00,2026-09-27 04:00,2026-09-27,1236.2708333333333,232,2079,48,59341
gz-03-lote3-twin,parPPFD,2026-09-27 10:00,2026-09-27 05:00,2026-09-27,1339.2916666666667,284,2478,48,64286
gz-03-lote3-twin,parPPFD,2026-09-27 11:00,2026-09-27 06:00,2026-09-27,1287.795918367347,423,2330,49,63102
gz-03-lote3-twin,parPPFD,2026-09-27 12:00,2026-09-27 07:00,2026-09-27,1171.9375,95,2097,48,56253
gz-03-lote3-twin,parPPFD,2026-09-27 13:00,2026-09-27 08:00,2026-09-27,1191.7916666666667,175,2182,48,57206
gz-03-lote3-twin,parPPFD,2026-09-27 14:00,2026-09-27 09:00,2026-09-27,1314.125,276,2302,48,63078
gz-03-lote3-twin,parPPFD,2026-09-27 15:00,2026-09-27 10:00,2026-09-27,1345.7708333333333,347,2199,48,64597
gz-03-lote3-twin,parPPFD,2026-09-27 16:00,2026-09-27 11:00,2026-09-27,1218.1020408163265,386,2361,49,59687
gz-03-lote3-twin,parPPFD,2026-09-27 17:00,2026-09-27 12:00,2026-09-27,1142.375,210,2254,48,54834
gz-03-lote3-twin,parPPFD,2026-09-27 18:00,2026-09-27 13:00,2026-09-27,1226.4166666666667,170,2134,48,58868
gz-03-lote3-twin,parPPFD,2026-09-27 19:00,2026-09-27 14:00,2026-09-27,1333.375,229,2227,48,64002
gz-03-lote3-twin,parPPFD,2026-09-27 20:00,2026-09-27 15:00,2026-09-27,1295.25,347,2309,48,62172
gz-03-lote3-twin,parPPFD,2026-09-27 21:00,2026-09-27 16:00,2026-09-27,1179,206,2249,49,57771
gz-03-lote3-twin,parPPFD,2026-09-27 22:00,2026-09-27 17:00,2026-09-27,1184.5833333333333,345,2189,48,56860
gz-03-lote3-twin,parPPFD,2026-09-27 23:00,2026-09-27 18:00,2026-09-27,1307.0416666666667,386,2272,48,62738
gz-03-lote3-twin,parPPFD,2026-09-28 00:00,2026-09-27 19:00,2026-09-27,1348.0208333333333,232,2350,48,64705
gz-03-lote3-twin,parPPFD,2026-09-28 01:00,2026-09-27 20:00,2026-09-27,1237,301,2268,49,60613
gz-03-lote3-twin,parPPFD,2026-09-28 02:00,2026-09-27 21:00,2026-09-27,1142.1041666666667,100,2239,48,54821
gz-03-lote3-twin,parPPFD,2026-09-28 03:00,2026-09-27 22:00,2026-09-27,1219.6875,162,1960,48,58545
gz-03-lote3-twin,parPPFD,2026-09-28 04:00,2026-09-27 23:00,2026-09-27,1335.1041666666667,329,2476,48,64085
gz-03-lote3-twin,parPPFD,2026-09-28 05:00,2026-09-28 00:00,2026-09-28,1303.6666666666667,408,2415,48,62576
gz-03-lote3-twin,parPPFD,2026-09-28 06:00,2026-09-28 01:00,2026-09-28,1172.8163265306123,125,2060,49,57468
gz-03-lote3-twin,parPPFD,2026-09-28 07:00,2026-09-28 02:00,2026-09-28,1183.25,140,2135,48,56796
gz-03-lote3-twin,parPPFD,2026-09-28 08:00,2026-09-28 03:00,2026-09-28,1305.1666666666667,384,2253,48,62648
gz-03-lote3-twin,parPPFD,2026-09-28 09:00,2026-09-28 04:00,2026-09-28,1350.1875,296,2253,48,64809
gz-03-lote3-twin,parPPFD,2026-09-28 10:00,2026-09-28 05:00,2026-09-28,1242.6458333333333,404,2229,48,59647
gz-03-lote3-twin,parPPFD,2026-09-28 11:00,2026-09-28 06:00,2026-09-28,1130.591836734694,294,2338,49,55399
gz-03-lote3-twin,parPPFD,2026-09-28 12:00,2026-09-28 07:00,2026-09-28,1222.0208333333333,282,2089,48,58657
gz-03-lote3-twin,parPPFD,2026-09-28 13:00,2026-09-28 08:00,2026-09-28,1333.4791666666667,179,2352,48,64007
gz-03-lote3-twin,parPPFD,2026-09-28 14:00,2026-09-28 09:00,2026-09-28,1304,393,2210,48,62592
gz-03-lote3-twin,parPPFD,2026-09-28 15:00,2026-09-28 10:00,2026-09-28,1186.6458333333333,129,2307,48,56959
gz-03-lote3-twin,parPPFD,2026-09-28 16:00,2026-09-28 11:00,2026-09-28,1183.734693877551,249,2121,49,58003
gz-03-lote3-twin,parPPFD,2026-09-28 17:00,2026-09-28 12:00,2026-09-28,1298.5,361,2388,48,62328
gz-03-lote3-twin,parPPFD,2026-09-28 18:00,2026-09-28 13:00,2026-09-28,1348.5208333333333,281,2219,48,64729
gz-03-lote3-twin,parPPFD,2026-09-28 19:00,2026-09-28 14:00,2026-09-28,1249.0416666666667,226,2254,48,59954
gz-03-lote3-twin,parPPFD,2026-09-28 20:00,2026-09-28 15:00,2026-09-28,1149.8333333333333,167,2157,48,55192
gz-03-lote3-twin,parPPFD,2026-09-28 21:00,2026-09-28 16:00,2026-09-28,1188.265306122449,186,2040,49,58225
gz-03-lote3-twin,parPPFD,2026-09-28 22:00,2026-09-28 17:00,2026-09-28,1322.3958333333333,227,2300,48,63475
gz-03-lote3-twin,parPPFD,2026-09-28 23:00,2026-09-28 18:00,2026-09-28,1316.6875,398,2365,48,63201
gz-03-lote3-twin,parPPFD,2026-09-29 00:00,2026-09-28 19:00,2026-09-28,1116.9333333333334,241,1721,30,33508
gz-03-lote3-twin,rssi,2026-09-22 03:00,2026-09-21 22:00,2026-09-21,-61.93939393939394,-105,-17,33,-2044
gz-03-lote3-twin,rssi,2026-09-22 04:00,2026-09-21 23:00,2026-09-21,-59.3125,-103,-17,48,-2847
gz-03-lote3-twin,rssi,2026-09-22 05:00,2026-09-22 00:00,2026-09-22,-59.916666666666664,-97,-23,48,-2876
gz-03-lote3-twin,rssi,2026-09-22 06:00,2026-09-22 01:00,2026-09-22,-60.520833333333336,-97,-24,48,-2905
gz-03-lote3-twin,rssi,2026-09-22 07:00,2026-09-22 02:00,2026-09-22,-60.375,-96,-22,48,-2898
gz-03-lote3-twin,rssi,2026-09-22 08:00,2026-09-22 03:00,2026-09-22,-59.42857142857143,-101,-23,49,-2912
gz-03-lote3-twin,rssi,2026-09-22 09:00,2026-09-22 04:00,2026-09-22,-59.458333333333336,-103,-9,48,-2854
gz-03-lote3-twin,rssi,2026-09-22 10:00,2026-09-22 05:00,2026-09-22,-60.166666666666664,-113,-10,48,-2888
gz-03-lote3-twin,rssi,2026-09-22 11:00,2026-09-22 06:00,2026-09-22,-60.416666666666664,-111,-18,48,-2900
gz-03-lote3-twin,rssi,2026-09-22 12:00,2026-09-22 07:00,2026-09-22,-60.333333333333336,-110,-12,48,-2896
gz-03-lote3-twin,rssi,2026-09-22 13:00,2026-09-22 08:00,2026-09-22,-60.145833333333336,-114,-8,48,-2887
gz-03-lote3-twin,rssi,2026-09-22 14:00,2026-09-22 09:00,2026-09-22,-59.30612244897959,-103,-9,49,-2906
gz-03-lote3-twin,rssi,2026-09-22 15:00,2026-09-22 10:00,2026-09-22,-59.270833333333336,-100,-16,48,-2845
gz-03-lote3-twin,rssi,2026-09-22 16:00,2026-09-22 11:00,2026-09-22,-60.229166666666664,-104,-19,48,-2891
gz-03-lote3-twin,rssi,2026-09-22 17:00,2026-09-22 12:00,2026-09-22,-53.75,-101,-11,48,-2580
gz-03-lote3-twin,rssi,2026-09-22 18:00,2026-09-22 13:00,2026-09-22,-67.39583333333333,-106,-28,48,-3235
gz-03-lote3-twin,rssi,2026-09-22 19:00,2026-09-22 14:00,2026-09-22,-62.57142857142857,-110,-11,49,-3066
gz-03-lote3-twin,rssi,2026-09-22 20:00,2026-09-22 15:00,2026-09-22,-58.958333333333336,-102,-8,48,-2830
gz-03-lote3-twin,rssi,2026-09-22 21:00,2026-09-22 16:00,2026-09-22,-63.9,-116,-23,50,-3195
gz-03-lote3-twin,rssi,2026-09-22 22:00,2026-09-22 17:00,2026-09-22,-64.125,-106,-6,48,-3078
gz-03-lote3-twin,rssi,2026-09-22 23:00,2026-09-22 18:00,2026-09-22,-57.083333333333336,-108,-13,48,-2740
gz-03-lote3-twin,rssi,2026-09-23 00:00,2026-09-22 19:00,2026-09-22,-55.416666666666664,-104,-9,48,-2660
gz-03-lote3-twin,rssi,2026-09-23 01:00,2026-09-22 20:00,2026-09-22,-62.63265306122449,-105,-16,49,-3069
gz-03-lote3-twin,rssi,2026-09-23 02:00,2026-09-22 21:00,2026-09-22,-64.14583333333333,-107,-13,48,-3079
gz-03-lote3-twin,rssi,2026-09-23 03:00,2026-09-22 22:00,2026-09-22,-59.8125,-105,-17,48,-2871
gz-03-lote3-twin,rssi,2026-09-23 04:00,2026-09-22 23:00,2026-09-22,-55.395833333333336,-112,-16,48,-2659
gz-03-lote3-twin,rssi,2026-09-23 05:00,2026-09-23 00:00,2026-09-23,-57.895833333333336,-107,-12,48,-2779
gz-03-lote3-twin,rssi,2026-09-23 06:00,2026-09-23 01:00,2026-09-23,-64.28571428571429,-113,-20,49,-3150
gz-03-lote3-twin,rssi,2026-09-23 07:00,2026-09-23 02:00,2026-09-23,-63.166666666666664,-104,-10,48,-3032
gz-03-lote3-twin,rssi,2026-09-23 08:00,2026-09-23 03:00,2026-09-23,-57.729166666666664,-116,-19,48,-2771
gz-03-lote3-twin,rssi,2026-09-23 09:00,2026-09-23 04:00,2026-09-23,-55.875,-99,-9,48,-2682
gz-03-lote3-twin,rssi,2026-09-23 10:00,2026-09-23 05:00,2026-09-23,-60.08163265306123,-119,-9,49,-2944
gz-03-lote3-twin,rssi,2026-09-23 11:00,2026-09-23 06:00,2026-09-23,-64.54166666666667,-114,-14,48,-3098
gz-03-lote3-twin,rssi,2026-09-23 12:00,2026-09-23 07:00,2026-09-23,-61.895833333333336,-99,-18,48,-2971
gz-03-lote3-twin,rssi,2026-09-23 13:00,2026-09-23 08:00,2026-09-23,-55.666666666666664,-111,-16,48,-2672
gz-03-lote3-twin,rssi,2026-09-23 14:00,2026-09-23 09:00,2026-09-23,-56.958333333333336,-102,-16,48,-2734
gz-03-lote3-twin,rssi,2026-09-23 15:00,2026-09-23 10:00,2026-09-23,-62.30612244897959,-112,-21,49,-3053
gz-03-lote3-twin,rssi,2026-09-23 16:00,2026-09-23 11:00,2026-09-23,-64.45833333333333,-115,-8,48,-3094
gz-03-lote3-twin,rssi,2026-09-23 17:00,2026-09-23 12:00,2026-09-23,-59.208333333333336,-99,-22,48,-2842
gz-03-lote3-twin,rssi,2026-09-23 18:00,2026-09-23 13:00,2026-09-23,-56.43478260869565,-112,-8,46,-2596
gz-03-lote3-twin,rssi,2026-09-23 19:00,2026-09-23 14:00,2026-09-23,-57.130434782608695,-96,-22,46,-2628
gz-03-lote3-twin,rssi,2026-09-23 20:00,2026-09-23 15:00,2026-09-23,-60.53061224489796,-109,-11,49,-2966
gz-03-lote3-twin,rssi,2026-09-23 21:00,2026-09-23 16:00,2026-09-23,-60.4375,-114,-20,48,-2901
gz-03-lote3-twin,rssi,2026-09-23 22:00,2026-09-23 17:00,2026-09-23,-59,-112,-9,48,-2832
gz-03-lote3-twin,rssi,2026-09-23 23:00,2026-09-23 18:00,2026-09-23,-59.6875,-108,-9,48,-2865
gz-03-lote3-twin,rssi,2026-09-24 00:00,2026-09-23 19:00,2026-09-23,-60.625,-108,-12,48,-2910
gz-03-lote3-twin,rssi,2026-09-24 01:00,2026-09-23 20:00,2026-09-23,-59.775510204081634,-115,-5,49,-2929
gz-03-lote3-twin,rssi,2026-09-24 02:00,2026-09-23 21:00,2026-09-23,-60.416666666666664,-105,-15,48,-2900
gz-03-lote3-twin,rssi,2026-09-24 03:00,2026-09-23 22:00,2026-09-23,-59.416666666666664,-114,-8,48,-2852
gz-03-lote3-twin,rssi,2026-09-24 04:00,2026-09-23 23:00,2026-09-23,-59.666666666666664,-108,-4,48,-2864
gz-03-lote3-twin,rssi,2026-09-24 05:00,2026-09-24 00:00,2026-09-24,-59.833333333333336,-104,-17,48,-2872
gz-03-lote3-twin,rssi,2026-09-24 06:00,2026-09-24 01:00,2026-09-24,-60.61224489795919,-117,-9,49,-2970
gz-03-lote3-twin,rssi,2026-09-24 07:00,2026-09-24 02:00,2026-09-24,-60.604166666666664,-108,-19,48,-2909
gz-03-lote3-twin,rssi,2026-09-24 08:00,2026-09-24 03:00,2026-09-24,-59.708333333333336,-106,-12,48,-2866
gz-03-lote3-twin,rssi,2026-09-24 09:00,2026-09-24 04:00,2026-09-24,-59.916666666666664,-103,-4,48,-2876
gz-03-lote3-twin,rssi,2026-09-24 10:00,2026-09-24 05:00,2026-09-24,-59.25,-103,-12,48,-2844
gz-03-lote3-twin,rssi,2026-09-24 11:00,2026-09-24 06:00,2026-09-24,-60.285714285714285,-111,-11,49,-2954
gz-03-lote3-twin,rssi,2026-09-24 12:00,2026-09-24 07:00,2026-09-24,-60.0625,-107,-19,48,-2883
gz-03-lote3-twin,rssi,2026-09-24 13:00,2026-09-24 08:00,2026-09-24,-60.708333333333336,-113,-11,48,-2914
gz-03-lote3-twin,rssi,2026-09-24 14:00,2026-09-24 09:00,2026-09-24,-59.854166666666664,-106,-12,48,-2873
gz-03-lote3-twin,rssi,2026-09-24 15:00,2026-09-24 10:00,2026-09-24,-59.041666666666664,-105,-12,48,-2834
gz-03-lote3-twin,rssi,2026-09-24 16:00,2026-09-24 11:00,2026-09-24,-59.93877551020408,-115,-7,49,-2937
gz-03-lote3-twin,rssi,2026-09-24 17:00,2026-09-24 12:00,2026-09-24,-60.208333333333336,-106,-18,48,-2890
gz-03-lote3-twin,rssi,2026-09-24 18:00,2026-09-24 13:00,2026-09-24,-60.916666666666664,-114,-8,48,-2924
gz-03-lote3-twin,rssi,2026-09-24 19:00,2026-09-24 14:00,2026-09-24,-59.875,-107,-3,48,-2874
gz-03-lote3-twin,rssi,2026-09-24 20:00,2026-09-24 15:00,2026-09-24,-59.666666666666664,-105,-13,48,-2864
gz-03-lote3-twin,rssi,2026-09-24 21:00,2026-09-24 16:00,2026-09-24,-59.775510204081634,-118,-12,49,-2929
gz-03-lote3-twin,rssi,2026-09-24 22:00,2026-09-24 17:00,2026-09-24,-59.979166666666664,-109,-17,48,-2879
gz-03-lote3-twin,rssi,2026-09-24 23:00,2026-09-24 18:00,2026-09-24,-60.729166666666664,-110,-10,48,-2915
gz-03-lote3-twin,rssi,2026-09-25 00:00,2026-09-24 19:00,2026-09-24,-60.208333333333336,-104,-7,48,-2890
gz-03-lote3-twin,rssi,2026-09-25 01:00,2026-09-24 20:00,2026-09-24,-59.83673469387755,-105,-5,49,-2932
gz-03-lote3-twin,rssi,2026-09-25 02:00,2026-09-24 21:00,2026-09-24,-59,-107,-12,48,-2832
gz-03-lote3-twin,rssi,2026-09-25 03:00,2026-09-24 22:00,2026-09-24,-59.958333333333336,-109,-22,48,-2878
gz-03-lote3-twin,rssi,2026-09-25 04:00,2026-09-24 23:00,2026-09-24,-60.333333333333336,-115,-10,48,-2896
gz-03-lote3-twin,rssi,2026-09-25 05:00,2026-09-25 00:00,2026-09-25,-60.333333333333336,-105,-12,48,-2896
gz-03-lote3-twin,rssi,2026-09-25 06:00,2026-09-25 01:00,2026-09-25,-60.857142857142854,-107,-9,49,-2982
gz-03-lote3-twin,rssi,2026-09-25 07:00,2026-09-25 02:00,2026-09-25,-59.520833333333336,-116,-6,48,-2857
gz-03-lote3-twin,rssi,2026-09-25 08:00,2026-09-25 03:00,2026-09-25,-59.708333333333336,-103,-14,48,-2866
gz-03-lote3-twin,rssi,2026-09-25 09:00,2026-09-25 04:00,2026-09-25,-59.770833333333336,-115,-7,48,-2869
gz-03-lote3-twin,rssi,2026-09-25 10:00,2026-09-25 05:00,2026-09-25,-60.875,-107,-7,48,-2922
gz-03-lote3-twin,rssi,2026-09-25 11:00,2026-09-25 06:00,2026-09-25,-59.59183673469388,-105,-13,49,-2920
gz-03-lote3-twin,rssi,2026-09-25 12:00,2026-09-25 07:00,2026-09-25,-59.854166666666664,-115,-10,48,-2873
gz-03-lote3-twin,rssi,2026-09-25 13:00,2026-09-25 08:00,2026-09-25,-59.479166666666664,-106,-21,48,-2855
gz-03-lote3-twin,rssi,2026-09-25 14:00,2026-09-25 09:00,2026-09-25,-59.520833333333336,-109,-12,48,-2857
gz-03-lote3-twin,rssi,2026-09-25 15:00,2026-09-25 10:00,2026-09-25,-60.541666666666664,-101,-7,48,-2906
gz-03-lote3-twin,rssi,2026-09-25 16:00,2026-09-25 11:00,2026-09-25,-60.6530612244898,-102,-9,49,-2972
gz-03-lote3-twin,rssi,2026-09-25 17:00,2026-09-25 12:00,2026-09-25,-60.604166666666664,-111,-11,48,-2909
gz-03-lote3-twin,rssi,2026-09-25 18:00,2026-09-25 13:00,2026-09-25,-59.4375,-103,-19,48,-2853
gz-03-lote3-twin,rssi,2026-09-25 19:00,2026-09-25 14:00,2026-09-25,-59.458333333333336,-113,-10,48,-2854
gz-03-lote3-twin,rssi,2026-09-25 20:00,2026-09-25 15:00,2026-09-25,-60.145833333333336,-105,-10,48,-2887
gz-03-lote3-twin,rssi,2026-09-25 21:00,2026-09-25 16:00,2026-09-25,-59.6530612244898,-104,-13,49,-2923
gz-03-lote3-twin,rssi,2026-09-25 22:00,2026-09-25 17:00,2026-09-25,-60.729166666666664,-113,-9,48,-2915
gz-03-lote3-twin,rssi,2026-09-25 23:00,2026-09-25 18:00,2026-09-25,-59.791666666666664,-106,-17,48,-2870
gz-03-lote3-twin,rssi,2026-09-26 00:00,2026-09-25 19:00,2026-09-25,-59.9375,-112,-10,48,-2877
gz-03-lote3-twin,rssi,2026-09-26 01:00,2026-09-25 20:00,2026-09-25,-59.229166666666664,-106,-3,48,-2843
gz-03-lote3-twin,rssi,2026-09-26 02:00,2026-09-25 21:00,2026-09-25,-60.6530612244898,-104,-16,49,-2972
gz-03-lote3-twin,rssi,2026-09-26 03:00,2026-09-25 22:00,2026-09-25,-60.354166666666664,-119,-12,48,-2897
gz-03-lote3-twin,rssi,2026-09-26 04:00,2026-09-25 23:00,2026-09-25,-60.333333333333336,-108,-17,48,-2896
gz-03-lote3-twin,rssi,2026-09-26 05:00,2026-09-26 00:00,2026-09-26,-59.833333333333336,-108,-9,48,-2872
gz-03-lote3-twin,rssi,2026-09-26 06:00,2026-09-26 01:00,2026-09-26,-59.125,-103,-8,48,-2838
gz-03-lote3-twin,rssi,2026-09-26 07:00,2026-09-26 02:00,2026-09-26,-59.97959183673469,-105,-7,49,-2939
gz-03-lote3-twin,rssi,2026-09-26 08:00,2026-09-26 03:00,2026-09-26,-60.208333333333336,-109,-12,48,-2890
gz-03-lote3-twin,rssi,2026-09-26 09:00,2026-09-26 04:00,2026-09-26,-60.645833333333336,-108,-20,48,-2911
gz-03-lote3-twin,rssi,2026-09-26 10:00,2026-09-26 05:00,2026-09-26,-60.166666666666664,-116,-10,48,-2888
gz-03-lote3-twin,rssi,2026-09-26 11:00,2026-09-26 06:00,2026-09-26,-59.36734693877551,-105,-13,49,-2909
gz-03-lote3-twin,rssi,2026-09-26 12:00,2026-09-26 07:00,2026-09-26,-59.625,-108,-6,48,-2862
gz-03-lote3-twin,rssi,2026-09-26 13:00,2026-09-26 08:00,2026-09-26,-59.916666666666664,-115,-7,48,-2876
gz-03-lote3-twin,rssi,2026-09-26 14:00,2026-09-26 09:00,2026-09-26,-61.145833333333336,-108,-15,48,-2935
gz-03-lote3-twin,rssi,2026-09-26 15:00,2026-09-26 10:00,2026-09-26,-59.895833333333336,-115,-7,48,-2875
gz-03-lote3-twin,rssi,2026-09-26 16:00,2026-09-26 11:00,2026-09-26,-60.142857142857146,-105,-13,49,-2947
gz-03-lote3-twin,rssi,2026-09-26 17:00,2026-09-26 12:00,2026-09-26,-59.1875,-103,-9,48,-2841
gz-03-lote3-twin,rssi,2026-09-26 18:00,2026-09-26 13:00,2026-09-26,-60,-102,-15,48,-2880
gz-03-lote3-twin,rssi,2026-09-26 19:00,2026-09-26 14:00,2026-09-26,-60.854166666666664,-113,-17,48,-2921
gz-03-lote3-twin,rssi,2026-09-26 20:00,2026-09-26 15:00,2026-09-26,-60.208333333333336,-111,-15,48,-2890
gz-03-lote3-twin,rssi,2026-09-26 21:00,2026-09-26 16:00,2026-09-26,-59.42857142857143,-101,-13,49,-2912
gz-03-lote3-twin,rssi,2026-09-26 22:00,2026-09-26 17:00,2026-09-26,-59.0625,-107,-4,48,-2835
gz-03-lote3-twin,rssi,2026-09-26 23:00,2026-09-26 18:00,2026-09-26,-59.791666666666664,-102,-10,48,-2870
gz-03-lote3-twin,rssi,2026-09-27 00:00,2026-09-26 19:00,2026-09-26,-60.9375,-112,-14,48,-2925
gz-03-lote3-twin,rssi,2026-09-27 01:00,2026-09-26 20:00,2026-09-26,-60.020833333333336,-117,-12,48,-2881
gz-03-lote3-twin,rssi,2026-09-27 02:00,2026-09-26 21:00,2026-09-26,-60.93877551020408,-101,-19,49,-2986
gz-03-lote3-twin,rssi,2026-09-27 03:00,2026-09-26 22:00,2026-09-26,-58.979166666666664,-104,-5,48,-2831
gz-03-lote3-twin,rssi,2026-09-27 04:00,2026-09-26 23:00,2026-09-26,-59.916666666666664,-103,-9,48,-2876
gz-03-lote3-twin,rssi,2026-09-27 05:00,2026-09-27 00:00,2026-09-27,-60.333333333333336,-113,-22,48,-2896
gz-03-lote3-twin,rssi,2026-09-27 06:00,2026-09-27 01:00,2026-09-27,-59.857142857142854,-114,-16,49,-2933
gz-03-lote3-twin,rssi,2026-09-27 07:00,2026-09-27 02:00,2026-09-27,-60.145833333333336,-108,-8,48,-2887
gz-03-lote3-twin,rssi,2026-09-27 08:00,2026-09-27 03:00,2026-09-27,-59.145833333333336,-103,-5,48,-2839
gz-03-lote3-twin,rssi,2026-09-27 09:00,2026-09-27 04:00,2026-09-27,-59.6875,-104,-10,48,-2865
gz-03-lote3-twin,rssi,2026-09-27 10:00,2026-09-27 05:00,2026-09-27,-60.3125,-117,-12,48,-2895
gz-03-lote3-twin,rssi,2026-09-27 11:00,2026-09-27 06:00,2026-09-27,-61.08163265306123,-107,-17,49,-2993
gz-03-lote3-twin,rssi,2026-09-27 12:00,2026-09-27 07:00,2026-09-27,-60.041666666666664,-104,-10,48,-2882
gz-03-lote3-twin,rssi,2026-09-27 13:00,2026-09-27 08:00,2026-09-27,-59.416666666666664,-103,-9,48,-2852
gz-03-lote3-twin,rssi,2026-09-27 14:00,2026-09-27 09:00,2026-09-27,-59.708333333333336,-100,-10,48,-2866
gz-03-lote3-twin,rssi,2026-09-27 15:00,2026-09-27 10:00,2026-09-27,-59.583333333333336,-109,-15,48,-2860
gz-03-lote3-twin,rssi,2026-09-27 16:00,2026-09-27 11:00,2026-09-27,-60.46938775510204,-118,-14,49,-2963
gz-03-lote3-twin,rssi,2026-09-27 17:00,2026-09-27 12:00,2026-09-27,-60.291666666666664,-109,-11,48,-2894
gz-03-lote3-twin,rssi,2026-09-27 18:00,2026-09-27 13:00,2026-09-27,-60.041666666666664,-104,-3,48,-2882
gz-03-lote3-twin,rssi,2026-09-27 19:00,2026-09-27 14:00,2026-09-27,-59.416666666666664,-107,-12,48,-2852
gz-03-lote3-twin,rssi,2026-09-27 20:00,2026-09-27 15:00,2026-09-27,-59.75,-112,-8,48,-2868
gz-03-lote3-twin,rssi,2026-09-27 21:00,2026-09-27 16:00,2026-09-27,-60.6530612244898,-108,-16,49,-2972
gz-03-lote3-twin,rssi,2026-09-27 22:00,2026-09-27 17:00,2026-09-27,-60.270833333333336,-115,-9,48,-2893
gz-03-lote3-twin,rssi,2026-09-27 23:00,2026-09-27 18:00,2026-09-27,-60.166666666666664,-103,-7,48,-2888
gz-03-lote3-twin,rssi,2026-09-28 00:00,2026-09-27 19:00,2026-09-27,-59.479166666666664,-102,-13,48,-2855
gz-03-lote3-twin,rssi,2026-09-28 01:00,2026-09-27 20:00,2026-09-27,-59.89795918367347,-114,-12,49,-2935
gz-03-lote3-twin,rssi,2026-09-28 02:00,2026-09-27 21:00,2026-09-27,-59.916666666666664,-111,-17,48,-2876
gz-03-lote3-twin,rssi,2026-09-28 03:00,2026-09-27 22:00,2026-09-27,-60.604166666666664,-109,-10,48,-2909
gz-03-lote3-twin,rssi,2026-09-28 04:00,2026-09-27 23:00,2026-09-27,-60.625,-108,-3,48,-2910
gz-03-lote3-twin,rssi,2026-09-28 05:00,2026-09-28 00:00,2026-09-28,-59.083333333333336,-105,-4,48,-2836
gz-03-lote3-twin,rssi,2026-09-28 06:00,2026-09-28 01:00,2026-09-28,-59.40816326530612,-112,-12,49,-2911
gz-03-lote3-twin,rssi,2026-09-28 07:00,2026-09-28 02:00,2026-09-28,-59.75,-112,-19,48,-2868
gz-03-lote3-twin,rssi,2026-09-28 08:00,2026-09-28 03:00,2026-09-28,-60.6875,-114,-16,48,-2913
gz-03-lote3-twin,rssi,2026-09-28 09:00,2026-09-28 04:00,2026-09-28,-60.520833333333336,-102,-17,48,-2905
gz-03-lote3-twin,rssi,2026-09-28 10:00,2026-09-28 05:00,2026-09-28,-59.375,-103,-7,48,-2850
gz-03-lote3-twin,rssi,2026-09-28 11:00,2026-09-28 06:00,2026-09-28,-60.40816326530612,-113,-7,49,-2960
gz-03-lote3-twin,rssi,2026-09-28 12:00,2026-09-28 07:00,2026-09-28,-59.395833333333336,-104,-15,48,-2851
gz-03-lote3-twin,rssi,2026-09-28 13:00,2026-09-28 08:00,2026-09-28,-60.729166666666664,-117,-8,48,-2915
gz-03-lote3-twin,rssi,2026-09-28 14:00,2026-09-28 09:00,2026-09-28,-60.666666666666664,-108,-17,48,-2912
gz-03-lote3-twin,rssi,2026-09-28 15:00,2026-09-28 10:00,2026-09-28,-59.270833333333336,-105,-8,48,-2845
gz-03-lote3-twin,rssi,2026-09-28 16:00,2026-09-28 11:00,2026-09-28,-59.285714285714285,-116,-9,49,-2905
gz-03-lote3-twin,rssi,2026-09-28 17:00,2026-09-28 12:00,2026-09-28,-59.479166666666664,-104,-19,48,-2855
gz-03-lote3-twin,rssi,2026-09-28 18:00,2026-09-28 13:00,2026-09-28,-60.708333333333336,-109,-11,48,-2914
gz-03-lote3-twin,rssi,2026-09-28 19:00,2026-09-28 14:00,2026-09-28,-60.333333333333336,-104,-11,48,-2896
gz-03-lote3-twin,rssi,2026-09-28 20:00,2026-09-28 15:00,2026-09-28,-60.125,-101,-8,48,-2886
gz-03-lote3-twin,rssi,2026-09-28 21:00,2026-09-28 16:00,2026-09-28,-60.285714285714285,-109,-11,49,-2954
gz-03-lote3-twin,rssi,2026-09-28 22:00,2026-09-28 17:00,2026-09-28,-59.416666666666664,-107,-19,48,-2852
gz-03-lote3-twin,rssi,2026-09-28 23:00,2026-09-28 18:00,2026-09-28,-60.229166666666664,-118,-13,48,-2891
gz-03-lote3-twin,rssi,2026-09-29 00:00,2026-09-28 19:00,2026-09-28,-60.53333333333333,-105,-21,30,-1816
gz-03-lote3-twin,tempCanopy,2026-09-22 03:00,2026-09-21 22:00,2026-09-21,27.49393939393939,-7.4,71.2,33,907.2999999999998
gz-03-lote3-twin,tempCanopy,2026-09-22 04:00,2026-09-21 23:00,2026-09-21,30.04583333333335,-12.5,72.2,48,1442.2000000000007
gz-03-lote3-twin,tempCanopy,2026-09-22 05:00,2026-09-22 00:00,2026-09-22,29.391666666666666,-15.2,73.7,48,1410.8
gz-03-lote3-twin,tempCanopy,2026-09-22 06:00,2026-09-22 01:00,2026-09-22,30.385416666666668,-5.5,69.1,48,1458.5
gz-03-lote3-twin,tempCanopy,2026-09-22 07:00,2026-09-22 02:00,2026-09-22,30.254166666666663,-10.6,71.3,48,1452.1999999999998
gz-03-lote3-twin,tempCanopy,2026-09-22 08:00,2026-09-22 03:00,2026-09-22,29.16326530612244,-11.4,72.5,49,1428.9999999999995
gz-03-lote3-twin,tempCanopy,2026-09-22 09:00,2026-09-22 04:00,2026-09-22,30.677083333333332,-15.1,66.6,48,1472.5
gz-03-lote3-twin,tempCanopy,2026-09-22 10:00,2026-09-22 05:00,2026-09-22,29.75833333333333,-8.5,75.5,48,1428.3999999999999
gz-03-lote3-twin,tempCanopy,2026-09-22 11:00,2026-09-22 06:00,2026-09-22,30.091666666666665,-15.3,69.5,48,1444.3999999999999
gz-03-lote3-twin,tempCanopy,2026-09-22 12:00,2026-09-22 07:00,2026-09-22,29.41458333333333,-14.3,72.2,48,1411.8999999999999
gz-03-lote3-twin,tempCanopy,2026-09-22 13:00,2026-09-22 08:00,2026-09-22,30.347916666666663,-11.7,71.6,48,1456.6999999999998
gz-03-lote3-twin,tempCanopy,2026-09-22 14:00,2026-09-22 09:00,2026-09-22,29.5591836734694,-7.5,72,49,1448.4000000000005
gz-03-lote3-twin,tempCanopy,2026-09-22 15:00,2026-09-22 10:00,2026-09-22,29.910416666666674,-15.6,77.5,48,1435.7000000000003
gz-03-lote3-twin,tempCanopy,2026-09-22 16:00,2026-09-22 11:00,2026-09-22,30.44583333333333,-15.1,71.1,48,1461.3999999999999
gz-03-lote3-twin,tempCanopy,2026-09-22 17:00,2026-09-22 12:00,2026-09-22,28.302083333333325,-10.2,63,48,1358.4999999999995
gz-03-lote3-twin,tempCanopy,2026-09-22 18:00,2026-09-22 13:00,2026-09-22,29.41458333333333,-14.1,59.4,48,1411.8999999999999
gz-03-lote3-twin,tempCanopy,2026-09-22 19:00,2026-09-22 14:00,2026-09-22,30.348979591836734,-5.3,72.7,49,1487.1
gz-03-lote3-twin,tempCanopy,2026-09-22 20:00,2026-09-22 15:00,2026-09-22,23.527083333333334,-12.7,65.5,48,1129.3
gz-03-lote3-twin,tempCanopy,2026-09-22 21:00,2026-09-22 16:00,2026-09-22,34.965999999999994,-9.6,74,50,1748.2999999999997
gz-03-lote3-twin,tempCanopy,2026-09-22 22:00,2026-09-22 17:00,2026-09-22,27.066666666666666,-13.6,66.2,48,1299.2
gz-03-lote3-twin,tempCanopy,2026-09-22 23:00,2026-09-22 18:00,2026-09-22,30.160416666666663,-9.6,65.6,48,1447.6999999999998
gz-03-lote3-twin,tempCanopy,2026-09-23 00:00,2026-09-22 19:00,2026-09-22,33.21875000000001,-5,72.7,48,1594.5000000000005
gz-03-lote3-twin,tempCanopy,2026-09-23 01:00,2026-09-22 20:00,2026-09-22,24.332653061224487,-12.7,57.2,49,1192.3
gz-03-lote3-twin,tempCanopy,2026-09-23 02:00,2026-09-22 21:00,2026-09-22,34.97708333333333,-5.5,77.2,48,1678.9
gz-03-lote3-twin,tempCanopy,2026-09-23 03:00,2026-09-22 22:00,2026-09-22,28.181250000000006,-9.4,62.6,48,1352.7000000000003
gz-03-lote3-twin,tempCanopy,2026-09-23 04:00,2026-09-22 23:00,2026-09-22,27.816666666666674,-17.3,75.9,48,1335.2000000000003
gz-03-lote3-twin,tempCanopy,2026-09-23 05:00,2026-09-23 00:00,2026-09-23,34.93749999999999,4.1,67.4,48,1676.9999999999995
gz-03-lote3-twin,tempCanopy,2026-09-23 06:00,2026-09-23 01:00,2026-09-23,26.118367346938783,-8.7,66.8,49,1279.8000000000004
gz-03-lote3-twin,tempCanopy,2026-09-23 07:00,2026-09-23 02:00,2026-09-23,29.737500000000008,-8.5,74.3,48,1427.4000000000003
gz-03-lote3-twin,tempCanopy,2026-09-23 08:00,2026-09-23 03:00,2026-09-23,33.87083333333333,-8.3,72.1,48,1625.7999999999997
gz-03-lote3-twin,tempCanopy,2026-09-23 09:00,2026-09-23 04:00,2026-09-23,24.929166666666674,-8.5,58.4,48,1196.6000000000004
gz-03-lote3-twin,tempCanopy,2026-09-23 10:00,2026-09-23 05:00,2026-09-23,32.665306122448975,-12.7,67,49,1600.6
gz-03-lote3-twin,tempCanopy,2026-09-23 11:00,2026-09-23 06:00,2026-09-23,31.741666666666674,-10.8,70.5,48,1523.6000000000004
gz-03-lote3-twin,tempCanopy,2026-09-23 12:00,2026-09-23 07:00,2026-09-23,24.27499999999999,-7.4,64.3,48,1165.1999999999996
gz-03-lote3-twin,tempCanopy,2026-09-23 13:00,2026-09-23 08:00,2026-09-23,36.05833333333335,-4.5,77.2,48,1730.8000000000009
gz-03-lote3-twin,tempCanopy,2026-09-23 14:00,2026-09-23 09:00,2026-09-23,26.739583333333332,-15.9,69.4,48,1283.5
gz-03-lote3-twin,tempCanopy,2026-09-23 15:00,2026-09-23 10:00,2026-09-23,28.824489795918364,-15.6,66.8,49,1412.3999999999999
gz-03-lote3-twin,tempCanopy,2026-09-23 16:00,2026-09-23 11:00,2026-09-23,34.62083333333333,-9.6,73.5,48,1661.7999999999997
gz-03-lote3-twin,tempCanopy,2026-09-23 17:00,2026-09-23 12:00,2026-09-23,24.227083333333336,-15.3,61.8,48,1162.9
gz-03-lote3-twin,tempCanopy,2026-09-23 18:00,2026-09-23 13:00,2026-09-23,35.01086956521739,-5.1,70.8,46,1610.5
gz-03-lote3-twin,tempCanopy,2026-09-23 19:00,2026-09-23 14:00,2026-09-23,31.065217391304348,-11.9,70.3,46,1429
gz-03-lote3-twin,tempCanopy,2026-09-23 20:00,2026-09-23 15:00,2026-09-23,29.87755102040816,2.8,70.7,49,1463.9999999999998
gz-03-lote3-twin,tempCanopy,2026-09-23 21:00,2026-09-23 16:00,2026-09-23,30.310416666666665,-7.1,69.9,48,1454.8999999999999
gz-03-lote3-twin,tempCanopy,2026-09-23 22:00,2026-09-23 17:00,2026-09-23,29.481250000000003,-7.9,73,48,1415.1000000000001
gz-03-lote3-twin,tempCanopy,2026-09-23 23:00,2026-09-23 18:00,2026-09-23,29.66666666666667,-11.3,61.2,48,1424.0000000000002
gz-03-lote3-twin,tempCanopy,2026-09-24 00:00,2026-09-23 19:00,2026-09-23,30.868750000000002,-15.2,60.1,48,1481.7
gz-03-lote3-twin,tempCanopy,2026-09-24 01:00,2026-09-23 20:00,2026-09-23,29.726530612244897,-14,63.8,49,1456.6
gz-03-lote3-twin,tempCanopy,2026-09-24 02:00,2026-09-23 21:00,2026-09-23,30.022916666666664,-0.9,66,48,1441.1
gz-03-lote3-twin,tempCanopy,2026-09-24 03:00,2026-09-23 22:00,2026-09-23,29.17291666666667,-1.2,71.7,48,1400.3000000000002
gz-03-lote3-twin,tempCanopy,2026-09-24 04:00,2026-09-23 23:00,2026-09-23,30.468750000000004,-1.8,77.1,48,1462.5000000000002
gz-03-lote3-twin,tempCanopy,2026-09-24 05:00,2026-09-24 00:00,2026-09-24,30.183333333333326,-2.7,63.6,48,1448.7999999999997
gz-03-lote3-twin,tempCanopy,2026-09-24 06:00,2026-09-24 01:00,2026-09-24,30.0469387755102,-13.4,66.9,49,1472.2999999999997
gz-03-lote3-twin,tempCanopy,2026-09-24 07:00,2026-09-24 02:00,2026-09-24,29.575,-14.2,65,48,1419.6
gz-03-lote3-twin,tempCanopy,2026-09-24 08:00,2026-09-24 03:00,2026-09-24,29.73958333333333,-9.5,56.8,48,1427.4999999999998
gz-03-lote3-twin,tempCanopy,2026-09-24 09:00,2026-09-24 04:00,2026-09-24,30.187499999999996,-7.8,75.9,48,1448.9999999999998
gz-03-lote3-twin,tempCanopy,2026-09-24 10:00,2026-09-24 05:00,2026-09-24,30.281249999999996,-10.7,72.7,48,1453.4999999999998
gz-03-lote3-twin,tempCanopy,2026-09-24 11:00,2026-09-24 06:00,2026-09-24,29.914285714285715,5.2,68.6,49,1465.8
gz-03-lote3-twin,tempCanopy,2026-09-24 12:00,2026-09-24 07:00,2026-09-24,29.716666666666672,-11.4,72.7,48,1426.4000000000003
gz-03-lote3-twin,tempCanopy,2026-09-24 13:00,2026-09-24 08:00,2026-09-24,29.524999999999995,-13.6,68.2,48,1417.1999999999998
gz-03-lote3-twin,tempCanopy,2026-09-24 14:00,2026-09-24 09:00,2026-09-24,30.6125,-8.1,55.4,48,1469.4
gz-03-lote3-twin,tempCanopy,2026-09-24 15:00,2026-09-24 10:00,2026-09-24,29.86458333333334,-15,60.8,48,1433.5000000000002
gz-03-lote3-twin,tempCanopy,2026-09-24 16:00,2026-09-24 11:00,2026-09-24,30.20816326530612,-11.2,66.8,49,1480.1999999999998
gz-03-lote3-twin,tempCanopy,2026-09-24 17:00,2026-09-24 12:00,2026-09-24,29.20833333333333,3.1,66.9,48,1401.9999999999998
gz-03-lote3-twin,tempCanopy,2026-09-24 18:00,2026-09-24 13:00,2026-09-24,30.18958333333333,3.6,73.3,48,1449.1
gz-03-lote3-twin,tempCanopy,2026-09-24 19:00,2026-09-24 14:00,2026-09-24,30.2375,-7.5,73,48,1451.4
gz-03-lote3-twin,tempCanopy,2026-09-24 20:00,2026-09-24 15:00,2026-09-24,29.860416666666662,-4.9,61.9,48,1433.2999999999997
gz-03-lote3-twin,tempCanopy,2026-09-24 21:00,2026-09-24 16:00,2026-09-24,29.94081632653061,-16.3,61.4,49,1467.1
gz-03-lote3-twin,tempCanopy,2026-09-24 22:00,2026-09-24 17:00,2026-09-24,29.777083333333326,-11.7,64.2,48,1429.2999999999997
gz-03-lote3-twin,tempCanopy,2026-09-24 23:00,2026-09-24 18:00,2026-09-24,29.93958333333333,-7.7,60.6,48,1437.1
gz-03-lote3-twin,tempCanopy,2026-09-25 00:00,2026-09-24 19:00,2026-09-24,30.26666666666667,-5.7,78.8,48,1452.8000000000002
gz-03-lote3-twin,tempCanopy,2026-09-25 01:00,2026-09-24 20:00,2026-09-24,29.96938775510204,-1.6,78,49,1468.5
gz-03-lote3-twin,tempCanopy,2026-09-25 02:00,2026-09-24 21:00,2026-09-24,29.972916666666663,-4.2,64.6,48,1438.6999999999998
gz-03-lote3-twin,tempCanopy,2026-09-25 03:00,2026-09-24 22:00,2026-09-24,29.414583333333344,-11.5,71.8,48,1411.9000000000005
gz-03-lote3-twin,tempCanopy,2026-09-25 04:00,2026-09-24 23:00,2026-09-24,30.224999999999984,-17,58.3,48,1450.7999999999993
gz-03-lote3-twin,tempCanopy,2026-09-25 05:00,2026-09-25 00:00,2026-09-25,30.3875,-5.2,60.5,48,1458.6
gz-03-lote3-twin,tempCanopy,2026-09-25 06:00,2026-09-25 01:00,2026-09-25,30.083673469387758,-14.1,72.1,49,1474.1000000000001
gz-03-lote3-twin,tempCanopy,2026-09-25 07:00,2026-09-25 02:00,2026-09-25,29.3625,-8.1,70.5,48,1409.4
gz-03-lote3-twin,tempCanopy,2026-09-25 08:00,2026-09-25 03:00,2026-09-25,29.708333333333332,8.6,72.1,48,1426
gz-03-lote3-twin,tempCanopy,2026-09-25 09:00,2026-09-25 04:00,2026-09-25,30.49791666666667,-11.7,71.3,48,1463.9
gz-03-lote3-twin,tempCanopy,2026-09-25 10:00,2026-09-25 05:00,2026-09-25,29.906249999999996,-6.7,71.6,48,1435.4999999999998
gz-03-lote3-twin,tempCanopy,2026-09-25 11:00,2026-09-25 06:00,2026-09-25,30.114285714285728,-16.6,54.7,49,1475.6000000000006
gz-03-lote3-twin,tempCanopy,2026-09-25 12:00,2026-09-25 07:00,2026-09-25,29.433333333333326,-14.7,67,48,1412.7999999999997
gz-03-lote3-twin,tempCanopy,2026-09-25 13:00,2026-09-25 08:00,2026-09-25,30.045833333333338,-7.3,66.1,48,1442.2000000000003
gz-03-lote3-twin,tempCanopy,2026-09-25 14:00,2026-09-25 09:00,2026-09-25,30.16666666666667,0.2,71.3,48,1448.0000000000002
gz-03-lote3-twin,tempCanopy,2026-09-25 15:00,2026-09-25 10:00,2026-09-25,30.231249999999992,-3.8,74.8,48,1451.0999999999997
gz-03-lote3-twin,tempCanopy,2026-09-25 16:00,2026-09-25 11:00,2026-09-25,29.820408163265306,-0.5,75,49,1461.2
gz-03-lote3-twin,tempCanopy,2026-09-25 17:00,2026-09-25 12:00,2026-09-25,29.54791666666667,-8.3,62,48,1418.3000000000002
gz-03-lote3-twin,tempCanopy,2026-09-25 18:00,2026-09-25 13:00,2026-09-25,29.883333333333344,-14,64.2,48,1434.4000000000005
gz-03-lote3-twin,tempCanopy,2026-09-25 19:00,2026-09-25 14:00,2026-09-25,30.633333333333336,-13.8,60.7,48,1470.4
gz-03-lote3-twin,tempCanopy,2026-09-25 20:00,2026-09-25 15:00,2026-09-25,29.627083333333342,-6,62.6,48,1422.1000000000004
gz-03-lote3-twin,tempCanopy,2026-09-25 21:00,2026-09-25 16:00,2026-09-25,30.006122448979596,-10.4,75.2,49,1470.3000000000002
gz-03-lote3-twin,tempCanopy,2026-09-25 22:00,2026-09-25 17:00,2026-09-25,29.45625,-5.6,69,48,1413.9
gz-03-lote3-twin,tempCanopy,2026-09-25 23:00,2026-09-25 18:00,2026-09-25,30.345833333333335,3.3,71.2,48,1456.6000000000001
gz-03-lote3-twin,tempCanopy,2026-09-26 00:00,2026-09-25 19:00,2026-09-25,30.168750000000003,-12.2,71.9,48,1448.1000000000001
gz-03-lote3-twin,tempCanopy,2026-09-26 01:00,2026-09-25 20:00,2026-09-25,29.764583333333334,-10,67.5,48,1428.7
gz-03-lote3-twin,tempCanopy,2026-09-26 02:00,2026-09-25 21:00,2026-09-25,29.834693877551018,-8.7,57,49,1461.8999999999999
gz-03-lote3-twin,tempCanopy,2026-09-26 03:00,2026-09-25 22:00,2026-09-25,29.8875,-14.3,67.7,48,1434.6
gz-03-lote3-twin,tempCanopy,2026-09-26 04:00,2026-09-25 23:00,2026-09-25,30.029166666666665,-8.4,68.1,48,1441.3999999999999
gz-03-lote3-twin,tempCanopy,2026-09-26 05:00,2026-09-26 00:00,2026-09-26,30.40833333333333,4.1,66.3,48,1459.6
gz-03-lote3-twin,tempCanopy,2026-09-26 06:00,2026-09-26 01:00,2026-09-26,29.443749999999994,-1.9,74,48,1413.2999999999997
gz-03-lote3-twin,tempCanopy,2026-09-26 07:00,2026-09-26 02:00,2026-09-26,30.128571428571426,-8,69.4,49,1476.3
gz-03-lote3-twin,tempCanopy,2026-09-26 08:00,2026-09-26 03:00,2026-09-26,29.58958333333334,-10.6,59.5,48,1420.3000000000004
gz-03-lote3-twin,tempCanopy,2026-09-26 09:00,2026-09-26 04:00,2026-09-26,30.51249999999999,-15.4,58.9,48,1464.5999999999995
gz-03-lote3-twin,tempCanopy,2026-09-26 10:00,2026-09-26 05:00,2026-09-26,30.033333333333335,-4.9,65.5,48,1441.6000000000001
gz-03-lote3-twin,tempCanopy,2026-09-26 11:00,2026-09-26 06:00,2026-09-26,29.93673469387756,-0.7,72.4,49,1466.9000000000005
gz-03-lote3-twin,tempCanopy,2026-09-26 12:00,2026-09-26 07:00,2026-09-26,29.44583333333333,-1.7,76.1,48,1413.3999999999999
gz-03-lote3-twin,tempCanopy,2026-09-26 13:00,2026-09-26 08:00,2026-09-26,30.089583333333337,0.8,70.4,48,1444.3000000000002
gz-03-lote3-twin,tempCanopy,2026-09-26 14:00,2026-09-26 09:00,2026-09-26,30.285416666666674,-11.1,64.8,48,1453.7000000000003
gz-03-lote3-twin,tempCanopy,2026-09-26 15:00,2026-09-26 10:00,2026-09-26,29.845833333333346,-13.3,65.1,48,1432.6000000000006
gz-03-lote3-twin,tempCanopy,2026-09-26 16:00,2026-09-26 11:00,2026-09-26,29.836734693877553,-12.8,56.1,49,1462
gz-03-lote3-twin,tempCanopy,2026-09-26 17:00,2026-09-26 12:00,2026-09-26,29.904166666666665,-6.8,70,48,1435.3999999999999
gz-03-lote3-twin,tempCanopy,2026-09-26 18:00,2026-09-26 13:00,2026-09-26,29.924999999999994,-6.1,75.7,48,1436.3999999999996
gz-03-lote3-twin,tempCanopy,2026-09-26 19:00,2026-09-26 14:00,2026-09-26,30.22916666666666,6.1,66.7,48,1450.9999999999998
gz-03-lote3-twin,tempCanopy,2026-09-26 20:00,2026-09-26 15:00,2026-09-26,30.025000000000006,-4,72.4,48,1441.2000000000003
gz-03-lote3-twin,tempCanopy,2026-09-26 21:00,2026-09-26 16:00,2026-09-26,29.851020408163265,-15.4,63.1,49,1462.7
gz-03-lote3-twin,tempCanopy,2026-09-26 22:00,2026-09-26 17:00,2026-09-26,29.64583333333333,-8.6,52.2,48,1422.9999999999998
gz-03-lote3-twin,tempCanopy,2026-09-26 23:00,2026-09-26 18:00,2026-09-26,29.972916666666674,-15.5,67.6,48,1438.7000000000003
gz-03-lote3-twin,tempCanopy,2026-09-27 00:00,2026-09-26 19:00,2026-09-26,30.593750000000004,-9.1,70.7,48,1468.5000000000002
gz-03-lote3-twin,tempCanopy,2026-09-27 01:00,2026-09-26 20:00,2026-09-26,29.310416666666658,2.9,70.7,48,1406.8999999999996
gz-03-lote3-twin,tempCanopy,2026-09-27 02:00,2026-09-26 21:00,2026-09-26,30.142857142857142,-8.7,75,49,1477
gz-03-lote3-twin,tempCanopy,2026-09-27 03:00,2026-09-26 22:00,2026-09-26,29.5625,-3.3,74.4,48,1419
gz-03-lote3-twin,tempCanopy,2026-09-27 04:00,2026-09-26 23:00,2026-09-26,30.520833333333343,-12.8,56.4,48,1465.0000000000005
gz-03-lote3-twin,tempCanopy,2026-09-27 05:00,2026-09-27 00:00,2026-09-27,30.002083333333328,-17.4,66.1,48,1440.0999999999997
gz-03-lote3-twin,tempCanopy,2026-09-27 06:00,2026-09-27 01:00,2026-09-27,29.946938775510212,-8.7,66.4,49,1467.4000000000003
gz-03-lote3-twin,tempCanopy,2026-09-27 07:00,2026-09-27 02:00,2026-09-27,29.489583333333332,-3.6,66,48,1415.5
gz-03-lote3-twin,tempCanopy,2026-09-27 08:00,2026-09-27 03:00,2026-09-27,30.083333333333332,1.8,79.4,48,1444
gz-03-lote3-twin,tempCanopy,2026-09-27 09:00,2026-09-27 04:00,2026-09-27,30.212500000000002,-0.6,67.7,48,1450.2
gz-03-lote3-twin,tempCanopy,2026-09-27 10:00,2026-09-27 05:00,2026-09-27,30.077083333333334,-12,68.1,48,1443.7
gz-03-lote3-twin,tempCanopy,2026-09-27 11:00,2026-09-27 06:00,2026-09-27,29.73265306122448,-16.2,62.3,49,1456.8999999999994
gz-03-lote3-twin,tempCanopy,2026-09-27 12:00,2026-09-27 07:00,2026-09-27,29.818749999999994,-12.9,58.1,48,1431.2999999999997
gz-03-lote3-twin,tempCanopy,2026-09-27 13:00,2026-09-27 08:00,2026-09-27,29.879166666666674,-9.1,76,48,1434.2000000000003
gz-03-lote3-twin,tempCanopy,2026-09-27 14:00,2026-09-27 09:00,2026-09-27,30.53958333333334,-8.6,69.9,48,1465.9000000000003
gz-03-lote3-twin,tempCanopy,2026-09-27 15:00,2026-09-27 10:00,2026-09-27,29.660416666666666,0.8,70,48,1423.7
gz-03-lote3-twin,tempCanopy,2026-09-27 16:00,2026-09-27 11:00,2026-09-27,29.96938775510203,-15.2,73.2,49,1468.4999999999995
gz-03-lote3-twin,tempCanopy,2026-09-27 17:00,2026-09-27 12:00,2026-09-27,29.466666666666654,-15.3,66.6,48,1414.3999999999994
gz-03-lote3-twin,tempCanopy,2026-09-27 18:00,2026-09-27 13:00,2026-09-27,30.44791666666667,-6.3,59.9,48,1461.5000000000002
gz-03-lote3-twin,tempCanopy,2026-09-27 19:00,2026-09-27 14:00,2026-09-27,30.249999999999986,-17.6,65.4,48,1451.9999999999993
gz-03-lote3-twin,tempCanopy,2026-09-27 20:00,2026-09-27 15:00,2026-09-27,29.274999999999995,-4.2,71.1,48,1405.1999999999998
gz-03-lote3-twin,tempCanopy,2026-09-27 21:00,2026-09-27 16:00,2026-09-27,29.967346938775506,3.5,69.9,49,1468.3999999999999
gz-03-lote3-twin,tempCanopy,2026-09-27 22:00,2026-09-27 17:00,2026-09-27,30.03958333333334,-7.2,77.3,48,1441.9000000000003
gz-03-lote3-twin,tempCanopy,2026-09-27 23:00,2026-09-27 18:00,2026-09-27,30.410416666666663,-3.2,72.6,48,1459.6999999999998
gz-03-lote3-twin,tempCanopy,2026-09-28 00:00,2026-09-27 19:00,2026-09-27,29.818749999999998,-14.8,56.5,48,1431.3
gz-03-lote3-twin,tempCanopy,2026-09-28 01:00,2026-09-27 20:00,2026-09-27,29.87551020408163,-15.5,64.6,49,1463.8999999999999
gz-03-lote3-twin,tempCanopy,2026-09-28 02:00,2026-09-27 21:00,2026-09-27,29.731250000000003,-12.1,60.9,48,1427.1000000000001
gz-03-lote3-twin,tempCanopy,2026-09-28 03:00,2026-09-27 22:00,2026-09-27,30.12708333333333,-3.5,71.2,48,1446.1
gz-03-lote3-twin,tempCanopy,2026-09-28 04:00,2026-09-27 23:00,2026-09-27,30.110416666666666,-1,78.1,48,1445.3
gz-03-lote3-twin,tempCanopy,2026-09-28 05:00,2026-09-28 00:00,2026-09-28,30.02916666666667,-3.7,66.9,48,1441.4
gz-03-lote3-twin,tempCanopy,2026-09-28 06:00,2026-09-28 01:00,2026-09-28,29.751020408163264,-7.6,69.7,49,1457.8
gz-03-lote3-twin,tempCanopy,2026-09-28 07:00,2026-09-28 02:00,2026-09-28,29.802083333333332,-16.4,57,48,1430.5
gz-03-lote3-twin,tempCanopy,2026-09-28 08:00,2026-09-28 03:00,2026-09-28,30.04375,-6.8,60.6,48,1442.1
gz-03-lote3-twin,tempCanopy,2026-09-28 09:00,2026-09-28 04:00,2026-09-28,30.395833333333332,-11.8,72.6,48,1459
gz-03-lote3-twin,tempCanopy,2026-09-28 10:00,2026-09-28 05:00,2026-09-28,29.525000000000002,-6.6,70,48,1417.2
gz-03-lote3-twin,tempCanopy,2026-09-28 11:00,2026-09-28 06:00,2026-09-28,29.973469387755102,5.5,70.8,49,1468.7
gz-03-lote3-twin,tempCanopy,2026-09-28 12:00,2026-09-28 07:00,2026-09-28,29.754166666666663,-14,71.6,48,1428.1999999999998
gz-03-lote3-twin,tempCanopy,2026-09-28 13:00,2026-09-28 08:00,2026-09-28,30.43541666666667,-10,68.8,48,1460.9
gz-03-lote3-twin,tempCanopy,2026-09-28 14:00,2026-09-28 09:00,2026-09-28,29.852083333333336,-10,58.9,48,1432.9
gz-03-lote3-twin,tempCanopy,2026-09-28 15:00,2026-09-28 10:00,2026-09-28,29.768749999999997,-15.8,68.9,48,1428.8999999999999
gz-03-lote3-twin,tempCanopy,2026-09-28 16:00,2026-09-28 11:00,2026-09-28,29.767346938775507,-5.3,70.1,49,1458.6
gz-03-lote3-twin,tempCanopy,2026-09-28 17:00,2026-09-28 12:00,2026-09-28,30.2375,3.2,66.5,48,1451.4
gz-03-lote3-twin,tempCanopy,2026-09-28 18:00,2026-09-28 13:00,2026-09-28,29.952083333333334,-1.2,75.9,48,1437.7
gz-03-lote3-twin,tempCanopy,2026-09-28 19:00,2026-09-28 14:00,2026-09-28,30.15416666666667,-6,68.4,48,1447.4
gz-03-lote3-twin,tempCanopy,2026-09-28 20:00,2026-09-28 15:00,2026-09-28,29.65416666666667,-10.7,60.7,48,1423.4
gz-03-lote3-twin,tempCanopy,2026-09-28 21:00,2026-09-28 16:00,2026-09-28,30.06530612244898,-14.6,58.3,49,1473.2
gz-03-lote3-twin,tempCanopy,2026-09-28 22:00,2026-09-28 17:00,2026-09-28,29.735416666666666,-6.7,65,48,1427.3
gz-03-lote3-twin,tempCanopy,2026-09-28 23:00,2026-09-28 18:00,2026-09-28,30.3625,-1.4,71.7,48,1457.4
gz-03-lote3-twin,tempCanopy,2026-09-29 00:00,2026-09-28 19:00,2026-09-28,28.876666666666665,-2.3,68.6,30,866.3
gz-03-lote3-twin,tempSuelo,2026-09-22 03:00,2026-09-21 22:00,2026-09-21,5.345454545454547,-32.1,43.3,33,176.40000000000003
gz-03-lote3-twin,tempSuelo,2026-09-22 04:00,2026-09-21 23:00,2026-09-21,-0.7812499999999997,-36.2,33.3,48,-37.499999999999986
gz-03-lote3-twin,tempSuelo,2026-09-22 05:00,2026-09-22 00:00,2026-09-22,6.922916666666668,-29.8,40.8,48,332.30000000000007
gz-03-lote3-twin,tempSuelo,2026-09-22 06:00,2026-09-22 01:00,2026-09-22,16.158333333333335,-19.6,48.8,48,775.6
gz-03-lote3-twin,tempSuelo,2026-09-22 07:00,2026-09-22 02:00,2026-09-22,21.466666666666672,-9.8,57.1,48,1030.4000000000003
gz-03-lote3-twin,tempSuelo,2026-09-22 08:00,2026-09-22 03:00,2026-09-22,19.361224489795923,-16.2,56.2,49,948.7000000000002
gz-03-lote3-twin,tempSuelo,2026-09-22 09:00,2026-09-22 04:00,2026-09-22,10.58958333333333,-24.9,44.5,48,508.29999999999984
gz-03-lote3-twin,tempSuelo,2026-09-22 10:00,2026-09-22 05:00,2026-09-22,2.25625,-31.5,39.1,48,108.30000000000001
gz-03-lote3-twin,tempSuelo,2026-09-22 11:00,2026-09-22 06:00,2026-09-22,-2.2687500000000016,-35.1,33.5,48,-108.90000000000008
gz-03-lote3-twin,tempSuelo,2026-09-22 12:00,2026-09-22 07:00,2026-09-22,1.41875,-29.6,34.5,48,68.1
gz-03-lote3-twin,tempSuelo,2026-09-22 13:00,2026-09-22 08:00,2026-09-22,9.04791666666667,-25.7,37.6,48,434.3000000000001
gz-03-lote3-twin,tempSuelo,2026-09-22 14:00,2026-09-22 09:00,2026-09-22,19.214285714285715,-18.3,54,49,941.5
gz-03-lote3-twin,tempSuelo,2026-09-22 15:00,2026-09-22 10:00,2026-09-22,21.53541666666666,-11.8,58.7,48,1033.6999999999996
gz-03-lote3-twin,tempSuelo,2026-09-22 16:00,2026-09-22 11:00,2026-09-22,18.53125,-16.8,55.5,48,889.5
gz-03-lote3-twin,tempSuelo,2026-09-22 17:00,2026-09-22 12:00,2026-09-22,8.379166666666668,-33,49.5,48,402.20000000000005
gz-03-lote3-twin,tempSuelo,2026-09-22 18:00,2026-09-22 13:00,2026-09-22,9.991666666666667,-22.5,52.2,48,479.6
gz-03-lote3-twin,tempSuelo,2026-09-22 19:00,2026-09-22 14:00,2026-09-22,9.995918367346938,-37.4,49.3,49,489.79999999999995
gz-03-lote3-twin,tempSuelo,2026-09-22 20:00,2026-09-22 15:00,2026-09-22,9.13125,-37.2,54.2,48,438.3
gz-03-lote3-twin,tempSuelo,2026-09-22 21:00,2026-09-22 16:00,2026-09-22,9.017999999999999,-36.5,59.1,50,450.8999999999999
gz-03-lote3-twin,tempSuelo,2026-09-22 22:00,2026-09-22 17:00,2026-09-22,10.227083333333331,-23.3,42.4,48,490.8999999999999
gz-03-lote3-twin,tempSuelo,2026-09-22 23:00,2026-09-22 18:00,2026-09-22,9.435416666666667,-24.7,43.2,48,452.9
gz-03-lote3-twin,tempSuelo,2026-09-23 00:00,2026-09-22 19:00,2026-09-22,10.402083333333337,-19.7,42.6,48,499.3000000000002
gz-03-lote3-twin,tempSuelo,2026-09-23 01:00,2026-09-22 20:00,2026-09-22,10.130612244897957,-32.3,44,49,496.39999999999986
gz-03-lote3-twin,tempSuelo,2026-09-23 02:00,2026-09-22 21:00,2026-09-22,9.675000000000002,-36.5,56.6,48,464.4000000000001
gz-03-lote3-twin,tempSuelo,2026-09-23 03:00,2026-09-22 22:00,2026-09-22,9.875000000000002,-28.4,48.7,48,474.0000000000001
gz-03-lote3-twin,tempSuelo,2026-09-23 04:00,2026-09-22 23:00,2026-09-22,10.335416666666664,-32.3,53.9,48,496.09999999999985
gz-03-lote3-twin,tempSuelo,2026-09-23 05:00,2026-09-23 00:00,2026-09-23,9.635416666666668,-33.7,49.5,48,462.50000000000006
gz-03-lote3-twin,tempSuelo,2026-09-23 06:00,2026-09-23 01:00,2026-09-23,9.967346938775512,-21.4,38.1,49,488.40000000000003
gz-03-lote3-twin,tempSuelo,2026-09-23 07:00,2026-09-23 02:00,2026-09-23,10.241666666666664,-22.3,42.6,48,491.59999999999985
gz-03-lote3-twin,tempSuelo,2026-09-23 08:00,2026-09-23 03:00,2026-09-23,9.845833333333335,-16.8,37.5,48,472.6000000000001
gz-03-lote3-twin,tempSuelo,2026-09-23 09:00,2026-09-23 04:00,2026-09-23,10.191666666666668,-31.2,47.8,48,489.20000000000005
gz-03-lote3-twin,tempSuelo,2026-09-23 10:00,2026-09-23 05:00,2026-09-23,9.789795918367348,-33.5,54.6,49,479.7000000000001
gz-03-lote3-twin,tempSuelo,2026-09-23 11:00,2026-09-23 06:00,2026-09-23,9.970833333333333,-29.9,50.9,48,478.6
gz-03-lote3-twin,tempSuelo,2026-09-23 12:00,2026-09-23 07:00,2026-09-23,10.222916666666665,-34.4,54.4,48,490.6999999999999
gz-03-lote3-twin,tempSuelo,2026-09-23 13:00,2026-09-23 08:00,2026-09-23,9.677083333333332,-32.3,46.7,48,464.49999999999994
gz-03-lote3-twin,tempSuelo,2026-09-23 14:00,2026-09-23 09:00,2026-09-23,10.316666666666666,-24.7,42.4,48,495.2
gz-03-lote3-twin,tempSuelo,2026-09-23 15:00,2026-09-23 10:00,2026-09-23,10.034693877551017,-24.3,42.7,49,491.6999999999999
gz-03-lote3-twin,tempSuelo,2026-09-23 16:00,2026-09-23 11:00,2026-09-23,9.677083333333332,-15,38.6,48,464.49999999999994
gz-03-lote3-twin,tempSuelo,2026-09-23 17:00,2026-09-23 12:00,2026-09-23,10.058333333333334,-31,52.9,48,482.8
gz-03-lote3-twin,tempSuelo,2026-09-23 18:00,2026-09-23 13:00,2026-09-23,10.647826086956524,-31.2,50.7,46,489.8000000000001
gz-03-lote3-twin,tempSuelo,2026-09-23 19:00,2026-09-23 14:00,2026-09-23,18.602173913043472,-23.4,51.7,46,855.6999999999997
gz-03-lote3-twin,tempSuelo,2026-09-23 20:00,2026-09-23 15:00,2026-09-23,9.818367346938777,-28.7,56.6,49,481.1
gz-03-lote3-twin,tempSuelo,2026-09-23 21:00,2026-09-23 16:00,2026-09-23,10.106249999999998,-29.6,51.9,48,485.09999999999985
gz-03-lote3-twin,tempSuelo,2026-09-23 22:00,2026-09-23 17:00,2026-09-23,9.73333333333333,-20.4,54.9,48,467.1999999999999
gz-03-lote3-twin,tempSuelo,2026-09-23 23:00,2026-09-23 18:00,2026-09-23,9.47916666666667,-32,56.1,48,455.0000000000001
gz-03-lote3-twin,tempSuelo,2026-09-24 00:00,2026-09-23 19:00,2026-09-23,10.025000000000002,-22.4,47.3,48,481.2000000000001
gz-03-lote3-twin,tempSuelo,2026-09-24 01:00,2026-09-23 20:00,2026-09-23,10.116326530612243,-25.3,57.6,49,495.6999999999999
gz-03-lote3-twin,tempSuelo,2026-09-24 02:00,2026-09-23 21:00,2026-09-23,10.704166666666666,-27.9,51.8,48,513.8
gz-03-lote3-twin,tempSuelo,2026-09-24 03:00,2026-09-23 22:00,2026-09-23,9.7125,-25.5,52.8,48,466.2
gz-03-lote3-twin,tempSuelo,2026-09-24 04:00,2026-09-23 23:00,2026-09-23,9.868749999999999,-27,53.5,48,473.69999999999993
gz-03-lote3-twin,tempSuelo,2026-09-24 05:00,2026-09-24 00:00,2026-09-24,9.227083333333331,-26.1,56.5,48,442.8999999999999
gz-03-lote3-twin,tempSuelo,2026-09-24 06:00,2026-09-24 01:00,2026-09-24,10.071428571428573,-23.2,49,49,493.50000000000006
gz-03-lote3-twin,tempSuelo,2026-09-24 07:00,2026-09-24 02:00,2026-09-24,10.281249999999998,-24,58.3,48,493.49999999999994
gz-03-lote3-twin,tempSuelo,2026-09-24 08:00,2026-09-24 03:00,2026-09-24,10.545833333333333,-25.6,50.9,48,506.2
gz-03-lote3-twin,tempSuelo,2026-09-24 09:00,2026-09-24 04:00,2026-09-24,10.079166666666667,-18.8,53.2,48,483.8
gz-03-lote3-twin,tempSuelo,2026-09-24 10:00,2026-09-24 05:00,2026-09-24,9.800000000000002,-28.5,49.3,48,470.4000000000001
gz-03-lote3-twin,tempSuelo,2026-09-24 11:00,2026-09-24 06:00,2026-09-24,9.900000000000002,-23.5,57.3,49,485.1000000000001
gz-03-lote3-twin,tempSuelo,2026-09-24 12:00,2026-09-24 07:00,2026-09-24,9.314583333333333,-22.2,48.5,48,447.09999999999997
gz-03-lote3-twin,tempSuelo,2026-09-24 13:00,2026-09-24 08:00,2026-09-24,10.527083333333332,-18.1,55.1,48,505.2999999999999
gz-03-lote3-twin,tempSuelo,2026-09-24 14:00,2026-09-24 09:00,2026-09-24,10.329166666666667,-30.5,52.6,48,495.80000000000007
gz-03-lote3-twin,tempSuelo,2026-09-24 15:00,2026-09-24 10:00,2026-09-24,10.047916666666666,-20.4,51.7,48,482.29999999999995
gz-03-lote3-twin,tempSuelo,2026-09-24 16:00,2026-09-24 11:00,2026-09-24,10.120408163265306,-25.7,53.8,49,495.9
gz-03-lote3-twin,tempSuelo,2026-09-24 17:00,2026-09-24 12:00,2026-09-24,9.539583333333331,-27.8,56.8,48,457.8999999999999
gz-03-lote3-twin,tempSuelo,2026-09-24 18:00,2026-09-24 13:00,2026-09-24,9.4,-27.1,44.4,48,451.2
gz-03-lote3-twin,tempSuelo,2026-09-24 19:00,2026-09-24 14:00,2026-09-24,10.220833333333331,-27.1,55.5,48,490.5999999999999
gz-03-lote3-twin,tempSuelo,2026-09-24 20:00,2026-09-24 15:00,2026-09-24,10.60416666666667,-30.2,55.2,48,509.0000000000001
gz-03-lote3-twin,tempSuelo,2026-09-24 21:00,2026-09-24 16:00,2026-09-24,9.979591836734697,-24,47.8,49,489.0000000000001
gz-03-lote3-twin,tempSuelo,2026-09-24 22:00,2026-09-24 17:00,2026-09-24,9.920833333333334,-30.5,53.8,48,476.20000000000005
gz-03-lote3-twin,tempSuelo,2026-09-24 23:00,2026-09-24 18:00,2026-09-24,9.8125,-31.2,50.2,48,471
gz-03-lote3-twin,tempSuelo,2026-09-25 00:00,2026-09-24 19:00,2026-09-24,9.36875,-25,50.1,48,449.70000000000005
gz-03-lote3-twin,tempSuelo,2026-09-25 01:00,2026-09-24 20:00,2026-09-24,9.924489795918367,-33.3,55.2,49,486.3
gz-03-lote3-twin,tempSuelo,2026-09-25 02:00,2026-09-24 21:00,2026-09-24,10.43958333333333,-28.9,47.1,48,501.09999999999985
gz-03-lote3-twin,tempSuelo,2026-09-25 03:00,2026-09-24 22:00,2026-09-24,10.49375,-28.7,50.6,48,503.7
gz-03-lote3-twin,tempSuelo,2026-09-25 04:00,2026-09-24 23:00,2026-09-24,10.083333333333334,-33.3,54.7,48,484
gz-03-lote3-twin,tempSuelo,2026-09-25 05:00,2026-09-25 00:00,2026-09-25,9.633333333333331,-27.7,45.5,48,462.3999999999999
gz-03-lote3-twin,tempSuelo,2026-09-25 06:00,2026-09-25 01:00,2026-09-25,10.114285714285714,-33,52.1,49,495.59999999999997
gz-03-lote3-twin,tempSuelo,2026-09-25 07:00,2026-09-25 02:00,2026-09-25,9.172916666666664,-33.7,48.7,48,440.2999999999999
gz-03-lote3-twin,tempSuelo,2026-09-25 08:00,2026-09-25 03:00,2026-09-25,10.45,-25.9,47,48,501.59999999999997
gz-03-lote3-twin,tempSuelo,2026-09-25 09:00,2026-09-25 04:00,2026-09-25,10.102083333333331,-36,51.9,48,484.89999999999986
gz-03-lote3-twin,tempSuelo,2026-09-25 10:00,2026-09-25 05:00,2026-09-25,10.497916666666663,-32.1,46.1,48,503.89999999999986
gz-03-lote3-twin,tempSuelo,2026-09-25 11:00,2026-09-25 06:00,2026-09-25,9.912244897959184,-29.2,46.3,49,485.7
gz-03-lote3-twin,tempSuelo,2026-09-25 12:00,2026-09-25 07:00,2026-09-25,9.485416666666664,-34.2,52.8,48,455.2999999999999
gz-03-lote3-twin,tempSuelo,2026-09-25 13:00,2026-09-25 08:00,2026-09-25,9.547916666666667,-32.1,44.5,48,458.3
gz-03-lote3-twin,tempSuelo,2026-09-25 14:00,2026-09-25 09:00,2026-09-25,10.31875,-31.5,45.8,48,495.3
gz-03-lote3-twin,tempSuelo,2026-09-25 15:00,2026-09-25 10:00,2026-09-25,10.4125,-37.5,47.1,48,499.79999999999995
gz-03-lote3-twin,tempSuelo,2026-09-25 16:00,2026-09-25 11:00,2026-09-25,9.851020408163267,-26.4,49.8,49,482.70000000000005
gz-03-lote3-twin,tempSuelo,2026-09-25 17:00,2026-09-25 12:00,2026-09-25,10.391666666666666,-34,43.3,48,498.79999999999995
gz-03-lote3-twin,tempSuelo,2026-09-25 18:00,2026-09-25 13:00,2026-09-25,9.504166666666666,-32.4,45.9,48,456.2
gz-03-lote3-twin,tempSuelo,2026-09-25 19:00,2026-09-25 14:00,2026-09-25,9.414583333333335,-37.5,44.7,48,451.90000000000003
gz-03-lote3-twin,tempSuelo,2026-09-25 20:00,2026-09-25 15:00,2026-09-25,10.310416666666667,-29.4,44.4,48,494.90000000000003
gz-03-lote3-twin,tempSuelo,2026-09-25 21:00,2026-09-25 16:00,2026-09-25,10.059183673469386,-34.7,45.2,49,492.8999999999999
gz-03-lote3-twin,tempSuelo,2026-09-25 22:00,2026-09-25 17:00,2026-09-25,10.372916666666667,-36.6,44.7,48,497.90000000000003
gz-03-lote3-twin,tempSuelo,2026-09-25 23:00,2026-09-25 18:00,2026-09-25,10.016666666666667,-32.8,40.4,48,480.80000000000007
gz-03-lote3-twin,tempSuelo,2026-09-26 00:00,2026-09-25 19:00,2026-09-25,9.541666666666668,-30.7,46.8,48,458.00000000000006
gz-03-lote3-twin,tempSuelo,2026-09-26 01:00,2026-09-25 20:00,2026-09-25,9.429166666666665,-37.6,44.6,48,452.5999999999999
gz-03-lote3-twin,tempSuelo,2026-09-26 02:00,2026-09-25 21:00,2026-09-25,9.971428571428572,-28.7,40.9,49,488.6
gz-03-lote3-twin,tempSuelo,2026-09-26 03:00,2026-09-25 22:00,2026-09-25,10.491666666666665,-38.2,45.1,48,503.59999999999997
gz-03-lote3-twin,tempSuelo,2026-09-26 04:00,2026-09-25 23:00,2026-09-25,10.199999999999998,-33.4,48.9,48,489.59999999999985
gz-03-lote3-twin,tempSuelo,2026-09-26 05:00,2026-09-26 00:00,2026-09-26,10.570833333333331,-33.5,48.3,48,507.39999999999986
gz-03-lote3-twin,tempSuelo,2026-09-26 06:00,2026-09-26 01:00,2026-09-26,9.264583333333333,-36.9,46.6,48,444.7
gz-03-lote3-twin,tempSuelo,2026-09-26 07:00,2026-09-26 02:00,2026-09-26,9.975510204081633,-30.1,45.9,49,488.8
gz-03-lote3-twin,tempSuelo,2026-09-26 08:00,2026-09-26 03:00,2026-09-26,9.629166666666668,-30.7,47.7,48,462.2000000000001
gz-03-lote3-twin,tempSuelo,2026-09-26 09:00,2026-09-26 04:00,2026-09-26,10.204166666666667,-37.6,47.9,48,489.80000000000007
gz-03-lote3-twin,tempSuelo,2026-09-26 10:00,2026-09-26 05:00,2026-09-26,10.210416666666667,-28,43.3,48,490.1
gz-03-lote3-twin,tempSuelo,2026-09-26 11:00,2026-09-26 06:00,2026-09-26,10.055102040816323,-36.5,47,49,492.6999999999998
gz-03-lote3-twin,tempSuelo,2026-09-26 12:00,2026-09-26 07:00,2026-09-26,10.466666666666669,-32.9,52.6,48,502.4000000000001
gz-03-lote3-twin,tempSuelo,2026-09-26 13:00,2026-09-26 08:00,2026-09-26,9.212499999999999,-32.8,40,48,442.19999999999993
gz-03-lote3-twin,tempSuelo,2026-09-26 14:00,2026-09-26 09:00,2026-09-26,9.702083333333333,-34.3,50.8,48,465.7
gz-03-lote3-twin,tempSuelo,2026-09-26 15:00,2026-09-26 10:00,2026-09-26,10.110416666666667,-28.3,48.5,48,485.30000000000007
gz-03-lote3-twin,tempSuelo,2026-09-26 16:00,2026-09-26 11:00,2026-09-26,9.855102040816323,-29.9,51.2,49,482.89999999999986
gz-03-lote3-twin,tempSuelo,2026-09-26 17:00,2026-09-26 12:00,2026-09-26,10.518749999999997,-36.1,48.9,48,504.89999999999986
gz-03-lote3-twin,tempSuelo,2026-09-26 18:00,2026-09-26 13:00,2026-09-26,10.431250000000002,-23.2,48.4,48,500.7000000000001
gz-03-lote3-twin,tempSuelo,2026-09-26 19:00,2026-09-26 14:00,2026-09-26,9.595833333333333,-34,49.8,48,460.59999999999997
gz-03-lote3-twin,tempSuelo,2026-09-26 20:00,2026-09-26 15:00,2026-09-26,9.416666666666666,-30,55,48,452
gz-03-lote3-twin,tempSuelo,2026-09-26 21:00,2026-09-26 16:00,2026-09-26,10.073469387755104,-31.3,43.8,49,493.6000000000001
gz-03-lote3-twin,tempSuelo,2026-09-26 22:00,2026-09-26 17:00,2026-09-26,10.039583333333333,-30.4,54.5,48,481.9
gz-03-lote3-twin,tempSuelo,2026-09-26 23:00,2026-09-26 18:00,2026-09-26,10.179166666666667,-25.9,49.6,48,488.6
gz-03-lote3-twin,tempSuelo,2026-09-27 00:00,2026-09-26 19:00,2026-09-26,10.585416666666669,-27.5,53.4,48,508.10000000000014
gz-03-lote3-twin,tempSuelo,2026-09-27 01:00,2026-09-26 20:00,2026-09-26,9.397916666666665,-33.6,51.5,48,451.09999999999997
gz-03-lote3-twin,tempSuelo,2026-09-27 02:00,2026-09-26 21:00,2026-09-26,10.032653061224488,-19.7,51.6,49,491.5999999999999
gz-03-lote3-twin,tempSuelo,2026-09-27 03:00,2026-09-26 22:00,2026-09-26,9.63125,-30.2,51.5,48,462.3
gz-03-lote3-twin,tempSuelo,2026-09-27 04:00,2026-09-26 23:00,2026-09-26,9.910416666666668,-25.6,55.9,48,475.70000000000005
gz-03-lote3-twin,tempSuelo,2026-09-27 05:00,2026-09-27 00:00,2026-09-27,10.454166666666667,-29.4,46.7,48,501.80000000000007
gz-03-lote3-twin,tempSuelo,2026-09-27 06:00,2026-09-27 01:00,2026-09-27,9.826530612244898,-24.1,57.4,49,481.50000000000006
gz-03-lote3-twin,tempSuelo,2026-09-27 07:00,2026-09-27 02:00,2026-09-27,10.758333333333335,-23.4,47.5,48,516.4000000000001
gz-03-lote3-twin,tempSuelo,2026-09-27 08:00,2026-09-27 03:00,2026-09-27,9.466666666666667,-25.6,55.2,48,454.4
gz-03-lote3-twin,tempSuelo,2026-09-27 09:00,2026-09-27 04:00,2026-09-27,9.768749999999997,-28.6,51,48,468.89999999999986
gz-03-lote3-twin,tempSuelo,2026-09-27 10:00,2026-09-27 05:00,2026-09-27,9.439583333333333,-19.6,56.9,48,453.1
gz-03-lote3-twin,tempSuelo,2026-09-27 11:00,2026-09-27 06:00,2026-09-27,10.110204081632652,-27.3,50.8,49,495.4
gz-03-lote3-twin,tempSuelo,2026-09-27 12:00,2026-09-27 07:00,2026-09-27,10.522916666666667,-19.9,54.1,48,505.1
gz-03-lote3-twin,tempSuelo,2026-09-27 13:00,2026-09-27 08:00,2026-09-27,10.302083333333334,-26.2,47.9,48,494.5
gz-03-lote3-twin,tempSuelo,2026-09-27 14:00,2026-09-27 09:00,2026-09-27,9.88125,-19.6,58.4,48,474.29999999999995
gz-03-lote3-twin,tempSuelo,2026-09-27 15:00,2026-09-27 10:00,2026-09-27,9.654166666666667,-22.4,49.8,48,463.4
gz-03-lote3-twin,tempSuelo,2026-09-27 16:00,2026-09-27 11:00,2026-09-27,9.887755102040817,-23.7,54.6,49,484.50000000000006
gz-03-lote3-twin,tempSuelo,2026-09-27 17:00,2026-09-27 12:00,2026-09-27,9.643749999999997,-27.5,50.8,48,462.89999999999986
gz-03-lote3-twin,tempSuelo,2026-09-27 18:00,2026-09-27 13:00,2026-09-27,10.495833333333332,-21.2,57.6,48,503.79999999999995
gz-03-lote3-twin,tempSuelo,2026-09-27 19:00,2026-09-27 14:00,2026-09-27,10.535416666666668,-28.6,50.2,48,505.70000000000005
gz-03-lote3-twin,tempSuelo,2026-09-27 20:00,2026-09-27 15:00,2026-09-27,9.658333333333335,-20.3,52.2,48,463.6000000000001
gz-03-lote3-twin,tempSuelo,2026-09-27 21:00,2026-09-27 16:00,2026-09-27,10.142857142857142,-30,49.2,49,497
gz-03-lote3-twin,tempSuelo,2026-09-27 22:00,2026-09-27 17:00,2026-09-27,9.591666666666667,-21.4,58.2,48,460.4
gz-03-lote3-twin,tempSuelo,2026-09-27 23:00,2026-09-27 18:00,2026-09-27,9.40416666666667,-26.7,49.1,48,451.40000000000015
gz-03-lote3-twin,tempSuelo,2026-09-28 00:00,2026-09-27 19:00,2026-09-27,10.408333333333333,-26.2,54.8,48,499.6
gz-03-lote3-twin,tempSuelo,2026-09-28 01:00,2026-09-27 20:00,2026-09-27,10.067346938775513,-31.4,50.7,49,493.3000000000001
gz-03-lote3-twin,tempSuelo,2026-09-28 02:00,2026-09-27 21:00,2026-09-27,10.470833333333333,-23.9,56.2,48,502.6
gz-03-lote3-twin,tempSuelo,2026-09-28 03:00,2026-09-27 22:00,2026-09-27,9.795833333333333,-32.5,48.7,48,470.2
gz-03-lote3-twin,tempSuelo,2026-09-28 04:00,2026-09-27 23:00,2026-09-27,9.945833333333333,-22.5,52,48,477.4
gz-03-lote3-twin,tempSuelo,2026-09-28 05:00,2026-09-28 00:00,2026-09-28,9.277083333333334,-33.3,50.1,48,445.3
gz-03-lote3-twin,tempSuelo,2026-09-28 06:00,2026-09-28 01:00,2026-09-28,9.86734693877551,-24,56.2,49,483.5
gz-03-lote3-twin,tempSuelo,2026-09-28 07:00,2026-09-28 02:00,2026-09-28,10.670833333333334,-29.6,48.4,48,512.2
gz-03-lote3-twin,tempSuelo,2026-09-28 08:00,2026-09-28 03:00,2026-09-28,10.260416666666666,-30.7,54.6,48,492.5
gz-03-lote3-twin,tempSuelo,2026-09-28 09:00,2026-09-28 04:00,2026-09-28,10.183333333333334,-32.5,46.1,48,488.8
gz-03-lote3-twin,tempSuelo,2026-09-28 10:00,2026-09-28 05:00,2026-09-28,9.44375,-28.3,55.3,48,453.3
gz-03-lote3-twin,tempSuelo,2026-09-28 11:00,2026-09-28 06:00,2026-09-28,10.155102040816328,-35.4,46.3,49,497.6
gz-03-lote3-twin,tempSuelo,2026-09-28 12:00,2026-09-28 07:00,2026-09-28,9.270833333333334,-23.9,49.4,48,445
gz-03-lote3-twin,tempSuelo,2026-09-28 13:00,2026-09-28 08:00,2026-09-28,10.314583333333333,-35.4,50.3,48,495.1
gz-03-lote3-twin,tempSuelo,2026-09-28 14:00,2026-09-28 09:00,2026-09-28,10.404166666666669,-27.1,52,48,499.4000000000001
gz-03-lote3-twin,tempSuelo,2026-09-28 15:00,2026-09-28 10:00,2026-09-28,10.341666666666665,-30.9,48.2,48,496.3999999999999
gz-03-lote3-twin,tempSuelo,2026-09-28 16:00,2026-09-28 11:00,2026-09-28,9.918367346938775,-34.9,52.5,49,485.99999999999994
gz-03-lote3-twin,tempSuelo,2026-09-28 17:00,2026-09-28 12:00,2026-09-28,9.5875,-32.6,41.4,48,460.2
gz-03-lote3-twin,tempSuelo,2026-09-28 18:00,2026-09-28 13:00,2026-09-28,9.533333333333333,-30.4,52.1,48,457.6
gz-03-lote3-twin,tempSuelo,2026-09-28 19:00,2026-09-28 14:00,2026-09-28,10.206249999999999,-37.8,44.7,48,489.9
gz-03-lote3-twin,tempSuelo,2026-09-28 20:00,2026-09-28 15:00,2026-09-28,10.275,-25.2,47.8,48,493.20000000000005
gz-03-lote3-twin,tempSuelo,2026-09-28 21:00,2026-09-28 16:00,2026-09-28,10.13265306122449,-35.6,45.3,49,496.5
gz-03-lote3-twin,tempSuelo,2026-09-28 22:00,2026-09-28 17:00,2026-09-28,10.18125,-29.3,50.3,48,488.7
gz-03-lote3-twin,tempSuelo,2026-09-28 23:00,2026-09-28 18:00,2026-09-28,9.643749999999999,-34.3,41.7,48,462.9
gz-03-lote3-twin,tempSuelo,2026-09-29 00:00,2026-09-28 19:00,2026-09-28,9.863333333333333,-33.7,40.6,30,295.9
gz-04-dosel-ws,bateria,2026-09-22 03:00,2026-09-21 22:00,2026-09-21,71.6,71,72,40,2864
gz-04-dosel-ws,bateria,2026-09-22 04:00,2026-09-21 23:00,2026-09-21,72,72,72,60,4320
gz-04-dosel-ws,bateria,2026-09-22 05:00,2026-09-22 00:00,2026-09-22,72,72,72,60,4320
gz-04-dosel-ws,bateria,2026-09-22 06:00,2026-09-22 01:00,2026-09-22,72,72,72,60,4320
gz-04-dosel-ws,bateria,2026-09-22 07:00,2026-09-22 02:00,2026-09-22,71.66666666666667,71,72,60,4300
gz-04-dosel-ws,bateria,2026-09-22 08:00,2026-09-22 03:00,2026-09-22,71,71,71,60,4260
gz-04-dosel-ws,bateria,2026-09-22 09:00,2026-09-22 04:00,2026-09-22,70.20338983050847,70,71,59,4142
gz-04-dosel-ws,bateria,2026-09-22 10:00,2026-09-22 05:00,2026-09-22,70.03333333333333,70,71,60,4202
gz-04-dosel-ws,bateria,2026-09-22 11:00,2026-09-22 06:00,2026-09-22,74.5,71,78,60,4470
gz-04-dosel-ws,bateria,2026-09-22 12:00,2026-09-22 07:00,2026-09-22,82.53333333333333,78,87,60,4952
gz-04-dosel-ws,bateria,2026-09-22 13:00,2026-09-22 08:00,2026-09-22,91.55,87,95,60,5493
gz-04-dosel-ws,bateria,2026-09-22 14:00,2026-09-22 09:00,2026-09-22,97.86666666666666,95,100,60,5872
gz-04-dosel-ws,bateria,2026-09-22 15:00,2026-09-22 10:00,2026-09-22,100,100,100,59,5900
gz-04-dosel-ws,bateria,2026-09-22 16:00,2026-09-22 11:00,2026-09-22,100,100,100,60,6000
gz-04-dosel-ws,bateria,2026-09-22 17:00,2026-09-22 12:00,2026-09-22,100,100,100,60,6000
gz-04-dosel-ws,bateria,2026-09-22 18:00,2026-09-22 13:00,2026-09-22,99.3,98,100,60,5958
gz-04-dosel-ws,bateria,2026-09-22 19:00,2026-09-22 14:00,2026-09-22,96.15,94,98,60,5769
gz-04-dosel-ws,bateria,2026-09-22 20:00,2026-09-22 15:00,2026-09-22,91.14754098360656,88,94,61,5560
gz-04-dosel-ws,bateria,2026-09-22 21:00,2026-09-22 16:00,2026-09-22,85.1311475409836,82,88,61,5193
gz-04-dosel-ws,bateria,2026-09-22 22:00,2026-09-22 17:00,2026-09-22,77.94915254237289,74,82,59,4599
gz-04-dosel-ws,bateria,2026-09-22 23:00,2026-09-22 18:00,2026-09-22,72.28333333333333,72,74,60,4337
gz-04-dosel-ws,bateria,2026-09-23 00:00,2026-09-22 19:00,2026-09-22,71.8,71,72,60,4308
gz-04-dosel-ws,bateria,2026-09-23 01:00,2026-09-22 20:00,2026-09-22,70.35,70,71,60,4221
gz-04-dosel-ws,bateria,2026-09-23 02:00,2026-09-22 21:00,2026-09-22,70.88333333333334,70,73,60,4253
gz-04-dosel-ws,bateria,2026-09-23 03:00,2026-09-22 22:00,2026-09-22,74.3,73,75,60,4458
gz-04-dosel-ws,bateria,2026-09-23 04:00,2026-09-22 23:00,2026-09-22,74.91666666666667,74,75,60,4495
gz-04-dosel-ws,bateria,2026-09-23 05:00,2026-09-23 00:00,2026-09-23,73.86440677966101,73,74,59,4358
gz-04-dosel-ws,bateria,2026-09-23 06:00,2026-09-23 01:00,2026-09-23,73,73,73,60,4380
gz-04-dosel-ws,bateria,2026-09-23 07:00,2026-09-23 02:00,2026-09-23,72.51666666666667,72,73,60,4351
gz-04-dosel-ws,bateria,2026-09-23 08:00,2026-09-23 03:00,2026-09-23,71.76666666666667,71,72,60,4306
gz-04-dosel-ws,bateria,2026-09-23 09:00,2026-09-23 04:00,2026-09-23,70.26666666666667,70,71,60,4216
gz-04-dosel-ws,bateria,2026-09-23 10:00,2026-09-23 05:00,2026-09-23,70.05,70,71,60,4203
gz-04-dosel-ws,bateria,2026-09-23 11:00,2026-09-23 06:00,2026-09-23,75.06666666666666,71,79,60,4504
gz-04-dosel-ws,bateria,2026-09-23 12:00,2026-09-23 07:00,2026-09-23,82.33898305084746,79,85,59,4858
gz-04-dosel-ws,bateria,2026-09-23 13:00,2026-09-23 08:00,2026-09-23,88.38333333333334,86,91,60,5303
gz-04-dosel-ws,bateria,2026-09-23 14:00,2026-09-23 09:00,2026-09-23,94.51666666666667,91,98,60,5671
gz-04-dosel-ws,bateria,2026-09-23 15:00,2026-09-23 10:00,2026-09-23,99.85,98,100,60,5991
gz-04-dosel-ws,bateria,2026-09-23 16:00,2026-09-23 11:00,2026-09-23,100,100,100,60,6000
gz-04-dosel-ws,bateria,2026-09-23 17:00,2026-09-23 12:00,2026-09-23,100,100,100,60,6000
gz-04-dosel-ws,bateria,2026-09-23 18:00,2026-09-23 13:00,2026-09-23,99.58333333333333,98,100,60,5975
gz-04-dosel-ws,bateria,2026-09-23 19:00,2026-09-23 14:00,2026-09-23,94.50847457627118,92,98,59,5576
gz-04-dosel-ws,bateria,2026-09-23 20:00,2026-09-23 15:00,2026-09-23,88.7,86,91,60,5322
gz-04-dosel-ws,bateria,2026-09-23 21:00,2026-09-23 16:00,2026-09-23,82.46666666666667,79,86,60,4948
gz-04-dosel-ws,bateria,2026-09-23 22:00,2026-09-23 17:00,2026-09-23,76.13333333333334,74,79,60,4568
gz-04-dosel-ws,bateria,2026-09-23 23:00,2026-09-23 18:00,2026-09-23,74.2,73,75,60,4452
gz-04-dosel-ws,bateria,2026-09-24 00:00,2026-09-23 19:00,2026-09-23,75,75,75,60,4500
gz-04-dosel-ws,bateria,2026-09-24 01:00,2026-09-23 20:00,2026-09-23,74,74,74,59,4366
gz-04-dosel-ws,bateria,2026-09-24 02:00,2026-09-23 21:00,2026-09-23,73.38333333333334,72,74,60,4403
gz-04-dosel-ws,bateria,2026-09-24 03:00,2026-09-23 22:00,2026-09-23,70.78333333333333,70,72,60,4247
gz-04-dosel-ws,bateria,2026-09-24 04:00,2026-09-23 23:00,2026-09-23,70.96666666666667,70,73,60,4258
gz-04-dosel-ws,bateria,2026-09-24 05:00,2026-09-24 00:00,2026-09-24,74.26666666666667,73,75,60,4456
gz-04-dosel-ws,bateria,2026-09-24 06:00,2026-09-24 01:00,2026-09-24,74.6,74,75,60,4476
gz-04-dosel-ws,bateria,2026-09-24 07:00,2026-09-24 02:00,2026-09-24,72.45,72,74,60,4347
gz-04-dosel-ws,bateria,2026-09-24 08:00,2026-09-24 03:00,2026-09-24,72.20338983050847,72,73,59,4260
gz-04-dosel-ws,bateria,2026-09-24 09:00,2026-09-24 04:00,2026-09-24,73.38333333333334,73,74,60,4403
gz-04-dosel-ws,bateria,2026-09-24 10:00,2026-09-24 05:00,2026-09-24,73.46666666666667,73,74,60,4408
gz-04-dosel-ws,bateria,2026-09-24 11:00,2026-09-24 06:00,2026-09-24,77.08333333333333,74,81,60,4625
gz-04-dosel-ws,bateria,2026-09-24 12:00,2026-09-24 07:00,2026-09-24,84.15,81,88,60,5049
gz-04-dosel-ws,bateria,2026-09-24 13:00,2026-09-24 08:00,2026-09-24,90.66666666666667,88,94,60,5440
gz-04-dosel-ws,bateria,2026-09-24 14:00,2026-09-24 09:00,2026-09-24,95.9,94,98,60,5754
gz-04-dosel-ws,bateria,2026-09-24 15:00,2026-09-24 10:00,2026-09-24,99.16949152542372,98,100,59,5851
gz-04-dosel-ws,bateria,2026-09-24 16:00,2026-09-24 11:00,2026-09-24,100,100,100,60,6000
gz-04-dosel-ws,bateria,2026-09-24 17:00,2026-09-24 12:00,2026-09-24,100,100,100,60,6000
gz-04-dosel-ws,bateria,2026-09-24 18:00,2026-09-24 13:00,2026-09-24,100,100,100,60,6000
gz-04-dosel-ws,bateria,2026-09-24 19:00,2026-09-24 14:00,2026-09-24,98.66666666666667,97,100,60,5920
gz-04-dosel-ws,bateria,2026-09-24 20:00,2026-09-24 15:00,2026-09-24,93.11666666666666,89,97,60,5587
gz-04-dosel-ws,bateria,2026-09-24 21:00,2026-09-24 16:00,2026-09-24,83.45,79,88,60,5007
gz-04-dosel-ws,bateria,2026-09-24 22:00,2026-09-24 17:00,2026-09-24,75.57627118644068,72,79,59,4459
gz-04-dosel-ws,bateria,2026-09-24 23:00,2026-09-24 18:00,2026-09-24,71.1,71,72,60,4266
gz-04-dosel-ws,bateria,2026-09-25 00:00,2026-09-24 19:00,2026-09-24,71.33333333333333,71,72,60,4280
gz-04-dosel-ws,bateria,2026-09-25 01:00,2026-09-24 20:00,2026-09-24,72,72,72,60,4320
gz-04-dosel-ws,bateria,2026-09-25 02:00,2026-09-24 21:00,2026-09-24,72,72,72,60,4320
gz-04-dosel-ws,bateria,2026-09-25 03:00,2026-09-24 22:00,2026-09-24,72,72,72,60,4320
gz-04-dosel-ws,bateria,2026-09-25 04:00,2026-09-24 23:00,2026-09-24,72,72,72,59,4248
gz-04-dosel-ws,bateria,2026-09-25 05:00,2026-09-25 00:00,2026-09-25,71.15,71,72,60,4269
gz-04-dosel-ws,bateria,2026-09-25 06:00,2026-09-25 01:00,2026-09-25,71.03333333333333,71,72,60,4262
gz-04-dosel-ws,bateria,2026-09-25 07:00,2026-09-25 02:00,2026-09-25,72,72,72,60,4320
gz-04-dosel-ws,bateria,2026-09-25 08:00,2026-09-25 03:00,2026-09-25,71.63333333333334,71,72,60,4298
gz-04-dosel-ws,bateria,2026-09-25 09:00,2026-09-25 04:00,2026-09-25,70.38333333333334,70,71,60,4223
gz-04-dosel-ws,bateria,2026-09-25 10:00,2026-09-25 05:00,2026-09-25,71,70,73,60,4260
gz-04-dosel-ws,bateria,2026-09-25 11:00,2026-09-25 06:00,2026-09-25,78.61666666666666,73,83,60,4717
gz-04-dosel-ws,bateria,2026-09-25 12:00,2026-09-25 07:00,2026-09-25,86.85,83,90,60,5211
gz-04-dosel-ws,bateria,2026-09-25 13:00,2026-09-25 08:00,2026-09-25,93.45,90,96,60,5607
gz-04-dosel-ws,bateria,2026-09-25 14:00,2026-09-25 09:00,2026-09-25,98.68333333333334,96,100,60,5921
gz-04-dosel-ws,bateria,2026-09-25 15:00,2026-09-25 10:00,2026-09-25,100,100,100,60,6000
gz-04-dosel-ws,bateria,2026-09-25 16:00,2026-09-25 11:00,2026-09-25,100,100,100,59,5900
gz-04-dosel-ws,bateria,2026-09-25 17:00,2026-09-25 12:00,2026-09-25,100,100,100,60,6000
gz-04-dosel-ws,bateria,2026-09-25 18:00,2026-09-25 13:00,2026-09-25,99.65,98,100,60,5979
gz-04-dosel-ws,bateria,2026-09-25 19:00,2026-09-25 14:00,2026-09-25,95.11666666666666,92,98,60,5707
gz-04-dosel-ws,bateria,2026-09-25 20:00,2026-09-25 15:00,2026-09-25,89.33333333333333,86,92,60,5360
gz-04-dosel-ws,bateria,2026-09-25 21:00,2026-09-25 16:00,2026-09-25,82.63333333333334,79,86,60,4958
gz-04-dosel-ws,bateria,2026-09-25 22:00,2026-09-25 17:00,2026-09-25,76.1,74,79,60,4566
gz-04-dosel-ws,bateria,2026-09-25 23:00,2026-09-25 18:00,2026-09-25,73.57627118644068,73,74,59,4341
gz-04-dosel-ws,bateria,2026-09-26 00:00,2026-09-25 19:00,2026-09-25,73.38333333333334,72,74,60,4403
gz-04-dosel-ws,bateria,2026-09-26 01:00,2026-09-25 20:00,2026-09-25,70.58333333333333,70,72,60,4235
gz-04-dosel-ws,bateria,2026-09-26 02:00,2026-09-25 21:00,2026-09-25,70.11666666666666,70,71,60,4207
gz-04-dosel-ws,bateria,2026-09-26 03:00,2026-09-25 22:00,2026-09-25,71.33333333333333,71,72,60,4280
gz-04-dosel-ws,bateria,2026-09-26 04:00,2026-09-25 23:00,2026-09-25,72.06666666666666,72,73,60,4324
gz-04-dosel-ws,bateria,2026-09-26 05:00,2026-09-26 00:00,2026-09-26,73.21666666666667,73,74,60,4393
gz-04-dosel-ws,bateria,2026-09-26 06:00,2026-09-26 01:00,2026-09-26,73.49152542372882,73,74,59,4336
gz-04-dosel-ws,bateria,2026-09-26 07:00,2026-09-26 02:00,2026-09-26,73,73,73,60,4380
gz-04-dosel-ws,bateria,2026-09-26 08:00,2026-09-26 03:00,2026-09-26,73.46666666666667,73,74,60,4408
gz-04-dosel-ws,bateria,2026-09-26 09:00,2026-09-26 04:00,2026-09-26,74.78333333333333,74,75,60,4487
gz-04-dosel-ws,bateria,2026-09-26 10:00,2026-09-26 05:00,2026-09-26,75,75,75,60,4500
gz-04-dosel-ws,bateria,2026-09-26 11:00,2026-09-26 06:00,2026-09-26,79.05,76,83,60,4743
gz-04-dosel-ws,bateria,2026-09-26 12:00,2026-09-26 07:00,2026-09-26,85.98333333333333,83,89,60,5159
gz-04-dosel-ws,bateria,2026-09-26 13:00,2026-09-26 08:00,2026-09-26,91.57627118644068,89,94,59,5403
gz-04-dosel-ws,bateria,2026-09-26 14:00,2026-09-26 09:00,2026-09-26,96.11666666666666,94,97,60,5767
gz-04-dosel-ws,bateria,2026-09-26 15:00,2026-09-26 10:00,2026-09-26,98.25,97,99,60,5895
gz-04-dosel-ws,bateria,2026-09-26 16:00,2026-09-26 11:00,2026-09-26,99.8,99,100,60,5988
gz-04-dosel-ws,bateria,2026-09-26 17:00,2026-09-26 12:00,2026-09-26,100,100,100,60,6000
gz-04-dosel-ws,bateria,2026-09-26 18:00,2026-09-26 13:00,2026-09-26,99.86666666666666,99,100,60,5992
gz-04-dosel-ws,bateria,2026-09-26 19:00,2026-09-26 14:00,2026-09-26,94.77966101694915,92,98,59,5592
gz-04-dosel-ws,bateria,2026-09-26 20:00,2026-09-26 15:00,2026-09-26,88.75,86,91,60,5325
gz-04-dosel-ws,bateria,2026-09-26 21:00,2026-09-26 16:00,2026-09-26,82.95,80,86,60,4977
gz-04-dosel-ws,bateria,2026-09-26 22:00,2026-09-26 17:00,2026-09-26,76.61666666666666,74,80,60,4597
gz-04-dosel-ws,bateria,2026-09-26 23:00,2026-09-26 18:00,2026-09-26,74.35,73,75,60,4461
gz-04-dosel-ws,bateria,2026-09-27 00:00,2026-09-26 19:00,2026-09-26,74.18333333333334,73,75,60,4451
gz-04-dosel-ws,bateria,2026-09-27 01:00,2026-09-26 20:00,2026-09-26,71.48333333333333,71,73,60,4289
gz-04-dosel-ws,bateria,2026-09-27 02:00,2026-09-26 21:00,2026-09-26,71.27118644067797,71,72,59,4205
gz-04-dosel-ws,bateria,2026-09-27 03:00,2026-09-26 22:00,2026-09-26,73.1,72,74,60,4386
gz-04-dosel-ws,bateria,2026-09-27 04:00,2026-09-26 23:00,2026-09-26,73.23333333333333,72,74,60,4394
gz-04-dosel-ws,bateria,2026-09-27 05:00,2026-09-27 00:00,2026-09-27,71.46666666666667,71,72,60,4288
gz-04-dosel-ws,bateria,2026-09-27 06:00,2026-09-27 01:00,2026-09-27,71,71,71,60,4260
gz-04-dosel-ws,bateria,2026-09-27 07:00,2026-09-27 02:00,2026-09-27,71,71,71,60,4260
gz-04-dosel-ws,bateria,2026-09-27 08:00,2026-09-27 03:00,2026-09-27,71,71,71,60,4260
gz-04-dosel-ws,bateria,2026-09-27 09:00,2026-09-27 04:00,2026-09-27,71,71,71,59,4189
gz-04-dosel-ws,bateria,2026-09-27 10:00,2026-09-27 05:00,2026-09-27,70.78333333333333,70,71,60,4247
gz-04-dosel-ws,bateria,2026-09-27 11:00,2026-09-27 06:00,2026-09-27,74.98333333333333,71,79,60,4499
gz-04-dosel-ws,bateria,2026-09-27 12:00,2026-09-27 07:00,2026-09-27,82.91666666666667,79,87,60,4975
gz-04-dosel-ws,bateria,2026-09-27 13:00,2026-09-27 08:00,2026-09-27,91.78333333333333,88,95,60,5507
gz-04-dosel-ws,bateria,2026-09-27 14:00,2026-09-27 09:00,2026-09-27,97.91666666666667,95,100,60,5875
gz-04-dosel-ws,bateria,2026-09-27 15:00,2026-09-27 10:00,2026-09-27,100,100,100,60,6000
gz-04-dosel-ws,bateria,2026-09-27 16:00,2026-09-27 11:00,2026-09-27,100,100,100,59,5900
gz-04-dosel-ws,bateria,2026-09-27 17:00,2026-09-27 12:00,2026-09-27,100,100,100,60,6000
gz-04-dosel-ws,bateria,2026-09-27 18:00,2026-09-27 13:00,2026-09-27,98.96666666666667,98,100,60,5938
gz-04-dosel-ws,bateria,2026-09-27 19:00,2026-09-27 14:00,2026-09-27,95.68333333333334,93,98,60,5741
gz-04-dosel-ws,bateria,2026-09-27 20:00,2026-09-27 15:00,2026-09-27,90.85,88,93,60,5451
gz-04-dosel-ws,bateria,2026-09-27 21:00,2026-09-27 16:00,2026-09-27,85.46666666666667,82,88,60,5128
gz-04-dosel-ws,bateria,2026-09-27 22:00,2026-09-27 17:00,2026-09-27,78.10169491525424,74,82,59,4608
gz-04-dosel-ws,bateria,2026-09-27 23:00,2026-09-27 18:00,2026-09-27,71.35,71,73,60,4281
gz-04-dosel-ws,bateria,2026-09-28 00:00,2026-09-27 19:00,2026-09-27,70.53333333333333,70,71,60,4232
gz-04-dosel-ws,bateria,2026-09-28 01:00,2026-09-27 20:00,2026-09-27,70,70,70,60,4200
gz-04-dosel-ws,bateria,2026-09-28 02:00,2026-09-27 21:00,2026-09-27,70.48333333333333,70,72,60,4229
gz-04-dosel-ws,bateria,2026-09-28 03:00,2026-09-27 22:00,2026-09-27,73.18333333333334,72,74,60,4391
gz-04-dosel-ws,bateria,2026-09-28 04:00,2026-09-27 23:00,2026-09-27,74,74,74,60,4440
gz-04-dosel-ws,bateria,2026-09-28 05:00,2026-09-28 00:00,2026-09-28,74,74,74,59,4366
gz-04-dosel-ws,bateria,2026-09-28 06:00,2026-09-28 01:00,2026-09-28,73.15,72,74,60,4389
gz-04-dosel-ws,bateria,2026-09-28 07:00,2026-09-28 02:00,2026-09-28,70.5,70,72,60,4230
gz-04-dosel-ws,bateria,2026-09-28 08:00,2026-09-28 03:00,2026-09-28,70,70,70,60,4200
gz-04-dosel-ws,bateria,2026-09-28 09:00,2026-09-28 04:00,2026-09-28,70,70,70,59,4130
gz-04-dosel-ws,bateria,2026-09-28 10:00,2026-09-28 05:00,2026-09-28,70.03333333333333,70,71,60,4202
gz-04-dosel-ws,bateria,2026-09-28 11:00,2026-09-28 06:00,2026-09-28,74.65,71,78,60,4479
gz-04-dosel-ws,bateria,2026-09-28 12:00,2026-09-28 07:00,2026-09-28,82.43333333333334,78,87,60,4946
gz-04-dosel-ws,bateria,2026-09-28 13:00,2026-09-28 08:00,2026-09-28,90.41666666666667,87,94,60,5425
gz-04-dosel-ws,bateria,2026-09-28 14:00,2026-09-28 09:00,2026-09-28,96.06666666666666,94,98,60,5764
gz-04-dosel-ws,bateria,2026-09-28 15:00,2026-09-28 10:00,2026-09-28,99.33898305084746,98,100,59,5861
gz-04-dosel-ws,bateria,2026-09-28 16:00,2026-09-28 11:00,2026-09-28,100,100,100,60,6000
gz-04-dosel-ws,bateria,2026-09-28 17:00,2026-09-28 12:00,2026-09-28,100,100,100,60,6000
gz-04-dosel-ws,bateria,2026-09-28 18:00,2026-09-28 13:00,2026-09-28,99.61666666666666,99,100,60,5977
gz-04-dosel-ws,bateria,2026-09-28 19:00,2026-09-28 14:00,2026-09-28,97.01666666666667,95,99,60,5821
gz-04-dosel-ws,bateria,2026-09-28 20:00,2026-09-28 15:00,2026-09-28,92.26666666666667,90,95,60,5536
gz-04-dosel-ws,bateria,2026-09-28 21:00,2026-09-28 16:00,2026-09-28,86.38333333333334,83,89,60,5183
gz-04-dosel-ws,bateria,2026-09-28 22:00,2026-09-28 17:00,2026-09-28,79.0677966101695,75,83,59,4665
gz-04-dosel-ws,bateria,2026-09-28 23:00,2026-09-28 18:00,2026-09-28,72.61666666666666,72,75,60,4357
gz-04-dosel-ws,bateria,2026-09-29 00:00,2026-09-28 19:00,2026-09-28,72,72,72,37,2664
gz-04-dosel-ws,dpvDosel,2026-09-22 03:00,2026-09-21 22:00,2026-09-21,0.10150000000000003,0.08,0.15,40,4.060000000000001
gz-04-dosel-ws,dpvDosel,2026-09-22 04:00,2026-09-21 23:00,2026-09-21,0.1366666666666667,0.08,0.17,60,8.200000000000001
gz-04-dosel-ws,dpvDosel,2026-09-22 05:00,2026-09-22 00:00,2026-09-22,0.15633333333333324,0.11,0.2,60,9.379999999999994
gz-04-dosel-ws,dpvDosel,2026-09-22 06:00,2026-09-22 01:00,2026-09-22,0.18616666666666665,0.12,0.21,60,11.169999999999998
gz-04-dosel-ws,dpvDosel,2026-09-22 07:00,2026-09-22 02:00,2026-09-22,0.13799999999999996,0.08,0.2,60,8.279999999999998
gz-04-dosel-ws,dpvDosel,2026-09-22 08:00,2026-09-22 03:00,2026-09-22,0.12833333333333335,0.07,0.2,60,7.700000000000002
gz-04-dosel-ws,dpvDosel,2026-09-22 09:00,2026-09-22 04:00,2026-09-22,0.14423728813559322,0.1,0.18,59,8.51
gz-04-dosel-ws,dpvDosel,2026-09-22 10:00,2026-09-22 05:00,2026-09-22,0.12099999999999993,0.1,0.16,60,7.259999999999995
gz-04-dosel-ws,dpvDosel,2026-09-22 11:00,2026-09-22 06:00,2026-09-22,0.21116666666666672,0.15,0.35,60,12.670000000000003
gz-04-dosel-ws,dpvDosel,2026-09-22 12:00,2026-09-22 07:00,2026-09-22,0.33033333333333353,0.3,0.36,60,19.82000000000001
gz-04-dosel-ws,dpvDosel,2026-09-22 13:00,2026-09-22 08:00,2026-09-22,0.44000000000000006,0.34,0.56,60,26.400000000000002
gz-04-dosel-ws,dpvDosel,2026-09-22 14:00,2026-09-22 09:00,2026-09-22,0.5123333333333332,0.37,0.75,60,30.739999999999995
gz-04-dosel-ws,dpvDosel,2026-09-22 15:00,2026-09-22 10:00,2026-09-22,0.5088135593220341,0.39,0.75,59,30.02000000000001
gz-04-dosel-ws,dpvDosel,2026-09-22 16:00,2026-09-22 11:00,2026-09-22,0.7861666666666667,0.6,0.88,60,47.17
gz-04-dosel-ws,dpvDosel,2026-09-22 17:00,2026-09-22 12:00,2026-09-22,0.7161666666666666,0.59,0.91,60,42.97
gz-04-dosel-ws,dpvDosel,2026-09-22 18:00,2026-09-22 13:00,2026-09-22,0.6716666666666669,0.52,0.91,60,40.30000000000001
gz-04-dosel-ws,dpvDosel,2026-09-22 19:00,2026-09-22 14:00,2026-09-22,0.5188333333333334,0.33,0.9,60,31.130000000000003
gz-04-dosel-ws,dpvDosel,2026-09-22 20:00,2026-09-22 15:00,2026-09-22,0.49606557377049165,0.41,0.59,61,30.25999999999999
gz-04-dosel-ws,dpvDosel,2026-09-22 21:00,2026-09-22 16:00,2026-09-22,0.3047540983606557,0.16,0.5,61,18.589999999999996
gz-04-dosel-ws,dpvDosel,2026-09-22 22:00,2026-09-22 17:00,2026-09-22,0.21898305084745764,0.11,0.4,59,12.920000000000002
gz-04-dosel-ws,dpvDosel,2026-09-22 23:00,2026-09-22 18:00,2026-09-22,0.1653333333333335,0.09,0.2,60,9.92000000000001
gz-04-dosel-ws,dpvDosel,2026-09-23 00:00,2026-09-22 19:00,2026-09-22,0.12450000000000003,0.08,0.21,60,7.4700000000000015
gz-04-dosel-ws,dpvDosel,2026-09-23 01:00,2026-09-22 20:00,2026-09-22,0.13649999999999998,0.07,0.17,60,8.19
gz-04-dosel-ws,dpvDosel,2026-09-23 02:00,2026-09-22 21:00,2026-09-22,0.11883333333333335,0.07,0.17,60,7.130000000000001
gz-04-dosel-ws,dpvDosel,2026-09-23 03:00,2026-09-22 22:00,2026-09-22,0.10933333333333332,0.07,0.17,60,6.56
gz-04-dosel-ws,dpvDosel,2026-09-23 04:00,2026-09-22 23:00,2026-09-22,0.13483333333333328,0.08,0.18,60,8.089999999999996
gz-04-dosel-ws,dpvDosel,2026-09-23 05:00,2026-09-23 00:00,2026-09-23,0.1435593220338984,0.11,0.17,59,8.470000000000006
gz-04-dosel-ws,dpvDosel,2026-09-23 06:00,2026-09-23 01:00,2026-09-23,0.13633333333333336,0.08,0.19,60,8.180000000000001
gz-04-dosel-ws,dpvDosel,2026-09-23 07:00,2026-09-23 02:00,2026-09-23,0.15599999999999994,0.13,0.19,60,9.359999999999996
gz-04-dosel-ws,dpvDosel,2026-09-23 08:00,2026-09-23 03:00,2026-09-23,0.15250000000000002,0.12,0.21,60,9.150000000000002
gz-04-dosel-ws,dpvDosel,2026-09-23 09:00,2026-09-23 04:00,2026-09-23,0.13583333333333336,0.08,0.2,60,8.150000000000002
gz-04-dosel-ws,dpvDosel,2026-09-23 10:00,2026-09-23 05:00,2026-09-23,0.15533333333333343,0.08,0.22,60,9.320000000000006
gz-04-dosel-ws,dpvDosel,2026-09-23 11:00,2026-09-23 06:00,2026-09-23,0.2451666666666669,0.2,0.33,60,14.710000000000013
gz-04-dosel-ws,dpvDosel,2026-09-23 12:00,2026-09-23 07:00,2026-09-23,0.2942372881355932,0.24,0.36,59,17.36
gz-04-dosel-ws,dpvDosel,2026-09-23 13:00,2026-09-23 08:00,2026-09-23,0.5159999999999999,0.24,0.72,60,30.959999999999997
gz-04-dosel-ws,dpvDosel,2026-09-23 14:00,2026-09-23 09:00,2026-09-23,0.5573333333333335,0.46,0.65,60,33.440000000000005
gz-04-dosel-ws,dpvDosel,2026-09-23 15:00,2026-09-23 10:00,2026-09-23,0.7695000000000005,0.52,1.14,60,46.17000000000003
gz-04-dosel-ws,dpvDosel,2026-09-23 16:00,2026-09-23 11:00,2026-09-23,0.6239999999999998,0.54,0.69,60,37.43999999999998
gz-04-dosel-ws,dpvDosel,2026-09-23 17:00,2026-09-23 12:00,2026-09-23,0.590833333333333,0.4,1.11,60,35.44999999999998
gz-04-dosel-ws,dpvDosel,2026-09-23 18:00,2026-09-23 13:00,2026-09-23,0.5628333333333334,0.22,1.11,60,33.77
gz-04-dosel-ws,dpvDosel,2026-09-23 19:00,2026-09-23 14:00,2026-09-23,0.21220338983050877,0.14,0.24,59,12.520000000000017
gz-04-dosel-ws,dpvDosel,2026-09-23 20:00,2026-09-23 15:00,2026-09-23,0.3473333333333334,0.14,0.58,60,20.840000000000003
gz-04-dosel-ws,dpvDosel,2026-09-23 21:00,2026-09-23 16:00,2026-09-23,0.30733333333333335,0.25,0.42,60,18.44
gz-04-dosel-ws,dpvDosel,2026-09-23 22:00,2026-09-23 17:00,2026-09-23,0.1965,0.16,0.26,60,11.790000000000001
gz-04-dosel-ws,dpvDosel,2026-09-23 23:00,2026-09-23 18:00,2026-09-23,0.15983333333333344,0.09,0.2,60,9.590000000000007
gz-04-dosel-ws,dpvDosel,2026-09-24 00:00,2026-09-23 19:00,2026-09-23,0.1513333333333333,0.09,0.18,60,9.079999999999998
gz-04-dosel-ws,dpvDosel,2026-09-24 01:00,2026-09-23 20:00,2026-09-23,0.13847457627118648,0.11,0.17,59,8.170000000000002
gz-04-dosel-ws,dpvDosel,2026-09-24 02:00,2026-09-23 21:00,2026-09-23,0.1366666666666667,0.1,0.19,60,8.200000000000001
gz-04-dosel-ws,dpvDosel,2026-09-24 03:00,2026-09-23 22:00,2026-09-23,0.13850000000000012,0.1,0.19,60,8.310000000000008
gz-04-dosel-ws,dpvDosel,2026-09-24 04:00,2026-09-23 23:00,2026-09-23,0.12600000000000006,0.08,0.16,60,7.560000000000003
gz-04-dosel-ws,dpvDosel,2026-09-24 05:00,2026-09-24 00:00,2026-09-24,0.1653333333333334,0.08,0.21,60,9.920000000000003
gz-04-dosel-ws,dpvDosel,2026-09-24 06:00,2026-09-24 01:00,2026-09-24,0.13083333333333333,0.09,0.18,60,7.8500000000000005
gz-04-dosel-ws,dpvDosel,2026-09-24 07:00,2026-09-24 02:00,2026-09-24,0.11833333333333328,0.08,0.19,60,7.099999999999997
gz-04-dosel-ws,dpvDosel,2026-09-24 08:00,2026-09-24 03:00,2026-09-24,0.1416949152542373,0.08,0.17,59,8.360000000000001
gz-04-dosel-ws,dpvDosel,2026-09-24 09:00,2026-09-24 04:00,2026-09-24,0.15500000000000005,0.1,0.2,60,9.300000000000002
gz-04-dosel-ws,dpvDosel,2026-09-24 10:00,2026-09-24 05:00,2026-09-24,0.1604999999999999,0.12,0.2,60,9.629999999999994
gz-04-dosel-ws,dpvDosel,2026-09-24 11:00,2026-09-24 06:00,2026-09-24,0.20516666666666675,0.12,0.31,60,12.310000000000004
gz-04-dosel-ws,dpvDosel,2026-09-24 12:00,2026-09-24 07:00,2026-09-24,0.46233333333333343,0.31,0.55,60,27.740000000000006
gz-04-dosel-ws,dpvDosel,2026-09-24 13:00,2026-09-24 08:00,2026-09-24,0.38583333333333325,0.21,0.58,60,23.149999999999995
gz-04-dosel-ws,dpvDosel,2026-09-24 14:00,2026-09-24 09:00,2026-09-24,0.6090000000000004,0.27,0.78,60,36.54000000000003
gz-04-dosel-ws,dpvDosel,2026-09-24 15:00,2026-09-24 10:00,2026-09-24,0.49033898305084744,0.27,0.8,59,28.93
gz-04-dosel-ws,dpvDosel,2026-09-24 16:00,2026-09-24 11:00,2026-09-24,0.7718333333333334,0.7,0.87,60,46.31
gz-04-dosel-ws,dpvDosel,2026-09-24 17:00,2026-09-24 12:00,2026-09-24,0.6243333333333335,0.31,0.82,60,37.46000000000001
gz-04-dosel-ws,dpvDosel,2026-09-24 18:00,2026-09-24 13:00,2026-09-24,0.5448333333333334,0.31,0.74,60,32.690000000000005
gz-04-dosel-ws,dpvDosel,2026-09-24 19:00,2026-09-24 14:00,2026-09-24,0.5303333333333334,0.38,0.64,60,31.820000000000004
gz-04-dosel-ws,dpvDosel,2026-09-24 20:00,2026-09-24 15:00,2026-09-24,0.5033333333333334,0.38,0.58,60,30.200000000000003
gz-04-dosel-ws,dpvDosel,2026-09-24 21:00,2026-09-24 16:00,2026-09-24,0.31883333333333325,0.22,0.48,60,19.129999999999995
gz-04-dosel-ws,dpvDosel,2026-09-24 22:00,2026-09-24 17:00,2026-09-24,0.19203389830508485,0.14,0.25,59,11.330000000000007
gz-04-dosel-ws,dpvDosel,2026-09-24 23:00,2026-09-24 18:00,2026-09-24,0.14433333333333329,0.11,0.2,60,8.659999999999997
gz-04-dosel-ws,dpvDosel,2026-09-25 00:00,2026-09-24 19:00,2026-09-24,0.1338333333333333,0.09,0.18,60,8.029999999999998
gz-04-dosel-ws,dpvDosel,2026-09-25 01:00,2026-09-24 20:00,2026-09-24,0.16333333333333339,0.12,0.19,60,9.800000000000002
gz-04-dosel-ws,dpvDosel,2026-09-25 02:00,2026-09-24 21:00,2026-09-24,0.14883333333333335,0.1,0.19,60,8.930000000000001
gz-04-dosel-ws,dpvDosel,2026-09-25 03:00,2026-09-24 22:00,2026-09-24,0.12516666666666668,0.1,0.15,60,7.510000000000001
gz-04-dosel-ws,dpvDosel,2026-09-25 04:00,2026-09-24 23:00,2026-09-24,0.14474576271186448,0.09,0.19,59,8.540000000000004
gz-04-dosel-ws,dpvDosel,2026-09-25 05:00,2026-09-25 00:00,2026-09-25,0.10116666666666664,0.07,0.14,60,6.0699999999999985
gz-04-dosel-ws,dpvDosel,2026-09-25 06:00,2026-09-25 01:00,2026-09-25,0.1606666666666668,0.12,0.21,60,9.640000000000008
gz-04-dosel-ws,dpvDosel,2026-09-25 07:00,2026-09-25 02:00,2026-09-25,0.1843333333333333,0.17,0.21,60,11.059999999999997
gz-04-dosel-ws,dpvDosel,2026-09-25 08:00,2026-09-25 03:00,2026-09-25,0.1533333333333334,0.09,0.2,60,9.200000000000005
gz-04-dosel-ws,dpvDosel,2026-09-25 09:00,2026-09-25 04:00,2026-09-25,0.15249999999999989,0.13,0.2,60,9.149999999999993
gz-04-dosel-ws,dpvDosel,2026-09-25 10:00,2026-09-25 05:00,2026-09-25,0.12166666666666673,0.08,0.16,60,7.300000000000003
gz-04-dosel-ws,dpvDosel,2026-09-25 11:00,2026-09-25 06:00,2026-09-25,0.19700000000000004,0.11,0.25,60,11.820000000000002
gz-04-dosel-ws,dpvDosel,2026-09-25 12:00,2026-09-25 07:00,2026-09-25,0.33266666666666667,0.24,0.44,60,19.96
gz-04-dosel-ws,dpvDosel,2026-09-25 13:00,2026-09-25 08:00,2026-09-25,0.5603333333333335,0.44,0.68,60,33.620000000000005
gz-04-dosel-ws,dpvDosel,2026-09-25 14:00,2026-09-25 09:00,2026-09-25,0.7456666666666664,0.58,0.93,60,44.73999999999998
gz-04-dosel-ws,dpvDosel,2026-09-25 15:00,2026-09-25 10:00,2026-09-25,0.6125000000000002,0.45,0.93,60,36.75000000000001
gz-04-dosel-ws,dpvDosel,2026-09-25 16:00,2026-09-25 11:00,2026-09-25,0.7757627118644066,0.57,0.88,59,45.76999999999999
gz-04-dosel-ws,dpvDosel,2026-09-25 17:00,2026-09-25 12:00,2026-09-25,0.8131666666666668,0.78,0.85,60,48.790000000000006
gz-04-dosel-ws,dpvDosel,2026-09-25 18:00,2026-09-25 13:00,2026-09-25,1.0485,0.82,1.18,60,62.910000000000004
gz-04-dosel-ws,dpvDosel,2026-09-25 19:00,2026-09-25 14:00,2026-09-25,0.8370000000000001,0.53,1.06,60,50.220000000000006
gz-04-dosel-ws,dpvDosel,2026-09-25 20:00,2026-09-25 15:00,2026-09-25,0.4978333333333332,0.39,0.59,60,29.86999999999999
gz-04-dosel-ws,dpvDosel,2026-09-25 21:00,2026-09-25 16:00,2026-09-25,0.41050000000000003,0.37,0.46,60,24.630000000000003
gz-04-dosel-ws,dpvDosel,2026-09-25 22:00,2026-09-25 17:00,2026-09-25,0.21383333333333326,0.15,0.37,60,12.829999999999997
gz-04-dosel-ws,dpvDosel,2026-09-25 23:00,2026-09-25 18:00,2026-09-25,0.16830508474576278,0.12,0.23,59,9.930000000000003
gz-04-dosel-ws,dpvDosel,2026-09-26 00:00,2026-09-25 19:00,2026-09-25,0.1478333333333333,0.09,0.2,60,8.869999999999997
gz-04-dosel-ws,dpvDosel,2026-09-26 01:00,2026-09-25 20:00,2026-09-25,0.13866666666666663,0.09,0.18,60,8.319999999999999
gz-04-dosel-ws,dpvDosel,2026-09-26 02:00,2026-09-25 21:00,2026-09-25,0.1588333333333334,0.14,0.17,60,9.530000000000005
gz-04-dosel-ws,dpvDosel,2026-09-26 03:00,2026-09-25 22:00,2026-09-25,0.14349999999999996,0.08,0.2,60,8.609999999999998
gz-04-dosel-ws,dpvDosel,2026-09-26 04:00,2026-09-25 23:00,2026-09-25,0.15266666666666664,0.1,0.2,60,9.159999999999998
gz-04-dosel-ws,dpvDosel,2026-09-26 05:00,2026-09-26 00:00,2026-09-26,0.12633333333333327,0.1,0.16,60,7.5799999999999965
gz-04-dosel-ws,dpvDosel,2026-09-26 06:00,2026-09-26 01:00,2026-09-26,0.17661016949152536,0.16,0.19,59,10.419999999999996
gz-04-dosel-ws,dpvDosel,2026-09-26 07:00,2026-09-26 02:00,2026-09-26,0.14699999999999996,0.12,0.19,60,8.819999999999999
gz-04-dosel-ws,dpvDosel,2026-09-26 08:00,2026-09-26 03:00,2026-09-26,0.13783333333333334,0.1,0.21,60,8.27
gz-04-dosel-ws,dpvDosel,2026-09-26 09:00,2026-09-26 04:00,2026-09-26,0.1366666666666667,0.08,0.21,60,8.200000000000001
gz-04-dosel-ws,dpvDosel,2026-09-26 10:00,2026-09-26 05:00,2026-09-26,0.15183333333333332,0.08,0.2,60,9.11
gz-04-dosel-ws,dpvDosel,2026-09-26 11:00,2026-09-26 06:00,2026-09-26,0.21300000000000002,0.16,0.4,60,12.780000000000001
gz-04-dosel-ws,dpvDosel,2026-09-26 12:00,2026-09-26 07:00,2026-09-26,0.25583333333333336,0.15,0.41,60,15.350000000000001
gz-04-dosel-ws,dpvDosel,2026-09-26 13:00,2026-09-26 08:00,2026-09-26,0.4106779661016949,0.31,0.56,59,24.229999999999997
gz-04-dosel-ws,dpvDosel,2026-09-26 14:00,2026-09-26 09:00,2026-09-26,0.5195,0.32,0.62,60,31.169999999999998
gz-04-dosel-ws,dpvDosel,2026-09-26 15:00,2026-09-26 10:00,2026-09-26,0.44266666666666654,0.32,0.52,60,26.55999999999999
gz-04-dosel-ws,dpvDosel,2026-09-26 16:00,2026-09-26 11:00,2026-09-26,0.7388333333333331,0.4,1.05,60,44.329999999999984
gz-04-dosel-ws,dpvDosel,2026-09-26 17:00,2026-09-26 12:00,2026-09-26,0.7594999999999998,0.51,1.05,60,45.56999999999999
gz-04-dosel-ws,dpvDosel,2026-09-26 18:00,2026-09-26 13:00,2026-09-26,0.8755000000000003,0.52,1.19,60,52.530000000000015
gz-04-dosel-ws,dpvDosel,2026-09-26 19:00,2026-09-26 14:00,2026-09-26,0.7889830508474575,0.65,0.91,59,46.54999999999999
gz-04-dosel-ws,dpvDosel,2026-09-26 20:00,2026-09-26 15:00,2026-09-26,0.4756666666666666,0.28,0.64,60,28.54
gz-04-dosel-ws,dpvDosel,2026-09-26 21:00,2026-09-26 16:00,2026-09-26,0.25133333333333324,0.11,0.36,60,15.079999999999993
gz-04-dosel-ws,dpvDosel,2026-09-26 22:00,2026-09-26 17:00,2026-09-26,0.19299999999999992,0.09,0.26,60,11.579999999999995
gz-04-dosel-ws,dpvDosel,2026-09-26 23:00,2026-09-26 18:00,2026-09-26,0.16166666666666688,0.13,0.19,60,9.700000000000012
gz-04-dosel-ws,dpvDosel,2026-09-27 00:00,2026-09-26 19:00,2026-09-26,0.15566666666666676,0.13,0.18,60,9.340000000000005
gz-04-dosel-ws,dpvDosel,2026-09-27 01:00,2026-09-26 20:00,2026-09-26,0.16749999999999998,0.08,0.2,60,10.049999999999999
gz-04-dosel-ws,dpvDosel,2026-09-27 02:00,2026-09-26 21:00,2026-09-26,0.11389830508474574,0.08,0.15,59,6.719999999999999
gz-04-dosel-ws,dpvDosel,2026-09-27 03:00,2026-09-26 22:00,2026-09-26,0.15950000000000006,0.07,0.2,60,9.570000000000004
gz-04-dosel-ws,dpvDosel,2026-09-27 04:00,2026-09-26 23:00,2026-09-26,0.1285,0.07,0.18,60,7.710000000000001
gz-04-dosel-ws,dpvDosel,2026-09-27 05:00,2026-09-27 00:00,2026-09-27,0.15000000000000002,0.09,0.19,60,9.000000000000002
gz-04-dosel-ws,dpvDosel,2026-09-27 06:00,2026-09-27 01:00,2026-09-27,0.14366666666666666,0.11,0.19,60,8.62
gz-04-dosel-ws,dpvDosel,2026-09-27 07:00,2026-09-27 02:00,2026-09-27,0.09916666666666667,0.08,0.12,60,5.95
gz-04-dosel-ws,dpvDosel,2026-09-27 08:00,2026-09-27 03:00,2026-09-27,0.11399999999999996,0.08,0.15,60,6.839999999999998
gz-04-dosel-ws,dpvDosel,2026-09-27 09:00,2026-09-27 04:00,2026-09-27,0.12152542372881357,0.1,0.16,59,7.170000000000001
gz-04-dosel-ws,dpvDosel,2026-09-27 10:00,2026-09-27 05:00,2026-09-27,0.1553333333333334,0.13,0.19,60,9.320000000000004
gz-04-dosel-ws,dpvDosel,2026-09-27 11:00,2026-09-27 06:00,2026-09-27,0.21866666666666656,0.15,0.32,60,13.119999999999994
gz-04-dosel-ws,dpvDosel,2026-09-27 12:00,2026-09-27 07:00,2026-09-27,0.3401666666666666,0.21,0.63,60,20.409999999999997
gz-04-dosel-ws,dpvDosel,2026-09-27 13:00,2026-09-27 08:00,2026-09-27,0.6025000000000003,0.4,0.73,60,36.15000000000001
gz-04-dosel-ws,dpvDosel,2026-09-27 14:00,2026-09-27 09:00,2026-09-27,0.5695000000000001,0.4,0.73,60,34.17000000000001
gz-04-dosel-ws,dpvDosel,2026-09-27 15:00,2026-09-27 10:00,2026-09-27,0.9418333333333332,0.73,1.1,60,56.50999999999999
gz-04-dosel-ws,dpvDosel,2026-09-27 16:00,2026-09-27 11:00,2026-09-27,1.0525423728813559,0.96,1.16,59,62.099999999999994
gz-04-dosel-ws,dpvDosel,2026-09-27 17:00,2026-09-27 12:00,2026-09-27,0.8775000000000003,0.74,1.1,60,52.65000000000002
gz-04-dosel-ws,dpvDosel,2026-09-27 18:00,2026-09-27 13:00,2026-09-27,0.4681666666666668,0.32,0.89,60,28.090000000000007
gz-04-dosel-ws,dpvDosel,2026-09-27 19:00,2026-09-27 14:00,2026-09-27,0.48100000000000004,0.28,0.75,60,28.860000000000003
gz-04-dosel-ws,dpvDosel,2026-09-27 20:00,2026-09-27 15:00,2026-09-27,0.48749999999999993,0.35,0.74,60,29.249999999999996
gz-04-dosel-ws,dpvDosel,2026-09-27 21:00,2026-09-27 16:00,2026-09-27,0.3463333333333331,0.28,0.4,60,20.779999999999987
gz-04-dosel-ws,dpvDosel,2026-09-27 22:00,2026-09-27 17:00,2026-09-27,0.25508474576271195,0.19,0.39,59,15.050000000000004
gz-04-dosel-ws,dpvDosel,2026-09-27 23:00,2026-09-27 18:00,2026-09-27,0.13316666666666663,0.09,0.18,60,7.989999999999998
gz-04-dosel-ws,dpvDosel,2026-09-28 00:00,2026-09-27 19:00,2026-09-27,0.1756666666666666,0.15,0.2,60,10.539999999999997
gz-04-dosel-ws,dpvDosel,2026-09-28 01:00,2026-09-27 20:00,2026-09-27,0.11849999999999997,0.08,0.15,60,7.109999999999998
gz-04-dosel-ws,dpvDosel,2026-09-28 02:00,2026-09-27 21:00,2026-09-27,0.1645,0.11,0.21,60,9.870000000000001
gz-04-dosel-ws,dpvDosel,2026-09-28 03:00,2026-09-27 22:00,2026-09-27,0.16416666666666666,0.11,0.21,60,9.85
gz-04-dosel-ws,dpvDosel,2026-09-28 04:00,2026-09-27 23:00,2026-09-27,0.138,0.12,0.16,60,8.280000000000001
gz-04-dosel-ws,dpvDosel,2026-09-28 05:00,2026-09-28 00:00,2026-09-28,0.14491525423728815,0.13,0.17,59,8.55
gz-04-dosel-ws,dpvDosel,2026-09-28 06:00,2026-09-28 01:00,2026-09-28,0.14466666666666667,0.11,0.2,60,8.68
gz-04-dosel-ws,dpvDosel,2026-09-28 07:00,2026-09-28 02:00,2026-09-28,0.15,0.09,0.2,60,9
gz-04-dosel-ws,dpvDosel,2026-09-28 08:00,2026-09-28 03:00,2026-09-28,0.154,0.09,0.22,60,9.24
gz-04-dosel-ws,dpvDosel,2026-09-28 09:00,2026-09-28 04:00,2026-09-28,0.14101694915254237,0.1,0.21,59,8.32
gz-04-dosel-ws,dpvDosel,2026-09-28 10:00,2026-09-28 05:00,2026-09-28,0.12216666666666667,0.1,0.18,60,7.33
gz-04-dosel-ws,dpvDosel,2026-09-28 11:00,2026-09-28 06:00,2026-09-28,0.23049999999999998,0.12,0.3,60,13.829999999999998
gz-04-dosel-ws,dpvDosel,2026-09-28 12:00,2026-09-28 07:00,2026-09-28,0.4356666666666666,0.3,0.53,60,26.139999999999997
gz-04-dosel-ws,dpvDosel,2026-09-28 13:00,2026-09-28 08:00,2026-09-28,0.5000000000000001,0.37,0.54,60,30.000000000000004
gz-04-dosel-ws,dpvDosel,2026-09-28 14:00,2026-09-28 09:00,2026-09-28,0.611,0.38,0.76,60,36.66
gz-04-dosel-ws,dpvDosel,2026-09-28 15:00,2026-09-28 10:00,2026-09-28,0.7669491525423728,0.54,1.13,59,45.25
gz-04-dosel-ws,dpvDosel,2026-09-28 16:00,2026-09-28 11:00,2026-09-28,0.9151666666666667,0.71,1.16,60,54.910000000000004
gz-04-dosel-ws,dpvDosel,2026-09-28 17:00,2026-09-28 12:00,2026-09-28,0.7185,0.6,0.95,60,43.11
gz-04-dosel-ws,dpvDosel,2026-09-28 18:00,2026-09-28 13:00,2026-09-28,0.5478333333333334,0.31,0.95,60,32.870000000000005
gz-04-dosel-ws,dpvDosel,2026-09-28 19:00,2026-09-28 14:00,2026-09-28,0.6783333333333333,0.31,1,60,40.7
gz-04-dosel-ws,dpvDosel,2026-09-28 20:00,2026-09-28 15:00,2026-09-28,0.2905,0.17,0.54,60,17.43
gz-04-dosel-ws,dpvDosel,2026-09-28 21:00,2026-09-28 16:00,2026-09-28,0.257,0.12,0.33,60,15.42
gz-04-dosel-ws,dpvDosel,2026-09-28 22:00,2026-09-28 17:00,2026-09-28,0.22474576271186436,0.17,0.32,59,13.259999999999998
gz-04-dosel-ws,dpvDosel,2026-09-28 23:00,2026-09-28 18:00,2026-09-28,0.18683333333333335,0.17,0.2,60,11.21
gz-04-dosel-ws,dpvDosel,2026-09-29 00:00,2026-09-28 19:00,2026-09-28,0.1445945945945946,0.07,0.2,37,5.35
gz-04-dosel-ws,hrDosel,2026-09-22 03:00,2026-09-21 22:00,2026-09-21,95.71999999999998,93.4,96.7,40,3828.7999999999993
gz-04-dosel-ws,hrDosel,2026-09-22 04:00,2026-09-21 23:00,2026-09-21,94.26166666666668,92.8,96.7,60,5655.700000000001
gz-04-dosel-ws,hrDosel,2026-09-22 05:00,2026-09-22 00:00,2026-09-22,93.37999999999998,91.3,95.5,60,5602.799999999999
gz-04-dosel-ws,hrDosel,2026-09-22 06:00,2026-09-22 01:00,2026-09-22,92.11833333333335,91.1,95.3,60,5527.100000000001
gz-04-dosel-ws,hrDosel,2026-09-22 07:00,2026-09-22 02:00,2026-09-22,94.1866666666667,91.5,96.5,60,5651.200000000002
gz-04-dosel-ws,hrDosel,2026-09-22 08:00,2026-09-22 03:00,2026-09-22,94.5016666666667,91.6,97,60,5670.100000000001
gz-04-dosel-ws,hrDosel,2026-09-22 09:00,2026-09-22 04:00,2026-09-22,93.9728813559322,92.5,95.8,59,5544.4
gz-04-dosel-ws,hrDosel,2026-09-22 10:00,2026-09-22 05:00,2026-09-22,94.82000000000004,92.9,95.8,60,5689.200000000003
gz-04-dosel-ws,hrDosel,2026-09-22 11:00,2026-09-22 06:00,2026-09-22,91.68000000000004,86.2,94.1,60,5500.800000000002
gz-04-dosel-ws,hrDosel,2026-09-22 12:00,2026-09-22 07:00,2026-09-22,87.39333333333336,86.1,88.6,60,5243.600000000001
gz-04-dosel-ws,hrDosel,2026-09-22 13:00,2026-09-22 08:00,2026-09-22,84.84166666666671,82.1,87.1,60,5090.500000000003
gz-04-dosel-ws,hrDosel,2026-09-22 14:00,2026-09-22 09:00,2026-09-22,82.69166666666669,77,86.2,60,4961.500000000002
gz-04-dosel-ws,hrDosel,2026-09-22 15:00,2026-09-22 10:00,2026-09-22,83.07457627118649,77,86,59,4901.400000000002
gz-04-dosel-ws,hrDosel,2026-09-22 16:00,2026-09-22 11:00,2026-09-22,77.28833333333333,75.8,81.1,60,4637.299999999999
gz-04-dosel-ws,hrDosel,2026-09-22 17:00,2026-09-22 12:00,2026-09-22,78.43666666666668,74.4,81.1,60,4706.200000000001
gz-04-dosel-ws,hrDosel,2026-09-22 18:00,2026-09-22 13:00,2026-09-22,78.94999999999999,74.3,83.4,60,4736.999999999999
gz-04-dosel-ws,hrDosel,2026-09-22 19:00,2026-09-22 14:00,2026-09-22,82.78500000000001,74.9,87.5,60,4967.1
gz-04-dosel-ws,hrDosel,2026-09-22 20:00,2026-09-22 15:00,2026-09-22,83.10819672131149,80.6,85.3,61,5069.6
gz-04-dosel-ws,hrDosel,2026-09-22 21:00,2026-09-22 16:00,2026-09-22,88.80327868852459,82.9,93.9,61,5417
gz-04-dosel-ws,hrDosel,2026-09-22 22:00,2026-09-22 17:00,2026-09-22,91.56101694915253,86,95.7,59,5402.099999999999
gz-04-dosel-ws,hrDosel,2026-09-22 23:00,2026-09-22 18:00,2026-09-22,92.92333333333335,91.8,96.5,60,5575.400000000001
gz-04-dosel-ws,hrDosel,2026-09-23 00:00,2026-09-22 19:00,2026-09-22,94.80166666666672,91.3,96.6,60,5688.100000000003
gz-04-dosel-ws,hrDosel,2026-09-23 01:00,2026-09-22 20:00,2026-09-22,94.32000000000001,92.9,96.7,60,5659.200000000001
gz-04-dosel-ws,hrDosel,2026-09-23 02:00,2026-09-22 21:00,2026-09-22,94.92666666666668,92.7,97,60,5695.6
gz-04-dosel-ws,hrDosel,2026-09-23 03:00,2026-09-22 22:00,2026-09-22,95.345,92.7,96.8,60,5720.7
gz-04-dosel-ws,hrDosel,2026-09-23 04:00,2026-09-22 23:00,2026-09-22,94.35666666666664,92.4,96.7,60,5661.399999999999
gz-04-dosel-ws,hrDosel,2026-09-23 05:00,2026-09-23 00:00,2026-09-23,93.92881355932202,92.4,95.4,59,5541.799999999999
gz-04-dosel-ws,hrDosel,2026-09-23 06:00,2026-09-23 01:00,2026-09-23,94.24333333333335,92,96.3,60,5654.600000000001
gz-04-dosel-ws,hrDosel,2026-09-23 07:00,2026-09-23 02:00,2026-09-23,93.30666666666666,91.8,94.4,60,5598.4
gz-04-dosel-ws,hrDosel,2026-09-23 08:00,2026-09-23 03:00,2026-09-23,93.56333333333333,91.3,95.1,60,5613.8
gz-04-dosel-ws,hrDosel,2026-09-23 09:00,2026-09-23 04:00,2026-09-23,94.27333333333334,91.8,96.9,60,5656.400000000001
gz-04-dosel-ws,hrDosel,2026-09-23 10:00,2026-09-23 05:00,2026-09-23,93.37000000000005,90.7,96.8,60,5602.200000000003
gz-04-dosel-ws,hrDosel,2026-09-23 11:00,2026-09-23 06:00,2026-09-23,90.44166666666663,87.8,91.8,60,5426.499999999998
gz-04-dosel-ws,hrDosel,2026-09-23 12:00,2026-09-23 07:00,2026-09-23,89.02711864406777,86.5,91,59,5252.5999999999985
gz-04-dosel-ws,hrDosel,2026-09-23 13:00,2026-09-23 08:00,2026-09-23,83.07166666666666,77.3,91,60,4984.299999999999
gz-04-dosel-ws,hrDosel,2026-09-23 14:00,2026-09-23 09:00,2026-09-23,81.82499999999999,79.9,84.6,60,4909.499999999999
gz-04-dosel-ws,hrDosel,2026-09-23 15:00,2026-09-23 10:00,2026-09-23,77.17666666666669,69.4,82.5,60,4630.600000000001
gz-04-dosel-ws,hrDosel,2026-09-23 16:00,2026-09-23 11:00,2026-09-23,79.8016666666667,78.4,81.4,60,4788.100000000002
gz-04-dosel-ws,hrDosel,2026-09-23 17:00,2026-09-23 12:00,2026-09-23,81.22833333333331,70.4,85.8,60,4873.699999999999
gz-04-dosel-ws,hrDosel,2026-09-23 18:00,2026-09-23 13:00,2026-09-23,82.485,70.4,91.8,60,4949.1
gz-04-dosel-ws,hrDosel,2026-09-23 19:00,2026-09-23 14:00,2026-09-23,91.38135593220336,90.6,93.9,59,5391.499999999998
gz-04-dosel-ws,hrDosel,2026-09-23 20:00,2026-09-23 15:00,2026-09-23,87.96999999999998,81.5,94.4,60,5278.199999999999
gz-04-dosel-ws,hrDosel,2026-09-23 21:00,2026-09-23 16:00,2026-09-23,88.49500000000003,85.6,90.5,60,5309.700000000002
gz-04-dosel-ws,hrDosel,2026-09-23 22:00,2026-09-23 17:00,2026-09-23,91.94166666666668,89.4,93.6,60,5516.500000000001
gz-04-dosel-ws,hrDosel,2026-09-23 23:00,2026-09-23 18:00,2026-09-23,93.34333333333332,91.3,96.4,60,5600.599999999999
gz-04-dosel-ws,hrDosel,2026-09-24 00:00,2026-09-23 19:00,2026-09-23,93.51833333333333,92.3,96.4,60,5611.099999999999
gz-04-dosel-ws,hrDosel,2026-09-24 01:00,2026-09-23 20:00,2026-09-23,94.01355932203391,92.5,95.4,59,5546.800000000001
gz-04-dosel-ws,hrDosel,2026-09-24 02:00,2026-09-23 21:00,2026-09-23,94.32166666666666,92.2,96,60,5659.299999999999
gz-04-dosel-ws,hrDosel,2026-09-24 03:00,2026-09-23 22:00,2026-09-23,94.03833333333333,91.6,95.7,60,5642.299999999999
gz-04-dosel-ws,hrDosel,2026-09-24 04:00,2026-09-23 23:00,2026-09-23,94.71333333333332,93.2,96.6,60,5682.799999999999
gz-04-dosel-ws,hrDosel,2026-09-24 05:00,2026-09-24 00:00,2026-09-24,93.06833333333333,91.1,96.6,60,5584.099999999999
gz-04-dosel-ws,hrDosel,2026-09-24 06:00,2026-09-24 01:00,2026-09-24,94.40333333333334,92.5,96,60,5664.2
gz-04-dosel-ws,hrDosel,2026-09-24 07:00,2026-09-24 02:00,2026-09-24,94.92000000000002,92,96.7,60,5695.200000000001
gz-04-dosel-ws,hrDosel,2026-09-24 08:00,2026-09-24 03:00,2026-09-24,93.92203389830507,92.9,96.7,59,5541.4
gz-04-dosel-ws,hrDosel,2026-09-24 09:00,2026-09-24 04:00,2026-09-24,93.38999999999997,91.5,95.8,60,5603.399999999999
gz-04-dosel-ws,hrDosel,2026-09-24 10:00,2026-09-24 05:00,2026-09-24,93.19166666666668,91.9,94.8,60,5591.500000000001
gz-04-dosel-ws,hrDosel,2026-09-24 11:00,2026-09-24 06:00,2026-09-24,91.74500000000002,88.8,95.1,60,5504.700000000001
gz-04-dosel-ws,hrDosel,2026-09-24 12:00,2026-09-24 07:00,2026-09-24,83.75999999999999,81,88.7,60,5025.599999999999
gz-04-dosel-ws,hrDosel,2026-09-24 13:00,2026-09-24 08:00,2026-09-24,86.08500000000004,80.2,91.6,60,5165.100000000002
gz-04-dosel-ws,hrDosel,2026-09-24 14:00,2026-09-24 09:00,2026-09-24,80.97166666666666,77.3,90.3,60,4858.3
gz-04-dosel-ws,hrDosel,2026-09-24 15:00,2026-09-24 10:00,2026-09-24,83.80847457627118,75.8,90.3,59,4944.7
gz-04-dosel-ws,hrDosel,2026-09-24 16:00,2026-09-24 11:00,2026-09-24,77.01666666666668,74.9,78.9,60,4621.000000000001
gz-04-dosel-ws,hrDosel,2026-09-24 17:00,2026-09-24 12:00,2026-09-24,80.57833333333338,76,88.5,60,4834.700000000003
gz-04-dosel-ws,hrDosel,2026-09-24 18:00,2026-09-24 13:00,2026-09-24,82.53666666666663,77.5,88.5,60,4952.199999999998
gz-04-dosel-ws,hrDosel,2026-09-24 19:00,2026-09-24 14:00,2026-09-24,82.92833333333334,80.3,86.9,60,4975.700000000001
gz-04-dosel-ws,hrDosel,2026-09-24 20:00,2026-09-24 15:00,2026-09-24,83.04666666666664,80.9,86.9,60,4982.799999999998
gz-04-dosel-ws,hrDosel,2026-09-24 21:00,2026-09-24 16:00,2026-09-24,87.96166666666666,83.2,91,60,5277.7
gz-04-dosel-ws,hrDosel,2026-09-24 22:00,2026-09-24 17:00,2026-09-24,92.3271186440678,90,94.4,59,5447.3
gz-04-dosel-ws,hrDosel,2026-09-24 23:00,2026-09-24 18:00,2026-09-24,93.93833333333336,92,95.4,60,5636.300000000002
gz-04-dosel-ws,hrDosel,2026-09-25 00:00,2026-09-24 19:00,2026-09-24,94.36500000000001,92.2,96.2,60,5661.900000000001
gz-04-dosel-ws,hrDosel,2026-09-25 01:00,2026-09-24 20:00,2026-09-24,93.16833333333334,91.8,95,60,5590.1
gz-04-dosel-ws,hrDosel,2026-09-25 02:00,2026-09-24 21:00,2026-09-24,93.69833333333334,91.8,96,60,5621.900000000001
gz-04-dosel-ws,hrDosel,2026-09-25 03:00,2026-09-24 22:00,2026-09-24,94.78,93.9,95.6,60,5686.8
gz-04-dosel-ws,hrDosel,2026-09-25 04:00,2026-09-24 23:00,2026-09-24,93.86440677966105,92.1,96.4,59,5538.000000000002
gz-04-dosel-ws,hrDosel,2026-09-25 05:00,2026-09-25 00:00,2026-09-25,95.70333333333332,93.8,96.9,60,5742.199999999999
gz-04-dosel-ws,hrDosel,2026-09-25 06:00,2026-09-25 01:00,2026-09-25,93.4383333333333,91.5,95,60,5606.299999999998
gz-04-dosel-ws,hrDosel,2026-09-25 07:00,2026-09-25 02:00,2026-09-25,92.4216666666667,91.5,93.1,60,5545.300000000002
gz-04-dosel-ws,hrDosel,2026-09-25 08:00,2026-09-25 03:00,2026-09-25,93.56333333333333,91.7,96.3,60,5613.8
gz-04-dosel-ws,hrDosel,2026-09-25 09:00,2026-09-25 04:00,2026-09-25,93.51999999999997,91.8,94.5,60,5611.199999999998
gz-04-dosel-ws,hrDosel,2026-09-25 10:00,2026-09-25 05:00,2026-09-25,94.75499999999998,92.9,96.3,60,5685.299999999999
gz-04-dosel-ws,hrDosel,2026-09-25 11:00,2026-09-25 06:00,2026-09-25,92.06833333333331,89.5,95.5,60,5524.0999999999985
gz-04-dosel-ws,hrDosel,2026-09-25 12:00,2026-09-25 07:00,2026-09-25,87.58166666666666,84.9,90.5,60,5254.9
gz-04-dosel-ws,hrDosel,2026-09-25 13:00,2026-09-25 08:00,2026-09-25,82.17833333333333,79.7,85.2,60,4930.7
gz-04-dosel-ws,hrDosel,2026-09-25 14:00,2026-09-25 09:00,2026-09-25,78.03333333333333,74.1,81.8,60,4682
gz-04-dosel-ws,hrDosel,2026-09-25 15:00,2026-09-25 10:00,2026-09-25,80.15833333333335,74,83.8,60,4809.500000000001
gz-04-dosel-ws,hrDosel,2026-09-25 16:00,2026-09-25 11:00,2026-09-25,76.82881355932204,74,81.2,59,4532.900000000001
gz-04-dosel-ws,hrDosel,2026-09-25 17:00,2026-09-25 12:00,2026-09-25,76.39833333333333,75,77.9,60,4583.9
gz-04-dosel-ws,hrDosel,2026-09-25 18:00,2026-09-25 13:00,2026-09-25,71.59500000000001,69.3,76.2,60,4295.700000000001
gz-04-dosel-ws,hrDosel,2026-09-25 19:00,2026-09-25 14:00,2026-09-25,76.12166666666666,70.3,82.8,60,4567.299999999999
gz-04-dosel-ws,hrDosel,2026-09-25 20:00,2026-09-25 15:00,2026-09-25,83.53500000000001,80.8,86.8,60,5012.1
gz-04-dosel-ws,hrDosel,2026-09-25 21:00,2026-09-25 16:00,2026-09-25,85.37999999999998,84.5,86.8,60,5122.799999999999
gz-04-dosel-ws,hrDosel,2026-09-25 22:00,2026-09-25 17:00,2026-09-25,91.49333333333333,86.2,94.3,60,5489.599999999999
gz-04-dosel-ws,hrDosel,2026-09-25 23:00,2026-09-25 18:00,2026-09-25,92.86271186440678,90.1,95.1,59,5478.9
gz-04-dosel-ws,hrDosel,2026-09-26 00:00,2026-09-25 19:00,2026-09-25,93.85000000000004,91.5,96.2,60,5631.000000000002
gz-04-dosel-ws,hrDosel,2026-09-26 01:00,2026-09-25 20:00,2026-09-25,94.09833333333333,92.2,96.3,60,5645.9
gz-04-dosel-ws,hrDosel,2026-09-26 02:00,2026-09-25 21:00,2026-09-25,93.25166666666668,92.5,94.2,60,5595.1
gz-04-dosel-ws,hrDosel,2026-09-26 03:00,2026-09-25 22:00,2026-09-25,93.87833333333334,91.7,96.4,60,5632.700000000001
gz-04-dosel-ws,hrDosel,2026-09-26 04:00,2026-09-25 23:00,2026-09-25,93.65833333333333,91.7,95.6,60,5619.5
gz-04-dosel-ws,hrDosel,2026-09-26 05:00,2026-09-26 00:00,2026-09-26,94.62666666666665,93.3,95.5,60,5677.599999999999
gz-04-dosel-ws,hrDosel,2026-09-26 06:00,2026-09-26 01:00,2026-09-26,92.42372881355932,91.8,93.3,59,5453
gz-04-dosel-ws,hrDosel,2026-09-26 07:00,2026-09-26 02:00,2026-09-26,93.83833333333328,91.8,95.1,60,5630.2999999999965
gz-04-dosel-ws,hrDosel,2026-09-26 08:00,2026-09-26 03:00,2026-09-26,94.09666666666666,91.5,95.7,60,5645.8
gz-04-dosel-ws,hrDosel,2026-09-26 09:00,2026-09-26 04:00,2026-09-26,94.26833333333335,91.5,96.7,60,5656.1
gz-04-dosel-ws,hrDosel,2026-09-26 10:00,2026-09-26 05:00,2026-09-26,93.65166666666667,91.5,96.7,60,5619.1
gz-04-dosel-ws,hrDosel,2026-09-26 11:00,2026-09-26 06:00,2026-09-26,91.56833333333338,85.3,93.6,60,5494.100000000003
gz-04-dosel-ws,hrDosel,2026-09-26 12:00,2026-09-26 07:00,2026-09-26,90.175,84.8,94.1,60,5410.5
gz-04-dosel-ws,hrDosel,2026-09-26 13:00,2026-09-26 08:00,2026-09-26,85.67796610169493,81.9,88.9,59,5055.000000000001
gz-04-dosel-ws,hrDosel,2026-09-26 14:00,2026-09-26 09:00,2026-09-26,82.74000000000001,79.9,87.7,60,4964.400000000001
gz-04-dosel-ws,hrDosel,2026-09-26 15:00,2026-09-26 10:00,2026-09-26,84.77833333333332,83.1,87.7,60,5086.699999999999
gz-04-dosel-ws,hrDosel,2026-09-26 16:00,2026-09-26 11:00,2026-09-26,77.65166666666667,71,85.8,60,4659.1
gz-04-dosel-ws,hrDosel,2026-09-26 17:00,2026-09-26 12:00,2026-09-26,77.24833333333335,71,82.9,60,4634.900000000001
gz-04-dosel-ws,hrDosel,2026-09-26 18:00,2026-09-26 13:00,2026-09-26,75.55666666666669,69.9,82.8,60,4533.4000000000015
gz-04-dosel-ws,hrDosel,2026-09-26 19:00,2026-09-26 14:00,2026-09-26,76.89661016949155,74,79.5,59,4536.9000000000015
gz-04-dosel-ws,hrDosel,2026-09-26 20:00,2026-09-26 15:00,2026-09-26,83.36333333333333,79.5,89,60,5001.8
gz-04-dosel-ws,hrDosel,2026-09-26 21:00,2026-09-26 16:00,2026-09-26,90.07999999999998,86.1,95.1,60,5404.799999999999
gz-04-dosel-ws,hrDosel,2026-09-26 22:00,2026-09-26 17:00,2026-09-26,92.1783333333333,89.6,95.9,60,5530.699999999998
gz-04-dosel-ws,hrDosel,2026-09-26 23:00,2026-09-26 18:00,2026-09-26,92.975,91.6,94.6,60,5578.5
gz-04-dosel-ws,hrDosel,2026-09-27 00:00,2026-09-26 19:00,2026-09-26,93.42833333333331,92.2,94.4,60,5605.699999999999
gz-04-dosel-ws,hrDosel,2026-09-27 01:00,2026-09-26 20:00,2026-09-26,92.84166666666668,91.8,96.7,60,5570.500000000001
gz-04-dosel-ws,hrDosel,2026-09-27 02:00,2026-09-26 21:00,2026-09-26,95.17457627118645,93.9,96.7,59,5615.300000000001
gz-04-dosel-ws,hrDosel,2026-09-27 03:00,2026-09-26 22:00,2026-09-26,93.37166666666666,91.7,97,60,5602.299999999999
gz-04-dosel-ws,hrDosel,2026-09-27 04:00,2026-09-26 23:00,2026-09-26,94.52666666666667,92.3,97,60,5671.6
gz-04-dosel-ws,hrDosel,2026-09-27 05:00,2026-09-27 00:00,2026-09-27,93.64166666666667,92,96.2,60,5618.5
gz-04-dosel-ws,hrDosel,2026-09-27 06:00,2026-09-27 01:00,2026-09-27,93.89499999999998,91.6,95.5,60,5633.699999999999
gz-04-dosel-ws,hrDosel,2026-09-27 07:00,2026-09-27 02:00,2026-09-27,95.79833333333333,94.9,96.8,60,5747.9
gz-04-dosel-ws,hrDosel,2026-09-27 08:00,2026-09-27 03:00,2026-09-27,95.20333333333335,94,96.5,60,5712.200000000001
gz-04-dosel-ws,hrDosel,2026-09-27 09:00,2026-09-27 04:00,2026-09-27,94.88644067796608,93.1,95.7,59,5598.299999999998
gz-04-dosel-ws,hrDosel,2026-09-27 10:00,2026-09-27 05:00,2026-09-27,93.3466666666667,91.7,94.6,60,5600.800000000002
gz-04-dosel-ws,hrDosel,2026-09-27 11:00,2026-09-27 06:00,2026-09-27,91.3316666666667,88,93.6,60,5479.900000000002
gz-04-dosel-ws,hrDosel,2026-09-27 12:00,2026-09-27 07:00,2026-09-27,87.56500000000003,80.1,91.6,60,5253.9000000000015
gz-04-dosel-ws,hrDosel,2026-09-27 13:00,2026-09-27 08:00,2026-09-27,80.63833333333334,77.4,86.5,60,4838.3
gz-04-dosel-ws,hrDosel,2026-09-27 14:00,2026-09-27 09:00,2026-09-27,81.49166666666669,77.2,86.5,60,4889.500000000001
gz-04-dosel-ws,hrDosel,2026-09-27 15:00,2026-09-27 10:00,2026-09-27,73.085,70.3,77.2,60,4385.099999999999
gz-04-dosel-ws,hrDosel,2026-09-27 16:00,2026-09-27 11:00,2026-09-27,71.35084745762714,68.9,74.2,59,4209.700000000002
gz-04-dosel-ws,hrDosel,2026-09-27 17:00,2026-09-27 12:00,2026-09-27,75.43333333333334,70,78.5,60,4526
gz-04-dosel-ws,hrDosel,2026-09-27 18:00,2026-09-27 13:00,2026-09-27,84.43166666666667,75.3,88.6,60,5065.900000000001
gz-04-dosel-ws,hrDosel,2026-09-27 19:00,2026-09-27 14:00,2026-09-27,84.06333333333333,78,89.6,60,5043.8
gz-04-dosel-ws,hrDosel,2026-09-27 20:00,2026-09-27 15:00,2026-09-27,83.47166666666664,78.3,87.6,60,5008.299999999998
gz-04-dosel-ws,hrDosel,2026-09-27 21:00,2026-09-27 16:00,2026-09-27,87.31,85.9,89.9,60,5238.6
gz-04-dosel-ws,hrDosel,2026-09-27 22:00,2026-09-27 17:00,2026-09-27,90.04067796610171,86.1,92.5,59,5312.400000000001
gz-04-dosel-ws,hrDosel,2026-09-27 23:00,2026-09-27 18:00,2026-09-27,94.3433333333333,92.6,96,60,5660.5999999999985
gz-04-dosel-ws,hrDosel,2026-09-28 00:00,2026-09-27 19:00,2026-09-27,92.58333333333333,91.2,93.9,60,5555
gz-04-dosel-ws,hrDosel,2026-09-28 01:00,2026-09-27 20:00,2026-09-27,95.01833333333333,93.5,96.8,60,5701.099999999999
gz-04-dosel-ws,hrDosel,2026-09-28 02:00,2026-09-27 21:00,2026-09-27,92.97833333333334,91.1,95.2,60,5578.700000000001
gz-04-dosel-ws,hrDosel,2026-09-28 03:00,2026-09-27 22:00,2026-09-27,93.15166666666666,91.2,95.2,60,5589.099999999999
gz-04-dosel-ws,hrDosel,2026-09-28 04:00,2026-09-27 23:00,2026-09-27,94.235,93.1,95.2,60,5654.1
gz-04-dosel-ws,hrDosel,2026-09-28 05:00,2026-09-28 00:00,2026-09-28,93.71525423728814,92.8,94.6,59,5529.2
gz-04-dosel-ws,hrDosel,2026-09-28 06:00,2026-09-28 01:00,2026-09-28,93.86166666666668,91.4,95.3,60,5631.700000000001
gz-04-dosel-ws,hrDosel,2026-09-28 07:00,2026-09-28 02:00,2026-09-28,93.62833333333332,91.4,96.4,60,5617.699999999999
gz-04-dosel-ws,hrDosel,2026-09-28 08:00,2026-09-28 03:00,2026-09-28,93.57500000000002,91.1,95.9,60,5614.500000000001
gz-04-dosel-ws,hrDosel,2026-09-28 09:00,2026-09-28 04:00,2026-09-28,94.08813559322036,91.1,95.7,59,5551.200000000001
gz-04-dosel-ws,hrDosel,2026-09-28 10:00,2026-09-28 05:00,2026-09-28,94.72666666666667,92.1,95.8,60,5683.6
gz-04-dosel-ws,hrDosel,2026-09-28 11:00,2026-09-28 06:00,2026-09-28,90.675,88.1,95,60,5440.5
gz-04-dosel-ws,hrDosel,2026-09-28 12:00,2026-09-28 07:00,2026-09-28,84.73166666666665,82.1,88.4,60,5083.9
gz-04-dosel-ws,hrDosel,2026-09-28 13:00,2026-09-28 08:00,2026-09-28,82.48666666666668,81.3,86.8,60,4949.200000000001
gz-04-dosel-ws,hrDosel,2026-09-28 14:00,2026-09-28 09:00,2026-09-28,80.94833333333332,77.4,86.8,60,4856.9
gz-04-dosel-ws,hrDosel,2026-09-28 15:00,2026-09-28 10:00,2026-09-28,77.0271186440678,70.4,82.4,59,4544.6
gz-04-dosel-ws,hrDosel,2026-09-28 16:00,2026-09-28 11:00,2026-09-28,73.66000000000001,69.7,77.4,60,4419.6
gz-04-dosel-ws,hrDosel,2026-09-28 17:00,2026-09-28 12:00,2026-09-28,78.135,73.3,80.6,60,4688.1
gz-04-dosel-ws,hrDosel,2026-09-28 18:00,2026-09-28 13:00,2026-09-28,82.365,73.3,88.7,60,4941.9
gz-04-dosel-ws,hrDosel,2026-09-28 19:00,2026-09-28 14:00,2026-09-28,79.20499999999998,72,88.7,60,4752.299999999999
gz-04-dosel-ws,hrDosel,2026-09-28 20:00,2026-09-28 15:00,2026-09-28,89.26166666666664,83.1,93.1,60,5355.699999999999
gz-04-dosel-ws,hrDosel,2026-09-28 21:00,2026-09-28 16:00,2026-09-28,89.93333333333334,87.8,94.6,60,5396
gz-04-dosel-ws,hrDosel,2026-09-28 22:00,2026-09-28 17:00,2026-09-28,91.15593220338984,88.1,92.9,59,5378.200000000001
gz-04-dosel-ws,hrDosel,2026-09-28 23:00,2026-09-28 18:00,2026-09-28,92.08166666666668,91.7,93,60,5524.900000000001
gz-04-dosel-ws,hrDosel,2026-09-29 00:00,2026-09-28 19:00,2026-09-28,93.84594594594594,91.7,97,37,3472.2999999999997
gz-04-dosel-ws,indiceSombra,2026-09-22 03:00,2026-09-21 22:00,2026-09-21,47.37999999999999,39.8,52.4,40,1895.1999999999996
gz-04-dosel-ws,indiceSombra,2026-09-22 04:00,2026-09-21 23:00,2026-09-21,51.04500000000002,49.7,52.4,60,3062.700000000001
gz-04-dosel-ws,indiceSombra,2026-09-22 05:00,2026-09-22 00:00,2026-09-22,43.593333333333334,37.5,49.7,60,2615.6
gz-04-dosel-ws,indiceSombra,2026-09-22 06:00,2026-09-22 01:00,2026-09-22,32.785000000000004,28.1,37.5,60,1967.1000000000004
gz-04-dosel-ws,indiceSombra,2026-09-22 07:00,2026-09-22 02:00,2026-09-22,41.66499999999999,28.1,55,60,2499.8999999999996
gz-04-dosel-ws,indiceSombra,2026-09-22 08:00,2026-09-22 03:00,2026-09-22,53.850000000000016,52.7,55,60,3231.000000000001
gz-04-dosel-ws,indiceSombra,2026-09-22 09:00,2026-09-22 04:00,2026-09-22,47.552542372881355,42.4,52.7,59,2805.6
gz-04-dosel-ws,indiceSombra,2026-09-22 10:00,2026-09-22 05:00,2026-09-22,48.053333333333335,42.4,53.8,60,2883.2000000000003
gz-04-dosel-ws,indiceSombra,2026-09-22 11:00,2026-09-22 06:00,2026-09-22,52.823333333333345,51.8,53.8,60,3169.4000000000005
gz-04-dosel-ws,indiceSombra,2026-09-22 12:00,2026-09-22 07:00,2026-09-22,49.256666666666675,46.7,51.8,60,2955.4000000000005
gz-04-dosel-ws,indiceSombra,2026-09-22 13:00,2026-09-22 08:00,2026-09-22,40.87499999999999,35.1,46.7,60,2452.4999999999995
gz-04-dosel-ws,indiceSombra,2026-09-22 14:00,2026-09-22 09:00,2026-09-22,37.21166666666666,35.1,39.3,60,2232.6999999999994
gz-04-dosel-ws,indiceSombra,2026-09-22 15:00,2026-09-22 10:00,2026-09-22,33.689830508474586,28.1,39.3,59,1987.7000000000007
gz-04-dosel-ws,indiceSombra,2026-09-22 16:00,2026-09-22 11:00,2026-09-22,32.35166666666667,28.1,36.7,60,1941.1
gz-04-dosel-ws,indiceSombra,2026-09-22 17:00,2026-09-22 12:00,2026-09-22,44.32666666666667,36.7,52.1,60,2659.6
gz-04-dosel-ws,indiceSombra,2026-09-22 18:00,2026-09-22 13:00,2026-09-22,52.51999999999997,52.1,53,60,3151.199999999998
gz-04-dosel-ws,indiceSombra,2026-09-22 19:00,2026-09-22 14:00,2026-09-22,54.54499999999999,53,56.1,60,3272.6999999999994
gz-04-dosel-ws,indiceSombra,2026-09-22 20:00,2026-09-22 15:00,2026-09-22,57.263934426229504,56.1,58.4,61,3493.1
gz-04-dosel-ws,indiceSombra,2026-09-22 21:00,2026-09-22 16:00,2026-09-22,57.2016393442623,56,58.4,61,3489.3
gz-04-dosel-ws,indiceSombra,2026-09-22 22:00,2026-09-22 17:00,2026-09-22,52.19661016949153,48.3,56,59,3079.6000000000004
gz-04-dosel-ws,indiceSombra,2026-09-22 23:00,2026-09-22 18:00,2026-09-22,51.47500000000002,48.3,54.7,60,3088.5000000000014
gz-04-dosel-ws,indiceSombra,2026-09-23 00:00,2026-09-22 19:00,2026-09-22,57.22666666666667,54.7,59.8,60,3433.6
gz-04-dosel-ws,indiceSombra,2026-09-23 01:00,2026-09-22 20:00,2026-09-22,51.061666666666675,42.3,59.8,60,3063.7000000000003
gz-04-dosel-ws,indiceSombra,2026-09-23 02:00,2026-09-22 21:00,2026-09-22,48.26333333333335,42.3,54.2,60,2895.800000000001
gz-04-dosel-ws,indiceSombra,2026-09-23 03:00,2026-09-22 22:00,2026-09-22,44.56333333333332,35,54.2,60,2673.7999999999993
gz-04-dosel-ws,indiceSombra,2026-09-23 04:00,2026-09-22 23:00,2026-09-22,36.423333333333325,35,37.8,60,2185.3999999999996
gz-04-dosel-ws,indiceSombra,2026-09-23 05:00,2026-09-23 00:00,2026-09-23,46.671186440677964,37.8,55.6,59,2753.6
gz-04-dosel-ws,indiceSombra,2026-09-23 06:00,2026-09-23 01:00,2026-09-23,54.37166666666666,53.1,55.6,60,3262.2999999999997
gz-04-dosel-ws,indiceSombra,2026-09-23 07:00,2026-09-23 02:00,2026-09-23,42.623333333333335,32,53.1,60,2557.4
gz-04-dosel-ws,indiceSombra,2026-09-23 08:00,2026-09-23 03:00,2026-09-23,38.87333333333333,32,45.8,60,2332.3999999999996
gz-04-dosel-ws,indiceSombra,2026-09-23 09:00,2026-09-23 04:00,2026-09-23,51.059999999999995,45.8,56.3,60,3063.6
gz-04-dosel-ws,indiceSombra,2026-09-23 10:00,2026-09-23 05:00,2026-09-23,56.498333333333385,56.3,56.7,60,3389.9000000000033
gz-04-dosel-ws,indiceSombra,2026-09-23 11:00,2026-09-23 06:00,2026-09-23,50.41833333333332,44.3,56.7,60,3025.0999999999995
gz-04-dosel-ws,indiceSombra,2026-09-23 12:00,2026-09-23 07:00,2026-09-23,38.88305084745762,33.5,44.2,59,2294.0999999999995
gz-04-dosel-ws,indiceSombra,2026-09-23 13:00,2026-09-23 08:00,2026-09-23,35.87333333333333,33.5,38.3,60,2152.3999999999996
gz-04-dosel-ws,indiceSombra,2026-09-23 14:00,2026-09-23 09:00,2026-09-23,43.94666666666669,38.3,49.7,60,2636.800000000001
gz-04-dosel-ws,indiceSombra,2026-09-23 15:00,2026-09-23 10:00,2026-09-23,39.66833333333333,29.7,49.7,60,2380.1
gz-04-dosel-ws,indiceSombra,2026-09-23 16:00,2026-09-23 11:00,2026-09-23,36.59833333333332,29.7,43.5,60,2195.899999999999
gz-04-dosel-ws,indiceSombra,2026-09-23 17:00,2026-09-23 12:00,2026-09-23,43.5,43.5,43.5,60,2610
gz-04-dosel-ws,indiceSombra,2026-09-23 18:00,2026-09-23 13:00,2026-09-23,45.75666666666665,43.5,48,60,2745.399999999999
gz-04-dosel-ws,indiceSombra,2026-09-23 19:00,2026-09-23 14:00,2026-09-23,47.93220338983053,47.9,48,59,2828.0000000000014
gz-04-dosel-ws,indiceSombra,2026-09-23 20:00,2026-09-23 15:00,2026-09-23,47.000000000000014,46.1,47.9,60,2820.000000000001
gz-04-dosel-ws,indiceSombra,2026-09-23 21:00,2026-09-23 16:00,2026-09-23,43.16,40.2,46.1,60,2589.6
gz-04-dosel-ws,indiceSombra,2026-09-23 22:00,2026-09-23 17:00,2026-09-23,41.85,40.2,43.5,60,2511
gz-04-dosel-ws,indiceSombra,2026-09-23 23:00,2026-09-23 18:00,2026-09-23,49.724999999999994,43.5,55.9,60,2983.4999999999995
gz-04-dosel-ws,indiceSombra,2026-09-24 00:00,2026-09-23 19:00,2026-09-23,50.793333333333344,45.8,55.9,60,3047.600000000001
gz-04-dosel-ws,indiceSombra,2026-09-24 01:00,2026-09-23 20:00,2026-09-23,43.71864406779662,41.6,45.8,59,2579.4000000000005
gz-04-dosel-ws,indiceSombra,2026-09-24 02:00,2026-09-23 21:00,2026-09-23,38.404999999999994,35.1,41.6,60,2304.2999999999997
gz-04-dosel-ws,indiceSombra,2026-09-24 03:00,2026-09-23 22:00,2026-09-23,47.04166666666665,35.1,59.2,60,2822.499999999999
gz-04-dosel-ws,indiceSombra,2026-09-24 04:00,2026-09-23 23:00,2026-09-23,52.349999999999994,45.5,59.2,60,3140.9999999999995
gz-04-dosel-ws,indiceSombra,2026-09-24 05:00,2026-09-24 00:00,2026-09-24,44.82000000000001,44.1,45.5,60,2689.2000000000003
gz-04-dosel-ws,indiceSombra,2026-09-24 06:00,2026-09-24 01:00,2026-09-24,36.465,28.9,44.1,60,2187.9
gz-04-dosel-ws,indiceSombra,2026-09-24 07:00,2026-09-24 02:00,2026-09-24,29.79833333333334,28.9,30.7,60,1787.9000000000003
gz-04-dosel-ws,indiceSombra,2026-09-24 08:00,2026-09-24 03:00,2026-09-24,39.00338983050846,30.7,47.3,59,2301.1999999999994
gz-04-dosel-ws,indiceSombra,2026-09-24 09:00,2026-09-24 04:00,2026-09-24,40.58166666666668,33.7,47.3,60,2434.9000000000005
gz-04-dosel-ws,indiceSombra,2026-09-24 10:00,2026-09-24 05:00,2026-09-24,32.074999999999996,30.5,33.7,60,1924.4999999999998
gz-04-dosel-ws,indiceSombra,2026-09-24 11:00,2026-09-24 06:00,2026-09-24,37.86666666666667,30.5,45.3,60,2272
gz-04-dosel-ws,indiceSombra,2026-09-24 12:00,2026-09-24 07:00,2026-09-24,50.233333333333334,45.3,55.2,60,3014
gz-04-dosel-ws,indiceSombra,2026-09-24 13:00,2026-09-24 08:00,2026-09-24,50.92999999999999,46.8,55.2,60,3055.7999999999997
gz-04-dosel-ws,indiceSombra,2026-09-24 14:00,2026-09-24 09:00,2026-09-24,42.06666666666667,37.5,46.8,60,2524
gz-04-dosel-ws,indiceSombra,2026-09-24 15:00,2026-09-24 10:00,2026-09-24,40.023728813559316,37.5,42.6,59,2361.3999999999996
gz-04-dosel-ws,indiceSombra,2026-09-24 16:00,2026-09-24 11:00,2026-09-24,40.251666666666665,37.9,42.6,60,2415.1
gz-04-dosel-ws,indiceSombra,2026-09-24 17:00,2026-09-24 12:00,2026-09-24,33.63333333333333,29.3,37.9,60,2018
gz-04-dosel-ws,indiceSombra,2026-09-24 18:00,2026-09-24 13:00,2026-09-24,34.33500000000002,29.3,39.3,60,2060.1000000000013
gz-04-dosel-ws,indiceSombra,2026-09-24 19:00,2026-09-24 14:00,2026-09-24,48.25333333333334,39.3,57.1,60,2895.2000000000003
gz-04-dosel-ws,indiceSombra,2026-09-24 20:00,2026-09-24 15:00,2026-09-24,46.73999999999999,36.5,57.1,60,2804.399999999999
gz-04-dosel-ws,indiceSombra,2026-09-24 21:00,2026-09-24 16:00,2026-09-24,33.71333333333333,31,36.5,60,2022.8
gz-04-dosel-ws,indiceSombra,2026-09-24 22:00,2026-09-24 17:00,2026-09-24,42.26610169491525,31,53.5,59,2493.7
gz-04-dosel-ws,indiceSombra,2026-09-24 23:00,2026-09-24 18:00,2026-09-24,43.47833333333335,33.2,53.5,60,2608.700000000001
gz-04-dosel-ws,indiceSombra,2026-09-25 00:00,2026-09-24 19:00,2026-09-24,45.535,33.2,58,60,2732.1
gz-04-dosel-ws,indiceSombra,2026-09-25 01:00,2026-09-24 20:00,2026-09-24,55.07166666666667,52.2,58,60,3304.3
gz-04-dosel-ws,indiceSombra,2026-09-25 02:00,2026-09-24 21:00,2026-09-24,51.814999999999976,51.4,52.2,60,3108.8999999999987
gz-04-dosel-ws,indiceSombra,2026-09-25 03:00,2026-09-24 22:00,2026-09-24,42.87500000000001,34.5,51.4,60,2572.5000000000005
gz-04-dosel-ws,indiceSombra,2026-09-25 04:00,2026-09-24 23:00,2026-09-24,33.95084745762713,33.4,34.5,59,2003.1000000000004
gz-04-dosel-ws,indiceSombra,2026-09-25 05:00,2026-09-25 00:00,2026-09-25,42.81166666666668,33.4,52.4,60,2568.7000000000007
gz-04-dosel-ws,indiceSombra,2026-09-25 06:00,2026-09-25 01:00,2026-09-25,49.053333333333356,45.6,52.4,60,2943.200000000001
gz-04-dosel-ws,indiceSombra,2026-09-25 07:00,2026-09-25 02:00,2026-09-25,51.15999999999999,45.6,56.8,60,3069.5999999999995
gz-04-dosel-ws,indiceSombra,2026-09-25 08:00,2026-09-25 03:00,2026-09-25,53.97666666666667,51.2,56.8,60,3238.6
gz-04-dosel-ws,indiceSombra,2026-09-25 09:00,2026-09-25 04:00,2026-09-25,40.54166666666666,30,51.2,60,2432.4999999999995
gz-04-dosel-ws,indiceSombra,2026-09-25 10:00,2026-09-25 05:00,2026-09-25,42.89333333333333,30,55.5,60,2573.6
gz-04-dosel-ws,indiceSombra,2026-09-25 11:00,2026-09-25 06:00,2026-09-25,56.003333333333316,55.5,56.5,60,3360.199999999999
gz-04-dosel-ws,indiceSombra,2026-09-25 12:00,2026-09-25 07:00,2026-09-25,57.231666666666655,56.5,57.9,60,3433.899999999999
gz-04-dosel-ws,indiceSombra,2026-09-25 13:00,2026-09-25 08:00,2026-09-25,48.488333333333344,39.1,57.9,60,2909.3000000000006
gz-04-dosel-ws,indiceSombra,2026-09-25 14:00,2026-09-25 09:00,2026-09-25,46.85666666666666,39.1,54.6,60,2811.3999999999996
gz-04-dosel-ws,indiceSombra,2026-09-25 15:00,2026-09-25 10:00,2026-09-25,46.29666666666667,38.2,54.6,60,2777.8
gz-04-dosel-ws,indiceSombra,2026-09-25 16:00,2026-09-25 11:00,2026-09-25,44.8322033898305,38.2,51.5,59,2645.0999999999995
gz-04-dosel-ws,indiceSombra,2026-09-25 17:00,2026-09-25 12:00,2026-09-25,54.678333333333335,51.5,58,60,3280.7000000000003
gz-04-dosel-ws,indiceSombra,2026-09-25 18:00,2026-09-25 13:00,2026-09-25,48.183333333333344,38.3,58,60,2891.0000000000005
gz-04-dosel-ws,indiceSombra,2026-09-25 19:00,2026-09-25 14:00,2026-09-25,35.17166666666666,32.1,38.2,60,2110.2999999999997
gz-04-dosel-ws,indiceSombra,2026-09-25 20:00,2026-09-25 15:00,2026-09-25,30.235,28.4,32.1,60,1814.1
gz-04-dosel-ws,indiceSombra,2026-09-25 21:00,2026-09-25 16:00,2026-09-25,43.908333333333324,28.4,59.2,60,2634.4999999999995
gz-04-dosel-ws,indiceSombra,2026-09-25 22:00,2026-09-25 17:00,2026-09-25,56.64833333333332,54.1,59.2,60,3398.899999999999
gz-04-dosel-ws,indiceSombra,2026-09-25 23:00,2026-09-25 18:00,2026-09-25,55.6864406779661,54.1,57.3,59,3285.4999999999995
gz-04-dosel-ws,indiceSombra,2026-09-26 00:00,2026-09-25 19:00,2026-09-25,50.77499999999999,44.1,57.3,60,3046.4999999999995
gz-04-dosel-ws,indiceSombra,2026-09-26 01:00,2026-09-25 20:00,2026-09-25,39.868333333333325,35.6,44.1,60,2392.0999999999995
gz-04-dosel-ws,indiceSombra,2026-09-26 02:00,2026-09-25 21:00,2026-09-25,36.80833333333332,35.6,38.1,60,2208.4999999999995
gz-04-dosel-ws,indiceSombra,2026-09-26 03:00,2026-09-25 22:00,2026-09-25,41.618333333333325,38.1,45.2,60,2497.0999999999995
gz-04-dosel-ws,indiceSombra,2026-09-26 04:00,2026-09-25 23:00,2026-09-25,40.22499999999999,35.4,45.2,60,2413.499999999999
gz-04-dosel-ws,indiceSombra,2026-09-26 05:00,2026-09-26 00:00,2026-09-26,35.02333333333332,34.7,35.4,60,2101.399999999999
gz-04-dosel-ws,indiceSombra,2026-09-26 06:00,2026-09-26 01:00,2026-09-26,43.584745762711854,34.7,52.5,59,2571.4999999999995
gz-04-dosel-ws,indiceSombra,2026-09-26 07:00,2026-09-26 02:00,2026-09-26,45.535,38.4,52.5,60,2732.1
gz-04-dosel-ws,indiceSombra,2026-09-26 08:00,2026-09-26 03:00,2026-09-26,49.01666666666666,38.4,59.7,60,2940.9999999999995
gz-04-dosel-ws,indiceSombra,2026-09-26 09:00,2026-09-26 04:00,2026-09-26,56.646666666666654,53.5,59.7,60,3398.7999999999993
gz-04-dosel-ws,indiceSombra,2026-09-26 10:00,2026-09-26 05:00,2026-09-26,50.50999999999999,47.5,53.5,60,3030.5999999999995
gz-04-dosel-ws,indiceSombra,2026-09-26 11:00,2026-09-26 06:00,2026-09-26,38.10666666666666,28.9,47.5,60,2286.3999999999996
gz-04-dosel-ws,indiceSombra,2026-09-26 12:00,2026-09-26 07:00,2026-09-26,36.23833333333334,28.9,43.4,60,2174.3
gz-04-dosel-ws,indiceSombra,2026-09-26 13:00,2026-09-26 08:00,2026-09-26,39.28644067796611,35.2,43.4,59,2317.9000000000005
gz-04-dosel-ws,indiceSombra,2026-09-26 14:00,2026-09-26 09:00,2026-09-26,45.45333333333334,35.2,55.9,60,2727.2000000000003
gz-04-dosel-ws,indiceSombra,2026-09-26 15:00,2026-09-26 10:00,2026-09-26,57.12999999999999,56,58.3,60,3427.7999999999993
gz-04-dosel-ws,indiceSombra,2026-09-26 16:00,2026-09-26 11:00,2026-09-26,47.903333333333336,37.5,58.3,60,2874.2000000000003
gz-04-dosel-ws,indiceSombra,2026-09-26 17:00,2026-09-26 12:00,2026-09-26,47.46833333333334,37.5,57.3,60,2848.1000000000004
gz-04-dosel-ws,indiceSombra,2026-09-26 18:00,2026-09-26 13:00,2026-09-26,52.926666666666684,48.6,57.3,60,3175.600000000001
gz-04-dosel-ws,indiceSombra,2026-09-26 19:00,2026-09-26 14:00,2026-09-26,38.6135593220339,28.6,48.6,59,2278.2000000000003
gz-04-dosel-ws,indiceSombra,2026-09-26 20:00,2026-09-26 15:00,2026-09-26,33.16833333333332,28.6,37.9,60,1990.0999999999995
gz-04-dosel-ws,indiceSombra,2026-09-26 21:00,2026-09-26 16:00,2026-09-26,44.294999999999995,37.9,50.8,60,2657.7
gz-04-dosel-ws,indiceSombra,2026-09-26 22:00,2026-09-26 17:00,2026-09-26,48.29666666666667,45.7,50.8,60,2897.8
gz-04-dosel-ws,indiceSombra,2026-09-26 23:00,2026-09-26 18:00,2026-09-26,38.06833333333332,30.4,45.7,60,2284.0999999999995
gz-04-dosel-ws,indiceSombra,2026-09-27 00:00,2026-09-26 19:00,2026-09-26,41.225,30.4,51.9,60,2473.5
gz-04-dosel-ws,indiceSombra,2026-09-27 01:00,2026-09-26 20:00,2026-09-26,43.926666666666684,36.1,51.9,60,2635.600000000001
gz-04-dosel-ws,indiceSombra,2026-09-27 02:00,2026-09-26 21:00,2026-09-26,36.159322033898285,36.1,36.2,59,2133.3999999999987
gz-04-dosel-ws,indiceSombra,2026-09-27 03:00,2026-09-26 22:00,2026-09-26,44.65,36.2,53.3,60,2679
gz-04-dosel-ws,indiceSombra,2026-09-27 04:00,2026-09-26 23:00,2026-09-26,42.44333333333332,31.4,53.3,60,2546.5999999999995
gz-04-dosel-ws,indiceSombra,2026-09-27 05:00,2026-09-27 00:00,2026-09-27,40.56833333333334,31.4,49.7,60,2434.1000000000004
gz-04-dosel-ws,indiceSombra,2026-09-27 06:00,2026-09-27 01:00,2026-09-27,47.808333333333316,45.9,49.7,60,2868.499999999999
gz-04-dosel-ws,indiceSombra,2026-09-27 07:00,2026-09-27 02:00,2026-09-27,47.70000000000001,45.9,49.5,60,2862.0000000000005
gz-04-dosel-ws,indiceSombra,2026-09-27 08:00,2026-09-27 03:00,2026-09-27,44.51333333333332,39.6,49.5,60,2670.7999999999993
gz-04-dosel-ws,indiceSombra,2026-09-27 09:00,2026-09-27 04:00,2026-09-27,35.855932203389834,32.1,39.6,59,2115.5
gz-04-dosel-ws,indiceSombra,2026-09-27 10:00,2026-09-27 05:00,2026-09-27,34.26833333333333,32.1,36.5,60,2056.1
gz-04-dosel-ws,indiceSombra,2026-09-27 11:00,2026-09-27 06:00,2026-09-27,46.52833333333332,36.5,56.6,60,2791.6999999999994
gz-04-dosel-ws,indiceSombra,2026-09-27 12:00,2026-09-27 07:00,2026-09-27,47.52166666666667,38.4,56.7,60,2851.3
gz-04-dosel-ws,indiceSombra,2026-09-27 13:00,2026-09-27 08:00,2026-09-27,33.91,29.5,38.4,60,2034.6
gz-04-dosel-ws,indiceSombra,2026-09-27 14:00,2026-09-27 09:00,2026-09-27,34.16333333333332,29.5,38.7,60,2049.7999999999993
gz-04-dosel-ws,indiceSombra,2026-09-27 15:00,2026-09-27 10:00,2026-09-27,33.806666666666665,29,38.7,60,2028.4
gz-04-dosel-ws,indiceSombra,2026-09-27 16:00,2026-09-27 11:00,2026-09-27,34.349152542372885,29,39.7,59,2026.6000000000004
gz-04-dosel-ws,indiceSombra,2026-09-27 17:00,2026-09-27 12:00,2026-09-27,33.92,28.1,39.7,60,2035.2000000000003
gz-04-dosel-ws,indiceSombra,2026-09-27 18:00,2026-09-27 13:00,2026-09-27,38.468333333333334,28.1,49,60,2308.1
gz-04-dosel-ws,indiceSombra,2026-09-27 19:00,2026-09-27 14:00,2026-09-27,49.04999999999999,49,49.1,60,2942.9999999999995
gz-04-dosel-ws,indiceSombra,2026-09-27 20:00,2026-09-27 15:00,2026-09-27,46.90333333333332,44.7,49.1,60,2814.1999999999994
gz-04-dosel-ws,indiceSombra,2026-09-27 21:00,2026-09-27 16:00,2026-09-27,45.404999999999994,44.7,46.1,60,2724.2999999999997
gz-04-dosel-ws,indiceSombra,2026-09-27 22:00,2026-09-27 17:00,2026-09-27,40.69661016949153,35.3,46.1,59,2401.1000000000004
gz-04-dosel-ws,indiceSombra,2026-09-27 23:00,2026-09-27 18:00,2026-09-27,42.05,35.3,49,60,2523
gz-04-dosel-ws,indiceSombra,2026-09-28 00:00,2026-09-27 19:00,2026-09-27,38.855000000000004,28.5,49,60,2331.3
gz-04-dosel-ws,indiceSombra,2026-09-28 01:00,2026-09-27 20:00,2026-09-27,40.644999999999996,28.5,52.8,60,2438.7
gz-04-dosel-ws,indiceSombra,2026-09-28 02:00,2026-09-27 21:00,2026-09-27,45.76333333333333,38.7,52.8,60,2745.7999999999997
gz-04-dosel-ws,indiceSombra,2026-09-28 03:00,2026-09-27 22:00,2026-09-27,34.74333333333334,30.8,38.7,60,2084.6000000000004
gz-04-dosel-ws,indiceSombra,2026-09-28 04:00,2026-09-27 23:00,2026-09-27,32.37666666666667,30.8,33.9,60,1942.6000000000001
gz-04-dosel-ws,indiceSombra,2026-09-28 05:00,2026-09-28 00:00,2026-09-28,40.05084745762712,33.9,46.2,59,2363
gz-04-dosel-ws,indiceSombra,2026-09-28 06:00,2026-09-28 01:00,2026-09-28,38.843333333333334,31.4,46.2,60,2330.6
gz-04-dosel-ws,indiceSombra,2026-09-28 07:00,2026-09-28 02:00,2026-09-28,41.813333333333325,31.5,52,60,2508.7999999999997
gz-04-dosel-ws,indiceSombra,2026-09-28 08:00,2026-09-28 03:00,2026-09-28,42.23666666666667,32.7,52,60,2534.2000000000003
gz-04-dosel-ws,indiceSombra,2026-09-28 09:00,2026-09-28 04:00,2026-09-28,37.70508474576272,32.7,42.7,59,2224.6000000000004
gz-04-dosel-ws,indiceSombra,2026-09-28 10:00,2026-09-28 05:00,2026-09-28,44.541666666666664,42.7,46.4,60,2672.5
gz-04-dosel-ws,indiceSombra,2026-09-28 11:00,2026-09-28 06:00,2026-09-28,37.69833333333333,28.9,46.4,60,2261.8999999999996
gz-04-dosel-ws,indiceSombra,2026-09-28 12:00,2026-09-28 07:00,2026-09-28,38.809999999999995,28.9,48.8,60,2328.6
gz-04-dosel-ws,indiceSombra,2026-09-28 13:00,2026-09-28 08:00,2026-09-28,49.78166666666667,48.8,50.8,60,2986.9000000000005
gz-04-dosel-ws,indiceSombra,2026-09-28 14:00,2026-09-28 09:00,2026-09-28,41.90833333333333,33.2,50.8,60,2514.5
gz-04-dosel-ws,indiceSombra,2026-09-28 15:00,2026-09-28 10:00,2026-09-28,36.29661016949152,33.2,39.4,59,2141.5
gz-04-dosel-ws,indiceSombra,2026-09-28 16:00,2026-09-28 11:00,2026-09-28,42.00833333333333,39.4,44.7,60,2520.5
gz-04-dosel-ws,indiceSombra,2026-09-28 17:00,2026-09-28 12:00,2026-09-28,48.79333333333333,44.7,53,60,2927.6
gz-04-dosel-ws,indiceSombra,2026-09-28 18:00,2026-09-28 13:00,2026-09-28,53.580000000000005,53,54.2,60,3214.8
gz-04-dosel-ws,indiceSombra,2026-09-28 19:00,2026-09-28 14:00,2026-09-28,48.065000000000005,42,54.2,60,2883.9
gz-04-dosel-ws,indiceSombra,2026-09-28 20:00,2026-09-28 15:00,2026-09-28,49.38833333333333,42,56.7,60,2963.2999999999997
gz-04-dosel-ws,indiceSombra,2026-09-28 21:00,2026-09-28 16:00,2026-09-28,44.36833333333333,32.3,56.7,60,2662.1
gz-04-dosel-ws,indiceSombra,2026-09-28 22:00,2026-09-28 17:00,2026-09-28,31.32542372881356,30.4,32.3,59,1848.2
gz-04-dosel-ws,indiceSombra,2026-09-28 23:00,2026-09-28 18:00,2026-09-28,36.81666666666667,30.4,43.4,60,2209
gz-04-dosel-ws,indiceSombra,2026-09-29 00:00,2026-09-28 19:00,2026-09-28,46.14594594594594,43.4,50.5,37,1707.3999999999999
gz-04-dosel-ws,luxDosel,2026-09-22 03:00,2026-09-21 22:00,2026-09-21,0,0,0,40,0
gz-04-dosel-ws,luxDosel,2026-09-22 04:00,2026-09-21 23:00,2026-09-21,0,0,0,60,0
gz-04-dosel-ws,luxDosel,2026-09-22 05:00,2026-09-22 00:00,2026-09-22,0,0,0,60,0
gz-04-dosel-ws,luxDosel,2026-09-22 06:00,2026-09-22 01:00,2026-09-22,0,0,0,60,0
gz-04-dosel-ws,luxDosel,2026-09-22 07:00,2026-09-22 02:00,2026-09-22,0,0,0,60,0
gz-04-dosel-ws,luxDosel,2026-09-22 08:00,2026-09-22 03:00,2026-09-22,0,0,0,60,0
gz-04-dosel-ws,luxDosel,2026-09-22 09:00,2026-09-22 04:00,2026-09-22,0,0,0,59,0
gz-04-dosel-ws,luxDosel,2026-09-22 10:00,2026-09-22 05:00,2026-09-22,37.36666666666667,0,716,60,2242
gz-04-dosel-ws,luxDosel,2026-09-22 11:00,2026-09-22 06:00,2026-09-22,4870.016666666666,852,9952,60,292201
gz-04-dosel-ws,luxDosel,2026-09-22 12:00,2026-09-22 07:00,2026-09-22,9879.45,8540,10636,60,592767
gz-04-dosel-ws,luxDosel,2026-09-22 13:00,2026-09-22 08:00,2026-09-22,23474.716666666667,8663,32535,60,1408483
gz-04-dosel-ws,luxDosel,2026-09-22 14:00,2026-09-22 09:00,2026-09-22,26433.133333333335,19184,34331,60,1585988
gz-04-dosel-ws,luxDosel,2026-09-22 15:00,2026-09-22 10:00,2026-09-22,27084.22033898305,18497,36950,59,1597969
gz-04-dosel-ws,luxDosel,2026-09-22 16:00,2026-09-22 11:00,2026-09-22,47805.166666666664,37040,52195,60,2868310
gz-04-dosel-ws,luxDosel,2026-09-22 17:00,2026-09-22 12:00,2026-09-22,35799.05,24313,50088,60,2147943
gz-04-dosel-ws,luxDosel,2026-09-22 18:00,2026-09-22 13:00,2026-09-22,26990.65,23889,35547,60,1619439
gz-04-dosel-ws,luxDosel,2026-09-22 19:00,2026-09-22 14:00,2026-09-22,20817.133333333335,12038,35454,60,1249028
gz-04-dosel-ws,luxDosel,2026-09-22 20:00,2026-09-22 15:00,2026-09-22,18134.426229508197,14334,23534,61,1106200
gz-04-dosel-ws,luxDosel,2026-09-22 21:00,2026-09-22 16:00,2026-09-22,10818.737704918032,5179,19582,61,659943
gz-04-dosel-ws,luxDosel,2026-09-22 22:00,2026-09-22 17:00,2026-09-22,5297.389830508475,1311,12958,59,312546
gz-04-dosel-ws,luxDosel,2026-09-22 23:00,2026-09-22 18:00,2026-09-22,134.16666666666666,0,1210,60,8050
gz-04-dosel-ws,luxDosel,2026-09-23 00:00,2026-09-22 19:00,2026-09-22,0,0,0,60,0
gz-04-dosel-ws,luxDosel,2026-09-23 01:00,2026-09-22 20:00,2026-09-22,0,0,0,60,0
gz-04-dosel-ws,luxDosel,2026-09-23 02:00,2026-09-22 21:00,2026-09-22,0,0,0,60,0
gz-04-dosel-ws,luxDosel,2026-09-23 03:00,2026-09-22 22:00,2026-09-22,0,0,0,60,0
gz-04-dosel-ws,luxDosel,2026-09-23 04:00,2026-09-22 23:00,2026-09-22,0,0,0,60,0
gz-04-dosel-ws,luxDosel,2026-09-23 05:00,2026-09-23 00:00,2026-09-23,0,0,0,59,0
gz-04-dosel-ws,luxDosel,2026-09-23 06:00,2026-09-23 01:00,2026-09-23,0,0,0,60,0
gz-04-dosel-ws,luxDosel,2026-09-23 07:00,2026-09-23 02:00,2026-09-23,0,0,0,60,0
gz-04-dosel-ws,luxDosel,2026-09-23 08:00,2026-09-23 03:00,2026-09-23,0,0,0,60,0
gz-04-dosel-ws,luxDosel,2026-09-23 09:00,2026-09-23 04:00,2026-09-23,0,0,0,60,0
gz-04-dosel-ws,luxDosel,2026-09-23 10:00,2026-09-23 05:00,2026-09-23,30.85,0,544,60,1851
gz-04-dosel-ws,luxDosel,2026-09-23 11:00,2026-09-23 06:00,2026-09-23,6753.616666666667,639,15434,60,405217
gz-04-dosel-ws,luxDosel,2026-09-23 12:00,2026-09-23 07:00,2026-09-23,13154.847457627118,8914,16153,59,776136
gz-04-dosel-ws,luxDosel,2026-09-23 13:00,2026-09-23 08:00,2026-09-23,29829.416666666668,8959,38673,60,1789765
gz-04-dosel-ws,luxDosel,2026-09-23 14:00,2026-09-23 09:00,2026-09-23,28117.433333333334,20054,35153,60,1687046
gz-04-dosel-ws,luxDosel,2026-09-23 15:00,2026-09-23 10:00,2026-09-23,39301.61666666667,20106,55581,60,2358097
gz-04-dosel-ws,luxDosel,2026-09-23 16:00,2026-09-23 11:00,2026-09-23,32329.05,25026,38507,60,1939743
gz-04-dosel-ws,luxDosel,2026-09-23 17:00,2026-09-23 12:00,2026-09-23,28221.383333333335,18053,50827,60,1693283
gz-04-dosel-ws,luxDosel,2026-09-23 18:00,2026-09-23 13:00,2026-09-23,38237.433333333334,20026,50762,60,2294246
gz-04-dosel-ws,luxDosel,2026-09-23 19:00,2026-09-23 14:00,2026-09-23,14873.64406779661,11541,19967,59,877545
gz-04-dosel-ws,luxDosel,2026-09-23 20:00,2026-09-23 15:00,2026-09-23,22284.05,11494,26577,60,1337043
gz-04-dosel-ws,luxDosel,2026-09-23 21:00,2026-09-23 16:00,2026-09-23,13657.85,9295,23956,60,819471
gz-04-dosel-ws,luxDosel,2026-09-23 22:00,2026-09-23 17:00,2026-09-23,5093.233333333334,1443,11770,60,305594
gz-04-dosel-ws,luxDosel,2026-09-23 23:00,2026-09-23 18:00,2026-09-23,133.66666666666666,0,1327,60,8020
gz-04-dosel-ws,luxDosel,2026-09-24 00:00,2026-09-23 19:00,2026-09-23,0,0,0,60,0
gz-04-dosel-ws,luxDosel,2026-09-24 01:00,2026-09-23 20:00,2026-09-23,0,0,0,59,0
gz-04-dosel-ws,luxDosel,2026-09-24 02:00,2026-09-23 21:00,2026-09-23,0,0,0,60,0
gz-04-dosel-ws,luxDosel,2026-09-24 03:00,2026-09-23 22:00,2026-09-23,0,0,0,60,0
gz-04-dosel-ws,luxDosel,2026-09-24 04:00,2026-09-23 23:00,2026-09-23,0,0,0,60,0
gz-04-dosel-ws,luxDosel,2026-09-24 05:00,2026-09-24 00:00,2026-09-24,0,0,0,60,0
gz-04-dosel-ws,luxDosel,2026-09-24 06:00,2026-09-24 01:00,2026-09-24,0,0,0,60,0
gz-04-dosel-ws,luxDosel,2026-09-24 07:00,2026-09-24 02:00,2026-09-24,0,0,0,60,0
gz-04-dosel-ws,luxDosel,2026-09-24 08:00,2026-09-24 03:00,2026-09-24,0,0,0,59,0
gz-04-dosel-ws,luxDosel,2026-09-24 09:00,2026-09-24 04:00,2026-09-24,0,0,0,60,0
gz-04-dosel-ws,luxDosel,2026-09-24 10:00,2026-09-24 05:00,2026-09-24,66.03333333333333,0,1247,60,3962
gz-04-dosel-ws,luxDosel,2026-09-24 11:00,2026-09-24 06:00,2026-09-24,5261.75,1481,12121,60,315705
gz-04-dosel-ws,luxDosel,2026-09-24 12:00,2026-09-24 07:00,2026-09-24,18329.65,12307,20557,60,1099779
gz-04-dosel-ws,luxDosel,2026-09-24 13:00,2026-09-24 08:00,2026-09-24,16656.616666666665,10060,25246,60,999397
gz-04-dosel-ws,luxDosel,2026-09-24 14:00,2026-09-24 09:00,2026-09-24,30674.283333333333,16078,40765,60,1840457
gz-04-dosel-ws,luxDosel,2026-09-24 15:00,2026-09-24 10:00,2026-09-24,25022.98305084746,16135,35793,59,1476356
gz-04-dosel-ws,luxDosel,2026-09-24 16:00,2026-09-24 11:00,2026-09-24,40559.38333333333,35860,43284,60,2433563
gz-04-dosel-ws,luxDosel,2026-09-24 17:00,2026-09-24 12:00,2026-09-24,36279.55,21714,41436,60,2176773
gz-04-dosel-ws,luxDosel,2026-09-24 18:00,2026-09-24 13:00,2026-09-24,33059.416666666664,21682,43169,60,1983565
gz-04-dosel-ws,luxDosel,2026-09-24 19:00,2026-09-24 14:00,2026-09-24,25759.383333333335,15721,32477,60,1545563
gz-04-dosel-ws,luxDosel,2026-09-24 20:00,2026-09-24 15:00,2026-09-24,22266.683333333334,15668,25831,60,1336001
gz-04-dosel-ws,luxDosel,2026-09-24 21:00,2026-09-24 16:00,2026-09-24,13685.4,9634,21829,60,821124
gz-04-dosel-ws,luxDosel,2026-09-24 22:00,2026-09-24 17:00,2026-09-24,7060.949152542373,2045,9859,59,416596
gz-04-dosel-ws,luxDosel,2026-09-24 23:00,2026-09-24 18:00,2026-09-24,202.1,0,1885,60,12126
gz-04-dosel-ws,luxDosel,2026-09-25 00:00,2026-09-24 19:00,2026-09-24,0,0,0,60,0
gz-04-dosel-ws,luxDosel,2026-09-25 01:00,2026-09-24 20:00,2026-09-24,0,0,0,60,0
gz-04-dosel-ws,luxDosel,2026-09-25 02:00,2026-09-24 21:00,2026-09-24,0,0,0,60,0
gz-04-dosel-ws,luxDosel,2026-09-25 03:00,2026-09-24 22:00,2026-09-24,0,0,0,60,0
gz-04-dosel-ws,luxDosel,2026-09-25 04:00,2026-09-24 23:00,2026-09-24,0,0,0,59,0
gz-04-dosel-ws,luxDosel,2026-09-25 05:00,2026-09-25 00:00,2026-09-25,0,0,0,60,0
gz-04-dosel-ws,luxDosel,2026-09-25 06:00,2026-09-25 01:00,2026-09-25,0,0,0,60,0
gz-04-dosel-ws,luxDosel,2026-09-25 07:00,2026-09-25 02:00,2026-09-25,0,0,0,60,0
gz-04-dosel-ws,luxDosel,2026-09-25 08:00,2026-09-25 03:00,2026-09-25,0,0,0,60,0
gz-04-dosel-ws,luxDosel,2026-09-25 09:00,2026-09-25 04:00,2026-09-25,0,0,0,60,0
gz-04-dosel-ws,luxDosel,2026-09-25 10:00,2026-09-25 05:00,2026-09-25,30.083333333333332,0,520,60,1805
gz-04-dosel-ws,luxDosel,2026-09-25 11:00,2026-09-25 06:00,2026-09-25,4247.416666666667,608,9600,60,254845
gz-04-dosel-ws,luxDosel,2026-09-25 12:00,2026-09-25 07:00,2026-09-25,11074.15,8999,16091,60,664449
gz-04-dosel-ws,luxDosel,2026-09-25 13:00,2026-09-25 08:00,2026-09-25,27383.266666666666,16214,33225,60,1642996
gz-04-dosel-ws,luxDosel,2026-09-25 14:00,2026-09-25 09:00,2026-09-25,36008.4,32334,37790,60,2160504
gz-04-dosel-ws,luxDosel,2026-09-25 15:00,2026-09-25 10:00,2026-09-25,26312.833333333332,17454,36645,60,1578770
gz-04-dosel-ws,luxDosel,2026-09-25 16:00,2026-09-25 11:00,2026-09-25,37686.94915254237,32803,41954,59,2223530
gz-04-dosel-ws,luxDosel,2026-09-25 17:00,2026-09-25 12:00,2026-09-25,32549.166666666668,28429,34560,60,1952950
gz-04-dosel-ws,luxDosel,2026-09-25 18:00,2026-09-25 13:00,2026-09-25,45514.86666666667,28395,54845,60,2730892
gz-04-dosel-ws,luxDosel,2026-09-25 19:00,2026-09-25 14:00,2026-09-25,49035.71666666667,37886,54344,60,2942143
gz-04-dosel-ws,luxDosel,2026-09-25 20:00,2026-09-25 15:00,2026-09-25,30225.133333333335,23423,37724,60,1813508
gz-04-dosel-ws,luxDosel,2026-09-25 21:00,2026-09-25 16:00,2026-09-25,18208.683333333334,8737,23716,60,1092521
gz-04-dosel-ws,luxDosel,2026-09-25 22:00,2026-09-25 17:00,2026-09-25,4925.216666666666,2435,8616,60,295513
gz-04-dosel-ws,luxDosel,2026-09-25 23:00,2026-09-25 18:00,2026-09-25,225.25423728813558,0,2232,59,13290
gz-04-dosel-ws,luxDosel,2026-09-26 00:00,2026-09-25 19:00,2026-09-25,0,0,0,60,0
gz-04-dosel-ws,luxDosel,2026-09-26 01:00,2026-09-25 20:00,2026-09-25,0,0,0,60,0
gz-04-dosel-ws,luxDosel,2026-09-26 02:00,2026-09-25 21:00,2026-09-25,0,0,0,60,0
gz-04-dosel-ws,luxDosel,2026-09-26 03:00,2026-09-25 22:00,2026-09-25,0,0,0,60,0
gz-04-dosel-ws,luxDosel,2026-09-26 04:00,2026-09-25 23:00,2026-09-25,0,0,0,60,0
gz-04-dosel-ws,luxDosel,2026-09-26 05:00,2026-09-26 00:00,2026-09-26,0,0,0,60,0
gz-04-dosel-ws,luxDosel,2026-09-26 06:00,2026-09-26 01:00,2026-09-26,0,0,0,59,0
gz-04-dosel-ws,luxDosel,2026-09-26 07:00,2026-09-26 02:00,2026-09-26,0,0,0,60,0
gz-04-dosel-ws,luxDosel,2026-09-26 08:00,2026-09-26 03:00,2026-09-26,0,0,0,60,0
gz-04-dosel-ws,luxDosel,2026-09-26 09:00,2026-09-26 04:00,2026-09-26,0,0,0,60,0
gz-04-dosel-ws,luxDosel,2026-09-26 10:00,2026-09-26 05:00,2026-09-26,48.31666666666667,0,871,60,2899
gz-04-dosel-ws,luxDosel,2026-09-26 11:00,2026-09-26 06:00,2026-09-26,6919.566666666667,1025,18530,60,415174
gz-04-dosel-ws,luxDosel,2026-09-26 12:00,2026-09-26 07:00,2026-09-26,12195.416666666666,7124,19041,60,731725
gz-04-dosel-ws,luxDosel,2026-09-26 13:00,2026-09-26 08:00,2026-09-26,20484.13559322034,14844,30221,59,1208564
gz-04-dosel-ws,luxDosel,2026-09-26 14:00,2026-09-26 09:00,2026-09-26,26603.05,10580,33392,60,1596183
gz-04-dosel-ws,luxDosel,2026-09-26 15:00,2026-09-26 10:00,2026-09-26,15892.95,10580,21042,60,953577
gz-04-dosel-ws,luxDosel,2026-09-26 16:00,2026-09-26 11:00,2026-09-26,33845.01666666667,10944,57387,60,2030701
gz-04-dosel-ws,luxDosel,2026-09-26 17:00,2026-09-26 12:00,2026-09-26,36530.98333333333,20757,57382,60,2191859
gz-04-dosel-ws,luxDosel,2026-09-26 18:00,2026-09-26 13:00,2026-09-26,36494.75,20764,44182,60,2189685
gz-04-dosel-ws,luxDosel,2026-09-26 19:00,2026-09-26 14:00,2026-09-26,44990.91525423729,36833,49887,59,2654464
gz-04-dosel-ws,luxDosel,2026-09-26 20:00,2026-09-26 15:00,2026-09-26,25368.116666666665,13740,44370,60,1522087
gz-04-dosel-ws,luxDosel,2026-09-26 21:00,2026-09-26 16:00,2026-09-26,19634.9,5364,28875,60,1178094
gz-04-dosel-ws,luxDosel,2026-09-26 22:00,2026-09-26 17:00,2026-09-26,3871.9333333333334,1964,5281,60,232316
gz-04-dosel-ws,luxDosel,2026-09-26 23:00,2026-09-26 18:00,2026-09-26,193.58333333333334,0,1808,60,11615
gz-04-dosel-ws,luxDosel,2026-09-27 00:00,2026-09-26 19:00,2026-09-26,0,0,0,60,0
gz-04-dosel-ws,luxDosel,2026-09-27 01:00,2026-09-26 20:00,2026-09-26,0,0,0,60,0
gz-04-dosel-ws,luxDosel,2026-09-27 02:00,2026-09-26 21:00,2026-09-26,0,0,0,59,0
gz-04-dosel-ws,luxDosel,2026-09-27 03:00,2026-09-26 22:00,2026-09-26,0,0,0,60,0
gz-04-dosel-ws,luxDosel,2026-09-27 04:00,2026-09-26 23:00,2026-09-26,0,0,0,60,0
gz-04-dosel-ws,luxDosel,2026-09-27 05:00,2026-09-27 00:00,2026-09-27,0,0,0,60,0
gz-04-dosel-ws,luxDosel,2026-09-27 06:00,2026-09-27 01:00,2026-09-27,0,0,0,60,0
gz-04-dosel-ws,luxDosel,2026-09-27 07:00,2026-09-27 02:00,2026-09-27,0,0,0,60,0
gz-04-dosel-ws,luxDosel,2026-09-27 08:00,2026-09-27 03:00,2026-09-27,0,0,0,60,0
gz-04-dosel-ws,luxDosel,2026-09-27 09:00,2026-09-27 04:00,2026-09-27,0,0,0,59,0
gz-04-dosel-ws,luxDosel,2026-09-27 10:00,2026-09-27 05:00,2026-09-27,43.733333333333334,0,830,60,2624
gz-04-dosel-ws,luxDosel,2026-09-27 11:00,2026-09-27 06:00,2026-09-27,5391.616666666667,987,8128,60,323497
gz-04-dosel-ws,luxDosel,2026-09-27 12:00,2026-09-27 07:00,2026-09-27,13518.633333333333,7827,30372,60,811118
gz-04-dosel-ws,luxDosel,2026-09-27 13:00,2026-09-27 08:00,2026-09-27,33728.46666666667,28359,38214,60,2023708
gz-04-dosel-ws,luxDosel,2026-09-27 14:00,2026-09-27 09:00,2026-09-27,31899.7,28476,41829,60,1913982
gz-04-dosel-ws,luxDosel,2026-09-27 15:00,2026-09-27 10:00,2026-09-27,53981.916666666664,41944,68185,60,3238915
gz-04-dosel-ws,luxDosel,2026-09-27 16:00,2026-09-27 11:00,2026-09-27,58459.40677966102,54111,68230,59,3449105
gz-04-dosel-ws,luxDosel,2026-09-27 17:00,2026-09-27 12:00,2026-09-27,52505.61666666667,46211,60919,60,3150337
gz-04-dosel-ws,luxDosel,2026-09-27 18:00,2026-09-27 13:00,2026-09-27,41945.75,28873,60871,60,2516745
gz-04-dosel-ws,luxDosel,2026-09-27 19:00,2026-09-27 14:00,2026-09-27,25770.116666666665,19541,34646,60,1546207
gz-04-dosel-ws,luxDosel,2026-09-27 20:00,2026-09-27 15:00,2026-09-27,21851.45,16757,34451,60,1311087
gz-04-dosel-ws,luxDosel,2026-09-27 21:00,2026-09-27 16:00,2026-09-27,13858.533333333333,11263,19365,60,831512
gz-04-dosel-ws,luxDosel,2026-09-27 22:00,2026-09-27 17:00,2026-09-27,5154.728813559322,2174,12705,59,304129
gz-04-dosel-ws,luxDosel,2026-09-27 23:00,2026-09-27 18:00,2026-09-27,213.16666666666666,0,2009,60,12790
gz-04-dosel-ws,luxDosel,2026-09-28 00:00,2026-09-27 19:00,2026-09-27,0,0,0,60,0
gz-04-dosel-ws,luxDosel,2026-09-28 01:00,2026-09-27 20:00,2026-09-27,0,0,0,60,0
gz-04-dosel-ws,luxDosel,2026-09-28 02:00,2026-09-27 21:00,2026-09-27,0,0,0,60,0
gz-04-dosel-ws,luxDosel,2026-09-28 03:00,2026-09-27 22:00,2026-09-27,0,0,0,60,0
gz-04-dosel-ws,luxDosel,2026-09-28 04:00,2026-09-27 23:00,2026-09-27,0,0,0,60,0
gz-04-dosel-ws,luxDosel,2026-09-28 05:00,2026-09-28 00:00,2026-09-28,0,0,0,59,0
gz-04-dosel-ws,luxDosel,2026-09-28 06:00,2026-09-28 01:00,2026-09-28,0,0,0,60,0
gz-04-dosel-ws,luxDosel,2026-09-28 07:00,2026-09-28 02:00,2026-09-28,0,0,0,60,0
gz-04-dosel-ws,luxDosel,2026-09-28 08:00,2026-09-28 03:00,2026-09-28,0,0,0,60,0
gz-04-dosel-ws,luxDosel,2026-09-28 09:00,2026-09-28 04:00,2026-09-28,0,0,0,59,0
gz-04-dosel-ws,luxDosel,2026-09-28 10:00,2026-09-28 05:00,2026-09-28,29.616666666666667,0,562,60,1777
gz-04-dosel-ws,luxDosel,2026-09-28 11:00,2026-09-28 06:00,2026-09-28,5226.133333333333,668,11794,60,313568
gz-04-dosel-ws,luxDosel,2026-09-28 12:00,2026-09-28 07:00,2026-09-28,21285.433333333334,11977,24966,60,1277126
gz-04-dosel-ws,luxDosel,2026-09-28 13:00,2026-09-28 08:00,2026-09-28,19924,15725,23918,60,1195440
gz-04-dosel-ws,luxDosel,2026-09-28 14:00,2026-09-28 09:00,2026-09-28,32157.55,15850,40071,60,1929453
gz-04-dosel-ws,luxDosel,2026-09-28 15:00,2026-09-28 10:00,2026-09-28,44182.86440677966,36173,60023,59,2606789
gz-04-dosel-ws,luxDosel,2026-09-28 16:00,2026-09-28 11:00,2026-09-28,43637.2,34326,60155,60,2618232
gz-04-dosel-ws,luxDosel,2026-09-28 17:00,2026-09-28 12:00,2026-09-28,33859.65,29424,41720,60,2031579
gz-04-dosel-ws,luxDosel,2026-09-28 18:00,2026-09-28 13:00,2026-09-28,22584.766666666666,10684,41688,60,1355086
gz-04-dosel-ws,luxDosel,2026-09-28 19:00,2026-09-28 14:00,2026-09-28,34313.86666666667,10670,43184,60,2058832
gz-04-dosel-ws,luxDosel,2026-09-28 20:00,2026-09-28 15:00,2026-09-28,21884.766666666666,14793,41717,60,1313086
gz-04-dosel-ws,luxDosel,2026-09-28 21:00,2026-09-28 16:00,2026-09-28,13293.433333333332,8629,19133,60,797606
gz-04-dosel-ws,luxDosel,2026-09-28 22:00,2026-09-28 17:00,2026-09-28,9810.898305084746,2063,18474,59,578843
gz-04-dosel-ws,luxDosel,2026-09-28 23:00,2026-09-28 18:00,2026-09-28,203.35,0,1901,60,12201
gz-04-dosel-ws,luxDosel,2026-09-29 00:00,2026-09-28 19:00,2026-09-28,0,0,0,37,0
gz-04-dosel-ws,tempDosel,2026-09-22 03:00,2026-09-21 22:00,2026-09-21,20.267500000000013,19.6,20.8,40,810.7000000000005
gz-04-dosel-ws,tempDosel,2026-09-22 04:00,2026-09-21 23:00,2026-09-21,20.353333333333335,19.9,20.8,60,1221.2
gz-04-dosel-ws,tempDosel,2026-09-22 05:00,2026-09-22 00:00,2026-09-22,20.200000000000006,19.6,20.7,60,1212.0000000000005
gz-04-dosel-ws,tempDosel,2026-09-22 06:00,2026-09-22 01:00,2026-09-22,20.13833333333333,19.6,20.7,60,1208.2999999999997
gz-04-dosel-ws,tempDosel,2026-09-22 07:00,2026-09-22 02:00,2026-09-22,20.181666666666654,19.7,20.6,60,1210.8999999999992
gz-04-dosel-ws,tempDosel,2026-09-22 08:00,2026-09-22 03:00,2026-09-22,19.995000000000008,19.5,20.6,60,1199.7000000000005
gz-04-dosel-ws,tempDosel,2026-09-22 09:00,2026-09-22 04:00,2026-09-22,20.405084745762718,19.8,20.9,59,1203.9000000000003
gz-04-dosel-ws,tempDosel,2026-09-22 10:00,2026-09-22 05:00,2026-09-22,19.97666666666667,19.6,20.7,60,1198.6000000000001
gz-04-dosel-ws,tempDosel,2026-09-22 11:00,2026-09-22 06:00,2026-09-22,21.38666666666666,20.7,22.2,60,1283.1999999999996
gz-04-dosel-ws,tempDosel,2026-09-22 12:00,2026-09-22 07:00,2026-09-22,21.838333333333335,21.6,22.2,60,1310.3000000000002
gz-04-dosel-ws,tempDosel,2026-09-22 13:00,2026-09-22 08:00,2026-09-22,23.47666666666668,22.2,24.8,60,1408.6000000000008
gz-04-dosel-ws,tempDosel,2026-09-22 14:00,2026-09-22 09:00,2026-09-22,23.73,22.4,25.4,60,1423.8
gz-04-dosel-ws,tempDosel,2026-09-22 15:00,2026-09-22 10:00,2026-09-22,23.99830508474577,22.9,25.5,59,1415.9000000000003
gz-04-dosel-ws,tempDosel,2026-09-22 16:00,2026-09-22 11:00,2026-09-22,26.411666666666672,24.9,27.4,60,1584.7000000000003
gz-04-dosel-ws,tempDosel,2026-09-22 17:00,2026-09-22 12:00,2026-09-22,25.656666666666677,24.5,27.4,60,1539.4000000000005
gz-04-dosel-ws,tempDosel,2026-09-22 18:00,2026-09-22 13:00,2026-09-22,25.01666666666667,24.5,27.2,60,1501.0000000000002
gz-04-dosel-ws,tempDosel,2026-09-22 19:00,2026-09-22 14:00,2026-09-22,23.79,21.9,27.2,60,1427.3999999999999
gz-04-dosel-ws,tempDosel,2026-09-22 20:00,2026-09-22 15:00,2026-09-22,23.686885245901646,23,24.4,61,1444.9000000000003
gz-04-dosel-ws,tempDosel,2026-09-22 21:00,2026-09-22 16:00,2026-09-22,22.25245901639345,21.4,23.7,61,1357.4000000000003
gz-04-dosel-ws,tempDosel,2026-09-22 22:00,2026-09-22 17:00,2026-09-22,21.32203389830509,20,23.1,59,1258.0000000000002
gz-04-dosel-ws,tempDosel,2026-09-22 23:00,2026-09-22 18:00,2026-09-22,20.03166666666666,19.7,20.8,60,1201.8999999999996
gz-04-dosel-ws,tempDosel,2026-09-23 00:00,2026-09-22 19:00,2026-09-22,20.34500000000001,20,20.8,60,1220.7000000000005
gz-04-dosel-ws,tempDosel,2026-09-23 01:00,2026-09-22 20:00,2026-09-22,20.44666666666666,19.7,20.8,60,1226.7999999999995
gz-04-dosel-ws,tempDosel,2026-09-23 02:00,2026-09-22 21:00,2026-09-22,19.98166666666667,19.5,20.8,60,1198.9
gz-04-dosel-ws,tempDosel,2026-09-23 03:00,2026-09-22 22:00,2026-09-22,20.036666666666658,19.5,20.5,60,1202.1999999999996
gz-04-dosel-ws,tempDosel,2026-09-23 04:00,2026-09-22 23:00,2026-09-22,20.236666666666675,19.5,20.7,60,1214.2000000000005
gz-04-dosel-ws,tempDosel,2026-09-23 05:00,2026-09-23 00:00,2026-09-23,20.227118644067804,19.5,20.6,59,1193.4000000000005
gz-04-dosel-ws,tempDosel,2026-09-23 06:00,2026-09-23 01:00,2026-09-23,20.18666666666665,19.8,20.5,60,1211.199999999999
gz-04-dosel-ws,tempDosel,2026-09-23 07:00,2026-09-23 02:00,2026-09-23,19.95833333333333,19.7,20.8,60,1197.4999999999998
gz-04-dosel-ws,tempDosel,2026-09-23 08:00,2026-09-23 03:00,2026-09-23,20.161666666666687,19.8,20.8,60,1209.7000000000012
gz-04-dosel-ws,tempDosel,2026-09-23 09:00,2026-09-23 04:00,2026-09-23,20.168333333333337,19.6,20.9,60,1210.1000000000001
gz-04-dosel-ws,tempDosel,2026-09-23 10:00,2026-09-23 05:00,2026-09-23,20.078333333333337,19.6,20.6,60,1204.7000000000003
gz-04-dosel-ws,tempDosel,2026-09-23 11:00,2026-09-23 06:00,2026-09-23,21.395000000000007,20.4,22.5,60,1283.7000000000005
gz-04-dosel-ws,tempDosel,2026-09-23 12:00,2026-09-23 07:00,2026-09-23,22.21694915254237,21.8,22.7,59,1310.7999999999997
gz-04-dosel-ws,tempDosel,2026-09-23 13:00,2026-09-23 08:00,2026-09-23,23.98333333333334,21.9,25,60,1439.0000000000005
gz-04-dosel-ws,tempDosel,2026-09-23 14:00,2026-09-23 09:00,2026-09-23,24.399999999999995,23.5,25.3,60,1463.9999999999998
gz-04-dosel-ws,tempDosel,2026-09-23 15:00,2026-09-23 10:00,2026-09-23,25.690000000000005,23.5,27.7,60,1541.4000000000003
gz-04-dosel-ws,tempDosel,2026-09-23 16:00,2026-09-23 11:00,2026-09-23,24.53833333333334,23.7,25.2,60,1472.3000000000004
gz-04-dosel-ws,tempDosel,2026-09-23 17:00,2026-09-23 12:00,2026-09-23,24.470000000000017,23.1,27.8,60,1468.200000000001
gz-04-dosel-ws,tempDosel,2026-09-23 18:00,2026-09-23 13:00,2026-09-23,24.458333333333336,21.9,27.8,60,1467.5000000000002
gz-04-dosel-ws,tempDosel,2026-09-23 19:00,2026-09-23 14:00,2026-09-23,20.750847457627124,19.9,21.9,59,1224.3000000000004
gz-04-dosel-ws,tempDosel,2026-09-23 20:00,2026-09-23 15:00,2026-09-23,22.910000000000007,19.9,24.8,60,1374.6000000000004
gz-04-dosel-ws,tempDosel,2026-09-23 21:00,2026-09-23 16:00,2026-09-23,22.056666666666665,21.2,23.6,60,1323.3999999999999
gz-04-dosel-ws,tempDosel,2026-09-23 22:00,2026-09-23 17:00,2026-09-23,20.668333333333337,20.1,21.4,60,1240.1000000000001
gz-04-dosel-ws,tempDosel,2026-09-23 23:00,2026-09-23 18:00,2026-09-23,20.47499999999999,20.1,20.8,60,1228.4999999999995
gz-04-dosel-ws,tempDosel,2026-09-24 00:00,2026-09-23 19:00,2026-09-23,20.053333333333338,19.7,20.7,60,1203.2000000000003
gz-04-dosel-ws,tempDosel,2026-09-24 01:00,2026-09-23 20:00,2026-09-23,19.854237288135593,19.5,20.4,59,1171.4
gz-04-dosel-ws,tempDosel,2026-09-24 02:00,2026-09-23 21:00,2026-09-23,20.484999999999992,20.3,20.7,60,1229.0999999999995
gz-04-dosel-ws,tempDosel,2026-09-24 03:00,2026-09-23 22:00,2026-09-23,19.93333333333333,19.5,20.3,60,1195.9999999999998
gz-04-dosel-ws,tempDosel,2026-09-24 04:00,2026-09-23 23:00,2026-09-23,20.314999999999994,19.9,20.7,60,1218.8999999999996
gz-04-dosel-ws,tempDosel,2026-09-24 05:00,2026-09-24 00:00,2026-09-24,20.358333333333334,19.7,20.9,60,1221.5
gz-04-dosel-ws,tempDosel,2026-09-24 06:00,2026-09-24 01:00,2026-09-24,20.00833333333334,19.6,20.4,60,1200.5000000000005
gz-04-dosel-ws,tempDosel,2026-09-24 07:00,2026-09-24 02:00,2026-09-24,19.93499999999999,19.7,20.1,60,1196.0999999999995
gz-04-dosel-ws,tempDosel,2026-09-24 08:00,2026-09-24 03:00,2026-09-24,19.888135593220337,19.5,20.2,59,1173.3999999999999
gz-04-dosel-ws,tempDosel,2026-09-24 09:00,2026-09-24 04:00,2026-09-24,19.94666666666666,19.6,20.6,60,1196.7999999999995
gz-04-dosel-ws,tempDosel,2026-09-24 10:00,2026-09-24 05:00,2026-09-24,20.12000000000001,19.8,20.6,60,1207.2000000000007
gz-04-dosel-ws,tempDosel,2026-09-24 11:00,2026-09-24 06:00,2026-09-24,20.939999999999994,19.9,22.5,60,1256.3999999999996
gz-04-dosel-ws,tempDosel,2026-09-24 12:00,2026-09-24 07:00,2026-09-24,23.174999999999994,22.5,23.8,60,1390.4999999999995
gz-04-dosel-ws,tempDosel,2026-09-24 13:00,2026-09-24 08:00,2026-09-24,22.555,21.4,23.9,60,1353.3
gz-04-dosel-ws,tempDosel,2026-09-24 14:00,2026-09-24 09:00,2026-09-24,24.919999999999998,22.8,26.4,60,1495.1999999999998
gz-04-dosel-ws,tempDosel,2026-09-24 15:00,2026-09-24 10:00,2026-09-24,23.871186440677967,22.7,25.8,59,1408.4
gz-04-dosel-ws,tempDosel,2026-09-24 16:00,2026-09-24 11:00,2026-09-24,25.966666666666676,25.5,26.5,60,1558.0000000000005
gz-04-dosel-ws,tempDosel,2026-09-24 17:00,2026-09-24 12:00,2026-09-24,25.043333333333326,22.2,26.3,60,1502.5999999999995
gz-04-dosel-ws,tempDosel,2026-09-24 18:00,2026-09-24 13:00,2026-09-24,24.558333333333337,22.2,25.5,60,1473.5000000000002
gz-04-dosel-ws,tempDosel,2026-09-24 19:00,2026-09-24 14:00,2026-09-24,24.548333333333332,23.5,25.5,60,1472.8999999999999
gz-04-dosel-ws,tempDosel,2026-09-24 20:00,2026-09-24 15:00,2026-09-24,23.90333333333334,23.1,24.4,60,1434.2000000000003
gz-04-dosel-ws,tempDosel,2026-09-24 21:00,2026-09-24 16:00,2026-09-24,21.94,20.8,23.1,60,1316.4
gz-04-dosel-ws,tempDosel,2026-09-24 22:00,2026-09-24 17:00,2026-09-24,21.135593220338972,20.7,22,59,1246.9999999999993
gz-04-dosel-ws,tempDosel,2026-09-24 23:00,2026-09-24 18:00,2026-09-24,20.246666666666652,19.8,21.2,60,1214.799999999999
gz-04-dosel-ws,tempDosel,2026-09-25 00:00,2026-09-24 19:00,2026-09-24,20.305000000000003,19.7,20.7,60,1218.3000000000002
gz-04-dosel-ws,tempDosel,2026-09-25 01:00,2026-09-24 20:00,2026-09-24,20.36333333333334,19.9,20.8,60,1221.8000000000004
gz-04-dosel-ws,tempDosel,2026-09-25 02:00,2026-09-24 21:00,2026-09-24,20.165,19.7,20.5,60,1209.8999999999999
gz-04-dosel-ws,tempDosel,2026-09-25 03:00,2026-09-24 22:00,2026-09-24,20.304999999999996,19.8,20.9,60,1218.2999999999997
gz-04-dosel-ws,tempDosel,2026-09-25 04:00,2026-09-24 23:00,2026-09-24,20.137288135593217,19.8,20.6,59,1188.0999999999997
gz-04-dosel-ws,tempDosel,2026-09-25 05:00,2026-09-25 00:00,2026-09-25,20.103333333333335,19.6,20.7,60,1206.2
gz-04-dosel-ws,tempDosel,2026-09-25 06:00,2026-09-25 01:00,2026-09-25,20.716666666666665,20.5,20.9,60,1243
gz-04-dosel-ws,tempDosel,2026-09-25 07:00,2026-09-25 02:00,2026-09-25,20.594999999999985,19.8,20.9,60,1235.6999999999991
gz-04-dosel-ws,tempDosel,2026-09-25 08:00,2026-09-25 03:00,2026-09-25,20.263333333333335,19.9,20.9,60,1215.8000000000002
gz-04-dosel-ws,tempDosel,2026-09-25 09:00,2026-09-25 04:00,2026-09-25,20.168333333333337,19.6,20.8,60,1210.1000000000001
gz-04-dosel-ws,tempDosel,2026-09-25 10:00,2026-09-25 05:00,2026-09-25,19.838333333333328,19.5,20.4,60,1190.2999999999997
gz-04-dosel-ws,tempDosel,2026-09-25 11:00,2026-09-25 06:00,2026-09-25,20.93666666666667,20.2,22,60,1256.2000000000003
gz-04-dosel-ws,tempDosel,2026-09-25 12:00,2026-09-25 07:00,2026-09-25,22.14833333333333,21.4,23.5,60,1328.8999999999999
gz-04-dosel-ws,tempDosel,2026-09-25 13:00,2026-09-25 08:00,2026-09-25,24.80833333333333,23.6,25.9,60,1488.4999999999998
gz-04-dosel-ws,tempDosel,2026-09-25 14:00,2026-09-25 09:00,2026-09-25,26.031666666666677,24.7,27.1,60,1561.9000000000005
gz-04-dosel-ws,tempDosel,2026-09-25 15:00,2026-09-25 10:00,2026-09-25,24.27666666666666,22.8,27.1,60,1456.5999999999997
gz-04-dosel-ws,tempDosel,2026-09-25 16:00,2026-09-25 11:00,2026-09-25,25.87118644067797,24.1,26.8,59,1526.4000000000003
gz-04-dosel-ws,tempDosel,2026-09-25 17:00,2026-09-25 12:00,2026-09-25,26.421666666666667,26.1,26.8,60,1585.3
gz-04-dosel-ws,tempDosel,2026-09-25 18:00,2026-09-25 13:00,2026-09-25,27.533333333333335,26.3,28.3,60,1652
gz-04-dosel-ws,tempDosel,2026-09-25 19:00,2026-09-25 14:00,2026-09-25,26.568333333333328,24.5,27.3,60,1594.0999999999997
gz-04-dosel-ws,tempDosel,2026-09-25 20:00,2026-09-25 15:00,2026-09-25,24.176666666666662,23,24.6,60,1450.5999999999997
gz-04-dosel-ws,tempDosel,2026-09-25 21:00,2026-09-25 16:00,2026-09-25,22.975000000000012,22.2,23.9,60,1378.5000000000007
gz-04-dosel-ws,tempDosel,2026-09-25 22:00,2026-09-25 17:00,2026-09-25,21.060000000000002,20,22.2,60,1263.6000000000001
gz-04-dosel-ws,tempDosel,2026-09-25 23:00,2026-09-25 18:00,2026-09-25,20.193220338983046,19.7,20.9,59,1191.3999999999996
gz-04-dosel-ws,tempDosel,2026-09-26 00:00,2026-09-25 19:00,2026-09-25,20.45666666666668,19.9,20.6,60,1227.4000000000008
gz-04-dosel-ws,tempDosel,2026-09-26 01:00,2026-09-25 20:00,2026-09-25,20.153333333333332,19.7,20.8,60,1209.2
gz-04-dosel-ws,tempDosel,2026-09-26 02:00,2026-09-25 21:00,2026-09-25,20.123333333333335,19.7,20.8,60,1207.4
gz-04-dosel-ws,tempDosel,2026-09-26 03:00,2026-09-25 22:00,2026-09-25,20.09666666666667,19.8,20.8,60,1205.8000000000002
gz-04-dosel-ws,tempDosel,2026-09-26 04:00,2026-09-25 23:00,2026-09-25,20.393333333333334,19.5,20.8,60,1223.6000000000001
gz-04-dosel-ws,tempDosel,2026-09-26 05:00,2026-09-26 00:00,2026-09-26,20.088333333333317,19.7,20.8,60,1205.299999999999
gz-04-dosel-ws,tempDosel,2026-09-26 06:00,2026-09-26 01:00,2026-09-26,19.96440677966103,19.7,20.4,59,1177.9000000000008
gz-04-dosel-ws,tempDosel,2026-09-26 07:00,2026-09-26 02:00,2026-09-26,20.164999999999996,19.8,20.9,60,1209.8999999999996
gz-04-dosel-ws,tempDosel,2026-09-26 08:00,2026-09-26 03:00,2026-09-26,20.025000000000002,19.6,20.7,60,1201.5000000000002
gz-04-dosel-ws,tempDosel,2026-09-26 09:00,2026-09-26 04:00,2026-09-26,20.131666666666664,19.7,20.7,60,1207.8999999999999
gz-04-dosel-ws,tempDosel,2026-09-26 10:00,2026-09-26 05:00,2026-09-26,20.384999999999998,19.9,20.8,60,1223.1
gz-04-dosel-ws,tempDosel,2026-09-26 11:00,2026-09-26 06:00,2026-09-26,21.04333333333334,20,22.3,60,1262.6000000000004
gz-04-dosel-ws,tempDosel,2026-09-26 12:00,2026-09-26 07:00,2026-09-26,21.67666666666667,21,22.6,60,1300.6000000000001
gz-04-dosel-ws,tempDosel,2026-09-26 13:00,2026-09-26 08:00,2026-09-26,23.261016949152545,22.6,24.5,59,1372.4
gz-04-dosel-ws,tempDosel,2026-09-26 14:00,2026-09-26 09:00,2026-09-26,24.04000000000002,21.8,24.7,60,1442.4000000000012
gz-04-dosel-ws,tempDosel,2026-09-26 15:00,2026-09-26 10:00,2026-09-26,23.458333333333332,21.8,24.6,60,1407.5
gz-04-dosel-ws,tempDosel,2026-09-26 16:00,2026-09-26 11:00,2026-09-26,25.373333333333328,23,27.5,60,1522.3999999999996
gz-04-dosel-ws,tempDosel,2026-09-26 17:00,2026-09-26 12:00,2026-09-26,25.636666666666667,24.1,27.4,60,1538.2
gz-04-dosel-ws,tempDosel,2026-09-26 18:00,2026-09-26 13:00,2026-09-26,26.846666666666668,24.1,28.7,60,1610.8
gz-04-dosel-ws,tempDosel,2026-09-26 19:00,2026-09-26 14:00,2026-09-26,26.21525423728813,24.9,27.5,59,1546.6999999999996
gz-04-dosel-ws,tempDosel,2026-09-26 20:00,2026-09-26 15:00,2026-09-26,23.04666666666667,21.5,24.8,60,1382.8000000000002
gz-04-dosel-ws,tempDosel,2026-09-26 21:00,2026-09-26 16:00,2026-09-26,21.12,19.7,21.7,60,1267.2
gz-04-dosel-ws,tempDosel,2026-09-26 22:00,2026-09-26 17:00,2026-09-26,20.708333333333325,19.3,21.3,60,1242.4999999999995
gz-04-dosel-ws,tempDosel,2026-09-26 23:00,2026-09-26 18:00,2026-09-26,19.813333333333336,19.5,20.6,60,1188.8000000000002
gz-04-dosel-ws,tempDosel,2026-09-27 00:00,2026-09-26 19:00,2026-09-26,20.166666666666647,19.6,20.6,60,1209.9999999999989
gz-04-dosel-ws,tempDosel,2026-09-27 01:00,2026-09-26 20:00,2026-09-26,20.1,19.6,20.4,60,1206
gz-04-dosel-ws,tempDosel,2026-09-27 02:00,2026-09-26 21:00,2026-09-26,20.247457627118646,19.6,20.9,59,1194.6000000000001
gz-04-dosel-ws,tempDosel,2026-09-27 03:00,2026-09-26 22:00,2026-09-26,20.474999999999998,19.9,20.9,60,1228.4999999999998
gz-04-dosel-ws,tempDosel,2026-09-27 04:00,2026-09-26 23:00,2026-09-26,20.055000000000007,19.6,20.7,60,1203.3000000000004
gz-04-dosel-ws,tempDosel,2026-09-27 05:00,2026-09-27 00:00,2026-09-27,20.11,19.6,20.7,60,1206.6
gz-04-dosel-ws,tempDosel,2026-09-27 06:00,2026-09-27 01:00,2026-09-27,20.08000000000001,19.5,20.4,60,1204.8000000000006
gz-04-dosel-ws,tempDosel,2026-09-27 07:00,2026-09-27 02:00,2026-09-27,20.11333333333332,19.9,20.3,60,1206.799999999999
gz-04-dosel-ws,tempDosel,2026-09-27 08:00,2026-09-27 03:00,2026-09-27,20.17333333333333,19.8,20.8,60,1210.3999999999996
gz-04-dosel-ws,tempDosel,2026-09-27 09:00,2026-09-27 04:00,2026-09-27,20.26610169491525,19.8,20.5,59,1195.6999999999998
gz-04-dosel-ws,tempDosel,2026-09-27 10:00,2026-09-27 05:00,2026-09-27,20.021666666666647,19.7,20.5,60,1201.2999999999988
gz-04-dosel-ws,tempDosel,2026-09-27 11:00,2026-09-27 06:00,2026-09-27,21.159999999999993,19.7,21.9,60,1269.5999999999997
gz-04-dosel-ws,tempDosel,2026-09-27 12:00,2026-09-27 07:00,2026-09-27,22.200000000000006,21.2,24.9,60,1332.0000000000005
gz-04-dosel-ws,tempDosel,2026-09-27 13:00,2026-09-27 08:00,2026-09-27,24.65000000000001,23.8,25.3,60,1479.0000000000005
gz-04-dosel-ws,tempDosel,2026-09-27 14:00,2026-09-27 09:00,2026-09-27,24.404999999999983,23.6,25.6,60,1464.299999999999
gz-04-dosel-ws,tempDosel,2026-09-27 15:00,2026-09-27 10:00,2026-09-27,26.610000000000003,25.3,28.2,60,1596.6000000000001
gz-04-dosel-ws,tempDosel,2026-09-27 16:00,2026-09-27 11:00,2026-09-27,27.49830508474576,26.8,28.2,59,1622.3999999999999
gz-04-dosel-ws,tempDosel,2026-09-27 17:00,2026-09-27 12:00,2026-09-27,26.991666666666656,26.3,27.6,60,1619.4999999999993
gz-04-dosel-ws,tempDosel,2026-09-27 18:00,2026-09-27 13:00,2026-09-27,23.895000000000007,22.8,27.3,60,1433.7000000000005
gz-04-dosel-ws,tempDosel,2026-09-27 19:00,2026-09-27 14:00,2026-09-27,23.85833333333335,22.5,26.3,60,1431.500000000001
gz-04-dosel-ws,tempDosel,2026-09-27 20:00,2026-09-27 15:00,2026-09-27,23.536666666666676,22.2,26.2,60,1412.2000000000005
gz-04-dosel-ws,tempDosel,2026-09-27 21:00,2026-09-27 16:00,2026-09-27,22.53166666666668,21.6,23,60,1351.9000000000008
gz-04-dosel-ws,tempDosel,2026-09-27 22:00,2026-09-27 17:00,2026-09-27,21.33220338983051,20.7,22.9,59,1258.6000000000001
gz-04-dosel-ws,tempDosel,2026-09-27 23:00,2026-09-27 18:00,2026-09-27,20.153333333333343,19.6,21.1,60,1209.2000000000005
gz-04-dosel-ws,tempDosel,2026-09-28 00:00,2026-09-27 19:00,2026-09-27,20.21666666666666,19.9,20.9,60,1212.9999999999998
gz-04-dosel-ws,tempDosel,2026-09-28 01:00,2026-09-27 20:00,2026-09-27,20.243333333333332,20,20.6,60,1214.6
gz-04-dosel-ws,tempDosel,2026-09-28 02:00,2026-09-27 21:00,2026-09-27,20.01666666666666,19.8,20.3,60,1200.9999999999995
gz-04-dosel-ws,tempDosel,2026-09-28 03:00,2026-09-27 22:00,2026-09-27,20.455,20.1,20.7,60,1227.3
gz-04-dosel-ws,tempDosel,2026-09-28 04:00,2026-09-27 23:00,2026-09-27,20.308333333333334,19.8,20.7,60,1218.5
gz-04-dosel-ws,tempDosel,2026-09-28 05:00,2026-09-28 00:00,2026-09-28,19.74237288135593,19.5,20.1,59,1164.8
gz-04-dosel-ws,tempDosel,2026-09-28 06:00,2026-09-28 01:00,2026-09-28,20.163333333333334,19.9,20.7,60,1209.8
gz-04-dosel-ws,tempDosel,2026-09-28 07:00,2026-09-28 02:00,2026-09-28,20.075,19.7,20.8,60,1204.5
gz-04-dosel-ws,tempDosel,2026-09-28 08:00,2026-09-28 03:00,2026-09-28,20.358333333333338,19.7,20.8,60,1221.5000000000002
gz-04-dosel-ws,tempDosel,2026-09-28 09:00,2026-09-28 04:00,2026-09-28,20.4,20.1,20.7,59,1203.6
gz-04-dosel-ws,tempDosel,2026-09-28 10:00,2026-09-28 05:00,2026-09-28,20.06333333333333,19.6,20.8,60,1203.7999999999997
gz-04-dosel-ws,tempDosel,2026-09-28 11:00,2026-09-28 06:00,2026-09-28,20.790000000000003,19.9,21.6,60,1247.4
gz-04-dosel-ws,tempDosel,2026-09-28 12:00,2026-09-28 07:00,2026-09-28,23.123333333333335,21.7,24.3,60,1387.4
gz-04-dosel-ws,tempDosel,2026-09-28 13:00,2026-09-28 08:00,2026-09-28,23.266666666666666,22.6,24,60,1396
gz-04-dosel-ws,tempDosel,2026-09-28 14:00,2026-09-28 09:00,2026-09-28,25.036666666666665,23.2,26.3,60,1502.1999999999998
gz-04-dosel-ws,tempDosel,2026-09-28 15:00,2026-09-28 10:00,2026-09-28,25.68135593220339,24.5,28.1,59,1515.2
gz-04-dosel-ws,tempDosel,2026-09-28 16:00,2026-09-28 11:00,2026-09-28,26.415000000000003,24.9,28.2,60,1584.9
gz-04-dosel-ws,tempDosel,2026-09-28 17:00,2026-09-28 12:00,2026-09-28,25.526666666666667,24.7,27,60,1531.6000000000001
gz-04-dosel-ws,tempDosel,2026-09-28 18:00,2026-09-28 13:00,2026-09-28,24.25,22.5,27,60,1455
gz-04-dosel-ws,tempDosel,2026-09-28 19:00,2026-09-28 14:00,2026-09-28,25.068333333333335,22.5,27,60,1504.1000000000001
gz-04-dosel-ws,tempDosel,2026-09-28 20:00,2026-09-28 15:00,2026-09-28,21.976666666666667,20.9,25.1,60,1318.6
gz-04-dosel-ws,tempDosel,2026-09-28 21:00,2026-09-28 16:00,2026-09-28,21.28166666666667,19.4,22.3,60,1276.9
gz-04-dosel-ws,tempDosel,2026-09-28 22:00,2026-09-28 17:00,2026-09-28,21.3,20.4,22.2,59,1256.7
gz-04-dosel-ws,tempDosel,2026-09-28 23:00,2026-09-28 18:00,2026-09-28,20.031666666666663,19.7,20.5,60,1201.8999999999999
gz-04-dosel-ws,tempDosel,2026-09-29 00:00,2026-09-28 19:00,2026-09-28,20.04594594594595,19.7,20.2,37,741.7
gz-05-estacion-replay,bateria,2026-09-22 03:00,2026-09-21 22:00,2026-09-21,58.475,58,59,40,2339
gz-05-estacion-replay,bateria,2026-09-22 04:00,2026-09-21 23:00,2026-09-21,59.9,59,61,60,3594
gz-05-estacion-replay,bateria,2026-09-22 05:00,2026-09-22 00:00,2026-09-22,61,61,61,60,3660
gz-05-estacion-replay,bateria,2026-09-22 07:00,2026-09-22 02:00,2026-09-22,61,61,61,30,1830
gz-05-estacion-replay,bateria,2026-09-22 08:00,2026-09-22 03:00,2026-09-22,61.86666666666667,61,62,60,3712
gz-05-estacion-replay,bateria,2026-09-22 09:00,2026-09-22 04:00,2026-09-22,62,62,62,60,3720
gz-05-estacion-replay,bateria,2026-09-22 10:00,2026-09-22 05:00,2026-09-22,61.083333333333336,61,62,60,3665
gz-05-estacion-replay,bateria,2026-09-22 11:00,2026-09-22 06:00,2026-09-22,60.86666666666667,60,61,60,3652
gz-05-estacion-replay,bateria,2026-09-22 12:00,2026-09-22 07:00,2026-09-22,60,60,60,60,3600
gz-05-estacion-replay,bateria,2026-09-22 13:00,2026-09-22 08:00,2026-09-22,59.355932203389834,59,60,59,3502
gz-05-estacion-replay,bateria,2026-09-22 14:00,2026-09-22 09:00,2026-09-22,59,59,59,60,3540
gz-05-estacion-replay,bateria,2026-09-22 15:00,2026-09-22 10:00,2026-09-22,59.53333333333333,59,62,60,3572
gz-05-estacion-replay,bateria,2026-09-22 16:00,2026-09-22 11:00,2026-09-22,66.55,62,71,60,3993
gz-05-estacion-replay,bateria,2026-09-22 17:00,2026-09-22 12:00,2026-09-22,74.08333333333333,71,77,60,4445
gz-05-estacion-replay,bateria,2026-09-22 18:00,2026-09-22 13:00,2026-09-22,78.45,77,79,20,1569
gz-05-estacion-replay,bateria,2026-09-22 19:00,2026-09-22 14:00,2026-09-22,82.35,80,85,60,4941
gz-05-estacion-replay,bateria,2026-09-22 20:00,2026-09-22 15:00,2026-09-22,87.39344262295081,85,89,61,5331
gz-05-estacion-replay,bateria,2026-09-22 21:00,2026-09-22 16:00,2026-09-22,90.88524590163935,90,92,61,5544
gz-05-estacion-replay,bateria,2026-09-22 22:00,2026-09-22 17:00,2026-09-22,92,92,92,60,5520
gz-05-estacion-replay,bateria,2026-09-22 23:00,2026-09-22 18:00,2026-09-22,91.69491525423729,91,92,59,5410
gz-05-estacion-replay,bateria,2026-09-23 00:00,2026-09-22 19:00,2026-09-22,89.23333333333333,87,91,60,5354
gz-05-estacion-replay,bateria,2026-09-23 01:00,2026-09-22 20:00,2026-09-22,84.80327868852459,82,87,61,5173
gz-05-estacion-replay,bateria,2026-09-23 02:00,2026-09-22 21:00,2026-09-22,77.15,72,82,60,4629
gz-05-estacion-replay,bateria,2026-09-23 03:00,2026-09-22 22:00,2026-09-22,68.3,65,72,60,4098
gz-05-estacion-replay,bateria,2026-09-23 04:00,2026-09-22 23:00,2026-09-22,61.06666666666667,59,64,60,3664
gz-05-estacion-replay,bateria,2026-09-23 05:00,2026-09-23 00:00,2026-09-23,59.083333333333336,59,60,60,3545
gz-05-estacion-replay,bateria,2026-09-23 07:00,2026-09-23 02:00,2026-09-23,60.06666666666667,60,61,30,1802
gz-05-estacion-replay,bateria,2026-09-23 08:00,2026-09-23 03:00,2026-09-23,61.56666666666667,61,62,60,3694
gz-05-estacion-replay,bateria,2026-09-23 09:00,2026-09-23 04:00,2026-09-23,61.8,61,62,60,3708
gz-05-estacion-replay,bateria,2026-09-23 10:00,2026-09-23 05:00,2026-09-23,60.5,60,61,60,3630
gz-05-estacion-replay,bateria,2026-09-23 11:00,2026-09-23 06:00,2026-09-23,60,60,60,59,3540
gz-05-estacion-replay,bateria,2026-09-23 12:00,2026-09-23 07:00,2026-09-23,60,60,60,60,3600
gz-05-estacion-replay,bateria,2026-09-23 13:00,2026-09-23 08:00,2026-09-23,60.8,60,62,60,3648
gz-05-estacion-replay,bateria,2026-09-23 14:00,2026-09-23 09:00,2026-09-23,62.46666666666667,62,63,60,3748
gz-05-estacion-replay,bateria,2026-09-23 15:00,2026-09-23 10:00,2026-09-23,62.43333333333333,61,63,60,3746
gz-05-estacion-replay,bateria,2026-09-23 16:00,2026-09-23 11:00,2026-09-23,60.166666666666664,59,61,60,3610
gz-05-estacion-replay,bateria,2026-09-23 17:00,2026-09-23 12:00,2026-09-23,59.57627118644068,59,60,59,3515
gz-05-estacion-replay,bateria,2026-09-23 18:00,2026-09-23 13:00,2026-09-23,61.45,60,63,20,1229
gz-05-estacion-replay,bateria,2026-09-23 19:00,2026-09-23 14:00,2026-09-23,66.8,63,71,60,4008
gz-05-estacion-replay,bateria,2026-09-23 20:00,2026-09-23 15:00,2026-09-23,74.35,71,78,60,4461
gz-05-estacion-replay,bateria,2026-09-23 21:00,2026-09-23 16:00,2026-09-23,81.05,78,84,60,4863
gz-05-estacion-replay,bateria,2026-09-23 22:00,2026-09-23 17:00,2026-09-23,85.36666666666666,84,87,60,5122
gz-05-estacion-replay,bateria,2026-09-23 23:00,2026-09-23 18:00,2026-09-23,87.51666666666667,87,89,60,5251
gz-05-estacion-replay,bateria,2026-09-24 00:00,2026-09-23 19:00,2026-09-23,89.78333333333333,89,91,60,5387
gz-05-estacion-replay,bateria,2026-09-24 01:00,2026-09-23 20:00,2026-09-23,90.88135593220339,90,91,59,5362
gz-05-estacion-replay,bateria,2026-09-24 02:00,2026-09-23 21:00,2026-09-23,88.35,86,90,60,5301
gz-05-estacion-replay,bateria,2026-09-24 03:00,2026-09-23 22:00,2026-09-23,83.45,81,86,60,5007
gz-05-estacion-replay,bateria,2026-09-24 04:00,2026-09-23 23:00,2026-09-23,77.06666666666666,73,81,60,4624
gz-05-estacion-replay,bateria,2026-09-24 05:00,2026-09-24 00:00,2026-09-24,69.1,65,73,60,4146
gz-05-estacion-replay,bateria,2026-09-24 07:00,2026-09-24 02:00,2026-09-24,63.36666666666667,61,65,30,1901
gz-05-estacion-replay,bateria,2026-09-24 08:00,2026-09-24 03:00,2026-09-24,58.71666666666667,58,61,60,3523
gz-05-estacion-replay,bateria,2026-09-24 09:00,2026-09-24 04:00,2026-09-24,58.18333333333333,58,59,60,3491
gz-05-estacion-replay,bateria,2026-09-24 10:00,2026-09-24 05:00,2026-09-24,60.93333333333333,59,62,60,3656
gz-05-estacion-replay,bateria,2026-09-24 11:00,2026-09-24 06:00,2026-09-24,62.71666666666667,62,63,60,3763
gz-05-estacion-replay,bateria,2026-09-24 12:00,2026-09-24 07:00,2026-09-24,61.76271186440678,61,62,59,3644
gz-05-estacion-replay,bateria,2026-09-24 13:00,2026-09-24 08:00,2026-09-24,61,61,61,60,3660
gz-05-estacion-replay,bateria,2026-09-24 14:00,2026-09-24 09:00,2026-09-24,60.516666666666666,60,61,60,3631
gz-05-estacion-replay,bateria,2026-09-24 15:00,2026-09-24 10:00,2026-09-24,60,60,60,60,3600
gz-05-estacion-replay,bateria,2026-09-24 16:00,2026-09-24 11:00,2026-09-24,58.6,58,59,60,3516
gz-05-estacion-replay,bateria,2026-09-24 17:00,2026-09-24 12:00,2026-09-24,58,58,58,60,3480
gz-05-estacion-replay,bateria,2026-09-24 18:00,2026-09-24 13:00,2026-09-24,58.15,58,59,20,1163
gz-05-estacion-replay,bateria,2026-09-24 19:00,2026-09-24 14:00,2026-09-24,59,59,59,60,3540
gz-05-estacion-replay,bateria,2026-09-24 20:00,2026-09-24 15:00,2026-09-24,59.7,59,62,60,3582
gz-05-estacion-replay,bateria,2026-09-24 21:00,2026-09-24 16:00,2026-09-24,66.56666666666666,62,71,60,3994
gz-05-estacion-replay,bateria,2026-09-24 22:00,2026-09-24 17:00,2026-09-24,74.22033898305085,71,77,59,4379
gz-05-estacion-replay,bateria,2026-09-24 23:00,2026-09-24 18:00,2026-09-24,80.48333333333333,78,83,60,4829
gz-05-estacion-replay,bateria,2026-09-25 00:00,2026-09-24 19:00,2026-09-24,85.66666666666667,83,88,60,5140
gz-05-estacion-replay,bateria,2026-09-25 01:00,2026-09-24 20:00,2026-09-24,89.18333333333334,88,90,60,5351
gz-05-estacion-replay,bateria,2026-09-25 02:00,2026-09-24 21:00,2026-09-24,91.41666666666667,90,92,60,5485
gz-05-estacion-replay,bateria,2026-09-25 03:00,2026-09-24 22:00,2026-09-24,92,92,92,60,5520
gz-05-estacion-replay,bateria,2026-09-25 04:00,2026-09-24 23:00,2026-09-24,90.11666666666666,88,92,60,5407
gz-05-estacion-replay,bateria,2026-09-25 05:00,2026-09-25 00:00,2026-09-25,85.13559322033899,82,88,59,5023
gz-05-estacion-replay,bateria,2026-09-25 07:00,2026-09-25 02:00,2026-09-25,80.86666666666666,79,82,30,2426
gz-05-estacion-replay,bateria,2026-09-25 08:00,2026-09-25 03:00,2026-09-25,75.3,71,79,60,4518
gz-05-estacion-replay,bateria,2026-09-25 09:00,2026-09-25 04:00,2026-09-25,67.55,64,71,60,4053
gz-05-estacion-replay,bateria,2026-09-25 10:00,2026-09-25 05:00,2026-09-25,62.78333333333333,62,64,60,3767
gz-05-estacion-replay,bateria,2026-09-25 11:00,2026-09-25 06:00,2026-09-25,58.8,58,63,60,3528
gz-05-estacion-replay,bateria,2026-09-25 12:00,2026-09-25 07:00,2026-09-25,60.483333333333334,60,61,60,3629
gz-05-estacion-replay,bateria,2026-09-25 13:00,2026-09-25 08:00,2026-09-25,61,61,61,60,3660
gz-05-estacion-replay,bateria,2026-09-25 14:00,2026-09-25 09:00,2026-09-25,61.666666666666664,61,62,60,3700
gz-05-estacion-replay,bateria,2026-09-25 15:00,2026-09-25 10:00,2026-09-25,62,62,62,60,3720
gz-05-estacion-replay,bateria,2026-09-25 16:00,2026-09-25 11:00,2026-09-25,61.28813559322034,61,62,59,3616
gz-05-estacion-replay,bateria,2026-09-25 17:00,2026-09-25 12:00,2026-09-25,61,61,61,60,3660
gz-05-estacion-replay,bateria,2026-09-25 18:00,2026-09-25 13:00,2026-09-25,60.25,60,61,20,1205
gz-05-estacion-replay,bateria,2026-09-25 19:00,2026-09-25 14:00,2026-09-25,60,60,60,60,3600
gz-05-estacion-replay,bateria,2026-09-25 20:00,2026-09-25 15:00,2026-09-25,59.233333333333334,59,60,60,3554
gz-05-estacion-replay,bateria,2026-09-25 21:00,2026-09-25 16:00,2026-09-25,59,59,59,60,3540
gz-05-estacion-replay,bateria,2026-09-25 22:00,2026-09-25 17:00,2026-09-25,60.016666666666666,59,63,60,3601
gz-05-estacion-replay,bateria,2026-09-25 23:00,2026-09-25 18:00,2026-09-25,67.61016949152543,63,71,59,3989
gz-05-estacion-replay,bateria,2026-09-26 00:00,2026-09-25 19:00,2026-09-25,74.88333333333334,71,78,60,4493
gz-05-estacion-replay,bateria,2026-09-26 01:00,2026-09-25 20:00,2026-09-25,81.11666666666666,78,84,60,4867
gz-05-estacion-replay,bateria,2026-09-26 02:00,2026-09-25 21:00,2026-09-25,86.38333333333334,84,89,60,5183
gz-05-estacion-replay,bateria,2026-09-26 03:00,2026-09-25 22:00,2026-09-25,90.25,89,91,60,5415
gz-05-estacion-replay,bateria,2026-09-26 04:00,2026-09-25 23:00,2026-09-25,91.98333333333333,91,92,60,5519
gz-05-estacion-replay,bateria,2026-09-26 05:00,2026-09-26 00:00,2026-09-26,91.9,91,92,60,5514
gz-05-estacion-replay,bateria,2026-09-26 07:00,2026-09-26 02:00,2026-09-26,90.63333333333334,90,91,30,2719
gz-05-estacion-replay,bateria,2026-09-26 08:00,2026-09-26 03:00,2026-09-26,88.1,86,90,60,5286
gz-05-estacion-replay,bateria,2026-09-26 09:00,2026-09-26 04:00,2026-09-26,82.93333333333334,79,86,60,4976
gz-05-estacion-replay,bateria,2026-09-26 10:00,2026-09-26 05:00,2026-09-26,74.35,70,79,60,4461
gz-05-estacion-replay,bateria,2026-09-26 11:00,2026-09-26 06:00,2026-09-26,66.0677966101695,63,70,59,3898
gz-05-estacion-replay,bateria,2026-09-26 12:00,2026-09-26 07:00,2026-09-26,59.8,59,62,60,3588
gz-05-estacion-replay,bateria,2026-09-26 13:00,2026-09-26 08:00,2026-09-26,59.36666666666667,59,60,60,3562
gz-05-estacion-replay,bateria,2026-09-26 14:00,2026-09-26 09:00,2026-09-26,61.166666666666664,60,62,60,3670
gz-05-estacion-replay,bateria,2026-09-26 15:00,2026-09-26 10:00,2026-09-26,62,62,62,60,3720
gz-05-estacion-replay,bateria,2026-09-26 16:00,2026-09-26 11:00,2026-09-26,60.733333333333334,60,62,60,3644
gz-05-estacion-replay,bateria,2026-09-26 17:00,2026-09-26 12:00,2026-09-26,60,60,60,59,3540
gz-05-estacion-replay,bateria,2026-09-26 18:00,2026-09-26 13:00,2026-09-26,60,60,60,20,1200
gz-05-estacion-replay,bateria,2026-09-26 19:00,2026-09-26 14:00,2026-09-26,60,60,60,60,3600
gz-05-estacion-replay,bateria,2026-09-26 20:00,2026-09-26 15:00,2026-09-26,61.03333333333333,60,62,60,3662
gz-05-estacion-replay,bateria,2026-09-26 21:00,2026-09-26 16:00,2026-09-26,62.583333333333336,62,63,60,3755
gz-05-estacion-replay,bateria,2026-09-26 22:00,2026-09-26 17:00,2026-09-26,62.2,61,63,60,3732
gz-05-estacion-replay,bateria,2026-09-26 23:00,2026-09-26 18:00,2026-09-26,59.93333333333333,59,61,60,3596
gz-05-estacion-replay,bateria,2026-09-27 00:00,2026-09-26 19:00,2026-09-26,59.76271186440678,59,61,59,3526
gz-05-estacion-replay,bateria,2026-09-27 01:00,2026-09-26 20:00,2026-09-26,65.1,61,69,60,3906
gz-05-estacion-replay,bateria,2026-09-27 02:00,2026-09-26 21:00,2026-09-26,72.73333333333333,69,76,60,4364
gz-05-estacion-replay,bateria,2026-09-27 03:00,2026-09-26 22:00,2026-09-26,79.73333333333333,76,83,60,4784
gz-05-estacion-replay,bateria,2026-09-27 04:00,2026-09-26 23:00,2026-09-26,84.73333333333333,83,86,60,5084
gz-05-estacion-replay,bateria,2026-09-27 05:00,2026-09-27 00:00,2026-09-27,87.11666666666666,86,88,60,5227
gz-05-estacion-replay,bateria,2026-09-27 07:00,2026-09-27 02:00,2026-09-27,88.6,88,89,30,2658
gz-05-estacion-replay,bateria,2026-09-27 08:00,2026-09-27 03:00,2026-09-27,90.35,89,91,60,5421
gz-05-estacion-replay,bateria,2026-09-27 09:00,2026-09-27 04:00,2026-09-27,90.51666666666667,89,91,60,5431
gz-05-estacion-replay,bateria,2026-09-27 10:00,2026-09-27 05:00,2026-09-27,87.03333333333333,85,89,60,5222
gz-05-estacion-replay,bateria,2026-09-27 11:00,2026-09-27 06:00,2026-09-27,81.75,79,84,60,4905
gz-05-estacion-replay,bateria,2026-09-27 12:00,2026-09-27 07:00,2026-09-27,74.77966101694915,71,79,59,4412
gz-05-estacion-replay,bateria,2026-09-27 13:00,2026-09-27 08:00,2026-09-27,66.9,63,71,60,4014
gz-05-estacion-replay,bateria,2026-09-27 14:00,2026-09-27 09:00,2026-09-27,59.65,58,63,60,3579
gz-05-estacion-replay,bateria,2026-09-27 15:00,2026-09-27 10:00,2026-09-27,58,58,58,60,3480
gz-05-estacion-replay,bateria,2026-09-27 16:00,2026-09-27 11:00,2026-09-27,60.25,58,62,60,3615
gz-05-estacion-replay,bateria,2026-09-27 17:00,2026-09-27 12:00,2026-09-27,62.71666666666667,62,63,60,3763
gz-05-estacion-replay,bateria,2026-09-27 18:00,2026-09-27 13:00,2026-09-27,62,62,62,20,1240
gz-05-estacion-replay,bateria,2026-09-27 19:00,2026-09-27 14:00,2026-09-27,61.63333333333333,61,62,60,3698
gz-05-estacion-replay,bateria,2026-09-27 20:00,2026-09-27 15:00,2026-09-27,61,61,61,60,3660
gz-05-estacion-replay,bateria,2026-09-27 21:00,2026-09-27 16:00,2026-09-27,60.38333333333333,60,61,60,3623
gz-05-estacion-replay,bateria,2026-09-27 22:00,2026-09-27 17:00,2026-09-27,59.88135593220339,59,60,59,3533
gz-05-estacion-replay,bateria,2026-09-27 23:00,2026-09-27 18:00,2026-09-27,58.483333333333334,58,59,60,3509
gz-05-estacion-replay,bateria,2026-09-28 00:00,2026-09-27 19:00,2026-09-27,58,58,58,60,3480
gz-05-estacion-replay,bateria,2026-09-28 01:00,2026-09-27 20:00,2026-09-27,58.833333333333336,58,59,60,3530
gz-05-estacion-replay,bateria,2026-09-28 02:00,2026-09-27 21:00,2026-09-27,59.31666666666667,59,60,60,3559
gz-05-estacion-replay,bateria,2026-09-28 03:00,2026-09-27 22:00,2026-09-27,64.58333333333333,60,69,60,3875
gz-05-estacion-replay,bateria,2026-09-28 04:00,2026-09-27 23:00,2026-09-27,72.78333333333333,69,76,60,4367
gz-05-estacion-replay,bateria,2026-09-28 05:00,2026-09-28 00:00,2026-09-28,79.23728813559322,76,82,59,4675
gz-05-estacion-replay,bateria,2026-09-28 07:00,2026-09-28 02:00,2026-09-28,83.46666666666667,82,85,30,2504
gz-05-estacion-replay,bateria,2026-09-28 08:00,2026-09-28 03:00,2026-09-28,86.83333333333333,85,89,60,5210
gz-05-estacion-replay,bateria,2026-09-28 09:00,2026-09-28 04:00,2026-09-28,89.95,89,91,60,5397
gz-05-estacion-replay,bateria,2026-09-28 10:00,2026-09-28 05:00,2026-09-28,91.73333333333333,91,92,60,5504
gz-05-estacion-replay,bateria,2026-09-28 11:00,2026-09-28 06:00,2026-09-28,91.85,91,92,60,5511
gz-05-estacion-replay,bateria,2026-09-28 12:00,2026-09-28 07:00,2026-09-28,88.88333333333334,86,91,60,5333
gz-05-estacion-replay,bateria,2026-09-28 13:00,2026-09-28 08:00,2026-09-28,83.52542372881356,81,86,59,4928
gz-05-estacion-replay,bateria,2026-09-28 14:00,2026-09-28 09:00,2026-09-28,77,73,81,60,4620
gz-05-estacion-replay,bateria,2026-09-28 15:00,2026-09-28 10:00,2026-09-28,69.1,66,73,60,4146
gz-05-estacion-replay,bateria,2026-09-28 16:00,2026-09-28 11:00,2026-09-28,63.333333333333336,62,66,60,3800
gz-05-estacion-replay,bateria,2026-09-28 17:00,2026-09-28 12:00,2026-09-28,62.88333333333333,62,63,60,3773
gz-05-estacion-replay,bateria,2026-09-28 18:00,2026-09-28 13:00,2026-09-28,62.95,62,63,20,1259
gz-05-estacion-replay,bateria,2026-09-28 19:00,2026-09-28 14:00,2026-09-28,60.96666666666667,60,62,60,3658
gz-05-estacion-replay,bateria,2026-09-28 20:00,2026-09-28 15:00,2026-09-28,59.11666666666667,59,60,60,3547
gz-05-estacion-replay,bateria,2026-09-28 21:00,2026-09-28 16:00,2026-09-28,58.766666666666666,58,59,60,3526
gz-05-estacion-replay,bateria,2026-09-28 22:00,2026-09-28 17:00,2026-09-28,58.03333333333333,58,59,60,3482
gz-05-estacion-replay,bateria,2026-09-28 23:00,2026-09-28 18:00,2026-09-28,59,59,59,59,3481
gz-05-estacion-replay,bateria,2026-09-29 00:00,2026-09-28 19:00,2026-09-28,59,59,59,37,2183
gz-05-estacion-replay,horasHumectacion,2026-09-22 03:00,2026-09-21 22:00,2026-09-21,0,0,0,40,0
gz-05-estacion-replay,horasHumectacion,2026-09-22 04:00,2026-09-21 23:00,2026-09-21,0.058333333333333334,0,0.33,60,3.5
gz-05-estacion-replay,horasHumectacion,2026-09-22 05:00,2026-09-22 00:00,2026-09-22,0.8416666666666668,0.35,1.33,60,50.50000000000001
gz-05-estacion-replay,horasHumectacion,2026-09-22 07:00,2026-09-22 02:00,2026-09-22,1.5916666666666666,1.35,1.83,30,47.75
gz-05-estacion-replay,horasHumectacion,2026-09-22 08:00,2026-09-22 03:00,2026-09-22,2.3416666666666663,1.85,2.83,60,140.49999999999997
gz-05-estacion-replay,horasHumectacion,2026-09-22 09:00,2026-09-22 04:00,2026-09-22,2.730666666666666,0.02,3.67,60,163.83999999999997
gz-05-estacion-replay,horasHumectacion,2026-09-22 10:00,2026-09-22 05:00,2026-09-22,0.675,0.18,1.17,60,40.5
gz-05-estacion-replay,horasHumectacion,2026-09-22 11:00,2026-09-22 06:00,2026-09-22,1.675,1.18,2.17,60,100.5
gz-05-estacion-replay,horasHumectacion,2026-09-22 12:00,2026-09-22 07:00,2026-09-22,2.675,2.18,3.17,60,160.5
gz-05-estacion-replay,horasHumectacion,2026-09-22 13:00,2026-09-22 08:00,2026-09-22,3.6666101694915256,3.18,4.15,59,216.33
gz-05-estacion-replay,horasHumectacion,2026-09-22 14:00,2026-09-22 09:00,2026-09-22,4.658333333333334,4.17,5.15,60,279.50000000000006
gz-05-estacion-replay,horasHumectacion,2026-09-22 15:00,2026-09-22 10:00,2026-09-22,5.658333333333333,5.17,6.15,60,339.5
gz-05-estacion-replay,horasHumectacion,2026-09-22 16:00,2026-09-22 11:00,2026-09-22,6.658333333333334,6.17,7.15,60,399.50000000000006
gz-05-estacion-replay,horasHumectacion,2026-09-22 17:00,2026-09-22 12:00,2026-09-22,7.656666666666666,7.17,8.1,60,459.4
gz-05-estacion-replay,horasHumectacion,2026-09-22 18:00,2026-09-22 13:00,2026-09-22,8.099999999999998,8.1,8.1,20,161.99999999999994
gz-05-estacion-replay,horasHumectacion,2026-09-22 19:00,2026-09-22 14:00,2026-09-22,8.100000000000009,8.1,8.1,60,486.0000000000005
gz-05-estacion-replay,horasHumectacion,2026-09-22 20:00,2026-09-22 15:00,2026-09-22,8.100000000000009,8.1,8.1,61,494.10000000000053
gz-05-estacion-replay,horasHumectacion,2026-09-22 21:00,2026-09-22 16:00,2026-09-22,8.100000000000009,8.1,8.1,61,494.10000000000053
gz-05-estacion-replay,horasHumectacion,2026-09-22 22:00,2026-09-22 17:00,2026-09-22,8.100000000000009,8.1,8.1,60,486.0000000000005
gz-05-estacion-replay,horasHumectacion,2026-09-22 23:00,2026-09-22 18:00,2026-09-22,8.100000000000009,8.1,8.1,59,477.9000000000005
gz-05-estacion-replay,horasHumectacion,2026-09-23 00:00,2026-09-22 19:00,2026-09-22,8.100000000000009,8.1,8.1,60,486.0000000000005
gz-05-estacion-replay,horasHumectacion,2026-09-23 01:00,2026-09-22 20:00,2026-09-22,8.233114754098361,8.1,8.28,61,502.22
gz-05-estacion-replay,horasHumectacion,2026-09-23 02:00,2026-09-22 21:00,2026-09-22,8.279999999999994,8.28,8.28,60,496.7999999999996
gz-05-estacion-replay,horasHumectacion,2026-09-23 03:00,2026-09-22 22:00,2026-09-22,8.279999999999987,8.28,8.28,60,496.7999999999992
gz-05-estacion-replay,horasHumectacion,2026-09-23 04:00,2026-09-22 23:00,2026-09-22,8.279999999999987,8.28,8.28,60,496.7999999999992
gz-05-estacion-replay,horasHumectacion,2026-09-23 05:00,2026-09-23 00:00,2026-09-23,8.279999999999987,8.28,8.28,60,496.7999999999992
gz-05-estacion-replay,horasHumectacion,2026-09-23 07:00,2026-09-23 02:00,2026-09-23,8.28,8.28,8.28,30,248.4
gz-05-estacion-replay,horasHumectacion,2026-09-23 08:00,2026-09-23 03:00,2026-09-23,8.498833333333325,8.28,8.93,60,509.92999999999944
gz-05-estacion-replay,horasHumectacion,2026-09-23 09:00,2026-09-23 04:00,2026-09-23,9.441666666666668,8.95,9.93,60,566.5000000000001
gz-05-estacion-replay,horasHumectacion,2026-09-23 10:00,2026-09-23 05:00,2026-09-23,10.441666666666668,9.95,10.93,60,626.5000000000001
gz-05-estacion-replay,horasHumectacion,2026-09-23 11:00,2026-09-23 06:00,2026-09-23,11.433389830508476,10.95,11.92,59,674.57
gz-05-estacion-replay,horasHumectacion,2026-09-23 12:00,2026-09-23 07:00,2026-09-23,1.0566666666666666,0.02,11.97,60,63.4
gz-05-estacion-replay,horasHumectacion,2026-09-23 13:00,2026-09-23 08:00,2026-09-23,1.4583333333333333,0.97,1.95,60,87.5
gz-05-estacion-replay,horasHumectacion,2026-09-23 14:00,2026-09-23 09:00,2026-09-23,2.458333333333334,1.97,2.95,60,147.50000000000003
gz-05-estacion-replay,horasHumectacion,2026-09-23 15:00,2026-09-23 10:00,2026-09-23,3.458333333333334,2.97,3.95,60,207.50000000000003
gz-05-estacion-replay,horasHumectacion,2026-09-23 16:00,2026-09-23 11:00,2026-09-23,4.458333333333333,3.97,4.95,60,267.5
gz-05-estacion-replay,horasHumectacion,2026-09-23 17:00,2026-09-23 12:00,2026-09-23,5.45,4.97,5.93,59,321.55
gz-05-estacion-replay,horasHumectacion,2026-09-23 18:00,2026-09-23 13:00,2026-09-23,6.108499999999999,5.95,6.27,20,122.16999999999999
gz-05-estacion-replay,horasHumectacion,2026-09-23 19:00,2026-09-23 14:00,2026-09-23,6.7749999999999995,6.28,7.27,60,406.49999999999994
gz-05-estacion-replay,horasHumectacion,2026-09-23 20:00,2026-09-23 15:00,2026-09-23,7.754,7.28,8.07,60,465.23999999999995
gz-05-estacion-replay,horasHumectacion,2026-09-23 21:00,2026-09-23 16:00,2026-09-23,8.069999999999995,8.07,8.07,60,484.19999999999965
gz-05-estacion-replay,horasHumectacion,2026-09-23 22:00,2026-09-23 17:00,2026-09-23,8.069999999999995,8.07,8.07,60,484.19999999999965
gz-05-estacion-replay,horasHumectacion,2026-09-23 23:00,2026-09-23 18:00,2026-09-23,8.069999999999995,8.07,8.07,60,484.19999999999965
gz-05-estacion-replay,horasHumectacion,2026-09-24 00:00,2026-09-23 19:00,2026-09-23,8.069999999999995,8.07,8.07,60,484.19999999999965
gz-05-estacion-replay,horasHumectacion,2026-09-24 01:00,2026-09-23 20:00,2026-09-23,8.069999999999995,8.07,8.07,59,476.12999999999965
gz-05-estacion-replay,horasHumectacion,2026-09-24 02:00,2026-09-23 21:00,2026-09-23,8.069999999999995,8.07,8.07,60,484.1999999999997
gz-05-estacion-replay,horasHumectacion,2026-09-24 03:00,2026-09-23 22:00,2026-09-23,8.07016666666666,8.07,8.08,60,484.20999999999964
gz-05-estacion-replay,horasHumectacion,2026-09-24 04:00,2026-09-23 23:00,2026-09-23,8.448500000000003,8.1,8.62,60,506.9100000000002
gz-05-estacion-replay,horasHumectacion,2026-09-24 05:00,2026-09-24 00:00,2026-09-24,8.620000000000003,8.62,8.62,60,517.2000000000002
gz-05-estacion-replay,horasHumectacion,2026-09-24 07:00,2026-09-24 02:00,2026-09-24,8.620000000000003,8.62,8.62,30,258.6000000000001
gz-05-estacion-replay,horasHumectacion,2026-09-24 08:00,2026-09-24 03:00,2026-09-24,8.620000000000003,8.62,8.62,60,517.2000000000002
gz-05-estacion-replay,horasHumectacion,2026-09-24 09:00,2026-09-24 04:00,2026-09-24,8.620000000000003,8.62,8.62,60,517.2000000000002
gz-05-estacion-replay,horasHumectacion,2026-09-24 10:00,2026-09-24 05:00,2026-09-24,8.666500000000003,8.62,8.92,60,519.9900000000001
gz-05-estacion-replay,horasHumectacion,2026-09-24 11:00,2026-09-24 06:00,2026-09-24,9.425000000000002,8.93,9.92,60,565.5000000000001
gz-05-estacion-replay,horasHumectacion,2026-09-24 12:00,2026-09-24 07:00,2026-09-24,10.416610169491527,9.93,10.9,59,614.58
gz-05-estacion-replay,horasHumectacion,2026-09-24 13:00,2026-09-24 08:00,2026-09-24,11.408333333333333,10.92,11.9,60,684.5
gz-05-estacion-replay,horasHumectacion,2026-09-24 14:00,2026-09-24 09:00,2026-09-24,3.486166666666666,0.02,12.17,60,209.16999999999996
gz-05-estacion-replay,horasHumectacion,2026-09-24 15:00,2026-09-24 10:00,2026-09-24,1.2416666666666665,0.75,1.73,60,74.49999999999999
gz-05-estacion-replay,horasHumectacion,2026-09-24 16:00,2026-09-24 11:00,2026-09-24,2.2416666666666667,1.75,2.73,60,134.5
gz-05-estacion-replay,horasHumectacion,2026-09-24 17:00,2026-09-24 12:00,2026-09-24,3.241666666666667,2.75,3.73,60,194.50000000000003
gz-05-estacion-replay,horasHumectacion,2026-09-24 18:00,2026-09-24 13:00,2026-09-24,3.9085,3.75,4.07,20,78.17
gz-05-estacion-replay,horasHumectacion,2026-09-24 19:00,2026-09-24 14:00,2026-09-24,4.575,4.08,5.07,60,274.5
gz-05-estacion-replay,horasHumectacion,2026-09-24 20:00,2026-09-24 15:00,2026-09-24,5.575,5.08,6.07,60,334.5
gz-05-estacion-replay,horasHumectacion,2026-09-24 21:00,2026-09-24 16:00,2026-09-24,6.575,6.08,7.07,60,394.5
gz-05-estacion-replay,horasHumectacion,2026-09-24 22:00,2026-09-24 17:00,2026-09-24,7.564915254237289,7.08,8,59,446.33000000000004
gz-05-estacion-replay,horasHumectacion,2026-09-24 23:00,2026-09-24 18:00,2026-09-24,8.153333333333338,8,8.18,60,489.2000000000002
gz-05-estacion-replay,horasHumectacion,2026-09-25 00:00,2026-09-24 19:00,2026-09-24,8.180000000000005,8.18,8.18,60,490.80000000000035
gz-05-estacion-replay,horasHumectacion,2026-09-25 01:00,2026-09-24 20:00,2026-09-24,8.180000000000005,8.18,8.18,60,490.80000000000035
gz-05-estacion-replay,horasHumectacion,2026-09-25 02:00,2026-09-24 21:00,2026-09-24,8.180000000000005,8.18,8.18,60,490.8000000000003
gz-05-estacion-replay,horasHumectacion,2026-09-25 03:00,2026-09-24 22:00,2026-09-24,8.180000000000005,8.18,8.18,60,490.80000000000035
gz-05-estacion-replay,horasHumectacion,2026-09-25 04:00,2026-09-24 23:00,2026-09-24,8.180000000000005,8.18,8.18,60,490.80000000000035
gz-05-estacion-replay,horasHumectacion,2026-09-25 05:00,2026-09-25 00:00,2026-09-25,8.180000000000005,8.18,8.18,59,482.62000000000035
gz-05-estacion-replay,horasHumectacion,2026-09-25 07:00,2026-09-25 02:00,2026-09-25,8.196666666666665,8.18,8.2,30,245.89999999999995
gz-05-estacion-replay,horasHumectacion,2026-09-25 08:00,2026-09-25 03:00,2026-09-25,8.199999999999992,8.2,8.2,60,491.99999999999955
gz-05-estacion-replay,horasHumectacion,2026-09-25 09:00,2026-09-25 04:00,2026-09-25,8.199999999999992,8.2,8.2,60,491.99999999999955
gz-05-estacion-replay,horasHumectacion,2026-09-25 10:00,2026-09-25 05:00,2026-09-25,8.199999999999992,8.2,8.2,60,491.99999999999955
gz-05-estacion-replay,horasHumectacion,2026-09-25 11:00,2026-09-25 06:00,2026-09-25,0.2733333333333333,0,8.2,60,16.4
gz-05-estacion-replay,horasHumectacion,2026-09-25 12:00,2026-09-25 07:00,2026-09-25,0.20583333333333334,0,0.63,60,12.35
gz-05-estacion-replay,horasHumectacion,2026-09-25 13:00,2026-09-25 08:00,2026-09-25,1.1416666666666668,0.65,1.63,60,68.50000000000001
gz-05-estacion-replay,horasHumectacion,2026-09-25 14:00,2026-09-25 09:00,2026-09-25,2.1416666666666666,1.65,2.63,60,128.5
gz-05-estacion-replay,horasHumectacion,2026-09-25 15:00,2026-09-25 10:00,2026-09-25,3.141666666666666,2.65,3.63,60,188.49999999999997
gz-05-estacion-replay,horasHumectacion,2026-09-25 16:00,2026-09-25 11:00,2026-09-25,0.5910169491525423,0.02,3.67,59,34.87
gz-05-estacion-replay,horasHumectacion,2026-09-25 17:00,2026-09-25 12:00,2026-09-25,1.4583333333333333,0.97,1.95,60,87.5
gz-05-estacion-replay,horasHumectacion,2026-09-25 18:00,2026-09-25 13:00,2026-09-25,2.1249999999999996,1.97,2.28,20,42.49999999999999
gz-05-estacion-replay,horasHumectacion,2026-09-25 19:00,2026-09-25 14:00,2026-09-25,2.7916666666666665,2.3,3.28,60,167.5
gz-05-estacion-replay,horasHumectacion,2026-09-25 20:00,2026-09-25 15:00,2026-09-25,3.791666666666666,3.3,4.28,60,227.49999999999997
gz-05-estacion-replay,horasHumectacion,2026-09-25 21:00,2026-09-25 16:00,2026-09-25,4.791666666666667,4.3,5.28,60,287.5
gz-05-estacion-replay,horasHumectacion,2026-09-25 22:00,2026-09-25 17:00,2026-09-25,5.791666666666667,5.3,6.28,60,347.5
gz-05-estacion-replay,horasHumectacion,2026-09-25 23:00,2026-09-25 18:00,2026-09-25,6.783389830508474,6.3,7.27,59,400.21999999999997
gz-05-estacion-replay,horasHumectacion,2026-09-26 00:00,2026-09-25 19:00,2026-09-25,7.759666666666666,7.28,8.1,60,465.58
gz-05-estacion-replay,horasHumectacion,2026-09-26 01:00,2026-09-25 20:00,2026-09-25,8.100000000000009,8.1,8.1,60,486.0000000000005
gz-05-estacion-replay,horasHumectacion,2026-09-26 02:00,2026-09-25 21:00,2026-09-25,8.100000000000003,8.1,8.1,60,486.00000000000017
gz-05-estacion-replay,horasHumectacion,2026-09-26 03:00,2026-09-25 22:00,2026-09-25,8.100000000000009,8.1,8.1,60,486.0000000000005
gz-05-estacion-replay,horasHumectacion,2026-09-26 04:00,2026-09-25 23:00,2026-09-25,8.100000000000009,8.1,8.1,60,486.0000000000005
gz-05-estacion-replay,horasHumectacion,2026-09-26 05:00,2026-09-26 00:00,2026-09-26,8.100000000000009,8.1,8.1,60,486.0000000000005
gz-05-estacion-replay,horasHumectacion,2026-09-26 07:00,2026-09-26 02:00,2026-09-26,8.099999999999996,8.1,8.1,30,242.9999999999999
gz-05-estacion-replay,horasHumectacion,2026-09-26 08:00,2026-09-26 03:00,2026-09-26,8.107833333333343,8.1,8.22,60,486.47000000000054
gz-05-estacion-replay,horasHumectacion,2026-09-26 09:00,2026-09-26 04:00,2026-09-26,8.278499999999989,8.23,8.28,60,496.7099999999993
gz-05-estacion-replay,horasHumectacion,2026-09-26 10:00,2026-09-26 05:00,2026-09-26,8.279999999999987,8.28,8.28,60,496.7999999999992
gz-05-estacion-replay,horasHumectacion,2026-09-26 11:00,2026-09-26 06:00,2026-09-26,8.279999999999987,8.28,8.28,59,488.51999999999924
gz-05-estacion-replay,horasHumectacion,2026-09-26 12:00,2026-09-26 07:00,2026-09-26,8.279999999999987,8.28,8.28,60,496.7999999999992
gz-05-estacion-replay,horasHumectacion,2026-09-26 13:00,2026-09-26 08:00,2026-09-26,8.279999999999987,8.28,8.28,60,496.7999999999992
gz-05-estacion-replay,horasHumectacion,2026-09-26 14:00,2026-09-26 09:00,2026-09-26,8.378999999999985,8.28,8.72,60,502.73999999999916
gz-05-estacion-replay,horasHumectacion,2026-09-26 15:00,2026-09-26 10:00,2026-09-26,9.224999999999998,8.73,9.72,60,553.4999999999999
gz-05-estacion-replay,horasHumectacion,2026-09-26 16:00,2026-09-26 11:00,2026-09-26,10.225,9.73,10.72,60,613.5
gz-05-estacion-replay,horasHumectacion,2026-09-26 17:00,2026-09-26 12:00,2026-09-26,11.216610169491522,10.73,11.7,59,661.7799999999999
gz-05-estacion-replay,horasHumectacion,2026-09-26 18:00,2026-09-26 13:00,2026-09-26,9.482000000000001,0.02,11.97,20,189.64000000000001
gz-05-estacion-replay,horasHumectacion,2026-09-26 19:00,2026-09-26 14:00,2026-09-26,0.575,0.08,1.07,60,34.5
gz-05-estacion-replay,horasHumectacion,2026-09-26 20:00,2026-09-26 15:00,2026-09-26,1.5750000000000002,1.08,2.07,60,94.50000000000001
gz-05-estacion-replay,horasHumectacion,2026-09-26 21:00,2026-09-26 16:00,2026-09-26,2.5749999999999997,2.08,3.07,60,154.49999999999997
gz-05-estacion-replay,horasHumectacion,2026-09-26 22:00,2026-09-26 17:00,2026-09-26,3.575,3.08,4.07,60,214.5
gz-05-estacion-replay,horasHumectacion,2026-09-26 23:00,2026-09-26 18:00,2026-09-26,4.575,4.08,5.07,60,274.5
gz-05-estacion-replay,horasHumectacion,2026-09-27 00:00,2026-09-26 19:00,2026-09-26,5.5666101694915255,5.08,6.05,59,328.43
gz-05-estacion-replay,horasHumectacion,2026-09-27 01:00,2026-09-26 20:00,2026-09-26,6.558333333333333,6.07,7.05,60,393.49999999999994
gz-05-estacion-replay,horasHumectacion,2026-09-27 02:00,2026-09-26 21:00,2026-09-26,7.558333333333334,7.07,8.05,60,453.5
gz-05-estacion-replay,horasHumectacion,2026-09-27 03:00,2026-09-26 22:00,2026-09-26,8.069999999999995,8.07,8.07,60,484.19999999999965
gz-05-estacion-replay,horasHumectacion,2026-09-27 04:00,2026-09-26 23:00,2026-09-26,8.069999999999995,8.07,8.07,60,484.19999999999965
gz-05-estacion-replay,horasHumectacion,2026-09-27 05:00,2026-09-27 00:00,2026-09-27,8.069999999999995,8.07,8.07,60,484.19999999999965
gz-05-estacion-replay,horasHumectacion,2026-09-27 07:00,2026-09-27 02:00,2026-09-27,8.069999999999995,8.07,8.07,30,242.09999999999985
gz-05-estacion-replay,horasHumectacion,2026-09-27 08:00,2026-09-27 03:00,2026-09-27,8.069999999999995,8.07,8.07,60,484.19999999999965
gz-05-estacion-replay,horasHumectacion,2026-09-27 09:00,2026-09-27 04:00,2026-09-27,8.069999999999995,8.07,8.07,60,484.19999999999965
gz-05-estacion-replay,horasHumectacion,2026-09-27 10:00,2026-09-27 05:00,2026-09-27,8.069999999999995,8.07,8.07,60,484.19999999999965
gz-05-estacion-replay,horasHumectacion,2026-09-27 11:00,2026-09-27 06:00,2026-09-27,8.117499999999996,8.07,8.3,60,487.0499999999998
gz-05-estacion-replay,horasHumectacion,2026-09-27 12:00,2026-09-27 07:00,2026-09-27,8.565254237288137,8.3,8.62,59,505.35000000000014
gz-05-estacion-replay,horasHumectacion,2026-09-27 13:00,2026-09-27 08:00,2026-09-27,8.620000000000003,8.62,8.62,60,517.2000000000002
gz-05-estacion-replay,horasHumectacion,2026-09-27 14:00,2026-09-27 09:00,2026-09-27,8.620000000000003,8.62,8.62,60,517.2000000000002
gz-05-estacion-replay,horasHumectacion,2026-09-27 15:00,2026-09-27 10:00,2026-09-27,8.620000000000003,8.62,8.62,60,517.2000000000002
gz-05-estacion-replay,horasHumectacion,2026-09-27 16:00,2026-09-27 11:00,2026-09-27,8.623833333333335,8.62,8.7,60,517.4300000000002
gz-05-estacion-replay,horasHumectacion,2026-09-27 17:00,2026-09-27 12:00,2026-09-27,9.208333333333334,8.72,9.7,60,552.5
gz-05-estacion-replay,horasHumectacion,2026-09-27 18:00,2026-09-27 13:00,2026-09-27,9.875,9.72,10.03,20,197.5
gz-05-estacion-replay,horasHumectacion,2026-09-27 19:00,2026-09-27 14:00,2026-09-27,10.541666666666666,10.05,11.03,60,632.5
gz-05-estacion-replay,horasHumectacion,2026-09-27 20:00,2026-09-27 15:00,2026-09-27,11.541666666666666,11.05,12.03,60,692.5
gz-05-estacion-replay,horasHumectacion,2026-09-27 21:00,2026-09-27 16:00,2026-09-27,1.9973333333333332,0.02,12.17,60,119.83999999999999
gz-05-estacion-replay,horasHumectacion,2026-09-27 22:00,2026-09-27 17:00,2026-09-27,1.3666101694915254,0.88,1.85,59,80.63
gz-05-estacion-replay,horasHumectacion,2026-09-27 23:00,2026-09-27 18:00,2026-09-27,2.358333333333333,1.87,2.85,60,141.49999999999997
gz-05-estacion-replay,horasHumectacion,2026-09-28 00:00,2026-09-27 19:00,2026-09-27,3.358333333333333,2.87,3.85,60,201.49999999999997
gz-05-estacion-replay,horasHumectacion,2026-09-28 01:00,2026-09-27 20:00,2026-09-27,4.358333333333333,3.87,4.85,60,261.5
gz-05-estacion-replay,horasHumectacion,2026-09-28 02:00,2026-09-27 21:00,2026-09-27,5.358333333333333,4.87,5.85,60,321.5
gz-05-estacion-replay,horasHumectacion,2026-09-28 03:00,2026-09-27 22:00,2026-09-27,6.3583333333333325,5.87,6.85,60,381.49999999999994
gz-05-estacion-replay,horasHumectacion,2026-09-28 04:00,2026-09-27 23:00,2026-09-27,7.358333333333333,6.87,7.85,60,441.5
gz-05-estacion-replay,horasHumectacion,2026-09-28 05:00,2026-09-28 00:00,2026-09-28,8.106101694915255,7.87,8.18,59,478.26
gz-05-estacion-replay,horasHumectacion,2026-09-28 07:00,2026-09-28 02:00,2026-09-28,8.18,8.18,8.18,30,245.4
gz-05-estacion-replay,horasHumectacion,2026-09-28 08:00,2026-09-28 03:00,2026-09-28,8.180000000000001,8.18,8.18,60,490.80000000000007
gz-05-estacion-replay,horasHumectacion,2026-09-28 09:00,2026-09-28 04:00,2026-09-28,8.180000000000001,8.18,8.18,60,490.80000000000007
gz-05-estacion-replay,horasHumectacion,2026-09-28 10:00,2026-09-28 05:00,2026-09-28,8.180000000000001,8.18,8.18,60,490.80000000000007
gz-05-estacion-replay,horasHumectacion,2026-09-28 11:00,2026-09-28 06:00,2026-09-28,8.180000000000001,8.18,8.18,60,490.80000000000007
gz-05-estacion-replay,horasHumectacion,2026-09-28 12:00,2026-09-28 07:00,2026-09-28,8.180000000000001,8.18,8.18,60,490.80000000000007
gz-05-estacion-replay,horasHumectacion,2026-09-28 13:00,2026-09-28 08:00,2026-09-28,8.18406779661017,8.18,8.2,59,482.86
gz-05-estacion-replay,horasHumectacion,2026-09-28 14:00,2026-09-28 09:00,2026-09-28,8.2,8.2,8.2,60,492
gz-05-estacion-replay,horasHumectacion,2026-09-28 15:00,2026-09-28 10:00,2026-09-28,8.2,8.2,8.2,60,492
gz-05-estacion-replay,horasHumectacion,2026-09-28 16:00,2026-09-28 11:00,2026-09-28,8.200000000000001,8.2,8.2,60,492.00000000000006
gz-05-estacion-replay,horasHumectacion,2026-09-28 17:00,2026-09-28 12:00,2026-09-28,8.2,8.2,8.2,60,492
gz-05-estacion-replay,horasHumectacion,2026-09-28 18:00,2026-09-28 13:00,2026-09-28,8.2,8.2,8.2,20,164
gz-05-estacion-replay,horasHumectacion,2026-09-28 19:00,2026-09-28 14:00,2026-09-28,8.247499999999999,8.2,8.5,60,494.84999999999997
gz-05-estacion-replay,horasHumectacion,2026-09-28 20:00,2026-09-28 15:00,2026-09-28,9.008333333333333,8.52,9.5,60,540.5
gz-05-estacion-replay,horasHumectacion,2026-09-28 21:00,2026-09-28 16:00,2026-09-28,10.008333333333333,9.52,10.5,60,600.5
gz-05-estacion-replay,horasHumectacion,2026-09-28 22:00,2026-09-28 17:00,2026-09-28,11.008333333333335,10.52,11.5,60,660.5000000000001
gz-05-estacion-replay,horasHumectacion,2026-09-28 23:00,2026-09-28 18:00,2026-09-28,4.367796610169491,0.02,11.85,59,257.7
gz-05-estacion-replay,horasHumectacion,2026-09-29 00:00,2026-09-28 19:00,2026-09-28,0.95,0.65,1.25,37,35.15
gz-05-estacion-replay,humedadFoliar,2026-09-22 03:00,2026-09-21 22:00,2026-09-21,22.235,19.1,29.8,40,889.4
gz-05-estacion-replay,humedadFoliar,2026-09-22 04:00,2026-09-21 23:00,2026-09-21,44.68666666666666,25.6,64.6,60,2681.2
gz-05-estacion-replay,humedadFoliar,2026-09-22 05:00,2026-09-22 00:00,2026-09-22,73.67833333333333,65.5,78.8,60,4420.7
gz-05-estacion-replay,humedadFoliar,2026-09-22 07:00,2026-09-22 02:00,2026-09-22,72.95666666666668,71.9,74.7,30,2188.7000000000003
gz-05-estacion-replay,humedadFoliar,2026-09-22 08:00,2026-09-22 03:00,2026-09-22,76.46499999999997,73.8,79.2,60,4587.899999999999
gz-05-estacion-replay,humedadFoliar,2026-09-22 09:00,2026-09-22 04:00,2026-09-22,76.48833333333332,71.7,80.7,60,4589.299999999999
gz-05-estacion-replay,humedadFoliar,2026-09-22 10:00,2026-09-22 05:00,2026-09-22,78.88833333333335,73.6,80.9,60,4733.300000000001
gz-05-estacion-replay,humedadFoliar,2026-09-22 11:00,2026-09-22 06:00,2026-09-22,78.2616666666667,72.2,80.8,60,4695.700000000002
gz-05-estacion-replay,humedadFoliar,2026-09-22 12:00,2026-09-22 07:00,2026-09-22,75.52333333333333,71.8,79,60,4531.4
gz-05-estacion-replay,humedadFoliar,2026-09-22 13:00,2026-09-22 08:00,2026-09-22,76.89491525423729,74.2,80.6,59,4536.8
gz-05-estacion-replay,humedadFoliar,2026-09-22 14:00,2026-09-22 09:00,2026-09-22,75.715,71.5,80.3,60,4542.900000000001
gz-05-estacion-replay,humedadFoliar,2026-09-22 15:00,2026-09-22 10:00,2026-09-22,78.63666666666667,73.8,84.9,60,4718.2
gz-05-estacion-replay,humedadFoliar,2026-09-22 16:00,2026-09-22 11:00,2026-09-22,81.59666666666668,72,87.2,60,4895.800000000001
gz-05-estacion-replay,humedadFoliar,2026-09-22 17:00,2026-09-22 12:00,2026-09-22,59.508333333333326,49,72.2,60,3570.4999999999995
gz-05-estacion-replay,humedadFoliar,2026-09-22 18:00,2026-09-22 13:00,2026-09-22,45.295,42.9,48.6,20,905.9000000000001
gz-05-estacion-replay,humedadFoliar,2026-09-22 19:00,2026-09-22 14:00,2026-09-22,29.12333333333333,15.5,42.6,60,1747.3999999999999
gz-05-estacion-replay,humedadFoliar,2026-09-22 20:00,2026-09-22 15:00,2026-09-22,16.468852459016393,13.2,19.6,61,1004.6
gz-05-estacion-replay,humedadFoliar,2026-09-22 21:00,2026-09-22 16:00,2026-09-22,17.740983606557375,13.1,22,61,1082.1999999999998
gz-05-estacion-replay,humedadFoliar,2026-09-22 22:00,2026-09-22 17:00,2026-09-22,17.893333333333327,13.9,22.3,60,1073.5999999999997
gz-05-estacion-replay,humedadFoliar,2026-09-22 23:00,2026-09-22 18:00,2026-09-22,15.961016949152546,13.4,20.5,59,941.7000000000002
gz-05-estacion-replay,humedadFoliar,2026-09-23 00:00,2026-09-22 19:00,2026-09-22,22.17333333333335,20.5,34.1,60,1330.400000000001
gz-05-estacion-replay,humedadFoliar,2026-09-23 01:00,2026-09-22 20:00,2026-09-22,34.2655737704918,13.8,52.9,61,2090.2
gz-05-estacion-replay,humedadFoliar,2026-09-23 02:00,2026-09-22 21:00,2026-09-22,15.479999999999995,13.1,18.2,60,928.7999999999997
gz-05-estacion-replay,humedadFoliar,2026-09-23 03:00,2026-09-22 22:00,2026-09-22,15.978333333333332,14.6,18.5,60,958.6999999999999
gz-05-estacion-replay,humedadFoliar,2026-09-23 04:00,2026-09-22 23:00,2026-09-22,17.323333333333334,14.5,21.1,60,1039.4
gz-05-estacion-replay,humedadFoliar,2026-09-23 05:00,2026-09-23 00:00,2026-09-23,19.573333333333338,16.8,21.8,60,1174.4000000000003
gz-05-estacion-replay,humedadFoliar,2026-09-23 07:00,2026-09-23 02:00,2026-09-23,27.783333333333335,22.1,39.2,30,833.5
gz-05-estacion-replay,humedadFoliar,2026-09-23 08:00,2026-09-23 03:00,2026-09-23,56.389999999999986,40.2,71.2,60,3383.399999999999
gz-05-estacion-replay,humedadFoliar,2026-09-23 09:00,2026-09-23 04:00,2026-09-23,76.33666666666667,71.7,80.1,60,4580.200000000001
gz-05-estacion-replay,humedadFoliar,2026-09-23 10:00,2026-09-23 05:00,2026-09-23,77.40666666666668,75.5,79.3,60,4644.400000000001
gz-05-estacion-replay,humedadFoliar,2026-09-23 11:00,2026-09-23 06:00,2026-09-23,76.40338983050846,71.6,80.3,59,4507.799999999999
gz-05-estacion-replay,humedadFoliar,2026-09-23 12:00,2026-09-23 07:00,2026-09-23,76.45666666666666,72.7,80.6,60,4587.4
gz-05-estacion-replay,humedadFoliar,2026-09-23 13:00,2026-09-23 08:00,2026-09-23,76.865,72.9,80.8,60,4611.9
gz-05-estacion-replay,humedadFoliar,2026-09-23 14:00,2026-09-23 09:00,2026-09-23,75.25333333333334,73.2,78.1,60,4515.200000000001
gz-05-estacion-replay,humedadFoliar,2026-09-23 15:00,2026-09-23 10:00,2026-09-23,77.03833333333334,74.7,79.8,60,4622.3
gz-05-estacion-replay,humedadFoliar,2026-09-23 16:00,2026-09-23 11:00,2026-09-23,78.3133333333333,73.3,80.7,60,4698.799999999998
gz-05-estacion-replay,humedadFoliar,2026-09-23 17:00,2026-09-23 12:00,2026-09-23,76.31016949152543,73.2,80.4,59,4502.3
gz-05-estacion-replay,humedadFoliar,2026-09-23 18:00,2026-09-23 13:00,2026-09-23,76.51000000000002,71.6,79.9,20,1530.2000000000005
gz-05-estacion-replay,humedadFoliar,2026-09-23 19:00,2026-09-23 14:00,2026-09-23,72.47666666666666,66.7,77.6,60,4348.599999999999
gz-05-estacion-replay,humedadFoliar,2026-09-23 20:00,2026-09-23 15:00,2026-09-23,57.158333333333324,46.5,66.4,60,3429.4999999999995
gz-05-estacion-replay,humedadFoliar,2026-09-23 21:00,2026-09-23 16:00,2026-09-23,35.89166666666666,22.4,46.2,60,2153.4999999999995
gz-05-estacion-replay,humedadFoliar,2026-09-23 22:00,2026-09-23 17:00,2026-09-23,19.52166666666667,15.5,22,60,1171.3000000000002
gz-05-estacion-replay,humedadFoliar,2026-09-23 23:00,2026-09-23 18:00,2026-09-23,18.451666666666657,14.3,21.1,60,1107.0999999999995
gz-05-estacion-replay,humedadFoliar,2026-09-24 00:00,2026-09-23 19:00,2026-09-23,16.85833333333333,13.4,21.9,60,1011.4999999999999
gz-05-estacion-replay,humedadFoliar,2026-09-24 01:00,2026-09-23 20:00,2026-09-23,15.810169491525427,13.9,18.9,59,932.8000000000002
gz-05-estacion-replay,humedadFoliar,2026-09-24 02:00,2026-09-23 21:00,2026-09-23,17.565,14.1,19.8,60,1053.9
gz-05-estacion-replay,humedadFoliar,2026-09-24 03:00,2026-09-23 22:00,2026-09-23,21.838333333333328,14,54.6,60,1310.2999999999997
gz-05-estacion-replay,humedadFoliar,2026-09-24 04:00,2026-09-23 23:00,2026-09-23,45.823333333333316,17.3,55.2,60,2749.399999999999
gz-05-estacion-replay,humedadFoliar,2026-09-24 05:00,2026-09-24 00:00,2026-09-24,17.198333333333334,13.5,19.7,60,1031.9
gz-05-estacion-replay,humedadFoliar,2026-09-24 07:00,2026-09-24 02:00,2026-09-24,19.62333333333334,19,20.1,30,588.7000000000002
gz-05-estacion-replay,humedadFoliar,2026-09-24 08:00,2026-09-24 03:00,2026-09-24,18.963333333333324,14.3,22.1,60,1137.7999999999995
gz-05-estacion-replay,humedadFoliar,2026-09-24 09:00,2026-09-24 04:00,2026-09-24,21.500000000000004,18.7,26.5,60,1290.0000000000002
gz-05-estacion-replay,humedadFoliar,2026-09-24 10:00,2026-09-24 05:00,2026-09-24,44.75000000000001,27.2,67.1,60,2685.0000000000005
gz-05-estacion-replay,humedadFoliar,2026-09-24 11:00,2026-09-24 06:00,2026-09-24,73.615,67.8,76.7,60,4416.9
gz-05-estacion-replay,humedadFoliar,2026-09-24 12:00,2026-09-24 07:00,2026-09-24,76.01355932203387,71.8,80.7,59,4484.799999999998
gz-05-estacion-replay,humedadFoliar,2026-09-24 13:00,2026-09-24 08:00,2026-09-24,75.27000000000001,71.6,77.2,60,4516.200000000001
gz-05-estacion-replay,humedadFoliar,2026-09-24 14:00,2026-09-24 09:00,2026-09-24,76.16166666666669,72.5,79.9,60,4569.700000000002
gz-05-estacion-replay,humedadFoliar,2026-09-24 15:00,2026-09-24 10:00,2026-09-24,76.93166666666669,74.2,80.1,60,4615.9000000000015
gz-05-estacion-replay,humedadFoliar,2026-09-24 16:00,2026-09-24 11:00,2026-09-24,76.635,72.6,79.6,60,4598.1
gz-05-estacion-replay,humedadFoliar,2026-09-24 17:00,2026-09-24 12:00,2026-09-24,76.04166666666666,71,79.1,60,4562.499999999999
gz-05-estacion-replay,humedadFoliar,2026-09-24 18:00,2026-09-24 13:00,2026-09-24,77.26499999999999,75.6,79.2,20,1545.2999999999997
gz-05-estacion-replay,humedadFoliar,2026-09-24 19:00,2026-09-24 14:00,2026-09-24,75.80499999999999,71.7,78.7,60,4548.299999999999
gz-05-estacion-replay,humedadFoliar,2026-09-24 20:00,2026-09-24 15:00,2026-09-24,78.065,72.9,79.5,60,4683.9
gz-05-estacion-replay,humedadFoliar,2026-09-24 21:00,2026-09-24 16:00,2026-09-24,84.17166666666667,78.8,88.8,60,5050.3
gz-05-estacion-replay,humedadFoliar,2026-09-24 22:00,2026-09-24 17:00,2026-09-24,62.24915254237289,49.3,77.8,59,3672.7000000000007
gz-05-estacion-replay,humedadFoliar,2026-09-24 23:00,2026-09-24 18:00,2026-09-24,42.055,24.4,51.5,60,2523.3
gz-05-estacion-replay,humedadFoliar,2026-09-25 00:00,2026-09-24 19:00,2026-09-24,20.15,16.2,25.8,60,1209
gz-05-estacion-replay,humedadFoliar,2026-09-25 01:00,2026-09-24 20:00,2026-09-24,17.726666666666663,13.2,21.4,60,1063.5999999999997
gz-05-estacion-replay,humedadFoliar,2026-09-25 02:00,2026-09-24 21:00,2026-09-24,15.695,13.3,19.1,60,941.7
gz-05-estacion-replay,humedadFoliar,2026-09-25 03:00,2026-09-24 22:00,2026-09-24,18.525000000000002,13.5,22.9,60,1111.5000000000002
gz-05-estacion-replay,humedadFoliar,2026-09-25 04:00,2026-09-24 23:00,2026-09-24,15.861666666666666,13,20.5,60,951.6999999999999
gz-05-estacion-replay,humedadFoliar,2026-09-25 05:00,2026-09-25 00:00,2026-09-25,24.37627118644068,16.7,47.6,59,1438.2
gz-05-estacion-replay,humedadFoliar,2026-09-25 07:00,2026-09-25 02:00,2026-09-25,48.47,47.8,50.1,30,1454.1
gz-05-estacion-replay,humedadFoliar,2026-09-25 08:00,2026-09-25 03:00,2026-09-25,28.056666666666665,15,49.1,60,1683.3999999999999
gz-05-estacion-replay,humedadFoliar,2026-09-25 09:00,2026-09-25 04:00,2026-09-25,16.328333333333344,13.4,18.2,60,979.7000000000007
gz-05-estacion-replay,humedadFoliar,2026-09-25 10:00,2026-09-25 05:00,2026-09-25,19.02,13.8,22.7,60,1141.2
gz-05-estacion-replay,humedadFoliar,2026-09-25 11:00,2026-09-25 06:00,2026-09-25,24.806666666666658,14.4,38.3,60,1488.3999999999994
gz-05-estacion-replay,humedadFoliar,2026-09-25 12:00,2026-09-25 07:00,2026-09-25,56.30166666666666,39.1,73.4,60,3378.1
gz-05-estacion-replay,humedadFoliar,2026-09-25 13:00,2026-09-25 08:00,2026-09-25,74.30666666666664,71.9,78.8,60,4458.399999999999
gz-05-estacion-replay,humedadFoliar,2026-09-25 14:00,2026-09-25 09:00,2026-09-25,76.17666666666666,73.1,79.2,60,4570.599999999999
gz-05-estacion-replay,humedadFoliar,2026-09-25 15:00,2026-09-25 10:00,2026-09-25,77.05666666666667,72.5,80.7,60,4623.400000000001
gz-05-estacion-replay,humedadFoliar,2026-09-25 16:00,2026-09-25 11:00,2026-09-25,77.57796610169491,71.7,80.9,59,4577.099999999999
gz-05-estacion-replay,humedadFoliar,2026-09-25 17:00,2026-09-25 12:00,2026-09-25,77.92333333333335,72.2,80.6,60,4675.400000000001
gz-05-estacion-replay,humedadFoliar,2026-09-25 18:00,2026-09-25 13:00,2026-09-25,79.66499999999999,78.3,80.8,20,1593.3
gz-05-estacion-replay,humedadFoliar,2026-09-25 19:00,2026-09-25 14:00,2026-09-25,75.72666666666669,71.8,80.6,60,4543.600000000001
gz-05-estacion-replay,humedadFoliar,2026-09-25 20:00,2026-09-25 15:00,2026-09-25,76.92500000000003,74.2,80.3,60,4615.500000000002
gz-05-estacion-replay,humedadFoliar,2026-09-25 21:00,2026-09-25 16:00,2026-09-25,75.61666666666666,71.5,80.1,60,4537
gz-05-estacion-replay,humedadFoliar,2026-09-25 22:00,2026-09-25 17:00,2026-09-25,79.57666666666667,73.8,87.1,60,4774.6
gz-05-estacion-replay,humedadFoliar,2026-09-25 23:00,2026-09-25 18:00,2026-09-25,79.81016949152544,71.4,87.2,59,4708.800000000001
gz-05-estacion-replay,humedadFoliar,2026-09-26 00:00,2026-09-25 19:00,2026-09-25,56.62500000000001,46,70.9,60,3397.5000000000005
gz-05-estacion-replay,humedadFoliar,2026-09-26 01:00,2026-09-25 20:00,2026-09-25,34.735,21.5,45.6,60,2084.1
gz-05-estacion-replay,humedadFoliar,2026-09-26 02:00,2026-09-25 21:00,2026-09-25,17.606666666666662,13.5,21.1,60,1056.3999999999996
gz-05-estacion-replay,humedadFoliar,2026-09-26 03:00,2026-09-25 22:00,2026-09-25,16.66833333333333,13.1,22,60,1000.0999999999998
gz-05-estacion-replay,humedadFoliar,2026-09-26 04:00,2026-09-25 23:00,2026-09-25,17.185,13.9,22.3,60,1031.1
gz-05-estacion-replay,humedadFoliar,2026-09-26 05:00,2026-09-26 00:00,2026-09-26,16.638333333333332,13.4,22.3,60,998.3
gz-05-estacion-replay,humedadFoliar,2026-09-26 07:00,2026-09-26 02:00,2026-09-26,19.826666666666664,16.5,20.9,30,594.8
gz-05-estacion-replay,humedadFoliar,2026-09-26 08:00,2026-09-26 03:00,2026-09-26,29.70499999999999,20.5,52.9,60,1782.2999999999995
gz-05-estacion-replay,humedadFoliar,2026-09-26 09:00,2026-09-26 04:00,2026-09-26,24.918333333333333,13.1,52.3,60,1495.1
gz-05-estacion-replay,humedadFoliar,2026-09-26 10:00,2026-09-26 05:00,2026-09-26,16.106666666666666,13.9,18.5,60,966.3999999999999
gz-05-estacion-replay,humedadFoliar,2026-09-26 11:00,2026-09-26 06:00,2026-09-26,15.48813559322034,14.6,17,59,913.8000000000001
gz-05-estacion-replay,humedadFoliar,2026-09-26 12:00,2026-09-26 07:00,2026-09-26,18.716666666666665,14.5,21.1,60,1123
gz-05-estacion-replay,humedadFoliar,2026-09-26 13:00,2026-09-26 08:00,2026-09-26,20.536666666666655,16.8,26.1,60,1232.1999999999994
gz-05-estacion-replay,humedadFoliar,2026-09-26 14:00,2026-09-26 09:00,2026-09-26,48.59999999999999,26.7,65,60,2915.999999999999
gz-05-estacion-replay,humedadFoliar,2026-09-26 15:00,2026-09-26 10:00,2026-09-26,74.89833333333333,65.6,80.1,60,4493.9
gz-05-estacion-replay,humedadFoliar,2026-09-26 16:00,2026-09-26 11:00,2026-09-26,77.32166666666667,72.6,79.3,60,4639.3
gz-05-estacion-replay,humedadFoliar,2026-09-26 17:00,2026-09-26 12:00,2026-09-26,76.09661016949151,71.6,80.3,59,4489.699999999999
gz-05-estacion-replay,humedadFoliar,2026-09-26 18:00,2026-09-26 13:00,2026-09-26,75.97,73.8,78.5,20,1519.4
gz-05-estacion-replay,humedadFoliar,2026-09-26 19:00,2026-09-26 14:00,2026-09-26,77.18666666666667,72.7,80.7,60,4631.2
gz-05-estacion-replay,humedadFoliar,2026-09-26 20:00,2026-09-26 15:00,2026-09-26,76.0633333333333,72.9,80.8,60,4563.799999999998
gz-05-estacion-replay,humedadFoliar,2026-09-26 21:00,2026-09-26 16:00,2026-09-26,75.88166666666667,73.2,79.1,60,4552.900000000001
gz-05-estacion-replay,humedadFoliar,2026-09-26 22:00,2026-09-26 17:00,2026-09-26,77.24166666666669,74.7,80.7,60,4634.500000000001
gz-05-estacion-replay,humedadFoliar,2026-09-26 23:00,2026-09-26 18:00,2026-09-26,78.25500000000001,73.3,80.7,60,4695.3
gz-05-estacion-replay,humedadFoliar,2026-09-27 00:00,2026-09-26 19:00,2026-09-26,76.25593220338982,73.2,79.9,59,4499.099999999999
gz-05-estacion-replay,humedadFoliar,2026-09-27 01:00,2026-09-26 20:00,2026-09-26,73.8,70.9,79.1,60,4428
gz-05-estacion-replay,humedadFoliar,2026-09-27 02:00,2026-09-26 21:00,2026-09-26,61.54833333333333,50.6,70.6,60,3692.9
gz-05-estacion-replay,humedadFoliar,2026-09-27 03:00,2026-09-26 22:00,2026-09-26,40.52,31,50.3,60,2431.2000000000003
gz-05-estacion-replay,humedadFoliar,2026-09-27 04:00,2026-09-26 23:00,2026-09-26,21.290000000000006,15.5,32.6,60,1277.4000000000003
gz-05-estacion-replay,humedadFoliar,2026-09-27 05:00,2026-09-27 00:00,2026-09-27,18.416666666666668,14.3,21.1,60,1105
gz-05-estacion-replay,humedadFoliar,2026-09-27 07:00,2026-09-27 02:00,2026-09-27,17.186666666666675,13.4,19.1,30,515.6000000000003
gz-05-estacion-replay,humedadFoliar,2026-09-27 08:00,2026-09-27 03:00,2026-09-27,16.46333333333333,13.6,21.9,60,987.7999999999998
gz-05-estacion-replay,humedadFoliar,2026-09-27 09:00,2026-09-27 04:00,2026-09-27,16.33666666666667,13.9,18.9,60,980.2000000000002
gz-05-estacion-replay,humedadFoliar,2026-09-27 10:00,2026-09-27 05:00,2026-09-27,17.946666666666665,14,20.2,60,1076.8
gz-05-estacion-replay,humedadFoliar,2026-09-27 11:00,2026-09-27 06:00,2026-09-27,32.239999999999995,18.1,55.2,60,1934.3999999999996
gz-05-estacion-replay,humedadFoliar,2026-09-27 12:00,2026-09-27 07:00,2026-09-27,35.37966101694914,13.5,53.2,59,2087.3999999999996
gz-05-estacion-replay,humedadFoliar,2026-09-27 13:00,2026-09-27 08:00,2026-09-27,18.148333333333337,13.7,20.1,60,1088.9000000000003
gz-05-estacion-replay,humedadFoliar,2026-09-27 14:00,2026-09-27 09:00,2026-09-27,18.769999999999992,14.3,22.1,60,1126.1999999999996
gz-05-estacion-replay,humedadFoliar,2026-09-27 15:00,2026-09-27 10:00,2026-09-27,20.93,18.7,22,60,1255.8
gz-05-estacion-replay,humedadFoliar,2026-09-27 16:00,2026-09-27 11:00,2026-09-27,36.64666666666666,19.9,53,60,2198.7999999999997
gz-05-estacion-replay,humedadFoliar,2026-09-27 17:00,2026-09-27 12:00,2026-09-27,70.69500000000001,53.8,76.7,60,4241.700000000001
gz-05-estacion-replay,humedadFoliar,2026-09-27 18:00,2026-09-27 13:00,2026-09-27,73.39,71.8,76.5,20,1467.8
gz-05-estacion-replay,humedadFoliar,2026-09-27 19:00,2026-09-27 14:00,2026-09-27,76.535,72.9,80.7,60,4592.099999999999
gz-05-estacion-replay,humedadFoliar,2026-09-27 20:00,2026-09-27 15:00,2026-09-27,75.15333333333334,71.6,77.2,60,4509.2
gz-05-estacion-replay,humedadFoliar,2026-09-27 21:00,2026-09-27 16:00,2026-09-27,76.37833333333333,72.5,79.9,60,4582.7
gz-05-estacion-replay,humedadFoliar,2026-09-27 22:00,2026-09-27 17:00,2026-09-27,77.16440677966101,74.2,80.1,59,4552.7
gz-05-estacion-replay,humedadFoliar,2026-09-27 23:00,2026-09-27 18:00,2026-09-27,76.39833333333331,72.6,79.5,60,4583.899999999999
gz-05-estacion-replay,humedadFoliar,2026-09-28 00:00,2026-09-27 19:00,2026-09-27,76.23000000000002,71,79.2,60,4573.800000000001
gz-05-estacion-replay,humedadFoliar,2026-09-28 01:00,2026-09-27 20:00,2026-09-27,76.50166666666668,74.1,78.7,60,4590.1
gz-05-estacion-replay,humedadFoliar,2026-09-28 02:00,2026-09-27 21:00,2026-09-27,77.08500000000001,71.7,79.5,60,4625.1
gz-05-estacion-replay,humedadFoliar,2026-09-28 03:00,2026-09-27 22:00,2026-09-27,83.55666666666667,76.7,88.8,60,5013.400000000001
gz-05-estacion-replay,humedadFoliar,2026-09-28 04:00,2026-09-27 23:00,2026-09-27,68.35,55.2,81.9,60,4101
gz-05-estacion-replay,humedadFoliar,2026-09-28 05:00,2026-09-28 00:00,2026-09-28,46.932203389830505,36.4,54.6,59,2769
gz-05-estacion-replay,humedadFoliar,2026-09-28 07:00,2026-09-28 02:00,2026-09-28,26.576666666666664,23.4,35.3,30,797.3
gz-05-estacion-replay,humedadFoliar,2026-09-28 08:00,2026-09-28 03:00,2026-09-28,18.741666666666667,16.2,22.8,60,1124.5
gz-05-estacion-replay,humedadFoliar,2026-09-28 09:00,2026-09-28 04:00,2026-09-28,16.008333333333333,13.2,21.4,60,960.5
gz-05-estacion-replay,humedadFoliar,2026-09-28 10:00,2026-09-28 05:00,2026-09-28,17.06,13.3,19.1,60,1023.5999999999999
gz-05-estacion-replay,humedadFoliar,2026-09-28 11:00,2026-09-28 06:00,2026-09-28,17.935,13.5,22.9,60,1076.1
gz-05-estacion-replay,humedadFoliar,2026-09-28 12:00,2026-09-28 07:00,2026-09-28,16.201666666666668,13,20.5,60,972.1
gz-05-estacion-replay,humedadFoliar,2026-09-28 13:00,2026-09-28 08:00,2026-09-28,33.28135593220339,17.3,50.1,59,1963.6
gz-05-estacion-replay,humedadFoliar,2026-09-28 14:00,2026-09-28 09:00,2026-09-28,34.7,15,49.1,60,2082
gz-05-estacion-replay,humedadFoliar,2026-09-28 15:00,2026-09-28 10:00,2026-09-28,16.873333333333335,16.2,18.6,60,1012.4000000000001
gz-05-estacion-replay,humedadFoliar,2026-09-28 16:00,2026-09-28 11:00,2026-09-28,18.678333333333335,13.4,22.7,60,1120.7
gz-05-estacion-replay,humedadFoliar,2026-09-28 17:00,2026-09-28 12:00,2026-09-28,17.361666666666668,14.2,21,60,1041.7
gz-05-estacion-replay,humedadFoliar,2026-09-28 18:00,2026-09-28 13:00,2026-09-28,21.839999999999996,21,23.3,20,436.79999999999995
gz-05-estacion-replay,humedadFoliar,2026-09-28 19:00,2026-09-28 14:00,2026-09-28,42.498333333333335,23.4,61.5,60,2549.9
gz-05-estacion-replay,humedadFoliar,2026-09-28 20:00,2026-09-28 15:00,2026-09-28,72.32666666666665,61.6,77,60,4339.599999999999
gz-05-estacion-replay,humedadFoliar,2026-09-28 21:00,2026-09-28 16:00,2026-09-28,74.93333333333334,71.8,77.3,60,4496
gz-05-estacion-replay,humedadFoliar,2026-09-28 22:00,2026-09-28 17:00,2026-09-28,75.20499999999998,72.1,76.7,60,4512.299999999999
gz-05-estacion-replay,humedadFoliar,2026-09-28 23:00,2026-09-28 18:00,2026-09-28,75.1135593220339,71.9,78.1,59,4431.7
gz-05-estacion-replay,humedadFoliar,2026-09-29 00:00,2026-09-28 19:00,2026-09-28,74.77027027027027,72.5,80.1,37,2766.5
gz-05-estacion-replay,lluviaLote,2026-09-22 03:00,2026-09-21 22:00,2026-09-21,0.32999999999999996,0,1.8,40,13.2
gz-05-estacion-replay,lluviaLote,2026-09-22 04:00,2026-09-21 23:00,2026-09-21,0,0,0,60,0
gz-05-estacion-replay,lluviaLote,2026-09-22 05:00,2026-09-22 00:00,2026-09-22,0,0,0,60,0
gz-05-estacion-replay,lluviaLote,2026-09-22 07:00,2026-09-22 02:00,2026-09-22,0,0,0,30,0
gz-05-estacion-replay,lluviaLote,2026-09-22 08:00,2026-09-22 03:00,2026-09-22,0,0,0,60,0
gz-05-estacion-replay,lluviaLote,2026-09-22 09:00,2026-09-22 04:00,2026-09-22,0,0,0,60,0
gz-05-estacion-replay,lluviaLote,2026-09-22 10:00,2026-09-22 05:00,2026-09-22,0,0,0,60,0
gz-05-estacion-replay,lluviaLote,2026-09-22 11:00,2026-09-22 06:00,2026-09-22,0,0,0,60,0
gz-05-estacion-replay,lluviaLote,2026-09-22 12:00,2026-09-22 07:00,2026-09-22,0,0,0,60,0
gz-05-estacion-replay,lluviaLote,2026-09-22 13:00,2026-09-22 08:00,2026-09-22,0,0,0,59,0
gz-05-estacion-replay,lluviaLote,2026-09-22 14:00,2026-09-22 09:00,2026-09-22,0,0,0,60,0
gz-05-estacion-replay,lluviaLote,2026-09-22 15:00,2026-09-22 10:00,2026-09-22,0.305,0,1.5,60,18.3
gz-05-estacion-replay,lluviaLote,2026-09-22 16:00,2026-09-22 11:00,2026-09-22,1.0233333333333332,0,1.8,60,61.39999999999999
gz-05-estacion-replay,lluviaLote,2026-09-22 17:00,2026-09-22 12:00,2026-09-22,0,0,0,60,0
gz-05-estacion-replay,lluviaLote,2026-09-22 18:00,2026-09-22 13:00,2026-09-22,0,0,0,20,0
gz-05-estacion-replay,lluviaLote,2026-09-22 19:00,2026-09-22 14:00,2026-09-22,0,0,0,60,0
gz-05-estacion-replay,lluviaLote,2026-09-22 20:00,2026-09-22 15:00,2026-09-22,0,0,0,61,0
gz-05-estacion-replay,lluviaLote,2026-09-22 21:00,2026-09-22 16:00,2026-09-22,0,0,0,61,0
gz-05-estacion-replay,lluviaLote,2026-09-22 22:00,2026-09-22 17:00,2026-09-22,0,0,0,60,0
gz-05-estacion-replay,lluviaLote,2026-09-22 23:00,2026-09-22 18:00,2026-09-22,0,0,0,59,0
gz-05-estacion-replay,lluviaLote,2026-09-23 00:00,2026-09-22 19:00,2026-09-22,0.32000000000000006,0,3.3,60,19.200000000000003
gz-05-estacion-replay,lluviaLote,2026-09-23 01:00,2026-09-22 20:00,2026-09-22,2.667213114754099,0,5.5,61,162.70000000000005
gz-05-estacion-replay,lluviaLote,2026-09-23 02:00,2026-09-22 21:00,2026-09-22,0,0,0,60,0
gz-05-estacion-replay,lluviaLote,2026-09-23 03:00,2026-09-22 22:00,2026-09-22,0,0,0,60,0
gz-05-estacion-replay,lluviaLote,2026-09-23 04:00,2026-09-22 23:00,2026-09-22,0,0,0,60,0
gz-05-estacion-replay,lluviaLote,2026-09-23 05:00,2026-09-23 00:00,2026-09-23,0,0,0,60,0
gz-05-estacion-replay,lluviaLote,2026-09-23 07:00,2026-09-23 02:00,2026-09-23,0,0,0,30,0
gz-05-estacion-replay,lluviaLote,2026-09-23 08:00,2026-09-23 03:00,2026-09-23,0,0,0,60,0
gz-05-estacion-replay,lluviaLote,2026-09-23 09:00,2026-09-23 04:00,2026-09-23,0,0,0,60,0
gz-05-estacion-replay,lluviaLote,2026-09-23 10:00,2026-09-23 05:00,2026-09-23,0,0,0,60,0
gz-05-estacion-replay,lluviaLote,2026-09-23 11:00,2026-09-23 06:00,2026-09-23,0,0,0,59,0
gz-05-estacion-replay,lluviaLote,2026-09-23 12:00,2026-09-23 07:00,2026-09-23,0,0,0,60,0
gz-05-estacion-replay,lluviaLote,2026-09-23 13:00,2026-09-23 08:00,2026-09-23,0,0,0,60,0
gz-05-estacion-replay,lluviaLote,2026-09-23 14:00,2026-09-23 09:00,2026-09-23,0,0,0,60,0
gz-05-estacion-replay,lluviaLote,2026-09-23 15:00,2026-09-23 10:00,2026-09-23,0,0,0,60,0
gz-05-estacion-replay,lluviaLote,2026-09-23 16:00,2026-09-23 11:00,2026-09-23,0,0,0,60,0
gz-05-estacion-replay,lluviaLote,2026-09-23 17:00,2026-09-23 12:00,2026-09-23,0,0,0,59,0
gz-05-estacion-replay,lluviaLote,2026-09-23 18:00,2026-09-23 13:00,2026-09-23,0,0,0,20,0
gz-05-estacion-replay,lluviaLote,2026-09-23 19:00,2026-09-23 14:00,2026-09-23,0,0,0,60,0
gz-05-estacion-replay,lluviaLote,2026-09-23 20:00,2026-09-23 15:00,2026-09-23,0,0,0,60,0
gz-05-estacion-replay,lluviaLote,2026-09-23 21:00,2026-09-23 16:00,2026-09-23,0,0,0,60,0
gz-05-estacion-replay,lluviaLote,2026-09-23 22:00,2026-09-23 17:00,2026-09-23,0,0,0,60,0
gz-05-estacion-replay,lluviaLote,2026-09-23 23:00,2026-09-23 18:00,2026-09-23,0,0,0,60,0
gz-05-estacion-replay,lluviaLote,2026-09-24 00:00,2026-09-23 19:00,2026-09-23,0,0,0,60,0
gz-05-estacion-replay,lluviaLote,2026-09-24 01:00,2026-09-23 20:00,2026-09-23,0,0,0,59,0
gz-05-estacion-replay,lluviaLote,2026-09-24 02:00,2026-09-23 21:00,2026-09-23,0,0,0,60,0
gz-05-estacion-replay,lluviaLote,2026-09-24 03:00,2026-09-23 22:00,2026-09-23,0.39499999999999996,0,5.9,60,23.7
gz-05-estacion-replay,lluviaLote,2026-09-24 04:00,2026-09-23 23:00,2026-09-23,10.686666666666667,0,16.9,60,641.2
gz-05-estacion-replay,lluviaLote,2026-09-24 05:00,2026-09-24 00:00,2026-09-24,0,0,0,60,0
gz-05-estacion-replay,lluviaLote,2026-09-24 07:00,2026-09-24 02:00,2026-09-24,0,0,0,30,0
gz-05-estacion-replay,lluviaLote,2026-09-24 08:00,2026-09-24 03:00,2026-09-24,0,0,0,60,0
gz-05-estacion-replay,lluviaLote,2026-09-24 09:00,2026-09-24 04:00,2026-09-24,0,0,0,60,0
gz-05-estacion-replay,lluviaLote,2026-09-24 10:00,2026-09-24 05:00,2026-09-24,0,0,0,60,0
gz-05-estacion-replay,lluviaLote,2026-09-24 11:00,2026-09-24 06:00,2026-09-24,0,0,0,60,0
gz-05-estacion-replay,lluviaLote,2026-09-24 12:00,2026-09-24 07:00,2026-09-24,0,0,0,59,0
gz-05-estacion-replay,lluviaLote,2026-09-24 13:00,2026-09-24 08:00,2026-09-24,0,0,0,60,0
gz-05-estacion-replay,lluviaLote,2026-09-24 14:00,2026-09-24 09:00,2026-09-24,0,0,0,60,0
gz-05-estacion-replay,lluviaLote,2026-09-24 15:00,2026-09-24 10:00,2026-09-24,0,0,0,60,0
gz-05-estacion-replay,lluviaLote,2026-09-24 16:00,2026-09-24 11:00,2026-09-24,0,0,0,60,0
gz-05-estacion-replay,lluviaLote,2026-09-24 17:00,2026-09-24 12:00,2026-09-24,0,0,0,60,0
gz-05-estacion-replay,lluviaLote,2026-09-24 18:00,2026-09-24 13:00,2026-09-24,0,0,0,20,0
gz-05-estacion-replay,lluviaLote,2026-09-24 19:00,2026-09-24 14:00,2026-09-24,0,0,0,60,0
gz-05-estacion-replay,lluviaLote,2026-09-24 20:00,2026-09-24 15:00,2026-09-24,0.025,0,0.5,60,1.5
gz-05-estacion-replay,lluviaLote,2026-09-24 21:00,2026-09-24 16:00,2026-09-24,1.083333333333333,0,1.9,60,64.99999999999999
gz-05-estacion-replay,lluviaLote,2026-09-24 22:00,2026-09-24 17:00,2026-09-24,0,0,0,59,0
gz-05-estacion-replay,lluviaLote,2026-09-24 23:00,2026-09-24 18:00,2026-09-24,0,0,0,60,0
gz-05-estacion-replay,lluviaLote,2026-09-25 00:00,2026-09-24 19:00,2026-09-24,0,0,0,60,0
gz-05-estacion-replay,lluviaLote,2026-09-25 01:00,2026-09-24 20:00,2026-09-24,0,0,0,60,0
gz-05-estacion-replay,lluviaLote,2026-09-25 02:00,2026-09-24 21:00,2026-09-24,0,0,0,60,0
gz-05-estacion-replay,lluviaLote,2026-09-25 03:00,2026-09-24 22:00,2026-09-24,0,0,0,60,0
gz-05-estacion-replay,lluviaLote,2026-09-25 04:00,2026-09-24 23:00,2026-09-24,0,0,0,60,0
gz-05-estacion-replay,lluviaLote,2026-09-25 05:00,2026-09-25 00:00,2026-09-25,1.1610169491525424,0,5.1,59,68.5
gz-05-estacion-replay,lluviaLote,2026-09-25 07:00,2026-09-25 02:00,2026-09-25,6.38,5.3,6.8,30,191.4
gz-05-estacion-replay,lluviaLote,2026-09-25 08:00,2026-09-25 03:00,2026-09-25,2.025,0,6.3,60,121.49999999999999
gz-05-estacion-replay,lluviaLote,2026-09-25 09:00,2026-09-25 04:00,2026-09-25,0,0,0,60,0
gz-05-estacion-replay,lluviaLote,2026-09-25 10:00,2026-09-25 05:00,2026-09-25,0,0,0,60,0
gz-05-estacion-replay,lluviaLote,2026-09-25 11:00,2026-09-25 06:00,2026-09-25,0.22,0,1.8,60,13.2
gz-05-estacion-replay,lluviaLote,2026-09-25 12:00,2026-09-25 07:00,2026-09-25,0,0,0,60,0
gz-05-estacion-replay,lluviaLote,2026-09-25 13:00,2026-09-25 08:00,2026-09-25,0,0,0,60,0
gz-05-estacion-replay,lluviaLote,2026-09-25 14:00,2026-09-25 09:00,2026-09-25,0,0,0,60,0
gz-05-estacion-replay,lluviaLote,2026-09-25 15:00,2026-09-25 10:00,2026-09-25,0,0,0,60,0
gz-05-estacion-replay,lluviaLote,2026-09-25 16:00,2026-09-25 11:00,2026-09-25,0,0,0,59,0
gz-05-estacion-replay,lluviaLote,2026-09-25 17:00,2026-09-25 12:00,2026-09-25,0,0,0,60,0
gz-05-estacion-replay,lluviaLote,2026-09-25 18:00,2026-09-25 13:00,2026-09-25,0,0,0,20,0
gz-05-estacion-replay,lluviaLote,2026-09-25 19:00,2026-09-25 14:00,2026-09-25,0,0,0,60,0
gz-05-estacion-replay,lluviaLote,2026-09-25 20:00,2026-09-25 15:00,2026-09-25,0,0,0,60,0
gz-05-estacion-replay,lluviaLote,2026-09-25 21:00,2026-09-25 16:00,2026-09-25,0,0,0,60,0
gz-05-estacion-replay,lluviaLote,2026-09-25 22:00,2026-09-25 17:00,2026-09-25,0.5233333333333333,0,1.7,60,31.400000000000002
gz-05-estacion-replay,lluviaLote,2026-09-25 23:00,2026-09-25 18:00,2026-09-25,0.8186440677966098,0,1.8,59,48.299999999999976
gz-05-estacion-replay,lluviaLote,2026-09-26 00:00,2026-09-25 19:00,2026-09-25,0,0,0,60,0
gz-05-estacion-replay,lluviaLote,2026-09-26 01:00,2026-09-25 20:00,2026-09-25,0,0,0,60,0
gz-05-estacion-replay,lluviaLote,2026-09-26 02:00,2026-09-25 21:00,2026-09-25,0,0,0,60,0
gz-05-estacion-replay,lluviaLote,2026-09-26 03:00,2026-09-25 22:00,2026-09-25,0,0,0,60,0
gz-05-estacion-replay,lluviaLote,2026-09-26 04:00,2026-09-25 23:00,2026-09-25,0,0,0,60,0
gz-05-estacion-replay,lluviaLote,2026-09-26 05:00,2026-09-26 00:00,2026-09-26,0,0,0,60,0
gz-05-estacion-replay,lluviaLote,2026-09-26 07:00,2026-09-26 02:00,2026-09-26,0,0,0,30,0
gz-05-estacion-replay,lluviaLote,2026-09-26 08:00,2026-09-26 03:00,2026-09-26,1.785,0,5.5,60,107.1
gz-05-estacion-replay,lluviaLote,2026-09-26 09:00,2026-09-26 04:00,2026-09-26,1.1783333333333335,0,5.3,60,70.7
gz-05-estacion-replay,lluviaLote,2026-09-26 10:00,2026-09-26 05:00,2026-09-26,0,0,0,60,0
gz-05-estacion-replay,lluviaLote,2026-09-26 11:00,2026-09-26 06:00,2026-09-26,0,0,0,59,0
gz-05-estacion-replay,lluviaLote,2026-09-26 12:00,2026-09-26 07:00,2026-09-26,0,0,0,60,0
gz-05-estacion-replay,lluviaLote,2026-09-26 13:00,2026-09-26 08:00,2026-09-26,0,0,0,60,0
gz-05-estacion-replay,lluviaLote,2026-09-26 14:00,2026-09-26 09:00,2026-09-26,0,0,0,60,0
gz-05-estacion-replay,lluviaLote,2026-09-26 15:00,2026-09-26 10:00,2026-09-26,0,0,0,60,0
gz-05-estacion-replay,lluviaLote,2026-09-26 16:00,2026-09-26 11:00,2026-09-26,0,0,0,60,0
gz-05-estacion-replay,lluviaLote,2026-09-26 17:00,2026-09-26 12:00,2026-09-26,0,0,0,59,0
gz-05-estacion-replay,lluviaLote,2026-09-26 18:00,2026-09-26 13:00,2026-09-26,0,0,0,20,0
gz-05-estacion-replay,lluviaLote,2026-09-26 19:00,2026-09-26 14:00,2026-09-26,0,0,0,60,0
gz-05-estacion-replay,lluviaLote,2026-09-26 20:00,2026-09-26 15:00,2026-09-26,0,0,0,60,0
gz-05-estacion-replay,lluviaLote,2026-09-26 21:00,2026-09-26 16:00,2026-09-26,0,0,0,60,0
gz-05-estacion-replay,lluviaLote,2026-09-26 22:00,2026-09-26 17:00,2026-09-26,0,0,0,60,0
gz-05-estacion-replay,lluviaLote,2026-09-26 23:00,2026-09-26 18:00,2026-09-26,0,0,0,60,0
gz-05-estacion-replay,lluviaLote,2026-09-27 00:00,2026-09-26 19:00,2026-09-26,0,0,0,59,0
gz-05-estacion-replay,lluviaLote,2026-09-27 01:00,2026-09-26 20:00,2026-09-26,0,0,0,60,0
gz-05-estacion-replay,lluviaLote,2026-09-27 02:00,2026-09-26 21:00,2026-09-26,0,0,0,60,0
gz-05-estacion-replay,lluviaLote,2026-09-27 03:00,2026-09-26 22:00,2026-09-26,0,0,0,60,0
gz-05-estacion-replay,lluviaLote,2026-09-27 04:00,2026-09-26 23:00,2026-09-26,0,0,0,60,0
gz-05-estacion-replay,lluviaLote,2026-09-27 05:00,2026-09-27 00:00,2026-09-27,0,0,0,60,0
gz-05-estacion-replay,lluviaLote,2026-09-27 07:00,2026-09-27 02:00,2026-09-27,0,0,0,30,0
gz-05-estacion-replay,lluviaLote,2026-09-27 08:00,2026-09-27 03:00,2026-09-27,0,0,0,60,0
gz-05-estacion-replay,lluviaLote,2026-09-27 09:00,2026-09-27 04:00,2026-09-27,0,0,0,60,0
gz-05-estacion-replay,lluviaLote,2026-09-27 10:00,2026-09-27 05:00,2026-09-27,0,0,0,60,0
gz-05-estacion-replay,lluviaLote,2026-09-27 11:00,2026-09-27 06:00,2026-09-27,4.043333333333333,0,16.2,60,242.59999999999997
gz-05-estacion-replay,lluviaLote,2026-09-27 12:00,2026-09-27 07:00,2026-09-27,7.157627118644067,0,16.9,59,422.29999999999995
gz-05-estacion-replay,lluviaLote,2026-09-27 13:00,2026-09-27 08:00,2026-09-27,0,0,0,60,0
gz-05-estacion-replay,lluviaLote,2026-09-27 14:00,2026-09-27 09:00,2026-09-27,0,0,0,60,0
gz-05-estacion-replay,lluviaLote,2026-09-27 15:00,2026-09-27 10:00,2026-09-27,0,0,0,60,0
gz-05-estacion-replay,lluviaLote,2026-09-27 16:00,2026-09-27 11:00,2026-09-27,0,0,0,60,0
gz-05-estacion-replay,lluviaLote,2026-09-27 17:00,2026-09-27 12:00,2026-09-27,0,0,0,60,0
gz-05-estacion-replay,lluviaLote,2026-09-27 18:00,2026-09-27 13:00,2026-09-27,0,0,0,20,0
gz-05-estacion-replay,lluviaLote,2026-09-27 19:00,2026-09-27 14:00,2026-09-27,0,0,0,60,0
gz-05-estacion-replay,lluviaLote,2026-09-27 20:00,2026-09-27 15:00,2026-09-27,0,0,0,60,0
gz-05-estacion-replay,lluviaLote,2026-09-27 21:00,2026-09-27 16:00,2026-09-27,0,0,0,60,0
gz-05-estacion-replay,lluviaLote,2026-09-27 22:00,2026-09-27 17:00,2026-09-27,0,0,0,59,0
gz-05-estacion-replay,lluviaLote,2026-09-27 23:00,2026-09-27 18:00,2026-09-27,0,0,0,60,0
gz-05-estacion-replay,lluviaLote,2026-09-28 00:00,2026-09-27 19:00,2026-09-27,0,0,0,60,0
gz-05-estacion-replay,lluviaLote,2026-09-28 01:00,2026-09-27 20:00,2026-09-27,0,0,0,60,0
gz-05-estacion-replay,lluviaLote,2026-09-28 02:00,2026-09-27 21:00,2026-09-27,0,0,0,60,0
gz-05-estacion-replay,lluviaLote,2026-09-28 03:00,2026-09-27 22:00,2026-09-27,1.0983333333333332,0,1.9,60,65.89999999999999
gz-05-estacion-replay,lluviaLote,2026-09-28 04:00,2026-09-27 23:00,2026-09-27,0.01,0,0.3,60,0.6
gz-05-estacion-replay,lluviaLote,2026-09-28 05:00,2026-09-28 00:00,2026-09-28,0,0,0,59,0
gz-05-estacion-replay,lluviaLote,2026-09-28 07:00,2026-09-28 02:00,2026-09-28,0,0,0,30,0
gz-05-estacion-replay,lluviaLote,2026-09-28 08:00,2026-09-28 03:00,2026-09-28,0,0,0,60,0
gz-05-estacion-replay,lluviaLote,2026-09-28 09:00,2026-09-28 04:00,2026-09-28,0,0,0,60,0
gz-05-estacion-replay,lluviaLote,2026-09-28 10:00,2026-09-28 05:00,2026-09-28,0,0,0,60,0
gz-05-estacion-replay,lluviaLote,2026-09-28 11:00,2026-09-28 06:00,2026-09-28,0,0,0,60,0
gz-05-estacion-replay,lluviaLote,2026-09-28 12:00,2026-09-28 07:00,2026-09-28,0,0,0,60,0
gz-05-estacion-replay,lluviaLote,2026-09-28 13:00,2026-09-28 08:00,2026-09-28,2.9372881355932203,0,6.7,59,173.3
gz-05-estacion-replay,lluviaLote,2026-09-28 14:00,2026-09-28 09:00,2026-09-28,3.4683333333333337,0,6.8,60,208.10000000000002
gz-05-estacion-replay,lluviaLote,2026-09-28 15:00,2026-09-28 10:00,2026-09-28,0,0,0,60,0
gz-05-estacion-replay,lluviaLote,2026-09-28 16:00,2026-09-28 11:00,2026-09-28,0,0,0,60,0
gz-05-estacion-replay,lluviaLote,2026-09-28 17:00,2026-09-28 12:00,2026-09-28,0,0,0,60,0
gz-05-estacion-replay,lluviaLote,2026-09-28 18:00,2026-09-28 13:00,2026-09-28,0,0,0,20,0
gz-05-estacion-replay,lluviaLote,2026-09-28 19:00,2026-09-28 14:00,2026-09-28,0,0,0,60,0
gz-05-estacion-replay,lluviaLote,2026-09-28 20:00,2026-09-28 15:00,2026-09-28,0,0,0,60,0
gz-05-estacion-replay,lluviaLote,2026-09-28 21:00,2026-09-28 16:00,2026-09-28,0,0,0,60,0
gz-05-estacion-replay,lluviaLote,2026-09-28 22:00,2026-09-28 17:00,2026-09-28,0,0,0,60,0
gz-05-estacion-replay,lluviaLote,2026-09-28 23:00,2026-09-28 18:00,2026-09-28,0,0,0,59,0
gz-05-estacion-replay,lluviaLote,2026-09-29 00:00,2026-09-28 19:00,2026-09-28,0,0,0,37,0
gz-05-estacion-replay,riesgoMonilia,2026-09-22 03:00,2026-09-21 22:00,2026-09-21,5.625,4,9,40,225
gz-05-estacion-replay,riesgoMonilia,2026-09-22 04:00,2026-09-21 23:00,2026-09-21,10.516666666666667,6,17,60,631
gz-05-estacion-replay,riesgoMonilia,2026-09-22 05:00,2026-09-22 00:00,2026-09-22,21.15,14,25,60,1269
gz-05-estacion-replay,riesgoMonilia,2026-09-22 07:00,2026-09-22 02:00,2026-09-22,21.533333333333335,19,23,30,646
gz-05-estacion-replay,riesgoMonilia,2026-09-22 08:00,2026-09-22 03:00,2026-09-22,22.383333333333333,16,27,60,1343
gz-05-estacion-replay,riesgoMonilia,2026-09-22 09:00,2026-09-22 04:00,2026-09-22,22.05,15,28,60,1323
gz-05-estacion-replay,riesgoMonilia,2026-09-22 10:00,2026-09-22 05:00,2026-09-22,19.083333333333332,15,28,60,1145
gz-05-estacion-replay,riesgoMonilia,2026-09-22 11:00,2026-09-22 06:00,2026-09-22,24.4,18,29,60,1464
gz-05-estacion-replay,riesgoMonilia,2026-09-22 12:00,2026-09-22 07:00,2026-09-22,24.15,22,28,60,1449
gz-05-estacion-replay,riesgoMonilia,2026-09-22 13:00,2026-09-22 08:00,2026-09-22,25.220338983050848,21,33,59,1488
gz-05-estacion-replay,riesgoMonilia,2026-09-22 14:00,2026-09-22 09:00,2026-09-22,24.933333333333334,21,31,60,1496
gz-05-estacion-replay,riesgoMonilia,2026-09-22 15:00,2026-09-22 10:00,2026-09-22,30.5,22,40,60,1830
gz-05-estacion-replay,riesgoMonilia,2026-09-22 16:00,2026-09-22 11:00,2026-09-22,48.5,40,54,60,2910
gz-05-estacion-replay,riesgoMonilia,2026-09-22 17:00,2026-09-22 12:00,2026-09-22,58.78333333333333,48,63,60,3527
gz-05-estacion-replay,riesgoMonilia,2026-09-22 18:00,2026-09-22 13:00,2026-09-22,41.45,38,47,20,829
gz-05-estacion-replay,riesgoMonilia,2026-09-22 19:00,2026-09-22 14:00,2026-09-22,32.233333333333334,20,40,60,1934
gz-05-estacion-replay,riesgoMonilia,2026-09-22 20:00,2026-09-22 15:00,2026-09-22,15.032786885245901,11,19,61,917
gz-05-estacion-replay,riesgoMonilia,2026-09-22 21:00,2026-09-22 16:00,2026-09-22,9.754098360655737,6,13,61,595
gz-05-estacion-replay,riesgoMonilia,2026-09-22 22:00,2026-09-22 17:00,2026-09-22,9.7,8,12,60,582
gz-05-estacion-replay,riesgoMonilia,2026-09-22 23:00,2026-09-22 18:00,2026-09-22,11.847457627118644,8,14,59,699
gz-05-estacion-replay,riesgoMonilia,2026-09-23 00:00,2026-09-22 19:00,2026-09-22,19.533333333333335,13,27,60,1172
gz-05-estacion-replay,riesgoMonilia,2026-09-23 01:00,2026-09-22 20:00,2026-09-22,27.83606557377049,23,32,61,1698
gz-05-estacion-replay,riesgoMonilia,2026-09-23 02:00,2026-09-22 21:00,2026-09-22,32.93333333333333,27,43,60,1976
gz-05-estacion-replay,riesgoMonilia,2026-09-23 03:00,2026-09-22 22:00,2026-09-22,36.45,26,43,60,2187
gz-05-estacion-replay,riesgoMonilia,2026-09-23 04:00,2026-09-22 23:00,2026-09-22,21.716666666666665,15,26,60,1303
gz-05-estacion-replay,riesgoMonilia,2026-09-23 05:00,2026-09-23 00:00,2026-09-23,16.2,15,17,60,972
gz-05-estacion-replay,riesgoMonilia,2026-09-23 07:00,2026-09-23 02:00,2026-09-23,19.7,17,22,30,591
gz-05-estacion-replay,riesgoMonilia,2026-09-23 08:00,2026-09-23 03:00,2026-09-23,26.7,19,39,60,1602
gz-05-estacion-replay,riesgoMonilia,2026-09-23 09:00,2026-09-23 04:00,2026-09-23,35.25,31,41,60,2115
gz-05-estacion-replay,riesgoMonilia,2026-09-23 10:00,2026-09-23 05:00,2026-09-23,31.716666666666665,28,39,60,1903
gz-05-estacion-replay,riesgoMonilia,2026-09-23 11:00,2026-09-23 06:00,2026-09-23,39.52542372881356,32,46,59,2332
gz-05-estacion-replay,riesgoMonilia,2026-09-23 12:00,2026-09-23 07:00,2026-09-23,22.516666666666666,21,47,60,1351
gz-05-estacion-replay,riesgoMonilia,2026-09-23 13:00,2026-09-23 08:00,2026-09-23,20.866666666666667,17,29,60,1252
gz-05-estacion-replay,riesgoMonilia,2026-09-23 14:00,2026-09-23 09:00,2026-09-23,20.7,18,24,60,1242
gz-05-estacion-replay,riesgoMonilia,2026-09-23 15:00,2026-09-23 10:00,2026-09-23,27.05,23,32,60,1623
gz-05-estacion-replay,riesgoMonilia,2026-09-23 16:00,2026-09-23 11:00,2026-09-23,24.833333333333332,19,32,60,1490
gz-05-estacion-replay,riesgoMonilia,2026-09-23 17:00,2026-09-23 12:00,2026-09-23,30.728813559322035,27,37,59,1813
gz-05-estacion-replay,riesgoMonilia,2026-09-23 18:00,2026-09-23 13:00,2026-09-23,32.9,29,38,20,658
gz-05-estacion-replay,riesgoMonilia,2026-09-23 19:00,2026-09-23 14:00,2026-09-23,52.7,38,63,60,3162
gz-05-estacion-replay,riesgoMonilia,2026-09-23 20:00,2026-09-23 15:00,2026-09-23,60.13333333333333,47,67,60,3608
gz-05-estacion-replay,riesgoMonilia,2026-09-23 21:00,2026-09-23 16:00,2026-09-23,39.15,25,50,60,2349
gz-05-estacion-replay,riesgoMonilia,2026-09-23 22:00,2026-09-23 17:00,2026-09-23,19.183333333333334,14,25,60,1151
gz-05-estacion-replay,riesgoMonilia,2026-09-23 23:00,2026-09-23 18:00,2026-09-23,12.366666666666667,7,19,60,742
gz-05-estacion-replay,riesgoMonilia,2026-09-24 00:00,2026-09-23 19:00,2026-09-23,8.483333333333333,3,15,60,509
gz-05-estacion-replay,riesgoMonilia,2026-09-24 01:00,2026-09-23 20:00,2026-09-23,8.813559322033898,5,13,59,520
gz-05-estacion-replay,riesgoMonilia,2026-09-24 02:00,2026-09-23 21:00,2026-09-23,13,9,20,60,780
gz-05-estacion-replay,riesgoMonilia,2026-09-24 03:00,2026-09-23 22:00,2026-09-23,26.366666666666667,21,49,60,1582
gz-05-estacion-replay,riesgoMonilia,2026-09-24 04:00,2026-09-23 23:00,2026-09-23,49.4,41,58,60,2964
gz-05-estacion-replay,riesgoMonilia,2026-09-24 05:00,2026-09-24 00:00,2026-09-24,39.78333333333333,30,45,60,2387
gz-05-estacion-replay,riesgoMonilia,2026-09-24 07:00,2026-09-24 02:00,2026-09-24,27.466666666666665,26,30,30,824
gz-05-estacion-replay,riesgoMonilia,2026-09-24 08:00,2026-09-24 03:00,2026-09-24,19.383333333333333,13,29,60,1163
gz-05-estacion-replay,riesgoMonilia,2026-09-24 09:00,2026-09-24 04:00,2026-09-24,20.816666666666666,17,23,60,1249
gz-05-estacion-replay,riesgoMonilia,2026-09-24 10:00,2026-09-24 05:00,2026-09-24,27.816666666666666,18,33,60,1669
gz-05-estacion-replay,riesgoMonilia,2026-09-24 11:00,2026-09-24 06:00,2026-09-24,30.766666666666666,24,40,60,1846
gz-05-estacion-replay,riesgoMonilia,2026-09-24 12:00,2026-09-24 07:00,2026-09-24,36.779661016949156,27,45,59,2170
gz-05-estacion-replay,riesgoMonilia,2026-09-24 13:00,2026-09-24 08:00,2026-09-24,37.28333333333333,28,42,60,2237
gz-05-estacion-replay,riesgoMonilia,2026-09-24 14:00,2026-09-24 09:00,2026-09-24,25.5,17,45,60,1530
gz-05-estacion-replay,riesgoMonilia,2026-09-24 15:00,2026-09-24 10:00,2026-09-24,18.75,15,25,60,1125
gz-05-estacion-replay,riesgoMonilia,2026-09-24 16:00,2026-09-24 11:00,2026-09-24,22.716666666666665,19,26,60,1363
gz-05-estacion-replay,riesgoMonilia,2026-09-24 17:00,2026-09-24 12:00,2026-09-24,23.066666666666666,16,27,60,1384
gz-05-estacion-replay,riesgoMonilia,2026-09-24 18:00,2026-09-24 13:00,2026-09-24,27.55,21,33,20,551
gz-05-estacion-replay,riesgoMonilia,2026-09-24 19:00,2026-09-24 14:00,2026-09-24,26.55,22,31,60,1593
gz-05-estacion-replay,riesgoMonilia,2026-09-24 20:00,2026-09-24 15:00,2026-09-24,30.916666666666668,24,39,60,1855
gz-05-estacion-replay,riesgoMonilia,2026-09-24 21:00,2026-09-24 16:00,2026-09-24,51.483333333333334,37,62,60,3089
gz-05-estacion-replay,riesgoMonilia,2026-09-24 22:00,2026-09-24 17:00,2026-09-24,64.0677966101695,59,69,59,3780
gz-05-estacion-replay,riesgoMonilia,2026-09-24 23:00,2026-09-24 18:00,2026-09-24,42.88333333333333,25,59,60,2573
gz-05-estacion-replay,riesgoMonilia,2026-09-25 00:00,2026-09-24 19:00,2026-09-24,20.866666666666667,15,24,60,1252
gz-05-estacion-replay,riesgoMonilia,2026-09-25 01:00,2026-09-24 20:00,2026-09-24,10.25,8,15,60,615
gz-05-estacion-replay,riesgoMonilia,2026-09-25 02:00,2026-09-24 21:00,2026-09-24,8.016666666666667,7,10,60,481
gz-05-estacion-replay,riesgoMonilia,2026-09-25 03:00,2026-09-24 22:00,2026-09-24,10.483333333333333,8,13,60,629
gz-05-estacion-replay,riesgoMonilia,2026-09-25 04:00,2026-09-24 23:00,2026-09-24,14.4,11,17,60,864
gz-05-estacion-replay,riesgoMonilia,2026-09-25 05:00,2026-09-25 00:00,2026-09-25,20.35593220338983,12,37,59,1201
gz-05-estacion-replay,riesgoMonilia,2026-09-25 07:00,2026-09-25 02:00,2026-09-25,40.53333333333333,37,43,30,1216
gz-05-estacion-replay,riesgoMonilia,2026-09-25 08:00,2026-09-25 03:00,2026-09-25,41.11666666666667,38,45,60,2467
gz-05-estacion-replay,riesgoMonilia,2026-09-25 09:00,2026-09-25 04:00,2026-09-25,35.766666666666666,30,42,60,2146
gz-05-estacion-replay,riesgoMonilia,2026-09-25 10:00,2026-09-25 05:00,2026-09-25,18.8,14,30,60,1128
gz-05-estacion-replay,riesgoMonilia,2026-09-25 11:00,2026-09-25 06:00,2026-09-25,6.35,4,18,60,381
gz-05-estacion-replay,riesgoMonilia,2026-09-25 12:00,2026-09-25 07:00,2026-09-25,13.516666666666667,7,23,60,811
gz-05-estacion-replay,riesgoMonilia,2026-09-25 13:00,2026-09-25 08:00,2026-09-25,22.583333333333332,20,25,60,1355
gz-05-estacion-replay,riesgoMonilia,2026-09-25 14:00,2026-09-25 09:00,2026-09-25,22.666666666666668,16,27,60,1360
gz-05-estacion-replay,riesgoMonilia,2026-09-25 15:00,2026-09-25 10:00,2026-09-25,22.933333333333334,19,28,60,1376
gz-05-estacion-replay,riesgoMonilia,2026-09-25 16:00,2026-09-25 11:00,2026-09-25,19.11864406779661,15,28,59,1128
gz-05-estacion-replay,riesgoMonilia,2026-09-25 17:00,2026-09-25 12:00,2026-09-25,22.1,15,29,60,1326
gz-05-estacion-replay,riesgoMonilia,2026-09-25 18:00,2026-09-25 13:00,2026-09-25,25.7,24,27,20,514
gz-05-estacion-replay,riesgoMonilia,2026-09-25 19:00,2026-09-25 14:00,2026-09-25,24.016666666666666,22,28,60,1441
gz-05-estacion-replay,riesgoMonilia,2026-09-25 20:00,2026-09-25 15:00,2026-09-25,25.183333333333334,21,33,60,1511
gz-05-estacion-replay,riesgoMonilia,2026-09-25 21:00,2026-09-25 16:00,2026-09-25,26.733333333333334,21,38,60,1604
gz-05-estacion-replay,riesgoMonilia,2026-09-25 22:00,2026-09-25 17:00,2026-09-25,31.066666666666666,22,42,60,1864
gz-05-estacion-replay,riesgoMonilia,2026-09-25 23:00,2026-09-25 18:00,2026-09-25,50.20338983050848,43,54,59,2962
gz-05-estacion-replay,riesgoMonilia,2026-09-26 00:00,2026-09-25 19:00,2026-09-25,57.65,42,63,60,3459
gz-05-estacion-replay,riesgoMonilia,2026-09-26 01:00,2026-09-25 20:00,2026-09-25,36.2,24,42,60,2172
gz-05-estacion-replay,riesgoMonilia,2026-09-26 02:00,2026-09-25 21:00,2026-09-25,16.616666666666667,11,23,60,997
gz-05-estacion-replay,riesgoMonilia,2026-09-26 03:00,2026-09-25 22:00,2026-09-25,11.066666666666666,6,15,60,664
gz-05-estacion-replay,riesgoMonilia,2026-09-26 04:00,2026-09-25 23:00,2026-09-25,9.333333333333334,6,12,60,560
gz-05-estacion-replay,riesgoMonilia,2026-09-26 05:00,2026-09-26 00:00,2026-09-26,11.066666666666666,8,14,60,664
gz-05-estacion-replay,riesgoMonilia,2026-09-26 07:00,2026-09-26 02:00,2026-09-26,14.766666666666667,13,19,30,443
gz-05-estacion-replay,riesgoMonilia,2026-09-26 08:00,2026-09-26 03:00,2026-09-26,23.566666666666666,18,30,60,1414
gz-05-estacion-replay,riesgoMonilia,2026-09-26 09:00,2026-09-26 04:00,2026-09-26,27.533333333333335,23,32,60,1652
gz-05-estacion-replay,riesgoMonilia,2026-09-26 10:00,2026-09-26 05:00,2026-09-26,37.18333333333333,28,43,60,2231
gz-05-estacion-replay,riesgoMonilia,2026-09-26 11:00,2026-09-26 06:00,2026-09-26,31.25423728813559,24,42,59,1844
gz-05-estacion-replay,riesgoMonilia,2026-09-26 12:00,2026-09-26 07:00,2026-09-26,19.266666666666666,15,26,60,1156
gz-05-estacion-replay,riesgoMonilia,2026-09-26 13:00,2026-09-26 08:00,2026-09-26,17.1,16,22,60,1026
gz-05-estacion-replay,riesgoMonilia,2026-09-26 14:00,2026-09-26 09:00,2026-09-26,25.15,19,39,60,1509
gz-05-estacion-replay,riesgoMonilia,2026-09-26 15:00,2026-09-26 10:00,2026-09-26,33.733333333333334,26,41,60,2024
gz-05-estacion-replay,riesgoMonilia,2026-09-26 16:00,2026-09-26 11:00,2026-09-26,32.15,28,36,60,1929
gz-05-estacion-replay,riesgoMonilia,2026-09-26 17:00,2026-09-26 12:00,2026-09-26,37.355932203389834,28,43,59,2204
gz-05-estacion-replay,riesgoMonilia,2026-09-26 18:00,2026-09-26 13:00,2026-09-26,39.5,23,47,20,790
gz-05-estacion-replay,riesgoMonilia,2026-09-26 19:00,2026-09-26 14:00,2026-09-26,21.083333333333332,21,22,60,1265
gz-05-estacion-replay,riesgoMonilia,2026-09-26 20:00,2026-09-26 15:00,2026-09-26,20.633333333333333,17,29,60,1238
gz-05-estacion-replay,riesgoMonilia,2026-09-26 21:00,2026-09-26 16:00,2026-09-26,21.166666666666668,18,24,60,1270
gz-05-estacion-replay,riesgoMonilia,2026-09-26 22:00,2026-09-26 17:00,2026-09-26,27.366666666666667,23,32,60,1642
gz-05-estacion-replay,riesgoMonilia,2026-09-26 23:00,2026-09-26 18:00,2026-09-26,25.3,19,32,60,1518
gz-05-estacion-replay,riesgoMonilia,2026-09-27 00:00,2026-09-26 19:00,2026-09-26,30.728813559322035,27,37,59,1813
gz-05-estacion-replay,riesgoMonilia,2026-09-27 01:00,2026-09-26 20:00,2026-09-26,47.4,31,63,60,2844
gz-05-estacion-replay,riesgoMonilia,2026-09-27 02:00,2026-09-26 21:00,2026-09-26,61.85,57,67,60,3711
gz-05-estacion-replay,riesgoMonilia,2026-09-27 03:00,2026-09-26 22:00,2026-09-26,44.13333333333333,33,56,60,2648
gz-05-estacion-replay,riesgoMonilia,2026-09-27 04:00,2026-09-26 23:00,2026-09-26,21.583333333333332,14,32,60,1295
gz-05-estacion-replay,riesgoMonilia,2026-09-27 05:00,2026-09-27 00:00,2026-09-27,13.466666666666667,7,19,60,808
gz-05-estacion-replay,riesgoMonilia,2026-09-27 07:00,2026-09-27 02:00,2026-09-27,9.7,3,15,30,291
gz-05-estacion-replay,riesgoMonilia,2026-09-27 08:00,2026-09-27 03:00,2026-09-27,9.216666666666667,4,13,60,553
gz-05-estacion-replay,riesgoMonilia,2026-09-27 09:00,2026-09-27 04:00,2026-09-27,8.65,5,11,60,519
gz-05-estacion-replay,riesgoMonilia,2026-09-27 10:00,2026-09-27 05:00,2026-09-27,16.816666666666666,10,24,60,1009
gz-05-estacion-replay,riesgoMonilia,2026-09-27 11:00,2026-09-27 06:00,2026-09-27,34.233333333333334,22,50,60,2054
gz-05-estacion-replay,riesgoMonilia,2026-09-27 12:00,2026-09-27 07:00,2026-09-27,47.28813559322034,41,58,59,2790
gz-05-estacion-replay,riesgoMonilia,2026-09-27 13:00,2026-09-27 08:00,2026-09-27,35.93333333333333,26,45,60,2156
gz-05-estacion-replay,riesgoMonilia,2026-09-27 14:00,2026-09-27 09:00,2026-09-27,21.85,13,29,60,1311
gz-05-estacion-replay,riesgoMonilia,2026-09-27 15:00,2026-09-27 10:00,2026-09-27,20.1,14,23,60,1206
gz-05-estacion-replay,riesgoMonilia,2026-09-27 16:00,2026-09-27 11:00,2026-09-27,25.783333333333335,17,33,60,1547
gz-05-estacion-replay,riesgoMonilia,2026-09-27 17:00,2026-09-27 12:00,2026-09-27,29.1,24,33,60,1746
gz-05-estacion-replay,riesgoMonilia,2026-09-27 18:00,2026-09-27 13:00,2026-09-27,36.9,31,41,20,738
gz-05-estacion-replay,riesgoMonilia,2026-09-27 19:00,2026-09-27 14:00,2026-09-27,36.983333333333334,27,45,60,2219
gz-05-estacion-replay,riesgoMonilia,2026-09-27 20:00,2026-09-27 15:00,2026-09-27,37.46666666666667,28,42,60,2248
gz-05-estacion-replay,riesgoMonilia,2026-09-27 21:00,2026-09-27 16:00,2026-09-27,22.25,17,45,60,1335
gz-05-estacion-replay,riesgoMonilia,2026-09-27 22:00,2026-09-27 17:00,2026-09-27,19.25423728813559,15,25,59,1136
gz-05-estacion-replay,riesgoMonilia,2026-09-27 23:00,2026-09-27 18:00,2026-09-27,23.116666666666667,19,26,60,1387
gz-05-estacion-replay,riesgoMonilia,2026-09-28 00:00,2026-09-27 19:00,2026-09-27,22.766666666666666,16,27,60,1366
gz-05-estacion-replay,riesgoMonilia,2026-09-28 01:00,2026-09-27 20:00,2026-09-27,27.05,22,33,60,1623
gz-05-estacion-replay,riesgoMonilia,2026-09-28 02:00,2026-09-27 21:00,2026-09-27,29.65,24,39,60,1779
gz-05-estacion-replay,riesgoMonilia,2026-09-28 03:00,2026-09-27 22:00,2026-09-27,46.15,33,62,60,2769
gz-05-estacion-replay,riesgoMonilia,2026-09-28 04:00,2026-09-27 23:00,2026-09-27,63.516666666666666,58,69,60,3811
gz-05-estacion-replay,riesgoMonilia,2026-09-28 05:00,2026-09-28 00:00,2026-09-28,49.83050847457627,34,62,59,2940
gz-05-estacion-replay,riesgoMonilia,2026-09-28 07:00,2026-09-28 02:00,2026-09-28,24.866666666666667,21,33,30,746
gz-05-estacion-replay,riesgoMonilia,2026-09-28 08:00,2026-09-28 03:00,2026-09-28,17.683333333333334,9,22,60,1061
gz-05-estacion-replay,riesgoMonilia,2026-09-28 09:00,2026-09-28 04:00,2026-09-28,9.733333333333333,8,11,60,584
gz-05-estacion-replay,riesgoMonilia,2026-09-28 10:00,2026-09-28 05:00,2026-09-28,8.266666666666667,7,12,60,496
gz-05-estacion-replay,riesgoMonilia,2026-09-28 11:00,2026-09-28 06:00,2026-09-28,11.083333333333334,8,14,60,665
gz-05-estacion-replay,riesgoMonilia,2026-09-28 12:00,2026-09-28 07:00,2026-09-28,14.6,11,17,60,876
gz-05-estacion-replay,riesgoMonilia,2026-09-28 13:00,2026-09-28 08:00,2026-09-28,28.45762711864407,15,43,59,1679
gz-05-estacion-replay,riesgoMonilia,2026-09-28 14:00,2026-09-28 09:00,2026-09-28,40.833333333333336,38,45,60,2450
gz-05-estacion-replay,riesgoMonilia,2026-09-28 15:00,2026-09-28 10:00,2026-09-28,37.916666666666664,32,42,60,2275
gz-05-estacion-replay,riesgoMonilia,2026-09-28 16:00,2026-09-28 11:00,2026-09-28,21.916666666666668,14,32,60,1315
gz-05-estacion-replay,riesgoMonilia,2026-09-28 17:00,2026-09-28 12:00,2026-09-28,17.466666666666665,13,22,60,1048
gz-05-estacion-replay,riesgoMonilia,2026-09-28 18:00,2026-09-28 13:00,2026-09-28,18.55,16,21,20,371
gz-05-estacion-replay,riesgoMonilia,2026-09-28 19:00,2026-09-28 14:00,2026-09-28,23.55,14,31,60,1413
gz-05-estacion-replay,riesgoMonilia,2026-09-28 20:00,2026-09-28 15:00,2026-09-28,30.583333333333332,24,43,60,1835
gz-05-estacion-replay,riesgoMonilia,2026-09-28 21:00,2026-09-28 16:00,2026-09-28,35.11666666666667,30,40,60,2107
gz-05-estacion-replay,riesgoMonilia,2026-09-28 22:00,2026-09-28 17:00,2026-09-28,42.8,36,47,60,2568
gz-05-estacion-replay,riesgoMonilia,2026-09-28 23:00,2026-09-28 18:00,2026-09-28,28.76271186440678,14,47,59,1697
gz-05-estacion-replay,riesgoMonilia,2026-09-29 00:00,2026-09-28 19:00,2026-09-28,20.37837837837838,16,25,37,754
gz-05-estacion-replay,tempFoliar,2026-09-22 03:00,2026-09-21 22:00,2026-09-21,20.762499999999996,20.3,21.1,40,830.4999999999999
gz-05-estacion-replay,tempFoliar,2026-09-22 04:00,2026-09-21 23:00,2026-09-21,20.401666666666678,20,21,60,1224.1000000000006
gz-05-estacion-replay,tempFoliar,2026-09-22 05:00,2026-09-22 00:00,2026-09-22,20.726666666666667,20,21.1,60,1243.6
gz-05-estacion-replay,tempFoliar,2026-09-22 07:00,2026-09-22 02:00,2026-09-22,20.636666666666674,20.2,20.8,30,619.1000000000003
gz-05-estacion-replay,tempFoliar,2026-09-22 08:00,2026-09-22 03:00,2026-09-22,20.47833333333333,19.9,20.9,60,1228.6999999999998
gz-05-estacion-replay,tempFoliar,2026-09-22 09:00,2026-09-22 04:00,2026-09-22,20.368333333333336,20,20.7,60,1222.1000000000001
gz-05-estacion-replay,tempFoliar,2026-09-22 10:00,2026-09-22 05:00,2026-09-22,20.35000000000001,19.8,21.3,60,1221.0000000000005
gz-05-estacion-replay,tempFoliar,2026-09-22 11:00,2026-09-22 06:00,2026-09-22,20.775000000000002,20.2,21.3,60,1246.5000000000002
gz-05-estacion-replay,tempFoliar,2026-09-22 12:00,2026-09-22 07:00,2026-09-22,20.65166666666666,20.3,21.1,60,1239.0999999999997
gz-05-estacion-replay,tempFoliar,2026-09-22 13:00,2026-09-22 08:00,2026-09-22,20.53898305084746,20.2,21.4,59,1211.8000000000002
gz-05-estacion-replay,tempFoliar,2026-09-22 14:00,2026-09-22 09:00,2026-09-22,20.386666666666663,20.1,21.1,60,1223.1999999999998
gz-05-estacion-replay,tempFoliar,2026-09-22 15:00,2026-09-22 10:00,2026-09-22,20.66666666666667,20,21.4,60,1240.0000000000002
gz-05-estacion-replay,tempFoliar,2026-09-22 16:00,2026-09-22 11:00,2026-09-22,21.90500000000001,21.2,22.6,60,1314.3000000000004
gz-05-estacion-replay,tempFoliar,2026-09-22 17:00,2026-09-22 12:00,2026-09-22,23.761666666666656,22.5,25.2,60,1425.6999999999994
gz-05-estacion-replay,tempFoliar,2026-09-22 18:00,2026-09-22 13:00,2026-09-22,25.775,25.3,26,20,515.5
gz-05-estacion-replay,tempFoliar,2026-09-22 19:00,2026-09-22 14:00,2026-09-22,26.105,25.3,27.1,60,1566.3
gz-05-estacion-replay,tempFoliar,2026-09-22 20:00,2026-09-22 15:00,2026-09-22,27.78688524590164,27.1,28.4,61,1695
gz-05-estacion-replay,tempFoliar,2026-09-22 21:00,2026-09-22 16:00,2026-09-22,28.567213114754104,27.9,29.1,61,1742.6000000000004
gz-05-estacion-replay,tempFoliar,2026-09-22 22:00,2026-09-22 17:00,2026-09-22,28.588333333333367,28.3,28.9,60,1715.300000000002
gz-05-estacion-replay,tempFoliar,2026-09-22 23:00,2026-09-22 18:00,2026-09-22,28.228813559322038,27.9,28.7,59,1665.5000000000002
gz-05-estacion-replay,tempFoliar,2026-09-23 00:00,2026-09-22 19:00,2026-09-22,27.37833333333334,26.8,28.2,60,1642.7000000000005
gz-05-estacion-replay,tempFoliar,2026-09-23 01:00,2026-09-22 20:00,2026-09-22,26.732786885245886,25.7,27.4,61,1630.6999999999991
gz-05-estacion-replay,tempFoliar,2026-09-23 02:00,2026-09-22 21:00,2026-09-22,25.20166666666668,23.8,26.2,60,1512.1000000000008
gz-05-estacion-replay,tempFoliar,2026-09-23 03:00,2026-09-22 22:00,2026-09-22,23.263333333333343,21.8,24.3,60,1395.8000000000006
gz-05-estacion-replay,tempFoliar,2026-09-23 04:00,2026-09-22 23:00,2026-09-22,21.078333333333322,20.1,21.8,60,1264.6999999999994
gz-05-estacion-replay,tempFoliar,2026-09-23 05:00,2026-09-23 00:00,2026-09-23,20.23666666666666,20.1,20.3,60,1214.1999999999996
gz-05-estacion-replay,tempFoliar,2026-09-23 07:00,2026-09-23 02:00,2026-09-23,20.42333333333334,20,20.7,30,612.7000000000002
gz-05-estacion-replay,tempFoliar,2026-09-23 08:00,2026-09-23 03:00,2026-09-23,20.391666666666662,19.9,21.4,60,1223.4999999999998
gz-05-estacion-replay,tempFoliar,2026-09-23 09:00,2026-09-23 04:00,2026-09-23,20.571666666666676,20.4,20.9,60,1234.3000000000006
gz-05-estacion-replay,tempFoliar,2026-09-23 10:00,2026-09-23 05:00,2026-09-23,20.196666666666676,20,20.7,60,1211.8000000000006
gz-05-estacion-replay,tempFoliar,2026-09-23 11:00,2026-09-23 06:00,2026-09-23,20.61355932203389,20.2,21,59,1216.1999999999996
gz-05-estacion-replay,tempFoliar,2026-09-23 12:00,2026-09-23 07:00,2026-09-23,20.735,20.5,21.1,60,1244.1
gz-05-estacion-replay,tempFoliar,2026-09-23 13:00,2026-09-23 08:00,2026-09-23,20.47166666666668,20.1,21.2,60,1228.3000000000006
gz-05-estacion-replay,tempFoliar,2026-09-23 14:00,2026-09-23 09:00,2026-09-23,20.313333333333333,19.9,20.6,60,1218.8
gz-05-estacion-replay,tempFoliar,2026-09-23 15:00,2026-09-23 10:00,2026-09-23,20.746666666666666,20.3,21.2,60,1244.8
gz-05-estacion-replay,tempFoliar,2026-09-23 16:00,2026-09-23 11:00,2026-09-23,20.341666666666665,19.8,21,60,1220.5
gz-05-estacion-replay,tempFoliar,2026-09-23 17:00,2026-09-23 12:00,2026-09-23,20.77796610169493,20.4,21.4,59,1225.9000000000008
gz-05-estacion-replay,tempFoliar,2026-09-23 18:00,2026-09-23 13:00,2026-09-23,20.865000000000002,20.5,21.4,20,417.30000000000007
gz-05-estacion-replay,tempFoliar,2026-09-23 19:00,2026-09-23 14:00,2026-09-23,22.52833333333333,21.4,23.3,60,1351.6999999999998
gz-05-estacion-replay,tempFoliar,2026-09-23 20:00,2026-09-23 15:00,2026-09-23,24.16166666666667,23,25.3,60,1449.7
gz-05-estacion-replay,tempFoliar,2026-09-23 21:00,2026-09-23 16:00,2026-09-23,25.61333333333334,24.9,26.7,60,1536.8000000000004
gz-05-estacion-replay,tempFoliar,2026-09-23 22:00,2026-09-23 17:00,2026-09-23,27.31833333333334,26.7,27.9,60,1639.1000000000004
gz-05-estacion-replay,tempFoliar,2026-09-23 23:00,2026-09-23 18:00,2026-09-23,28.214999999999993,27.4,28.9,60,1692.8999999999996
gz-05-estacion-replay,tempFoliar,2026-09-24 00:00,2026-09-23 19:00,2026-09-23,28.74000000000001,27.9,29.4,60,1724.4000000000005
gz-05-estacion-replay,tempFoliar,2026-09-24 01:00,2026-09-23 20:00,2026-09-23,28.662711864406777,28.1,29.2,59,1691.1
gz-05-estacion-replay,tempFoliar,2026-09-24 02:00,2026-09-23 21:00,2026-09-23,28.100000000000012,26.9,28.6,60,1686.0000000000007
gz-05-estacion-replay,tempFoliar,2026-09-24 03:00,2026-09-23 22:00,2026-09-23,26.479999999999997,25.5,26.9,60,1588.7999999999997
gz-05-estacion-replay,tempFoliar,2026-09-24 04:00,2026-09-23 23:00,2026-09-23,25.07500000000002,24.4,25.5,60,1504.5000000000011
gz-05-estacion-replay,tempFoliar,2026-09-24 05:00,2026-09-24 00:00,2026-09-24,23.568333333333335,22,24.5,60,1414.1000000000001
gz-05-estacion-replay,tempFoliar,2026-09-24 07:00,2026-09-24 02:00,2026-09-24,21.629999999999995,21.4,22,30,648.8999999999999
gz-05-estacion-replay,tempFoliar,2026-09-24 08:00,2026-09-24 03:00,2026-09-24,20.588333333333317,19.9,21.7,60,1235.299999999999
gz-05-estacion-replay,tempFoliar,2026-09-24 09:00,2026-09-24 04:00,2026-09-24,20.69833333333333,20.1,21,60,1241.8999999999999
gz-05-estacion-replay,tempFoliar,2026-09-24 10:00,2026-09-24 05:00,2026-09-24,20.77666666666666,19.9,21.4,60,1246.5999999999997
gz-05-estacion-replay,tempFoliar,2026-09-24 11:00,2026-09-24 06:00,2026-09-24,20.285000000000004,19.9,21,60,1217.1000000000001
gz-05-estacion-replay,tempFoliar,2026-09-24 12:00,2026-09-24 07:00,2026-09-24,20.557627118644074,19.9,21.1,59,1212.9000000000003
gz-05-estacion-replay,tempFoliar,2026-09-24 13:00,2026-09-24 08:00,2026-09-24,20.506666666666675,19.9,20.8,60,1230.4000000000005
gz-05-estacion-replay,tempFoliar,2026-09-24 14:00,2026-09-24 09:00,2026-09-24,20.593333333333323,20.1,20.9,60,1235.5999999999995
gz-05-estacion-replay,tempFoliar,2026-09-24 15:00,2026-09-24 10:00,2026-09-24,20.25499999999999,19.8,20.9,60,1215.2999999999993
gz-05-estacion-replay,tempFoliar,2026-09-24 16:00,2026-09-24 11:00,2026-09-24,20.540000000000003,20.3,20.8,60,1232.4
gz-05-estacion-replay,tempFoliar,2026-09-24 17:00,2026-09-24 12:00,2026-09-24,20.418333333333333,19.9,20.8,60,1225.1
gz-05-estacion-replay,tempFoliar,2026-09-24 18:00,2026-09-24 13:00,2026-09-24,20.705000000000002,20,21.3,20,414.1
gz-05-estacion-replay,tempFoliar,2026-09-24 19:00,2026-09-24 14:00,2026-09-24,20.548333333333332,20.2,21.1,60,1232.8999999999999
gz-05-estacion-replay,tempFoliar,2026-09-24 20:00,2026-09-24 15:00,2026-09-24,20.721666666666668,20.2,21.4,60,1243.3
gz-05-estacion-replay,tempFoliar,2026-09-24 21:00,2026-09-24 16:00,2026-09-24,22.060000000000002,21.1,22.8,60,1323.6000000000001
gz-05-estacion-replay,tempFoliar,2026-09-24 22:00,2026-09-24 17:00,2026-09-24,23.962711864406778,22.9,24.5,59,1413.8
gz-05-estacion-replay,tempFoliar,2026-09-24 23:00,2026-09-24 18:00,2026-09-24,25.546666666666674,24.2,26.8,60,1532.8000000000004
gz-05-estacion-replay,tempFoliar,2026-09-25 00:00,2026-09-24 19:00,2026-09-24,27.13833333333332,26.8,27.9,60,1628.2999999999993
gz-05-estacion-replay,tempFoliar,2026-09-25 01:00,2026-09-24 20:00,2026-09-24,28.528333333333325,28,28.8,60,1711.6999999999996
gz-05-estacion-replay,tempFoliar,2026-09-25 02:00,2026-09-24 21:00,2026-09-24,28.796666666666663,28.4,29,60,1727.7999999999997
gz-05-estacion-replay,tempFoliar,2026-09-25 03:00,2026-09-24 22:00,2026-09-24,28.490000000000006,28.1,28.9,60,1709.4000000000003
gz-05-estacion-replay,tempFoliar,2026-09-25 04:00,2026-09-24 23:00,2026-09-24,27.871666666666666,27.4,28.5,60,1672.3
gz-05-estacion-replay,tempFoliar,2026-09-25 05:00,2026-09-25 00:00,2026-09-25,27.41525423728814,26.4,28.4,59,1617.5000000000002
gz-05-estacion-replay,tempFoliar,2026-09-25 07:00,2026-09-25 02:00,2026-09-25,25.999999999999996,25.7,26.3,30,779.9999999999999
gz-05-estacion-replay,tempFoliar,2026-09-25 08:00,2026-09-25 03:00,2026-09-25,24.88833333333334,23.9,26.1,60,1493.3000000000004
gz-05-estacion-replay,tempFoliar,2026-09-25 09:00,2026-09-25 04:00,2026-09-25,23.11166666666666,22.4,23.9,60,1386.6999999999996
gz-05-estacion-replay,tempFoliar,2026-09-25 10:00,2026-09-25 05:00,2026-09-25,20.631666666666664,19.9,22.5,60,1237.8999999999999
gz-05-estacion-replay,tempFoliar,2026-09-25 11:00,2026-09-25 06:00,2026-09-25,20.619999999999994,20,21.1,60,1237.1999999999996
gz-05-estacion-replay,tempFoliar,2026-09-25 12:00,2026-09-25 07:00,2026-09-25,20.41333333333332,20,21,60,1224.7999999999993
gz-05-estacion-replay,tempFoliar,2026-09-25 13:00,2026-09-25 08:00,2026-09-25,20.823333333333313,20.6,21.1,60,1249.3999999999987
gz-05-estacion-replay,tempFoliar,2026-09-25 14:00,2026-09-25 09:00,2026-09-25,20.556666666666658,19.9,20.9,60,1233.3999999999994
gz-05-estacion-replay,tempFoliar,2026-09-25 15:00,2026-09-25 10:00,2026-09-25,20.389999999999997,20,20.7,60,1223.3999999999999
gz-05-estacion-replay,tempFoliar,2026-09-25 16:00,2026-09-25 11:00,2026-09-25,20.39322033898305,20,21.3,59,1203.1999999999998
gz-05-estacion-replay,tempFoliar,2026-09-25 17:00,2026-09-25 12:00,2026-09-25,20.56833333333333,19.8,21.3,60,1234.1
gz-05-estacion-replay,tempFoliar,2026-09-25 18:00,2026-09-25 13:00,2026-09-25,20.794999999999995,20.6,21,20,415.8999999999999
gz-05-estacion-replay,tempFoliar,2026-09-25 19:00,2026-09-25 14:00,2026-09-25,20.61333333333334,20.3,21.1,60,1236.8000000000004
gz-05-estacion-replay,tempFoliar,2026-09-25 20:00,2026-09-25 15:00,2026-09-25,20.513333333333335,20.1,21.4,60,1230.8000000000002
gz-05-estacion-replay,tempFoliar,2026-09-25 21:00,2026-09-25 16:00,2026-09-25,20.53666666666665,20.1,21.4,60,1232.1999999999991
gz-05-estacion-replay,tempFoliar,2026-09-25 22:00,2026-09-25 17:00,2026-09-25,20.661666666666665,20,21.3,60,1239.6999999999998
gz-05-estacion-replay,tempFoliar,2026-09-25 23:00,2026-09-25 18:00,2026-09-25,22.071186440677973,21.4,22.6,59,1302.2000000000005
gz-05-estacion-replay,tempFoliar,2026-09-26 00:00,2026-09-25 19:00,2026-09-25,24.11666666666666,22.6,25.8,60,1446.9999999999995
gz-05-estacion-replay,tempFoliar,2026-09-26 01:00,2026-09-25 20:00,2026-09-25,25.873333333333342,25.3,26.8,60,1552.4000000000005
gz-05-estacion-replay,tempFoliar,2026-09-26 02:00,2026-09-25 21:00,2026-09-25,27.606666666666676,26.8,28.4,60,1656.4000000000005
gz-05-estacion-replay,tempFoliar,2026-09-26 03:00,2026-09-25 22:00,2026-09-25,28.35166666666667,27.6,29.1,60,1701.1000000000001
gz-05-estacion-replay,tempFoliar,2026-09-26 04:00,2026-09-25 23:00,2026-09-25,28.62500000000001,28.4,29.1,60,1717.5000000000007
gz-05-estacion-replay,tempFoliar,2026-09-26 05:00,2026-09-26 00:00,2026-09-26,28.35333333333335,27.9,28.9,60,1701.200000000001
gz-05-estacion-replay,tempFoliar,2026-09-26 07:00,2026-09-26 02:00,2026-09-26,27.93,27.5,28.2,30,837.9
gz-05-estacion-replay,tempFoliar,2026-09-26 08:00,2026-09-26 03:00,2026-09-26,27.13,26.8,27.5,60,1627.8
gz-05-estacion-replay,tempFoliar,2026-09-26 09:00,2026-09-26 04:00,2026-09-26,26.411666666666658,25.7,27.4,60,1584.6999999999996
gz-05-estacion-replay,tempFoliar,2026-09-26 10:00,2026-09-26 05:00,2026-09-26,24.62499999999999,23.8,26.1,60,1477.4999999999993
gz-05-estacion-replay,tempFoliar,2026-09-26 11:00,2026-09-26 06:00,2026-09-26,22.506779661016953,21.4,24.2,59,1327.9000000000003
gz-05-estacion-replay,tempFoliar,2026-09-26 12:00,2026-09-26 07:00,2026-09-26,20.693333333333335,20.1,21.8,60,1241.6000000000001
gz-05-estacion-replay,tempFoliar,2026-09-26 13:00,2026-09-26 08:00,2026-09-26,20.314999999999987,20.2,20.7,60,1218.8999999999992
gz-05-estacion-replay,tempFoliar,2026-09-26 14:00,2026-09-26 09:00,2026-09-26,20.431666666666665,19.9,21.4,60,1225.8999999999999
gz-05-estacion-replay,tempFoliar,2026-09-26 15:00,2026-09-26 10:00,2026-09-26,20.513333333333325,20.1,20.9,60,1230.7999999999995
gz-05-estacion-replay,tempFoliar,2026-09-26 16:00,2026-09-26 11:00,2026-09-26,20.248333333333324,20,20.6,60,1214.8999999999994
gz-05-estacion-replay,tempFoliar,2026-09-26 17:00,2026-09-26 12:00,2026-09-26,20.50508474576272,20,20.8,59,1209.8000000000004
gz-05-estacion-replay,tempFoliar,2026-09-26 18:00,2026-09-26 13:00,2026-09-26,20.885,20.6,21.1,20,417.70000000000005
gz-05-estacion-replay,tempFoliar,2026-09-26 19:00,2026-09-26 14:00,2026-09-26,20.665000000000013,20.5,21,60,1239.9000000000008
gz-05-estacion-replay,tempFoliar,2026-09-26 20:00,2026-09-26 15:00,2026-09-26,20.438333333333347,20.1,21.2,60,1226.3000000000009
gz-05-estacion-replay,tempFoliar,2026-09-26 21:00,2026-09-26 16:00,2026-09-26,20.32666666666667,19.9,20.6,60,1219.6000000000004
gz-05-estacion-replay,tempFoliar,2026-09-26 22:00,2026-09-26 17:00,2026-09-26,20.760000000000005,20.4,21.2,60,1245.6000000000004
gz-05-estacion-replay,tempFoliar,2026-09-26 23:00,2026-09-26 18:00,2026-09-26,20.366666666666664,19.8,21,60,1221.9999999999998
gz-05-estacion-replay,tempFoliar,2026-09-27 00:00,2026-09-26 19:00,2026-09-26,20.764406779661027,20.4,21.4,59,1225.1000000000006
gz-05-estacion-replay,tempFoliar,2026-09-27 01:00,2026-09-26 20:00,2026-09-26,22.078333333333337,20.7,23.3,60,1324.7000000000003
gz-05-estacion-replay,tempFoliar,2026-09-27 02:00,2026-09-26 21:00,2026-09-26,23.761666666666667,23,24.5,60,1425.7
gz-05-estacion-replay,tempFoliar,2026-09-27 03:00,2026-09-26 22:00,2026-09-26,25.289999999999996,24.6,26.2,60,1517.3999999999996
gz-05-estacion-replay,tempFoliar,2026-09-27 04:00,2026-09-26 23:00,2026-09-26,27.074999999999992,26.2,27.9,60,1624.4999999999995
gz-05-estacion-replay,tempFoliar,2026-09-27 05:00,2026-09-27 00:00,2026-09-27,28.060000000000013,27.4,28.9,60,1683.6000000000008
gz-05-estacion-replay,tempFoliar,2026-09-27 07:00,2026-09-27 02:00,2026-09-27,28.569999999999997,27.9,29.4,30,857.0999999999999
gz-05-estacion-replay,tempFoliar,2026-09-27 08:00,2026-09-27 03:00,2026-09-27,28.625000000000014,28.1,29.4,60,1717.500000000001
gz-05-estacion-replay,tempFoliar,2026-09-27 09:00,2026-09-27 04:00,2026-09-27,28.696666666666665,28.4,29.2,60,1721.8
gz-05-estacion-replay,tempFoliar,2026-09-27 10:00,2026-09-27 05:00,2026-09-27,27.571666666666665,26.6,28.5,60,1654.3
gz-05-estacion-replay,tempFoliar,2026-09-27 11:00,2026-09-27 06:00,2026-09-27,26.073333333333323,25.3,26.8,60,1564.3999999999994
gz-05-estacion-replay,tempFoliar,2026-09-27 12:00,2026-09-27 07:00,2026-09-27,24.7542372881356,24.1,25.5,59,1460.5000000000002
gz-05-estacion-replay,tempFoliar,2026-09-27 13:00,2026-09-27 08:00,2026-09-27,22.830000000000005,21.4,24.1,60,1369.8000000000004
gz-05-estacion-replay,tempFoliar,2026-09-27 14:00,2026-09-27 09:00,2026-09-27,20.91166666666668,19.9,21.7,60,1254.7000000000007
gz-05-estacion-replay,tempFoliar,2026-09-27 15:00,2026-09-27 10:00,2026-09-27,20.62333333333333,19.9,21,60,1237.3999999999999
gz-05-estacion-replay,tempFoliar,2026-09-27 16:00,2026-09-27 11:00,2026-09-27,20.77333333333333,20.1,21.4,60,1246.3999999999999
gz-05-estacion-replay,tempFoliar,2026-09-27 17:00,2026-09-27 12:00,2026-09-27,20.241666666666674,19.9,21,60,1214.5000000000005
gz-05-estacion-replay,tempFoliar,2026-09-27 18:00,2026-09-27 13:00,2026-09-27,20.700000000000003,20.2,21,20,414.00000000000006
gz-05-estacion-replay,tempFoliar,2026-09-27 19:00,2026-09-27 14:00,2026-09-27,20.54333333333334,19.9,21.1,60,1232.6000000000004
gz-05-estacion-replay,tempFoliar,2026-09-27 20:00,2026-09-27 15:00,2026-09-27,20.50833333333333,19.9,20.8,60,1230.4999999999998
gz-05-estacion-replay,tempFoliar,2026-09-27 21:00,2026-09-27 16:00,2026-09-27,20.511666666666663,20.1,20.9,60,1230.6999999999998
gz-05-estacion-replay,tempFoliar,2026-09-27 22:00,2026-09-27 17:00,2026-09-27,20.289830508474562,19.8,20.9,59,1197.0999999999992
gz-05-estacion-replay,tempFoliar,2026-09-27 23:00,2026-09-27 18:00,2026-09-27,20.56999999999999,20.3,20.8,60,1234.1999999999994
gz-05-estacion-replay,tempFoliar,2026-09-28 00:00,2026-09-27 19:00,2026-09-27,20.356666666666673,19.9,20.8,60,1221.4000000000003
gz-05-estacion-replay,tempFoliar,2026-09-28 01:00,2026-09-27 20:00,2026-09-27,20.61666666666667,20.2,21.3,60,1237.0000000000002
gz-05-estacion-replay,tempFoliar,2026-09-28 02:00,2026-09-27 21:00,2026-09-27,20.670000000000005,20.2,21.4,60,1240.2000000000003
gz-05-estacion-replay,tempFoliar,2026-09-28 03:00,2026-09-27 22:00,2026-09-27,21.688333333333336,20.9,22.8,60,1301.3000000000002
gz-05-estacion-replay,tempFoliar,2026-09-28 04:00,2026-09-27 23:00,2026-09-27,23.653333333333332,22.6,24.5,60,1419.2
gz-05-estacion-replay,tempFoliar,2026-09-28 05:00,2026-09-28 00:00,2026-09-28,25.033898305084747,24,26.2,59,1477
gz-05-estacion-replay,tempFoliar,2026-09-28 07:00,2026-09-28 02:00,2026-09-28,26.876666666666665,26.2,27.3,30,806.3
gz-05-estacion-replay,tempFoliar,2026-09-28 08:00,2026-09-28 03:00,2026-09-28,27.51166666666667,26.8,28.7,60,1650.7000000000003
gz-05-estacion-replay,tempFoliar,2026-09-28 09:00,2026-09-28 04:00,2026-09-28,28.566666666666666,28.3,28.8,60,1714
gz-05-estacion-replay,tempFoliar,2026-09-28 10:00,2026-09-28 05:00,2026-09-28,28.783333333333335,28.3,29,60,1727
gz-05-estacion-replay,tempFoliar,2026-09-28 11:00,2026-09-28 06:00,2026-09-28,28.39833333333333,28,28.9,60,1703.8999999999999
gz-05-estacion-replay,tempFoliar,2026-09-28 12:00,2026-09-28 07:00,2026-09-28,27.851666666666667,27.4,28.5,60,1671.1
gz-05-estacion-replay,tempFoliar,2026-09-28 13:00,2026-09-28 08:00,2026-09-28,26.784745762711864,25.7,27.8,59,1580.3
gz-05-estacion-replay,tempFoliar,2026-09-28 14:00,2026-09-28 09:00,2026-09-28,25.288333333333334,24.5,26.2,60,1517.3
gz-05-estacion-replay,tempFoliar,2026-09-28 15:00,2026-09-28 10:00,2026-09-28,23.470000000000002,22.4,24.6,60,1408.2
gz-05-estacion-replay,tempFoliar,2026-09-28 16:00,2026-09-28 11:00,2026-09-28,21.09,19.9,22.6,60,1265.4
gz-05-estacion-replay,tempFoliar,2026-09-28 17:00,2026-09-28 12:00,2026-09-28,20.493333333333332,19.9,21,60,1229.6
gz-05-estacion-replay,tempFoliar,2026-09-28 18:00,2026-09-28 13:00,2026-09-28,20.505000000000003,20.1,20.9,20,410.1
gz-05-estacion-replay,tempFoliar,2026-09-28 19:00,2026-09-28 14:00,2026-09-28,20.438333333333333,19.8,20.8,60,1226.3
gz-05-estacion-replay,tempFoliar,2026-09-28 20:00,2026-09-28 15:00,2026-09-28,20.35333333333333,19.9,21.1,60,1221.1999999999998
gz-05-estacion-replay,tempFoliar,2026-09-28 21:00,2026-09-28 16:00,2026-09-28,20.519999999999996,20.2,20.8,60,1231.1999999999998
gz-05-estacion-replay,tempFoliar,2026-09-28 22:00,2026-09-28 17:00,2026-09-28,20.925,20.5,21.2,60,1255.5
gz-05-estacion-replay,tempFoliar,2026-09-28 23:00,2026-09-28 18:00,2026-09-28,20.747457627118642,19.9,21.2,59,1224.1
gz-05-estacion-replay,tempFoliar,2026-09-29 00:00,2026-09-28 19:00,2026-09-28,20.57297297297297,20,21.2,37,761.1999999999999
gz-06-meteo-atlas,direccionViento,2026-09-22 03:00,2026-09-21 22:00,2026-09-21,135,135,135,8,1080
gz-06-meteo-atlas,direccionViento,2026-09-22 04:00,2026-09-21 23:00,2026-09-21,138.83333333333334,135,158,12,1666
gz-06-meteo-atlas,direccionViento,2026-09-22 05:00,2026-09-22 00:00,2026-09-22,165.33333333333334,158,180,12,1984
gz-06-meteo-atlas,direccionViento,2026-09-22 06:00,2026-09-22 01:00,2026-09-22,180,180,180,12,2160
gz-06-meteo-atlas,direccionViento,2026-09-22 07:00,2026-09-22 02:00,2026-09-22,174.5,158,180,12,2094
gz-06-meteo-atlas,direccionViento,2026-09-22 08:00,2026-09-22 03:00,2026-09-22,158,158,158,12,1896
gz-06-meteo-atlas,direccionViento,2026-09-22 09:00,2026-09-22 04:00,2026-09-22,156.16666666666666,136,158,12,1874
gz-06-meteo-atlas,direccionViento,2026-09-22 10:00,2026-09-22 05:00,2026-09-22,158,158,158,12,1896
gz-06-meteo-atlas,direccionViento,2026-09-22 11:00,2026-09-22 06:00,2026-09-22,158,158,158,12,1896
gz-06-meteo-atlas,direccionViento,2026-09-22 12:00,2026-09-22 07:00,2026-09-22,151.16666666666666,106,158,12,1814
gz-06-meteo-atlas,direccionViento,2026-09-22 13:00,2026-09-22 08:00,2026-09-22,173,158,203,12,2076
gz-06-meteo-atlas,direccionViento,2026-09-22 14:00,2026-09-22 09:00,2026-09-22,233,203,293,12,2796
gz-06-meteo-atlas,direccionViento,2026-09-22 15:00,2026-09-22 10:00,2026-09-22,278.8333333333333,123,293,12,3346
gz-06-meteo-atlas,direccionViento,2026-09-22 16:00,2026-09-22 11:00,2026-09-22,298.5,293,315,12,3582
gz-06-meteo-atlas,direccionViento,2026-09-22 17:00,2026-09-22 12:00,2026-09-22,315,315,315,12,3780
gz-06-meteo-atlas,direccionViento,2026-09-22 18:00,2026-09-22 13:00,2026-09-22,315,315,315,12,3780
gz-06-meteo-atlas,direccionViento,2026-09-22 19:00,2026-09-22 14:00,2026-09-22,315,315,315,12,3780
gz-06-meteo-atlas,direccionViento,2026-09-22 20:00,2026-09-22 15:00,2026-09-22,297.4166666666667,104,315,12,3569
gz-06-meteo-atlas,direccionViento,2026-09-22 21:00,2026-09-22 16:00,2026-09-22,315,315,315,12,3780
gz-06-meteo-atlas,direccionViento,2026-09-22 22:00,2026-09-22 17:00,2026-09-22,311.3333333333333,293,315,12,3736
gz-06-meteo-atlas,direccionViento,2026-09-22 23:00,2026-09-22 18:00,2026-09-22,278,248,293,12,3336
gz-06-meteo-atlas,direccionViento,2026-09-23 00:00,2026-09-22 19:00,2026-09-22,240.5,203,248,12,2886
gz-06-meteo-atlas,direccionViento,2026-09-23 01:00,2026-09-22 20:00,2026-09-22,199.16666666666666,180,203,12,2390
gz-06-meteo-atlas,direccionViento,2026-09-23 02:00,2026-09-22 21:00,2026-09-22,172.5,135,180,12,2070
gz-06-meteo-atlas,direccionViento,2026-09-23 03:00,2026-09-22 22:00,2026-09-22,127.66666666666667,113,135,12,1532
gz-06-meteo-atlas,direccionViento,2026-09-23 04:00,2026-09-22 23:00,2026-09-22,113,113,113,12,1356
gz-06-meteo-atlas,direccionViento,2026-09-23 05:00,2026-09-23 00:00,2026-09-23,113,113,113,12,1356
gz-06-meteo-atlas,direccionViento,2026-09-23 06:00,2026-09-23 01:00,2026-09-23,113,113,113,12,1356
gz-06-meteo-atlas,direccionViento,2026-09-23 07:00,2026-09-23 02:00,2026-09-23,120.33333333333333,113,135,12,1444
gz-06-meteo-atlas,direccionViento,2026-09-23 08:00,2026-09-23 03:00,2026-09-23,142.66666666666666,135,158,12,1712
gz-06-meteo-atlas,direccionViento,2026-09-23 09:00,2026-09-23 04:00,2026-09-23,161.66666666666666,158,180,12,1940
gz-06-meteo-atlas,direccionViento,2026-09-23 10:00,2026-09-23 05:00,2026-09-23,180,180,180,12,2160
gz-06-meteo-atlas,direccionViento,2026-09-23 11:00,2026-09-23 06:00,2026-09-23,172.66666666666666,158,180,12,2072
gz-06-meteo-atlas,direccionViento,2026-09-23 12:00,2026-09-23 07:00,2026-09-23,150.33333333333334,135,158,12,1804
gz-06-meteo-atlas,direccionViento,2026-09-23 13:00,2026-09-23 08:00,2026-09-23,135,135,135,12,1620
gz-06-meteo-atlas,direccionViento,2026-09-23 14:00,2026-09-23 09:00,2026-09-23,170.58333333333334,88,293,12,2047
gz-06-meteo-atlas,direccionViento,2026-09-23 15:00,2026-09-23 10:00,2026-09-23,298.5,293,315,12,3582
gz-06-meteo-atlas,direccionViento,2026-09-23 16:00,2026-09-23 11:00,2026-09-23,315,315,315,12,3780
gz-06-meteo-atlas,direccionViento,2026-09-23 17:00,2026-09-23 12:00,2026-09-23,315,315,315,12,3780
gz-06-meteo-atlas,direccionViento,2026-09-23 18:00,2026-09-23 13:00,2026-09-23,315,315,315,12,3780
gz-06-meteo-atlas,direccionViento,2026-09-23 19:00,2026-09-23 14:00,2026-09-23,315,315,315,12,3780
gz-06-meteo-atlas,direccionViento,2026-09-23 20:00,2026-09-23 15:00,2026-09-23,315,315,315,12,3780
gz-06-meteo-atlas,direccionViento,2026-09-23 21:00,2026-09-23 16:00,2026-09-23,315,315,315,12,3780
gz-06-meteo-atlas,direccionViento,2026-09-23 22:00,2026-09-23 17:00,2026-09-23,307.6666666666667,293,315,12,3692
gz-06-meteo-atlas,direccionViento,2026-09-23 23:00,2026-09-23 18:00,2026-09-23,280.72727272727275,248,293,11,3088
gz-06-meteo-atlas,direccionViento,2026-09-24 00:00,2026-09-23 19:00,2026-09-23,233,158,248,12,2796
gz-06-meteo-atlas,direccionViento,2026-09-24 01:00,2026-09-23 20:00,2026-09-23,158,158,158,12,1896
gz-06-meteo-atlas,direccionViento,2026-09-24 02:00,2026-09-23 21:00,2026-09-23,158,158,158,12,1896
gz-06-meteo-atlas,direccionViento,2026-09-24 03:00,2026-09-23 22:00,2026-09-23,158,158,158,12,1896
gz-06-meteo-atlas,direccionViento,2026-09-24 04:00,2026-09-23 23:00,2026-09-23,158,158,158,12,1896
gz-06-meteo-atlas,direccionViento,2026-09-24 05:00,2026-09-24 00:00,2026-09-24,158,158,158,12,1896
gz-06-meteo-atlas,direccionViento,2026-09-24 06:00,2026-09-24 01:00,2026-09-24,154.16666666666666,135,158,12,1850
gz-06-meteo-atlas,direccionViento,2026-09-24 07:00,2026-09-24 02:00,2026-09-24,135,135,135,12,1620
gz-06-meteo-atlas,direccionViento,2026-09-24 08:00,2026-09-24 03:00,2026-09-24,135,135,135,12,1620
gz-06-meteo-atlas,direccionViento,2026-09-24 09:00,2026-09-24 04:00,2026-09-24,135,135,135,12,1620
gz-06-meteo-atlas,direccionViento,2026-09-24 10:00,2026-09-24 05:00,2026-09-24,135,135,135,12,1620
gz-06-meteo-atlas,direccionViento,2026-09-24 11:00,2026-09-24 06:00,2026-09-24,135,135,135,12,1620
gz-06-meteo-atlas,direccionViento,2026-09-24 12:00,2026-09-24 07:00,2026-09-24,135.5,135,141,12,1626
gz-06-meteo-atlas,direccionViento,2026-09-24 13:00,2026-09-24 08:00,2026-09-24,135,135,135,12,1620
gz-06-meteo-atlas,direccionViento,2026-09-24 14:00,2026-09-24 09:00,2026-09-24,161.33333333333334,135,293,12,1936
gz-06-meteo-atlas,direccionViento,2026-09-24 15:00,2026-09-24 10:00,2026-09-24,300.3333333333333,293,315,12,3604
gz-06-meteo-atlas,direccionViento,2026-09-24 16:00,2026-09-24 11:00,2026-09-24,315,315,315,12,3780
gz-06-meteo-atlas,direccionViento,2026-09-24 17:00,2026-09-24 12:00,2026-09-24,315,315,315,12,3780
gz-06-meteo-atlas,direccionViento,2026-09-24 18:00,2026-09-24 13:00,2026-09-24,315,315,315,12,3780
gz-06-meteo-atlas,direccionViento,2026-09-24 19:00,2026-09-24 14:00,2026-09-24,315,315,315,12,3780
gz-06-meteo-atlas,direccionViento,2026-09-24 20:00,2026-09-24 15:00,2026-09-24,315,315,315,12,3780
gz-06-meteo-atlas,direccionViento,2026-09-24 21:00,2026-09-24 16:00,2026-09-24,307.6666666666667,293,315,12,3692
gz-06-meteo-atlas,direccionViento,2026-09-24 22:00,2026-09-24 17:00,2026-09-24,293,293,293,12,3516
gz-06-meteo-atlas,direccionViento,2026-09-24 23:00,2026-09-24 18:00,2026-09-24,264.75,180,293,12,3177
gz-06-meteo-atlas,direccionViento,2026-09-25 00:00,2026-09-24 19:00,2026-09-24,174.5,158,180,12,2094
gz-06-meteo-atlas,direccionViento,2026-09-25 01:00,2026-09-24 20:00,2026-09-24,158,158,158,12,1896
gz-06-meteo-atlas,direccionViento,2026-09-25 02:00,2026-09-24 21:00,2026-09-24,158,158,158,12,1896
gz-06-meteo-atlas,direccionViento,2026-09-25 03:00,2026-09-24 22:00,2026-09-24,152.25,135,158,12,1827
gz-06-meteo-atlas,direccionViento,2026-09-25 04:00,2026-09-24 23:00,2026-09-24,135,135,135,12,1620
gz-06-meteo-atlas,direccionViento,2026-09-25 05:00,2026-09-25 00:00,2026-09-25,135,135,135,12,1620
gz-06-meteo-atlas,direccionViento,2026-09-25 06:00,2026-09-25 01:00,2026-09-25,129.5,113,135,12,1554
gz-06-meteo-atlas,direccionViento,2026-09-25 07:00,2026-09-25 02:00,2026-09-25,113,113,113,12,1356
gz-06-meteo-atlas,direccionViento,2026-09-25 08:00,2026-09-25 03:00,2026-09-25,113,113,113,12,1356
gz-06-meteo-atlas,direccionViento,2026-09-25 09:00,2026-09-25 04:00,2026-09-25,113,113,113,12,1356
gz-06-meteo-atlas,direccionViento,2026-09-25 10:00,2026-09-25 05:00,2026-09-25,113,113,113,12,1356
gz-06-meteo-atlas,direccionViento,2026-09-25 11:00,2026-09-25 06:00,2026-09-25,113,113,113,12,1356
gz-06-meteo-atlas,direccionViento,2026-09-25 12:00,2026-09-25 07:00,2026-09-25,114.41666666666667,64,135,12,1373
gz-06-meteo-atlas,direccionViento,2026-09-25 13:00,2026-09-25 08:00,2026-09-25,135,135,135,12,1620
gz-06-meteo-atlas,direccionViento,2026-09-25 14:00,2026-09-25 09:00,2026-09-25,174.5,135,293,12,2094
gz-06-meteo-atlas,direccionViento,2026-09-25 15:00,2026-09-25 10:00,2026-09-25,298.5,293,315,12,3582
gz-06-meteo-atlas,direccionViento,2026-09-25 16:00,2026-09-25 11:00,2026-09-25,309.5,293,315,12,3714
gz-06-meteo-atlas,direccionViento,2026-09-25 17:00,2026-09-25 12:00,2026-09-25,293,293,293,12,3516
gz-06-meteo-atlas,direccionViento,2026-09-25 18:00,2026-09-25 13:00,2026-09-25,300.3333333333333,293,315,12,3604
gz-06-meteo-atlas,direccionViento,2026-09-25 19:00,2026-09-25 14:00,2026-09-25,315,315,315,12,3780
gz-06-meteo-atlas,direccionViento,2026-09-25 20:00,2026-09-25 15:00,2026-09-25,315,315,315,12,3780
gz-06-meteo-atlas,direccionViento,2026-09-25 21:00,2026-09-25 16:00,2026-09-25,315,315,315,12,3780
gz-06-meteo-atlas,direccionViento,2026-09-25 22:00,2026-09-25 17:00,2026-09-25,315,315,315,12,3780
gz-06-meteo-atlas,direccionViento,2026-09-25 23:00,2026-09-25 18:00,2026-09-25,288.8333333333333,158,315,12,3466
gz-06-meteo-atlas,direccionViento,2026-09-26 00:00,2026-09-25 19:00,2026-09-25,150.33333333333334,135,158,12,1804
gz-06-meteo-atlas,direccionViento,2026-09-26 01:00,2026-09-25 20:00,2026-09-25,135,135,135,12,1620
gz-06-meteo-atlas,direccionViento,2026-09-26 02:00,2026-09-25 21:00,2026-09-25,135,135,135,12,1620
gz-06-meteo-atlas,direccionViento,2026-09-26 03:00,2026-09-25 22:00,2026-09-25,135,135,135,12,1620
gz-06-meteo-atlas,direccionViento,2026-09-26 04:00,2026-09-25 23:00,2026-09-25,135,135,135,12,1620
gz-06-meteo-atlas,direccionViento,2026-09-26 05:00,2026-09-26 00:00,2026-09-26,135,135,135,12,1620
gz-06-meteo-atlas,direccionViento,2026-09-26 06:00,2026-09-26 01:00,2026-09-26,135,135,135,12,1620
gz-06-meteo-atlas,direccionViento,2026-09-26 07:00,2026-09-26 02:00,2026-09-26,135,135,135,12,1620
gz-06-meteo-atlas,direccionViento,2026-09-26 08:00,2026-09-26 03:00,2026-09-26,163.25,135,248,12,1959
gz-06-meteo-atlas,direccionViento,2026-09-26 09:00,2026-09-26 04:00,2026-09-26,259.25,248,293,12,3111
gz-06-meteo-atlas,direccionViento,2026-09-26 10:00,2026-09-26 05:00,2026-09-26,293,293,293,12,3516
gz-06-meteo-atlas,direccionViento,2026-09-26 11:00,2026-09-26 06:00,2026-09-26,253.5,135,293,12,3042
gz-06-meteo-atlas,direccionViento,2026-09-26 12:00,2026-09-26 07:00,2026-09-26,127.66666666666667,113,135,12,1532
gz-06-meteo-atlas,direccionViento,2026-09-26 13:00,2026-09-26 08:00,2026-09-26,188,113,338,12,2256
gz-06-meteo-atlas,direccionViento,2026-09-26 14:00,2026-09-26 09:00,2026-09-26,332.25,315,338,12,3987
gz-06-meteo-atlas,direccionViento,2026-09-26 15:00,2026-09-26 10:00,2026-09-26,315,315,315,12,3780
gz-06-meteo-atlas,direccionViento,2026-09-26 16:00,2026-09-26 11:00,2026-09-26,315,315,315,11,3465
gz-06-meteo-atlas,direccionViento,2026-09-26 17:00,2026-09-26 12:00,2026-09-26,315,315,315,12,3780
gz-06-meteo-atlas,direccionViento,2026-09-26 18:00,2026-09-26 13:00,2026-09-26,315,315,315,12,3780
gz-06-meteo-atlas,direccionViento,2026-09-26 19:00,2026-09-26 14:00,2026-09-26,315,315,315,12,3780
gz-06-meteo-atlas,direccionViento,2026-09-26 20:00,2026-09-26 15:00,2026-09-26,315,315,315,12,3780
gz-06-meteo-atlas,direccionViento,2026-09-26 21:00,2026-09-26 16:00,2026-09-26,315,315,315,12,3780
gz-06-meteo-atlas,direccionViento,2026-09-26 22:00,2026-09-26 17:00,2026-09-26,294.9166666666667,162,315,12,3539
gz-06-meteo-atlas,direccionViento,2026-09-26 23:00,2026-09-26 18:00,2026-09-26,285.5,248,293,12,3426
gz-06-meteo-atlas,direccionViento,2026-09-27 00:00,2026-09-26 19:00,2026-09-26,244.16666666666666,225,248,12,2930
gz-06-meteo-atlas,direccionViento,2026-09-27 01:00,2026-09-26 20:00,2026-09-26,210,180,225,12,2520
gz-06-meteo-atlas,direccionViento,2026-09-27 02:00,2026-09-26 21:00,2026-09-26,168.75,135,180,12,2025
gz-06-meteo-atlas,direccionViento,2026-09-27 03:00,2026-09-26 22:00,2026-09-26,135,135,135,12,1620
gz-06-meteo-atlas,direccionViento,2026-09-27 04:00,2026-09-26 23:00,2026-09-26,135,135,135,12,1620
gz-06-meteo-atlas,direccionViento,2026-09-27 05:00,2026-09-27 00:00,2026-09-27,140.75,135,158,12,1689
gz-06-meteo-atlas,direccionViento,2026-09-27 06:00,2026-09-27 01:00,2026-09-27,158,158,158,12,1896
gz-06-meteo-atlas,direccionViento,2026-09-27 07:00,2026-09-27 02:00,2026-09-27,158,158,158,12,1896
gz-06-meteo-atlas,direccionViento,2026-09-27 08:00,2026-09-27 03:00,2026-09-27,158,158,158,12,1896
gz-06-meteo-atlas,direccionViento,2026-09-27 09:00,2026-09-27 04:00,2026-09-27,158,158,158,12,1896
gz-06-meteo-atlas,direccionViento,2026-09-27 10:00,2026-09-27 05:00,2026-09-27,158,158,158,12,1896
gz-06-meteo-atlas,direccionViento,2026-09-27 11:00,2026-09-27 06:00,2026-09-27,163.5,158,180,12,1962
gz-06-meteo-atlas,direccionViento,2026-09-27 12:00,2026-09-27 07:00,2026-09-27,185.75,180,203,12,2229
gz-06-meteo-atlas,direccionViento,2026-09-27 13:00,2026-09-27 08:00,2026-09-27,225.5,203,293,12,2706
gz-06-meteo-atlas,direccionViento,2026-09-27 14:00,2026-09-27 09:00,2026-09-27,298.5,293,315,12,3582
gz-06-meteo-atlas,direccionViento,2026-09-27 15:00,2026-09-27 10:00,2026-09-27,315,315,315,12,3780
gz-06-meteo-atlas,direccionViento,2026-09-27 16:00,2026-09-27 11:00,2026-09-27,309.5,293,315,12,3714
gz-06-meteo-atlas,direccionViento,2026-09-27 17:00,2026-09-27 12:00,2026-09-27,293,293,293,12,3516
gz-06-meteo-atlas,direccionViento,2026-09-27 18:00,2026-09-27 13:00,2026-09-27,72.58333333333333,50,113,12,871
gz-06-meteo-atlas,direccionViento,2026-09-27 19:00,2026-09-27 14:00,2026-09-27,92.91666666666667,51,119,12,1115
gz-06-meteo-atlas,direccionViento,2026-09-27 20:00,2026-09-27 15:00,2026-09-27,70.58333333333333,52,96,12,847
gz-06-meteo-atlas,direccionViento,2026-09-27 21:00,2026-09-27 16:00,2026-09-27,84.08333333333333,62,96,12,1009
gz-06-meteo-atlas,direccionViento,2026-09-27 22:00,2026-09-27 17:00,2026-09-27,81.33333333333333,52,155,12,976
gz-06-meteo-atlas,direccionViento,2026-09-27 23:00,2026-09-27 18:00,2026-09-27,140,116,156,12,1680
gz-06-meteo-atlas,direccionViento,2026-09-28 00:00,2026-09-27 19:00,2026-09-27,99.75,87,115,12,1197
gz-06-meteo-atlas,direccionViento,2026-09-28 01:00,2026-09-27 20:00,2026-09-27,136,111,150,12,1632
gz-06-meteo-atlas,direccionViento,2026-09-28 02:00,2026-09-27 21:00,2026-09-27,101.75,84,132,12,1221
gz-06-meteo-atlas,direccionViento,2026-09-28 03:00,2026-09-27 22:00,2026-09-27,107.58333333333333,62,143,12,1291
gz-06-meteo-atlas,direccionViento,2026-09-28 04:00,2026-09-27 23:00,2026-09-27,93,60,125,12,1116
gz-06-meteo-atlas,direccionViento,2026-09-28 05:00,2026-09-28 00:00,2026-09-28,82.5,51,110,12,990
gz-06-meteo-atlas,direccionViento,2026-09-28 06:00,2026-09-28 01:00,2026-09-28,133,54,167,12,1596
gz-06-meteo-atlas,direccionViento,2026-09-28 07:00,2026-09-28 02:00,2026-09-28,107,86,139,12,1284
gz-06-meteo-atlas,direccionViento,2026-09-28 08:00,2026-09-28 03:00,2026-09-28,101.5,83,149,12,1218
gz-06-meteo-atlas,direccionViento,2026-09-28 09:00,2026-09-28 04:00,2026-09-28,138.08333333333334,126,151,12,1657
gz-06-meteo-atlas,direccionViento,2026-09-28 10:00,2026-09-28 05:00,2026-09-28,110.25,54,150,12,1323
gz-06-meteo-atlas,direccionViento,2026-09-28 11:00,2026-09-28 06:00,2026-09-28,79.25,54,125,12,951
gz-06-meteo-atlas,direccionViento,2026-09-28 12:00,2026-09-28 07:00,2026-09-28,94.33333333333333,67,122,12,1132
gz-06-meteo-atlas,direccionViento,2026-09-28 13:00,2026-09-28 08:00,2026-09-28,90.5,57,128,12,1086
gz-06-meteo-atlas,direccionViento,2026-09-28 14:00,2026-09-28 09:00,2026-09-28,92,79,125,12,1104
gz-06-meteo-atlas,direccionViento,2026-09-28 15:00,2026-09-28 10:00,2026-09-28,120.08333333333333,87,167,12,1441
gz-06-meteo-atlas,direccionViento,2026-09-28 16:00,2026-09-28 11:00,2026-09-28,122.75,60,165,12,1473
gz-06-meteo-atlas,direccionViento,2026-09-28 17:00,2026-09-28 12:00,2026-09-28,129.08333333333334,64,161,12,1549
gz-06-meteo-atlas,direccionViento,2026-09-28 18:00,2026-09-28 13:00,2026-09-28,134.25,89,161,12,1611
gz-06-meteo-atlas,direccionViento,2026-09-28 19:00,2026-09-28 14:00,2026-09-28,106.25,84,158,12,1275
gz-06-meteo-atlas,direccionViento,2026-09-28 20:00,2026-09-28 15:00,2026-09-28,148.33333333333334,144,157,12,1780
gz-06-meteo-atlas,direccionViento,2026-09-28 21:00,2026-09-28 16:00,2026-09-28,88.91666666666667,63,145,12,1067
gz-06-meteo-atlas,direccionViento,2026-09-28 22:00,2026-09-28 17:00,2026-09-28,101.66666666666667,67,138,12,1220
gz-06-meteo-atlas,direccionViento,2026-09-28 23:00,2026-09-28 18:00,2026-09-28,88.83333333333333,54,118,12,1066
gz-06-meteo-atlas,direccionViento,2026-09-29 00:00,2026-09-28 19:00,2026-09-28,113,60,147,7,791
gz-06-meteo-atlas,hrExterior,2026-09-22 03:00,2026-09-21 22:00,2026-09-21,87.75,87,88,8,702
gz-06-meteo-atlas,hrExterior,2026-09-22 04:00,2026-09-21 23:00,2026-09-21,84.83333333333333,83,87,12,1018
gz-06-meteo-atlas,hrExterior,2026-09-22 05:00,2026-09-22 00:00,2026-09-22,83,82,84,12,996
gz-06-meteo-atlas,hrExterior,2026-09-22 06:00,2026-09-22 01:00,2026-09-22,84,82,86,12,1008
gz-06-meteo-atlas,hrExterior,2026-09-22 07:00,2026-09-22 02:00,2026-09-22,88.25,84,91,12,1059
gz-06-meteo-atlas,hrExterior,2026-09-22 08:00,2026-09-22 03:00,2026-09-22,92.25,91,94,12,1107
gz-06-meteo-atlas,hrExterior,2026-09-22 09:00,2026-09-22 04:00,2026-09-22,95.325,92,97,12,1143.9
gz-06-meteo-atlas,hrExterior,2026-09-22 10:00,2026-09-22 05:00,2026-09-22,93.66666666666667,92,96,12,1124
gz-06-meteo-atlas,hrExterior,2026-09-22 11:00,2026-09-22 06:00,2026-09-22,91.5,91,92,12,1098
gz-06-meteo-atlas,hrExterior,2026-09-22 12:00,2026-09-22 07:00,2026-09-22,85.05,79,92,12,1020.6
gz-06-meteo-atlas,hrExterior,2026-09-22 13:00,2026-09-22 08:00,2026-09-22,85.66666666666667,82,91,12,1028
gz-06-meteo-atlas,hrExterior,2026-09-22 14:00,2026-09-22 09:00,2026-09-22,81.33333333333333,75,91,12,976
gz-06-meteo-atlas,hrExterior,2026-09-22 15:00,2026-09-22 10:00,2026-09-22,70.94166666666666,67,76.3,12,851.3
gz-06-meteo-atlas,hrExterior,2026-09-22 16:00,2026-09-22 11:00,2026-09-22,65.25,63,69,12,783
gz-06-meteo-atlas,hrExterior,2026-09-22 17:00,2026-09-22 12:00,2026-09-22,62.25,61,64,12,747
gz-06-meteo-atlas,hrExterior,2026-09-22 18:00,2026-09-22 13:00,2026-09-22,59.75,59,61,12,717
gz-06-meteo-atlas,hrExterior,2026-09-22 19:00,2026-09-22 14:00,2026-09-22,58,56,60,12,696
gz-06-meteo-atlas,hrExterior,2026-09-22 20:00,2026-09-22 15:00,2026-09-22,59.375,56,82.5,12,712.5
gz-06-meteo-atlas,hrExterior,2026-09-22 21:00,2026-09-22 16:00,2026-09-22,59,58,60,12,708
gz-06-meteo-atlas,hrExterior,2026-09-22 22:00,2026-09-22 17:00,2026-09-22,62.333333333333336,59,64,12,748
gz-06-meteo-atlas,hrExterior,2026-09-22 23:00,2026-09-22 18:00,2026-09-22,67.33333333333333,64,69,12,808
gz-06-meteo-atlas,hrExterior,2026-09-23 00:00,2026-09-22 19:00,2026-09-22,72.33333333333333,69,74,12,868
gz-06-meteo-atlas,hrExterior,2026-09-23 01:00,2026-09-22 20:00,2026-09-22,78,74,80,12,936
gz-06-meteo-atlas,hrExterior,2026-09-23 02:00,2026-09-22 21:00,2026-09-22,83.5,80,86,12,1002
gz-06-meteo-atlas,hrExterior,2026-09-23 03:00,2026-09-22 22:00,2026-09-22,84.66666666666667,83,86,12,1016
gz-06-meteo-atlas,hrExterior,2026-09-23 04:00,2026-09-22 23:00,2026-09-22,84,83,85,12,1008
gz-06-meteo-atlas,hrExterior,2026-09-23 05:00,2026-09-23 00:00,2026-09-23,83,83,83,12,996
gz-06-meteo-atlas,hrExterior,2026-09-23 06:00,2026-09-23 01:00,2026-09-23,84,83,85,12,1008
gz-06-meteo-atlas,hrExterior,2026-09-23 07:00,2026-09-23 02:00,2026-09-23,87.33333333333333,84,90,12,1048
gz-06-meteo-atlas,hrExterior,2026-09-23 08:00,2026-09-23 03:00,2026-09-23,92.66666666666667,88,95,12,1112
gz-06-meteo-atlas,hrExterior,2026-09-23 09:00,2026-09-23 04:00,2026-09-23,92.33333333333333,91,95,12,1108
gz-06-meteo-atlas,hrExterior,2026-09-23 10:00,2026-09-23 05:00,2026-09-23,90.33333333333333,90,91,12,1084
gz-06-meteo-atlas,hrExterior,2026-09-23 11:00,2026-09-23 06:00,2026-09-23,90,90,90,12,1080
gz-06-meteo-atlas,hrExterior,2026-09-23 12:00,2026-09-23 07:00,2026-09-23,83.66666666666667,80,90,12,1004
gz-06-meteo-atlas,hrExterior,2026-09-23 13:00,2026-09-23 08:00,2026-09-23,81.66666666666667,81,83,12,980
gz-06-meteo-atlas,hrExterior,2026-09-23 14:00,2026-09-23 09:00,2026-09-23,73.35000000000001,71,83,12,880.2
gz-06-meteo-atlas,hrExterior,2026-09-23 15:00,2026-09-23 10:00,2026-09-23,66.75,65,71,12,801
gz-06-meteo-atlas,hrExterior,2026-09-23 16:00,2026-09-23 11:00,2026-09-23,63.916666666666664,62,66,12,767
gz-06-meteo-atlas,hrExterior,2026-09-23 17:00,2026-09-23 12:00,2026-09-23,69.5,63,77,12,834
gz-06-meteo-atlas,hrExterior,2026-09-23 18:00,2026-09-23 13:00,2026-09-23,66,57,77,12,792
gz-06-meteo-atlas,hrExterior,2026-09-23 19:00,2026-09-23 14:00,2026-09-23,59.666666666666664,57,61,12,716
gz-06-meteo-atlas,hrExterior,2026-09-23 20:00,2026-09-23 15:00,2026-09-23,61,61,61,12,732
gz-06-meteo-atlas,hrExterior,2026-09-23 21:00,2026-09-23 16:00,2026-09-23,63,61,64,12,756
gz-06-meteo-atlas,hrExterior,2026-09-23 22:00,2026-09-23 17:00,2026-09-23,66.5,64,67,12,798
gz-06-meteo-atlas,hrExterior,2026-09-23 23:00,2026-09-23 18:00,2026-09-23,71.18181818181819,67,74,11,783
gz-06-meteo-atlas,hrExterior,2026-09-24 00:00,2026-09-23 19:00,2026-09-23,75.08333333333333,73,76,12,901
gz-06-meteo-atlas,hrExterior,2026-09-24 01:00,2026-09-23 20:00,2026-09-23,78,75,80,12,936
gz-06-meteo-atlas,hrExterior,2026-09-24 02:00,2026-09-23 21:00,2026-09-23,82,78,85,12,984
gz-06-meteo-atlas,hrExterior,2026-09-24 03:00,2026-09-23 22:00,2026-09-23,84,81,87,12,1008
gz-06-meteo-atlas,hrExterior,2026-09-24 04:00,2026-09-23 23:00,2026-09-23,84.5,84,85,12,1014
gz-06-meteo-atlas,hrExterior,2026-09-24 05:00,2026-09-24 00:00,2026-09-24,81,79,84,12,972
gz-06-meteo-atlas,hrExterior,2026-09-24 06:00,2026-09-24 01:00,2026-09-24,79.5,79,80,12,954
gz-06-meteo-atlas,hrExterior,2026-09-24 07:00,2026-09-24 02:00,2026-09-24,79.91666666666667,79,81,12,959
gz-06-meteo-atlas,hrExterior,2026-09-24 08:00,2026-09-24 03:00,2026-09-24,81.5,80,83,12,978
gz-06-meteo-atlas,hrExterior,2026-09-24 09:00,2026-09-24 04:00,2026-09-24,86.5,82,88,12,1038
gz-06-meteo-atlas,hrExterior,2026-09-24 10:00,2026-09-24 05:00,2026-09-24,84.5,82,88,12,1014
gz-06-meteo-atlas,hrExterior,2026-09-24 11:00,2026-09-24 06:00,2026-09-24,80.25,79,82,12,963
gz-06-meteo-atlas,hrExterior,2026-09-24 12:00,2026-09-24 07:00,2026-09-24,80.72500000000001,80,81,12,968.7
gz-06-meteo-atlas,hrExterior,2026-09-24 13:00,2026-09-24 08:00,2026-09-24,78.75,76,81,12,945
gz-06-meteo-atlas,hrExterior,2026-09-24 14:00,2026-09-24 09:00,2026-09-24,78.16666666666667,76,85,12,938
gz-06-meteo-atlas,hrExterior,2026-09-24 15:00,2026-09-24 10:00,2026-09-24,76.66666666666667,71,85,12,920
gz-06-meteo-atlas,hrExterior,2026-09-24 16:00,2026-09-24 11:00,2026-09-24,67.33333333333333,65,71,12,808
gz-06-meteo-atlas,hrExterior,2026-09-24 17:00,2026-09-24 12:00,2026-09-24,63.916666666666664,62,67,12,767
gz-06-meteo-atlas,hrExterior,2026-09-24 18:00,2026-09-24 13:00,2026-09-24,60.333333333333336,59,63,12,724
gz-06-meteo-atlas,hrExterior,2026-09-24 19:00,2026-09-24 14:00,2026-09-24,60.666666666666664,60,61,12,728
gz-06-meteo-atlas,hrExterior,2026-09-24 20:00,2026-09-24 15:00,2026-09-24,62.25,61,63,12,747
gz-06-meteo-atlas,hrExterior,2026-09-24 21:00,2026-09-24 16:00,2026-09-24,63.666666666666664,62,65,12,764
gz-06-meteo-atlas,hrExterior,2026-09-24 22:00,2026-09-24 17:00,2026-09-24,66.66666666666667,64,69,12,800
gz-06-meteo-atlas,hrExterior,2026-09-24 23:00,2026-09-24 18:00,2026-09-24,73,68,75,12,876
gz-06-meteo-atlas,hrExterior,2026-09-25 00:00,2026-09-24 19:00,2026-09-24,76.75,74,78,12,921
gz-06-meteo-atlas,hrExterior,2026-09-25 01:00,2026-09-24 20:00,2026-09-24,81.25,77,83,12,975
gz-06-meteo-atlas,hrExterior,2026-09-25 02:00,2026-09-24 21:00,2026-09-24,86.75,82,89,12,1041
gz-06-meteo-atlas,hrExterior,2026-09-25 03:00,2026-09-24 22:00,2026-09-24,91.25,87,93,12,1095
gz-06-meteo-atlas,hrExterior,2026-09-25 04:00,2026-09-24 23:00,2026-09-24,91.75,91,92,12,1101
gz-06-meteo-atlas,hrExterior,2026-09-25 05:00,2026-09-25 00:00,2026-09-25,89.5,89,91,12,1074
gz-06-meteo-atlas,hrExterior,2026-09-25 06:00,2026-09-25 01:00,2026-09-25,88,87,89,12,1056
gz-06-meteo-atlas,hrExterior,2026-09-25 07:00,2026-09-25 02:00,2026-09-25,88.5,87,90,12,1062
gz-06-meteo-atlas,hrExterior,2026-09-25 08:00,2026-09-25 03:00,2026-09-25,88.25,87,89,12,1059
gz-06-meteo-atlas,hrExterior,2026-09-25 09:00,2026-09-25 04:00,2026-09-25,92.25,88,94,12,1107
gz-06-meteo-atlas,hrExterior,2026-09-25 10:00,2026-09-25 05:00,2026-09-25,90.33333333333333,89,93,12,1084
gz-06-meteo-atlas,hrExterior,2026-09-25 11:00,2026-09-25 06:00,2026-09-25,88.91666666666667,88,90,12,1067
gz-06-meteo-atlas,hrExterior,2026-09-25 12:00,2026-09-25 07:00,2026-09-25,86.04166666666667,84,90,12,1032.5
gz-06-meteo-atlas,hrExterior,2026-09-25 13:00,2026-09-25 08:00,2026-09-25,83.25,82,85,12,999
gz-06-meteo-atlas,hrExterior,2026-09-25 14:00,2026-09-25 09:00,2026-09-25,83.66666666666667,80,88,12,1004
gz-06-meteo-atlas,hrExterior,2026-09-25 15:00,2026-09-25 10:00,2026-09-25,80,76,88,12,960
gz-06-meteo-atlas,hrExterior,2026-09-25 16:00,2026-09-25 11:00,2026-09-25,71,69,76,12,852
gz-06-meteo-atlas,hrExterior,2026-09-25 17:00,2026-09-25 12:00,2026-09-25,67.66666666666667,66,70,12,812
gz-06-meteo-atlas,hrExterior,2026-09-25 18:00,2026-09-25 13:00,2026-09-25,65.33333333333333,64,68,12,784
gz-06-meteo-atlas,hrExterior,2026-09-25 19:00,2026-09-25 14:00,2026-09-25,66.33333333333333,64,68,12,796
gz-06-meteo-atlas,hrExterior,2026-09-25 20:00,2026-09-25 15:00,2026-09-25,70.33333333333333,68,72,12,844
gz-06-meteo-atlas,hrExterior,2026-09-25 21:00,2026-09-25 16:00,2026-09-25,78.16666666666667,72,83,12,938
gz-06-meteo-atlas,hrExterior,2026-09-25 22:00,2026-09-25 17:00,2026-09-25,84.33333333333333,81,89,12,1012
gz-06-meteo-atlas,hrExterior,2026-09-25 23:00,2026-09-25 18:00,2026-09-25,83.33333333333333,81,85,12,1000
gz-06-meteo-atlas,hrExterior,2026-09-26 00:00,2026-09-25 19:00,2026-09-25,82.66666666666667,82,83,12,992
gz-06-meteo-atlas,hrExterior,2026-09-26 01:00,2026-09-25 20:00,2026-09-25,84.33333333333333,82,86,12,1012
gz-06-meteo-atlas,hrExterior,2026-09-26 02:00,2026-09-25 21:00,2026-09-25,88.66666666666667,85,91,12,1064
gz-06-meteo-atlas,hrExterior,2026-09-26 03:00,2026-09-25 22:00,2026-09-25,89.66666666666667,89,90,12,1076
gz-06-meteo-atlas,hrExterior,2026-09-26 04:00,2026-09-25 23:00,2026-09-25,86.83333333333333,85,89,12,1042
gz-06-meteo-atlas,hrExterior,2026-09-26 05:00,2026-09-26 00:00,2026-09-26,86.83333333333333,85,88,12,1042
gz-06-meteo-atlas,hrExterior,2026-09-26 06:00,2026-09-26 01:00,2026-09-26,88.5,86,91,12,1062
gz-06-meteo-atlas,hrExterior,2026-09-26 07:00,2026-09-26 02:00,2026-09-26,91.66666666666667,89,93,12,1100
gz-06-meteo-atlas,hrExterior,2026-09-26 08:00,2026-09-26 03:00,2026-09-26,96.5,92,98,12,1158
gz-06-meteo-atlas,hrExterior,2026-09-26 09:00,2026-09-26 04:00,2026-09-26,93.5,92,98,12,1122
gz-06-meteo-atlas,hrExterior,2026-09-26 10:00,2026-09-26 05:00,2026-09-26,90.75,90,92,12,1089
gz-06-meteo-atlas,hrExterior,2026-09-26 11:00,2026-09-26 06:00,2026-09-26,91.25,91,92,12,1095
gz-06-meteo-atlas,hrExterior,2026-09-26 12:00,2026-09-26 07:00,2026-09-26,89.75,89,92,12,1077
gz-06-meteo-atlas,hrExterior,2026-09-26 13:00,2026-09-26 08:00,2026-09-26,86.66666666666667,84,89,12,1040
gz-06-meteo-atlas,hrExterior,2026-09-26 14:00,2026-09-26 09:00,2026-09-26,82.25,80,87,12,987
gz-06-meteo-atlas,hrExterior,2026-09-26 15:00,2026-09-26 10:00,2026-09-26,78,76,82,12,936
gz-06-meteo-atlas,hrExterior,2026-09-26 16:00,2026-09-26 11:00,2026-09-26,74.54545454545455,73,78,11,820
gz-06-meteo-atlas,hrExterior,2026-09-26 17:00,2026-09-26 12:00,2026-09-26,73.16666666666667,72,75,12,878
gz-06-meteo-atlas,hrExterior,2026-09-26 18:00,2026-09-26 13:00,2026-09-26,79.33333333333333,75,86,12,952
gz-06-meteo-atlas,hrExterior,2026-09-26 19:00,2026-09-26 14:00,2026-09-26,80.83333333333333,78,86,12,970
gz-06-meteo-atlas,hrExterior,2026-09-26 20:00,2026-09-26 15:00,2026-09-26,82.66666666666667,77,87,12,992
gz-06-meteo-atlas,hrExterior,2026-09-26 21:00,2026-09-26 16:00,2026-09-26,75,74,77,12,900
gz-06-meteo-atlas,hrExterior,2026-09-26 22:00,2026-09-26 17:00,2026-09-26,74.41666666666667,73,87,12,893
gz-06-meteo-atlas,hrExterior,2026-09-26 23:00,2026-09-26 18:00,2026-09-26,77,73,79,12,924
gz-06-meteo-atlas,hrExterior,2026-09-27 00:00,2026-09-26 19:00,2026-09-26,81,79,82,12,972
gz-06-meteo-atlas,hrExterior,2026-09-27 01:00,2026-09-26 20:00,2026-09-26,83.66666666666667,82,85,12,1004
gz-06-meteo-atlas,hrExterior,2026-09-27 02:00,2026-09-26 21:00,2026-09-26,84.75,84,85,12,1017
gz-06-meteo-atlas,hrExterior,2026-09-27 03:00,2026-09-26 22:00,2026-09-26,84.16666666666667,83,85,12,1010
gz-06-meteo-atlas,hrExterior,2026-09-27 04:00,2026-09-26 23:00,2026-09-26,85.08333333333333,83,87,12,1021
gz-06-meteo-atlas,hrExterior,2026-09-27 05:00,2026-09-27 00:00,2026-09-27,89.25,86,91,12,1071
gz-06-meteo-atlas,hrExterior,2026-09-27 06:00,2026-09-27 01:00,2026-09-27,89.33333333333333,89,90,12,1072
gz-06-meteo-atlas,hrExterior,2026-09-27 07:00,2026-09-27 02:00,2026-09-27,92.58333333333333,89,96,12,1111
gz-06-meteo-atlas,hrExterior,2026-09-27 08:00,2026-09-27 03:00,2026-09-27,93.41666666666667,93,94,12,1121
gz-06-meteo-atlas,hrExterior,2026-09-27 09:00,2026-09-27 04:00,2026-09-27,93,93,93,12,1116
gz-06-meteo-atlas,hrExterior,2026-09-27 10:00,2026-09-27 05:00,2026-09-27,98.25,93,100,12,1179
gz-06-meteo-atlas,hrExterior,2026-09-27 11:00,2026-09-27 06:00,2026-09-27,97.5,96,100,12,1170
gz-06-meteo-atlas,hrExterior,2026-09-27 12:00,2026-09-27 07:00,2026-09-27,89.75,87,96,12,1077
gz-06-meteo-atlas,hrExterior,2026-09-27 13:00,2026-09-27 08:00,2026-09-27,84.5,83,87,12,1014
gz-06-meteo-atlas,hrExterior,2026-09-27 14:00,2026-09-27 09:00,2026-09-27,79.5,77,85,12,954
gz-06-meteo-atlas,hrExterior,2026-09-27 15:00,2026-09-27 10:00,2026-09-27,74.25,72,79,12,891
gz-06-meteo-atlas,hrExterior,2026-09-27 16:00,2026-09-27 11:00,2026-09-27,71.25,70,74,12,855
gz-06-meteo-atlas,hrExterior,2026-09-27 17:00,2026-09-27 12:00,2026-09-27,68.25,67,71,12,819
gz-06-meteo-atlas,hrExterior,2026-09-27 18:00,2026-09-27 13:00,2026-09-27,73.75833333333333,70.1,78.3,12,885.0999999999999
gz-06-meteo-atlas,hrExterior,2026-09-27 19:00,2026-09-27 14:00,2026-09-27,79.55833333333332,72.4,82.3,12,954.6999999999999
gz-06-meteo-atlas,hrExterior,2026-09-27 20:00,2026-09-27 15:00,2026-09-27,81.00833333333334,72.6,85,12,972.1
gz-06-meteo-atlas,hrExterior,2026-09-27 21:00,2026-09-27 16:00,2026-09-27,85.58333333333333,83.6,87.6,12,1027
gz-06-meteo-atlas,hrExterior,2026-09-27 22:00,2026-09-27 17:00,2026-09-27,89.24166666666667,85,91.7,12,1070.9
gz-06-meteo-atlas,hrExterior,2026-09-27 23:00,2026-09-27 18:00,2026-09-27,92.24999999999999,89.9,94.4,12,1106.9999999999998
gz-06-meteo-atlas,hrExterior,2026-09-28 00:00,2026-09-27 19:00,2026-09-27,92.03333333333335,89.7,94.6,12,1104.4
gz-06-meteo-atlas,hrExterior,2026-09-28 01:00,2026-09-27 20:00,2026-09-27,92.60000000000001,89.7,94.6,12,1111.2
gz-06-meteo-atlas,hrExterior,2026-09-28 02:00,2026-09-27 21:00,2026-09-27,92.125,90,94.5,12,1105.5
gz-06-meteo-atlas,hrExterior,2026-09-28 03:00,2026-09-27 22:00,2026-09-27,92.93333333333334,90.2,94.9,12,1115.2
gz-06-meteo-atlas,hrExterior,2026-09-28 04:00,2026-09-27 23:00,2026-09-27,92.13333333333333,90.6,93.9,12,1105.6
gz-06-meteo-atlas,hrExterior,2026-09-28 05:00,2026-09-28 00:00,2026-09-28,92.875,89.9,94.3,12,1114.5
gz-06-meteo-atlas,hrExterior,2026-09-28 06:00,2026-09-28 01:00,2026-09-28,91.59999999999998,89.3,93.5,12,1099.1999999999998
gz-06-meteo-atlas,hrExterior,2026-09-28 07:00,2026-09-28 02:00,2026-09-28,92.05833333333332,89.1,94.2,12,1104.6999999999998
gz-06-meteo-atlas,hrExterior,2026-09-28 08:00,2026-09-28 03:00,2026-09-28,92.16666666666667,90.9,93.8,12,1106
gz-06-meteo-atlas,hrExterior,2026-09-28 09:00,2026-09-28 04:00,2026-09-28,92.20833333333333,90.7,94,12,1106.5
gz-06-meteo-atlas,hrExterior,2026-09-28 10:00,2026-09-28 05:00,2026-09-28,90.85000000000001,89.1,92.8,12,1090.2
gz-06-meteo-atlas,hrExterior,2026-09-28 11:00,2026-09-28 06:00,2026-09-28,88.43333333333332,86.1,91,12,1061.1999999999998
gz-06-meteo-atlas,hrExterior,2026-09-28 12:00,2026-09-28 07:00,2026-09-28,83.14999999999999,78,87.8,12,997.8
gz-06-meteo-atlas,hrExterior,2026-09-28 13:00,2026-09-28 08:00,2026-09-28,81.60833333333333,78.4,83.1,12,979.3
gz-06-meteo-atlas,hrExterior,2026-09-28 14:00,2026-09-28 09:00,2026-09-28,75.47500000000001,73,82.2,12,905.7
gz-06-meteo-atlas,hrExterior,2026-09-28 15:00,2026-09-28 10:00,2026-09-28,72.65833333333332,63.9,78.7,12,871.8999999999999
gz-06-meteo-atlas,hrExterior,2026-09-28 16:00,2026-09-28 11:00,2026-09-28,72.50833333333334,64.7,75,12,870.1
gz-06-meteo-atlas,hrExterior,2026-09-28 17:00,2026-09-28 12:00,2026-09-28,74.05833333333332,70.7,78,12,888.6999999999999
gz-06-meteo-atlas,hrExterior,2026-09-28 18:00,2026-09-28 13:00,2026-09-28,78.81666666666668,70.6,83.5,12,945.8000000000001
gz-06-meteo-atlas,hrExterior,2026-09-28 19:00,2026-09-28 14:00,2026-09-28,74.425,70,83,12,893.0999999999999
gz-06-meteo-atlas,hrExterior,2026-09-28 20:00,2026-09-28 15:00,2026-09-28,80.98333333333333,75.8,86.1,12,971.8000000000001
gz-06-meteo-atlas,hrExterior,2026-09-28 21:00,2026-09-28 16:00,2026-09-28,83.98333333333333,79.8,87.6,12,1007.8
gz-06-meteo-atlas,hrExterior,2026-09-28 22:00,2026-09-28 17:00,2026-09-28,89.18333333333334,83.6,92,12,1070.2
gz-06-meteo-atlas,hrExterior,2026-09-28 23:00,2026-09-28 18:00,2026-09-28,91.04166666666667,89.1,94.5,12,1092.5
gz-06-meteo-atlas,hrExterior,2026-09-29 00:00,2026-09-28 19:00,2026-09-28,91.72857142857143,89.6,93.9,7,642.1
gz-06-meteo-atlas,indiceUV,2026-09-22 03:00,2026-09-21 22:00,2026-09-21,0,0,0,8,0
gz-06-meteo-atlas,indiceUV,2026-09-22 04:00,2026-09-21 23:00,2026-09-21,0,0,0,12,0
gz-06-meteo-atlas,indiceUV,2026-09-22 05:00,2026-09-22 00:00,2026-09-22,0,0,0,12,0
gz-06-meteo-atlas,indiceUV,2026-09-22 06:00,2026-09-22 01:00,2026-09-22,0,0,0,12,0
gz-06-meteo-atlas,indiceUV,2026-09-22 07:00,2026-09-22 02:00,2026-09-22,0,0,0,12,0
gz-06-meteo-atlas,indiceUV,2026-09-22 08:00,2026-09-22 03:00,2026-09-22,0,0,0,12,0
gz-06-meteo-atlas,indiceUV,2026-09-22 09:00,2026-09-22 04:00,2026-09-22,0,0,0,12,0
gz-06-meteo-atlas,indiceUV,2026-09-22 10:00,2026-09-22 05:00,2026-09-22,0,0,0,12,0
gz-06-meteo-atlas,indiceUV,2026-09-22 11:00,2026-09-22 06:00,2026-09-22,0,0,0,12,0
gz-06-meteo-atlas,indiceUV,2026-09-22 12:00,2026-09-22 07:00,2026-09-22,0.8333333333333334,0,5.1,12,10
gz-06-meteo-atlas,indiceUV,2026-09-22 13:00,2026-09-22 08:00,2026-09-22,0.6666666666666666,0,1,12,8
gz-06-meteo-atlas,indiceUV,2026-09-22 14:00,2026-09-22 09:00,2026-09-22,2.3333333333333335,1,3,12,28
gz-06-meteo-atlas,indiceUV,2026-09-22 15:00,2026-09-22 10:00,2026-09-22,5.383333333333333,3,10.6,12,64.6
gz-06-meteo-atlas,indiceUV,2026-09-22 16:00,2026-09-22 11:00,2026-09-22,8,6,9,12,96
gz-06-meteo-atlas,indiceUV,2026-09-22 17:00,2026-09-22 12:00,2026-09-22,6.666666666666667,5,9,12,80
gz-06-meteo-atlas,indiceUV,2026-09-22 18:00,2026-09-22 13:00,2026-09-22,8,5,9,12,96
gz-06-meteo-atlas,indiceUV,2026-09-22 19:00,2026-09-22 14:00,2026-09-22,7.25,6,9,12,87
gz-06-meteo-atlas,indiceUV,2026-09-22 20:00,2026-09-22 15:00,2026-09-22,4.591666666666667,3,7.1,12,55.1
gz-06-meteo-atlas,indiceUV,2026-09-22 21:00,2026-09-22 16:00,2026-09-22,2.3333333333333335,2,3,12,28
gz-06-meteo-atlas,indiceUV,2026-09-22 22:00,2026-09-22 17:00,2026-09-22,1.3333333333333333,1,2,12,16
gz-06-meteo-atlas,indiceUV,2026-09-22 23:00,2026-09-22 18:00,2026-09-22,0.3333333333333333,0,1,12,4
gz-06-meteo-atlas,indiceUV,2026-09-23 00:00,2026-09-22 19:00,2026-09-22,0,0,0,12,0
gz-06-meteo-atlas,indiceUV,2026-09-23 01:00,2026-09-22 20:00,2026-09-22,0,0,0,12,0
gz-06-meteo-atlas,indiceUV,2026-09-23 02:00,2026-09-22 21:00,2026-09-22,0,0,0,12,0
gz-06-meteo-atlas,indiceUV,2026-09-23 03:00,2026-09-22 22:00,2026-09-22,0,0,0,12,0
gz-06-meteo-atlas,indiceUV,2026-09-23 04:00,2026-09-22 23:00,2026-09-22,0,0,0,12,0
gz-06-meteo-atlas,indiceUV,2026-09-23 05:00,2026-09-23 00:00,2026-09-23,0,0,0,12,0
gz-06-meteo-atlas,indiceUV,2026-09-23 06:00,2026-09-23 01:00,2026-09-23,0,0,0,12,0
gz-06-meteo-atlas,indiceUV,2026-09-23 07:00,2026-09-23 02:00,2026-09-23,0,0,0,12,0
gz-06-meteo-atlas,indiceUV,2026-09-23 08:00,2026-09-23 03:00,2026-09-23,0,0,0,12,0
gz-06-meteo-atlas,indiceUV,2026-09-23 09:00,2026-09-23 04:00,2026-09-23,0,0,0,12,0
gz-06-meteo-atlas,indiceUV,2026-09-23 10:00,2026-09-23 05:00,2026-09-23,0,0,0,12,0
gz-06-meteo-atlas,indiceUV,2026-09-23 11:00,2026-09-23 06:00,2026-09-23,0,0,0,12,0
gz-06-meteo-atlas,indiceUV,2026-09-23 12:00,2026-09-23 07:00,2026-09-23,0,0,0,12,0
gz-06-meteo-atlas,indiceUV,2026-09-23 13:00,2026-09-23 08:00,2026-09-23,0.6666666666666666,0,1,12,8
gz-06-meteo-atlas,indiceUV,2026-09-23 14:00,2026-09-23 09:00,2026-09-23,2.3333333333333335,1,8,12,28
gz-06-meteo-atlas,indiceUV,2026-09-23 15:00,2026-09-23 10:00,2026-09-23,5,2,6,12,60
gz-06-meteo-atlas,indiceUV,2026-09-23 16:00,2026-09-23 11:00,2026-09-23,7.166666666666667,6,8,12,86
gz-06-meteo-atlas,indiceUV,2026-09-23 17:00,2026-09-23 12:00,2026-09-23,5,4,8,12,60
gz-06-meteo-atlas,indiceUV,2026-09-23 18:00,2026-09-23 13:00,2026-09-23,4.333333333333333,4,5,12,52
gz-06-meteo-atlas,indiceUV,2026-09-23 19:00,2026-09-23 14:00,2026-09-23,4.5,4,6,12,54
gz-06-meteo-atlas,indiceUV,2026-09-23 20:00,2026-09-23 15:00,2026-09-23,3.75,3,6,12,45
gz-06-meteo-atlas,indiceUV,2026-09-23 21:00,2026-09-23 16:00,2026-09-23,2.3333333333333335,2,3,12,28
gz-06-meteo-atlas,indiceUV,2026-09-23 22:00,2026-09-23 17:00,2026-09-23,1.1666666666666667,1,2,12,14
gz-06-meteo-atlas,indiceUV,2026-09-23 23:00,2026-09-23 18:00,2026-09-23,0.36363636363636365,0,1,11,4
gz-06-meteo-atlas,indiceUV,2026-09-24 00:00,2026-09-23 19:00,2026-09-23,0,0,0,12,0
gz-06-meteo-atlas,indiceUV,2026-09-24 01:00,2026-09-23 20:00,2026-09-23,0,0,0,12,0
gz-06-meteo-atlas,indiceUV,2026-09-24 02:00,2026-09-23 21:00,2026-09-23,0,0,0,12,0
gz-06-meteo-atlas,indiceUV,2026-09-24 03:00,2026-09-23 22:00,2026-09-23,0,0,0,12,0
gz-06-meteo-atlas,indiceUV,2026-09-24 04:00,2026-09-23 23:00,2026-09-23,0,0,0,12,0
gz-06-meteo-atlas,indiceUV,2026-09-24 05:00,2026-09-24 00:00,2026-09-24,0,0,0,12,0
gz-06-meteo-atlas,indiceUV,2026-09-24 06:00,2026-09-24 01:00,2026-09-24,0,0,0,12,0
gz-06-meteo-atlas,indiceUV,2026-09-24 07:00,2026-09-24 02:00,2026-09-24,0,0,0,12,0
gz-06-meteo-atlas,indiceUV,2026-09-24 08:00,2026-09-24 03:00,2026-09-24,0,0,0,12,0
gz-06-meteo-atlas,indiceUV,2026-09-24 09:00,2026-09-24 04:00,2026-09-24,0,0,0,12,0
gz-06-meteo-atlas,indiceUV,2026-09-24 10:00,2026-09-24 05:00,2026-09-24,0,0,0,12,0
gz-06-meteo-atlas,indiceUV,2026-09-24 11:00,2026-09-24 06:00,2026-09-24,0,0,0,12,0
gz-06-meteo-atlas,indiceUV,2026-09-24 12:00,2026-09-24 07:00,2026-09-24,0.4083333333333334,0,4.9,12,4.9
gz-06-meteo-atlas,indiceUV,2026-09-24 13:00,2026-09-24 08:00,2026-09-24,0.5833333333333334,0,1,12,7
gz-06-meteo-atlas,indiceUV,2026-09-24 14:00,2026-09-24 09:00,2026-09-24,1,1,1,12,12
gz-06-meteo-atlas,indiceUV,2026-09-24 15:00,2026-09-24 10:00,2026-09-24,3,1,4,12,36
gz-06-meteo-atlas,indiceUV,2026-09-24 16:00,2026-09-24 11:00,2026-09-24,3.3333333333333335,3,4,12,40
gz-06-meteo-atlas,indiceUV,2026-09-24 17:00,2026-09-24 12:00,2026-09-24,5,3,6,12,60
gz-06-meteo-atlas,indiceUV,2026-09-24 18:00,2026-09-24 13:00,2026-09-24,5.25,5,6,12,63
gz-06-meteo-atlas,indiceUV,2026-09-24 19:00,2026-09-24 14:00,2026-09-24,3.6666666666666665,3,5,12,44
gz-06-meteo-atlas,indiceUV,2026-09-24 20:00,2026-09-24 15:00,2026-09-24,2.25,2,3,12,27
gz-06-meteo-atlas,indiceUV,2026-09-24 21:00,2026-09-24 16:00,2026-09-24,1.3333333333333333,1,2,12,16
gz-06-meteo-atlas,indiceUV,2026-09-24 22:00,2026-09-24 17:00,2026-09-24,1,1,1,12,12
gz-06-meteo-atlas,indiceUV,2026-09-24 23:00,2026-09-24 18:00,2026-09-24,0.25,0,1,12,3
gz-06-meteo-atlas,indiceUV,2026-09-25 00:00,2026-09-24 19:00,2026-09-24,0,0,0,12,0
gz-06-meteo-atlas,indiceUV,2026-09-25 01:00,2026-09-24 20:00,2026-09-24,0,0,0,12,0
gz-06-meteo-atlas,indiceUV,2026-09-25 02:00,2026-09-24 21:00,2026-09-24,0,0,0,12,0
gz-06-meteo-atlas,indiceUV,2026-09-25 03:00,2026-09-24 22:00,2026-09-24,0,0,0,12,0
gz-06-meteo-atlas,indiceUV,2026-09-25 04:00,2026-09-24 23:00,2026-09-24,0,0,0,12,0
gz-06-meteo-atlas,indiceUV,2026-09-25 05:00,2026-09-25 00:00,2026-09-25,0,0,0,12,0
gz-06-meteo-atlas,indiceUV,2026-09-25 06:00,2026-09-25 01:00,2026-09-25,0,0,0,12,0
gz-06-meteo-atlas,indiceUV,2026-09-25 07:00,2026-09-25 02:00,2026-09-25,0,0,0,12,0
gz-06-meteo-atlas,indiceUV,2026-09-25 08:00,2026-09-25 03:00,2026-09-25,0,0,0,12,0
gz-06-meteo-atlas,indiceUV,2026-09-25 09:00,2026-09-25 04:00,2026-09-25,0,0,0,12,0
gz-06-meteo-atlas,indiceUV,2026-09-25 10:00,2026-09-25 05:00,2026-09-25,0,0,0,12,0
gz-06-meteo-atlas,indiceUV,2026-09-25 11:00,2026-09-25 06:00,2026-09-25,0,0,0,12,0
gz-06-meteo-atlas,indiceUV,2026-09-25 12:00,2026-09-25 07:00,2026-09-25,0.375,0,4.5,12,4.5
gz-06-meteo-atlas,indiceUV,2026-09-25 13:00,2026-09-25 08:00,2026-09-25,0.75,0,1,12,9
gz-06-meteo-atlas,indiceUV,2026-09-25 14:00,2026-09-25 09:00,2026-09-25,1,1,1,12,12
gz-06-meteo-atlas,indiceUV,2026-09-25 15:00,2026-09-25 10:00,2026-09-25,3,1,4,12,36
gz-06-meteo-atlas,indiceUV,2026-09-25 16:00,2026-09-25 11:00,2026-09-25,4.5,3,5,12,54
gz-06-meteo-atlas,indiceUV,2026-09-25 17:00,2026-09-25 12:00,2026-09-25,3.5,3,5,12,42
gz-06-meteo-atlas,indiceUV,2026-09-25 18:00,2026-09-25 13:00,2026-09-25,3,3,3,12,36
gz-06-meteo-atlas,indiceUV,2026-09-25 19:00,2026-09-25 14:00,2026-09-25,2.3333333333333335,2,3,12,28
gz-06-meteo-atlas,indiceUV,2026-09-25 20:00,2026-09-25 15:00,2026-09-25,1.3333333333333333,1,2,12,16
gz-06-meteo-atlas,indiceUV,2026-09-25 21:00,2026-09-25 16:00,2026-09-25,0.16666666666666666,0,1,12,2
gz-06-meteo-atlas,indiceUV,2026-09-25 22:00,2026-09-25 17:00,2026-09-25,0.6666666666666666,0,1,12,8
gz-06-meteo-atlas,indiceUV,2026-09-25 23:00,2026-09-25 18:00,2026-09-25,0.3333333333333333,0,1,12,4
gz-06-meteo-atlas,indiceUV,2026-09-26 00:00,2026-09-25 19:00,2026-09-25,0,0,0,12,0
gz-06-meteo-atlas,indiceUV,2026-09-26 01:00,2026-09-25 20:00,2026-09-25,0,0,0,12,0
gz-06-meteo-atlas,indiceUV,2026-09-26 02:00,2026-09-25 21:00,2026-09-25,0,0,0,12,0
gz-06-meteo-atlas,indiceUV,2026-09-26 03:00,2026-09-25 22:00,2026-09-25,0,0,0,12,0
gz-06-meteo-atlas,indiceUV,2026-09-26 04:00,2026-09-25 23:00,2026-09-25,0,0,0,12,0
gz-06-meteo-atlas,indiceUV,2026-09-26 05:00,2026-09-26 00:00,2026-09-26,0,0,0,12,0
gz-06-meteo-atlas,indiceUV,2026-09-26 06:00,2026-09-26 01:00,2026-09-26,0,0,0,12,0
gz-06-meteo-atlas,indiceUV,2026-09-26 07:00,2026-09-26 02:00,2026-09-26,0,0,0,12,0
gz-06-meteo-atlas,indiceUV,2026-09-26 08:00,2026-09-26 03:00,2026-09-26,0,0,0,12,0
gz-06-meteo-atlas,indiceUV,2026-09-26 09:00,2026-09-26 04:00,2026-09-26,0,0,0,12,0
gz-06-meteo-atlas,indiceUV,2026-09-26 10:00,2026-09-26 05:00,2026-09-26,0,0,0,12,0
gz-06-meteo-atlas,indiceUV,2026-09-26 11:00,2026-09-26 06:00,2026-09-26,0,0,0,12,0
gz-06-meteo-atlas,indiceUV,2026-09-26 12:00,2026-09-26 07:00,2026-09-26,0,0,0,12,0
gz-06-meteo-atlas,indiceUV,2026-09-26 13:00,2026-09-26 08:00,2026-09-26,0.6666666666666666,0,1,12,8
gz-06-meteo-atlas,indiceUV,2026-09-26 14:00,2026-09-26 09:00,2026-09-26,1,1,1,12,12
gz-06-meteo-atlas,indiceUV,2026-09-26 15:00,2026-09-26 10:00,2026-09-26,1.75,1,2,12,21
gz-06-meteo-atlas,indiceUV,2026-09-26 16:00,2026-09-26 11:00,2026-09-26,2.727272727272727,2,3,11,30
gz-06-meteo-atlas,indiceUV,2026-09-26 17:00,2026-09-26 12:00,2026-09-26,3,3,3,12,36
gz-06-meteo-atlas,indiceUV,2026-09-26 18:00,2026-09-26 13:00,2026-09-26,2.3333333333333335,2,3,12,28
gz-06-meteo-atlas,indiceUV,2026-09-26 19:00,2026-09-26 14:00,2026-09-26,1.3333333333333333,1,2,12,16
gz-06-meteo-atlas,indiceUV,2026-09-26 20:00,2026-09-26 15:00,2026-09-26,1,1,1,12,12
gz-06-meteo-atlas,indiceUV,2026-09-26 21:00,2026-09-26 16:00,2026-09-26,1,1,1,12,12
gz-06-meteo-atlas,indiceUV,2026-09-26 22:00,2026-09-26 17:00,2026-09-26,0.425,0,2.1,12,5.1
gz-06-meteo-atlas,indiceUV,2026-09-26 23:00,2026-09-26 18:00,2026-09-26,0,0,0,12,0
gz-06-meteo-atlas,indiceUV,2026-09-27 00:00,2026-09-26 19:00,2026-09-26,0,0,0,12,0
gz-06-meteo-atlas,indiceUV,2026-09-27 01:00,2026-09-26 20:00,2026-09-26,0,0,0,12,0
gz-06-meteo-atlas,indiceUV,2026-09-27 02:00,2026-09-26 21:00,2026-09-26,0,0,0,12,0
gz-06-meteo-atlas,indiceUV,2026-09-27 03:00,2026-09-26 22:00,2026-09-26,0,0,0,12,0
gz-06-meteo-atlas,indiceUV,2026-09-27 04:00,2026-09-26 23:00,2026-09-26,0,0,0,12,0
gz-06-meteo-atlas,indiceUV,2026-09-27 05:00,2026-09-27 00:00,2026-09-27,0,0,0,12,0
gz-06-meteo-atlas,indiceUV,2026-09-27 06:00,2026-09-27 01:00,2026-09-27,0,0,0,12,0
gz-06-meteo-atlas,indiceUV,2026-09-27 07:00,2026-09-27 02:00,2026-09-27,0,0,0,12,0
gz-06-meteo-atlas,indiceUV,2026-09-27 08:00,2026-09-27 03:00,2026-09-27,0,0,0,12,0
gz-06-meteo-atlas,indiceUV,2026-09-27 09:00,2026-09-27 04:00,2026-09-27,0,0,0,12,0
gz-06-meteo-atlas,indiceUV,2026-09-27 10:00,2026-09-27 05:00,2026-09-27,0,0,0,12,0
gz-06-meteo-atlas,indiceUV,2026-09-27 11:00,2026-09-27 06:00,2026-09-27,0,0,0,12,0
gz-06-meteo-atlas,indiceUV,2026-09-27 12:00,2026-09-27 07:00,2026-09-27,0,0,0,12,0
gz-06-meteo-atlas,indiceUV,2026-09-27 13:00,2026-09-27 08:00,2026-09-27,0.75,0,1,12,9
gz-06-meteo-atlas,indiceUV,2026-09-27 14:00,2026-09-27 09:00,2026-09-27,1.75,1,2,12,21
gz-06-meteo-atlas,indiceUV,2026-09-27 15:00,2026-09-27 10:00,2026-09-27,2,2,2,12,24
gz-06-meteo-atlas,indiceUV,2026-09-27 16:00,2026-09-27 11:00,2026-09-27,2.75,2,3,12,33
gz-06-meteo-atlas,indiceUV,2026-09-27 17:00,2026-09-27 12:00,2026-09-27,3,3,3,12,36
gz-06-meteo-atlas,indiceUV,2026-09-27 18:00,2026-09-27 13:00,2026-09-27,10.208333333333334,9.7,10.6,12,122.5
gz-06-meteo-atlas,indiceUV,2026-09-27 19:00,2026-09-27 14:00,2026-09-27,8.883333333333333,8.1,9.6,12,106.6
gz-06-meteo-atlas,indiceUV,2026-09-27 20:00,2026-09-27 15:00,2026-09-27,6.958333333333333,5.9,7.9,12,83.5
gz-06-meteo-atlas,indiceUV,2026-09-27 21:00,2026-09-27 16:00,2026-09-27,4.575,3.4,5.7,12,54.9
gz-06-meteo-atlas,indiceUV,2026-09-27 22:00,2026-09-27 17:00,2026-09-27,1.9333333333333333,0.7,3.2,12,23.2
gz-06-meteo-atlas,indiceUV,2026-09-27 23:00,2026-09-27 18:00,2026-09-27,0.05000000000000001,0,0.4,12,0.6000000000000001
gz-06-meteo-atlas,indiceUV,2026-09-28 00:00,2026-09-27 19:00,2026-09-27,0,0,0,12,0
gz-06-meteo-atlas,indiceUV,2026-09-28 01:00,2026-09-27 20:00,2026-09-27,0,0,0,12,0
gz-06-meteo-atlas,indiceUV,2026-09-28 02:00,2026-09-27 21:00,2026-09-27,0,0,0,12,0
gz-06-meteo-atlas,indiceUV,2026-09-28 03:00,2026-09-27 22:00,2026-09-27,0,0,0,12,0
gz-06-meteo-atlas,indiceUV,2026-09-28 04:00,2026-09-27 23:00,2026-09-27,0,0,0,12,0
gz-06-meteo-atlas,indiceUV,2026-09-28 05:00,2026-09-28 00:00,2026-09-28,0,0,0,12,0
gz-06-meteo-atlas,indiceUV,2026-09-28 06:00,2026-09-28 01:00,2026-09-28,0,0,0,12,0
gz-06-meteo-atlas,indiceUV,2026-09-28 07:00,2026-09-28 02:00,2026-09-28,0,0,0,12,0
gz-06-meteo-atlas,indiceUV,2026-09-28 08:00,2026-09-28 03:00,2026-09-28,0,0,0,12,0
gz-06-meteo-atlas,indiceUV,2026-09-28 09:00,2026-09-28 04:00,2026-09-28,0,0,0,12,0
gz-06-meteo-atlas,indiceUV,2026-09-28 10:00,2026-09-28 05:00,2026-09-28,0.016666666666666666,0,0.2,12,0.2
gz-06-meteo-atlas,indiceUV,2026-09-28 11:00,2026-09-28 06:00,2026-09-28,1.75,0.5,3,12,21
gz-06-meteo-atlas,indiceUV,2026-09-28 12:00,2026-09-28 07:00,2026-09-28,4.433333333333334,3.2,5.6,12,53.2
gz-06-meteo-atlas,indiceUV,2026-09-28 13:00,2026-09-28 08:00,2026-09-28,6.825,5.8,7.8,12,81.9
gz-06-meteo-atlas,indiceUV,2026-09-28 14:00,2026-09-28 09:00,2026-09-28,8.775,8,9.5,12,105.3
gz-06-meteo-atlas,indiceUV,2026-09-28 15:00,2026-09-28 10:00,2026-09-28,10.133333333333333,9.6,10.6,12,121.6
gz-06-meteo-atlas,indiceUV,2026-09-28 16:00,2026-09-28 11:00,2026-09-28,10.883333333333335,10.7,11,12,130.60000000000002
gz-06-meteo-atlas,indiceUV,2026-09-28 17:00,2026-09-28 12:00,2026-09-28,10.891666666666666,10.7,11,12,130.7
gz-06-meteo-atlas,indiceUV,2026-09-28 18:00,2026-09-28 13:00,2026-09-28,10.2,9.7,10.6,12,122.39999999999999
gz-06-meteo-atlas,indiceUV,2026-09-28 19:00,2026-09-28 14:00,2026-09-28,8.833333333333334,8,9.6,12,106
gz-06-meteo-atlas,indiceUV,2026-09-28 20:00,2026-09-28 15:00,2026-09-28,6.908333333333334,5.9,7.9,12,82.9
gz-06-meteo-atlas,indiceUV,2026-09-28 21:00,2026-09-28 16:00,2026-09-28,4.533333333333333,3.3,5.7,12,54.4
gz-06-meteo-atlas,indiceUV,2026-09-28 22:00,2026-09-28 17:00,2026-09-28,1.8500000000000003,0.6,3.1,12,22.200000000000003
gz-06-meteo-atlas,indiceUV,2026-09-28 23:00,2026-09-28 18:00,2026-09-28,0.03333333333333333,0,0.3,12,0.4
gz-06-meteo-atlas,indiceUV,2026-09-29 00:00,2026-09-28 19:00,2026-09-28,0,0,0,7,0
gz-06-meteo-atlas,lluviaAcumulada,2026-09-22 03:00,2026-09-21 22:00,2026-09-21,10.700000000000001,10.7,10.7,8,85.60000000000001
gz-06-meteo-atlas,lluviaAcumulada,2026-09-22 04:00,2026-09-21 23:00,2026-09-21,12.833333333333334,10.7,13.9,12,154
gz-06-meteo-atlas,lluviaAcumulada,2026-09-22 05:00,2026-09-22 00:00,2026-09-22,13.900000000000004,13.9,13.9,12,166.80000000000004
gz-06-meteo-atlas,lluviaAcumulada,2026-09-22 06:00,2026-09-22 01:00,2026-09-22,13.56666666666667,13.4,13.9,12,162.80000000000004
gz-06-meteo-atlas,lluviaAcumulada,2026-09-22 07:00,2026-09-22 02:00,2026-09-22,10.800000000000002,9.5,13.4,12,129.60000000000002
gz-06-meteo-atlas,lluviaAcumulada,2026-09-22 08:00,2026-09-22 03:00,2026-09-22,11.075000000000001,9.5,12.2,12,132.9
gz-06-meteo-atlas,lluviaAcumulada,2026-09-22 09:00,2026-09-22 04:00,2026-09-22,11.183333333333335,0,12.2,12,134.20000000000002
gz-06-meteo-atlas,lluviaAcumulada,2026-09-22 10:00,2026-09-22 05:00,2026-09-22,12.200000000000001,12.2,12.2,12,146.4
gz-06-meteo-atlas,lluviaAcumulada,2026-09-22 11:00,2026-09-22 06:00,2026-09-22,12.733333333333333,12.2,13,12,152.79999999999998
gz-06-meteo-atlas,lluviaAcumulada,2026-09-22 12:00,2026-09-22 07:00,2026-09-22,10.883333333333333,0,13.1,12,130.6
gz-06-meteo-atlas,lluviaAcumulada,2026-09-22 13:00,2026-09-22 08:00,2026-09-22,16.43333333333333,13.1,18.1,12,197.19999999999996
gz-06-meteo-atlas,lluviaAcumulada,2026-09-22 14:00,2026-09-22 09:00,2026-09-22,18.099999999999998,18.1,18.1,12,217.19999999999996
gz-06-meteo-atlas,lluviaAcumulada,2026-09-22 15:00,2026-09-22 10:00,2026-09-22,16.416666666666664,0,18.1,12,196.99999999999997
gz-06-meteo-atlas,lluviaAcumulada,2026-09-22 16:00,2026-09-22 11:00,2026-09-22,17.800000000000004,17.8,17.8,12,213.60000000000005
gz-06-meteo-atlas,lluviaAcumulada,2026-09-22 17:00,2026-09-22 12:00,2026-09-22,17.800000000000004,17.8,17.8,12,213.60000000000005
gz-06-meteo-atlas,lluviaAcumulada,2026-09-22 18:00,2026-09-22 13:00,2026-09-22,17.800000000000004,17.8,17.8,12,213.60000000000005
gz-06-meteo-atlas,lluviaAcumulada,2026-09-22 19:00,2026-09-22 14:00,2026-09-22,17.800000000000004,17.8,17.8,12,213.60000000000005
gz-06-meteo-atlas,lluviaAcumulada,2026-09-22 20:00,2026-09-22 15:00,2026-09-22,16.31666666666667,0,17.8,12,195.80000000000004
gz-06-meteo-atlas,lluviaAcumulada,2026-09-22 21:00,2026-09-22 16:00,2026-09-22,17.800000000000004,17.8,17.8,12,213.60000000000005
gz-06-meteo-atlas,lluviaAcumulada,2026-09-22 22:00,2026-09-22 17:00,2026-09-22,17.800000000000004,17.8,17.8,12,213.60000000000005
gz-06-meteo-atlas,lluviaAcumulada,2026-09-22 23:00,2026-09-22 18:00,2026-09-22,17.800000000000004,17.8,17.8,12,213.60000000000005
gz-06-meteo-atlas,lluviaAcumulada,2026-09-23 00:00,2026-09-22 19:00,2026-09-22,17.800000000000004,17.8,17.8,12,213.60000000000005
gz-06-meteo-atlas,lluviaAcumulada,2026-09-23 01:00,2026-09-22 20:00,2026-09-22,18.600000000000005,17.8,19,12,223.20000000000005
gz-06-meteo-atlas,lluviaAcumulada,2026-09-23 02:00,2026-09-22 21:00,2026-09-22,22.400000000000002,19,24.1,12,268.8
gz-06-meteo-atlas,lluviaAcumulada,2026-09-23 03:00,2026-09-22 22:00,2026-09-22,23.5,23.2,24.1,12,282
gz-06-meteo-atlas,lluviaAcumulada,2026-09-23 04:00,2026-09-22 23:00,2026-09-22,19.46666666666666,17.6,23.2,12,233.59999999999994
gz-06-meteo-atlas,lluviaAcumulada,2026-09-23 05:00,2026-09-23 00:00,2026-09-23,17.599999999999998,17.6,17.6,12,211.19999999999996
gz-06-meteo-atlas,lluviaAcumulada,2026-09-23 06:00,2026-09-23 01:00,2026-09-23,17.599999999999998,17.6,17.6,12,211.19999999999996
gz-06-meteo-atlas,lluviaAcumulada,2026-09-23 07:00,2026-09-23 02:00,2026-09-23,16.4,15.8,17.6,12,196.79999999999998
gz-06-meteo-atlas,lluviaAcumulada,2026-09-23 08:00,2026-09-23 03:00,2026-09-23,14,13.1,15.8,12,168
gz-06-meteo-atlas,lluviaAcumulada,2026-09-23 09:00,2026-09-23 04:00,2026-09-23,13.099999999999996,13.1,13.1,12,157.19999999999996
gz-06-meteo-atlas,lluviaAcumulada,2026-09-23 10:00,2026-09-23 05:00,2026-09-23,13.099999999999996,13.1,13.1,12,157.19999999999996
gz-06-meteo-atlas,lluviaAcumulada,2026-09-23 11:00,2026-09-23 06:00,2026-09-23,12.5,12.2,13.1,12,150
gz-06-meteo-atlas,lluviaAcumulada,2026-09-23 12:00,2026-09-23 07:00,2026-09-23,12,11.9,12.2,12,144
gz-06-meteo-atlas,lluviaAcumulada,2026-09-23 13:00,2026-09-23 08:00,2026-09-23,9.366666666666669,8.1,11.9,12,112.40000000000002
gz-06-meteo-atlas,lluviaAcumulada,2026-09-23 14:00,2026-09-23 09:00,2026-09-23,7.6499999999999995,0,8.4,12,91.8
gz-06-meteo-atlas,lluviaAcumulada,2026-09-23 15:00,2026-09-23 10:00,2026-09-23,8.400000000000002,8.4,8.4,12,100.80000000000003
gz-06-meteo-atlas,lluviaAcumulada,2026-09-23 16:00,2026-09-23 11:00,2026-09-23,8.400000000000002,8.4,8.4,12,100.80000000000003
gz-06-meteo-atlas,lluviaAcumulada,2026-09-23 17:00,2026-09-23 12:00,2026-09-23,10.799999999999999,8.4,11.6,12,129.6
gz-06-meteo-atlas,lluviaAcumulada,2026-09-23 18:00,2026-09-23 13:00,2026-09-23,11.599999999999996,11.6,11.6,12,139.19999999999996
gz-06-meteo-atlas,lluviaAcumulada,2026-09-23 19:00,2026-09-23 14:00,2026-09-23,11.599999999999996,11.6,11.6,12,139.19999999999996
gz-06-meteo-atlas,lluviaAcumulada,2026-09-23 20:00,2026-09-23 15:00,2026-09-23,11.599999999999996,11.6,11.6,12,139.19999999999996
gz-06-meteo-atlas,lluviaAcumulada,2026-09-23 21:00,2026-09-23 16:00,2026-09-23,11.599999999999996,11.6,11.6,12,139.19999999999996
gz-06-meteo-atlas,lluviaAcumulada,2026-09-23 22:00,2026-09-23 17:00,2026-09-23,11.599999999999996,11.6,11.6,12,139.19999999999996
gz-06-meteo-atlas,lluviaAcumulada,2026-09-23 23:00,2026-09-23 18:00,2026-09-23,11.599999999999996,11.6,11.6,11,127.59999999999997
gz-06-meteo-atlas,lluviaAcumulada,2026-09-24 00:00,2026-09-23 19:00,2026-09-23,11.599999999999996,11.6,11.6,12,139.19999999999996
gz-06-meteo-atlas,lluviaAcumulada,2026-09-24 01:00,2026-09-23 20:00,2026-09-23,10.799999999999999,10.4,11.6,12,129.6
gz-06-meteo-atlas,lluviaAcumulada,2026-09-24 02:00,2026-09-23 21:00,2026-09-23,7.666666666666667,6.3,10.4,12,92
gz-06-meteo-atlas,lluviaAcumulada,2026-09-24 03:00,2026-09-23 22:00,2026-09-23,6.299999999999998,6.3,6.3,12,75.59999999999998
gz-06-meteo-atlas,lluviaAcumulada,2026-09-24 04:00,2026-09-23 23:00,2026-09-23,7.633333333333332,6.3,8.3,12,91.59999999999998
gz-06-meteo-atlas,lluviaAcumulada,2026-09-24 05:00,2026-09-24 00:00,2026-09-24,8.299999999999999,8.3,8.3,12,99.59999999999998
gz-06-meteo-atlas,lluviaAcumulada,2026-09-24 06:00,2026-09-24 01:00,2026-09-24,8.299999999999999,8.3,8.3,12,99.59999999999998
gz-06-meteo-atlas,lluviaAcumulada,2026-09-24 07:00,2026-09-24 02:00,2026-09-24,8.299999999999999,8.3,8.3,12,99.59999999999998
gz-06-meteo-atlas,lluviaAcumulada,2026-09-24 08:00,2026-09-24 03:00,2026-09-24,8.299999999999999,8.3,8.3,12,99.59999999999998
gz-06-meteo-atlas,lluviaAcumulada,2026-09-24 09:00,2026-09-24 04:00,2026-09-24,8.299999999999999,8.3,8.3,12,99.59999999999998
gz-06-meteo-atlas,lluviaAcumulada,2026-09-24 10:00,2026-09-24 05:00,2026-09-24,8.416666666666666,8.3,8.5,12,100.99999999999999
gz-06-meteo-atlas,lluviaAcumulada,2026-09-24 11:00,2026-09-24 06:00,2026-09-24,10.375,8.5,11,12,124.5
gz-06-meteo-atlas,lluviaAcumulada,2026-09-24 12:00,2026-09-24 07:00,2026-09-24,10.083333333333334,0,11,12,121
gz-06-meteo-atlas,lluviaAcumulada,2026-09-24 13:00,2026-09-24 08:00,2026-09-24,10.825000000000001,10.7,11,12,129.9
gz-06-meteo-atlas,lluviaAcumulada,2026-09-24 14:00,2026-09-24 09:00,2026-09-24,12.366666666666667,10.7,13.2,12,148.4
gz-06-meteo-atlas,lluviaAcumulada,2026-09-24 15:00,2026-09-24 10:00,2026-09-24,13.199999999999998,13.2,13.2,12,158.39999999999998
gz-06-meteo-atlas,lluviaAcumulada,2026-09-24 16:00,2026-09-24 11:00,2026-09-24,13.666666666666666,13.2,13.9,12,164
gz-06-meteo-atlas,lluviaAcumulada,2026-09-24 17:00,2026-09-24 12:00,2026-09-24,11.766666666666667,10.7,13.9,12,141.20000000000002
gz-06-meteo-atlas,lluviaAcumulada,2026-09-24 18:00,2026-09-24 13:00,2026-09-24,10.700000000000001,10.7,10.7,12,128.4
gz-06-meteo-atlas,lluviaAcumulada,2026-09-24 19:00,2026-09-24 14:00,2026-09-24,10.700000000000001,10.7,10.7,12,128.4
gz-06-meteo-atlas,lluviaAcumulada,2026-09-24 20:00,2026-09-24 15:00,2026-09-24,10.700000000000001,10.7,10.7,12,128.4
gz-06-meteo-atlas,lluviaAcumulada,2026-09-24 21:00,2026-09-24 16:00,2026-09-24,10.700000000000001,10.7,10.7,12,128.4
gz-06-meteo-atlas,lluviaAcumulada,2026-09-24 22:00,2026-09-24 17:00,2026-09-24,10.700000000000001,10.7,10.7,12,128.4
gz-06-meteo-atlas,lluviaAcumulada,2026-09-24 23:00,2026-09-24 18:00,2026-09-24,10.700000000000001,10.7,10.7,12,128.4
gz-06-meteo-atlas,lluviaAcumulada,2026-09-25 00:00,2026-09-24 19:00,2026-09-24,10.700000000000001,10.7,10.7,12,128.4
gz-06-meteo-atlas,lluviaAcumulada,2026-09-25 01:00,2026-09-24 20:00,2026-09-24,13.024999999999997,10.7,13.8,12,156.29999999999995
gz-06-meteo-atlas,lluviaAcumulada,2026-09-25 02:00,2026-09-24 21:00,2026-09-24,13.35,13.2,13.8,12,160.2
gz-06-meteo-atlas,lluviaAcumulada,2026-09-25 03:00,2026-09-24 22:00,2026-09-24,13.199999999999998,13.2,13.2,12,158.39999999999998
gz-06-meteo-atlas,lluviaAcumulada,2026-09-25 04:00,2026-09-24 23:00,2026-09-24,11.774999999999999,11.3,13.2,12,141.29999999999998
gz-06-meteo-atlas,lluviaAcumulada,2026-09-25 05:00,2026-09-25 00:00,2026-09-25,11.299999999999999,11.3,11.3,12,135.6
gz-06-meteo-atlas,lluviaAcumulada,2026-09-25 06:00,2026-09-25 01:00,2026-09-25,11.299999999999999,11.3,11.3,12,135.6
gz-06-meteo-atlas,lluviaAcumulada,2026-09-25 07:00,2026-09-25 02:00,2026-09-25,11.299999999999999,11.3,11.3,12,135.6
gz-06-meteo-atlas,lluviaAcumulada,2026-09-25 08:00,2026-09-25 03:00,2026-09-25,11.299999999999999,11.3,11.3,12,135.6
gz-06-meteo-atlas,lluviaAcumulada,2026-09-25 09:00,2026-09-25 04:00,2026-09-25,11.299999999999999,11.3,11.3,12,135.6
gz-06-meteo-atlas,lluviaAcumulada,2026-09-25 10:00,2026-09-25 05:00,2026-09-25,11.166666666666664,11.1,11.3,12,133.99999999999997
gz-06-meteo-atlas,lluviaAcumulada,2026-09-25 11:00,2026-09-25 06:00,2026-09-25,9.58333333333333,8.5,11.1,12,114.99999999999997
gz-06-meteo-atlas,lluviaAcumulada,2026-09-25 12:00,2026-09-25 07:00,2026-09-25,7.791666666666667,0,8.5,12,93.5
gz-06-meteo-atlas,lluviaAcumulada,2026-09-25 13:00,2026-09-25 08:00,2026-09-25,7.525000000000001,7.2,8.5,12,90.30000000000001
gz-06-meteo-atlas,lluviaAcumulada,2026-09-25 14:00,2026-09-25 09:00,2026-09-25,7.200000000000002,7.2,7.2,12,86.40000000000002
gz-06-meteo-atlas,lluviaAcumulada,2026-09-25 15:00,2026-09-25 10:00,2026-09-25,7.200000000000002,7.2,7.2,12,86.40000000000002
gz-06-meteo-atlas,lluviaAcumulada,2026-09-25 16:00,2026-09-25 11:00,2026-09-25,6.750000000000001,6.6,7.2,12,81.00000000000001
gz-06-meteo-atlas,lluviaAcumulada,2026-09-25 17:00,2026-09-25 12:00,2026-09-25,7.199999999999998,6.6,7.4,12,86.39999999999998
gz-06-meteo-atlas,lluviaAcumulada,2026-09-25 18:00,2026-09-25 13:00,2026-09-25,7.400000000000001,7.4,7.4,12,88.80000000000001
gz-06-meteo-atlas,lluviaAcumulada,2026-09-25 19:00,2026-09-25 14:00,2026-09-25,7.400000000000001,7.4,7.4,12,88.80000000000001
gz-06-meteo-atlas,lluviaAcumulada,2026-09-25 20:00,2026-09-25 15:00,2026-09-25,8.066666666666668,7.4,8.4,12,96.80000000000003
gz-06-meteo-atlas,lluviaAcumulada,2026-09-25 21:00,2026-09-25 16:00,2026-09-25,16.233333333333338,8.4,17.8,12,194.80000000000004
gz-06-meteo-atlas,lluviaAcumulada,2026-09-25 22:00,2026-09-25 17:00,2026-09-25,17.800000000000004,17.8,17.8,12,213.60000000000005
gz-06-meteo-atlas,lluviaAcumulada,2026-09-25 23:00,2026-09-25 18:00,2026-09-25,17.800000000000004,17.8,17.8,12,213.60000000000005
gz-06-meteo-atlas,lluviaAcumulada,2026-09-26 00:00,2026-09-25 19:00,2026-09-25,17.800000000000004,17.8,17.8,12,213.60000000000005
gz-06-meteo-atlas,lluviaAcumulada,2026-09-26 01:00,2026-09-25 20:00,2026-09-25,15.733333333333336,14.7,17.8,12,188.80000000000004
gz-06-meteo-atlas,lluviaAcumulada,2026-09-26 02:00,2026-09-25 21:00,2026-09-25,15.100000000000001,14.7,15.3,12,181.20000000000002
gz-06-meteo-atlas,lluviaAcumulada,2026-09-26 03:00,2026-09-25 22:00,2026-09-25,18.03333333333334,15.3,19.4,12,216.40000000000006
gz-06-meteo-atlas,lluviaAcumulada,2026-09-26 04:00,2026-09-25 23:00,2026-09-25,19.400000000000002,19.4,19.4,12,232.80000000000004
gz-06-meteo-atlas,lluviaAcumulada,2026-09-26 05:00,2026-09-26 00:00,2026-09-26,19.400000000000002,19.4,19.4,12,232.80000000000004
gz-06-meteo-atlas,lluviaAcumulada,2026-09-26 06:00,2026-09-26 01:00,2026-09-26,19.400000000000002,19.4,19.4,12,232.80000000000004
gz-06-meteo-atlas,lluviaAcumulada,2026-09-26 07:00,2026-09-26 02:00,2026-09-26,20.825000000000003,19.4,21.3,12,249.90000000000003
gz-06-meteo-atlas,lluviaAcumulada,2026-09-26 08:00,2026-09-26 03:00,2026-09-26,22.800000000000008,21.3,23.3,12,273.6000000000001
gz-06-meteo-atlas,lluviaAcumulada,2026-09-26 09:00,2026-09-26 04:00,2026-09-26,23.300000000000008,23.3,23.3,12,279.6000000000001
gz-06-meteo-atlas,lluviaAcumulada,2026-09-26 10:00,2026-09-26 05:00,2026-09-26,23.300000000000008,23.3,23.3,12,279.6000000000001
gz-06-meteo-atlas,lluviaAcumulada,2026-09-26 11:00,2026-09-26 06:00,2026-09-26,23.300000000000008,23.3,23.3,12,279.6000000000001
gz-06-meteo-atlas,lluviaAcumulada,2026-09-26 12:00,2026-09-26 07:00,2026-09-26,26.300000000000008,23.3,27.3,12,315.6000000000001
gz-06-meteo-atlas,lluviaAcumulada,2026-09-26 13:00,2026-09-26 08:00,2026-09-26,27.300000000000008,27.3,27.3,12,327.6000000000001
gz-06-meteo-atlas,lluviaAcumulada,2026-09-26 14:00,2026-09-26 09:00,2026-09-26,25.050000000000008,24.3,27.3,12,300.6000000000001
gz-06-meteo-atlas,lluviaAcumulada,2026-09-26 15:00,2026-09-26 10:00,2026-09-26,24.300000000000008,24.3,24.3,12,291.6000000000001
gz-06-meteo-atlas,lluviaAcumulada,2026-09-26 16:00,2026-09-26 11:00,2026-09-26,24.300000000000008,24.3,24.3,11,267.30000000000007
gz-06-meteo-atlas,lluviaAcumulada,2026-09-26 17:00,2026-09-26 12:00,2026-09-26,24.700000000000003,24.3,24.9,12,296.40000000000003
gz-06-meteo-atlas,lluviaAcumulada,2026-09-26 18:00,2026-09-26 13:00,2026-09-26,28.433333333333323,24.9,30.2,12,341.1999999999999
gz-06-meteo-atlas,lluviaAcumulada,2026-09-26 19:00,2026-09-26 14:00,2026-09-26,35.06666666666666,30.2,37.5,12,420.79999999999995
gz-06-meteo-atlas,lluviaAcumulada,2026-09-26 20:00,2026-09-26 15:00,2026-09-26,36.766666666666666,36.4,37.5,12,441.2
gz-06-meteo-atlas,lluviaAcumulada,2026-09-26 21:00,2026-09-26 16:00,2026-09-26,30.199999999999992,27.1,36.4,12,362.3999999999999
gz-06-meteo-atlas,lluviaAcumulada,2026-09-26 22:00,2026-09-26 17:00,2026-09-26,24.84166666666667,0,27.1,12,298.1
gz-06-meteo-atlas,lluviaAcumulada,2026-09-26 23:00,2026-09-26 18:00,2026-09-26,27.100000000000005,27.1,27.1,12,325.20000000000005
gz-06-meteo-atlas,lluviaAcumulada,2026-09-27 00:00,2026-09-26 19:00,2026-09-26,27.63333333333334,27.1,27.9,12,331.6000000000001
gz-06-meteo-atlas,lluviaAcumulada,2026-09-27 01:00,2026-09-26 20:00,2026-09-26,27.899999999999995,27.9,27.9,12,334.79999999999995
gz-06-meteo-atlas,lluviaAcumulada,2026-09-27 02:00,2026-09-26 21:00,2026-09-26,26.999999999999996,26.7,27.9,12,323.99999999999994
gz-06-meteo-atlas,lluviaAcumulada,2026-09-27 03:00,2026-09-26 22:00,2026-09-26,24.308333333333326,22.6,26.7,12,291.69999999999993
gz-06-meteo-atlas,lluviaAcumulada,2026-09-27 04:00,2026-09-26 23:00,2026-09-26,24.349999999999998,22.6,25.6,12,292.2
gz-06-meteo-atlas,lluviaAcumulada,2026-09-27 05:00,2026-09-27 00:00,2026-09-27,25.599999999999998,25.6,25.6,12,307.2
gz-06-meteo-atlas,lluviaAcumulada,2026-09-27 06:00,2026-09-27 01:00,2026-09-27,25.599999999999998,25.6,25.6,12,307.2
gz-06-meteo-atlas,lluviaAcumulada,2026-09-27 07:00,2026-09-27 02:00,2026-09-27,26.591666666666672,25.6,27.3,12,319.1000000000001
gz-06-meteo-atlas,lluviaAcumulada,2026-09-27 08:00,2026-09-27 03:00,2026-09-27,28.29166666666667,27.3,29,12,339.50000000000006
gz-06-meteo-atlas,lluviaAcumulada,2026-09-27 09:00,2026-09-27 04:00,2026-09-27,29,29,29,12,348
gz-06-meteo-atlas,lluviaAcumulada,2026-09-27 10:00,2026-09-27 05:00,2026-09-27,29.600000000000005,29,29.8,12,355.20000000000005
gz-06-meteo-atlas,lluviaAcumulada,2026-09-27 11:00,2026-09-27 06:00,2026-09-27,30.474999999999998,29.8,30.7,12,365.7
gz-06-meteo-atlas,lluviaAcumulada,2026-09-27 12:00,2026-09-27 07:00,2026-09-27,28.224999999999998,27.4,30.7,12,338.7
gz-06-meteo-atlas,lluviaAcumulada,2026-09-27 13:00,2026-09-27 08:00,2026-09-27,28.149999999999995,27.4,28.4,12,337.79999999999995
gz-06-meteo-atlas,lluviaAcumulada,2026-09-27 14:00,2026-09-27 09:00,2026-09-27,28.399999999999995,28.4,28.4,12,340.79999999999995
gz-06-meteo-atlas,lluviaAcumulada,2026-09-27 15:00,2026-09-27 10:00,2026-09-27,28.399999999999995,28.4,28.4,12,340.79999999999995
gz-06-meteo-atlas,lluviaAcumulada,2026-09-27 16:00,2026-09-27 11:00,2026-09-27,28.849999999999994,28.4,29,12,346.19999999999993
gz-06-meteo-atlas,lluviaAcumulada,2026-09-27 17:00,2026-09-27 12:00,2026-09-27,27.95,27.6,29,12,335.4
gz-06-meteo-atlas,lluviaAcumulada,2026-09-27 18:00,2026-09-27 13:00,2026-09-27,47.791666666666664,3.1,67.6,12,573.5
gz-06-meteo-atlas,lluviaAcumulada,2026-09-27 19:00,2026-09-27 14:00,2026-09-27,5.991666666666667,0,37,12,71.9
gz-06-meteo-atlas,lluviaAcumulada,2026-09-27 20:00,2026-09-27 15:00,2026-09-27,0,0,0,12,0
gz-06-meteo-atlas,lluviaAcumulada,2026-09-27 21:00,2026-09-27 16:00,2026-09-27,0,0,0,12,0
gz-06-meteo-atlas,lluviaAcumulada,2026-09-27 22:00,2026-09-27 17:00,2026-09-27,0,0,0,12,0
gz-06-meteo-atlas,lluviaAcumulada,2026-09-27 23:00,2026-09-27 18:00,2026-09-27,0,0,0,12,0
gz-06-meteo-atlas,lluviaAcumulada,2026-09-28 00:00,2026-09-27 19:00,2026-09-27,0,0,0,12,0
gz-06-meteo-atlas,lluviaAcumulada,2026-09-28 01:00,2026-09-27 20:00,2026-09-27,0,0,0,12,0
gz-06-meteo-atlas,lluviaAcumulada,2026-09-28 02:00,2026-09-27 21:00,2026-09-27,0,0,0,12,0
gz-06-meteo-atlas,lluviaAcumulada,2026-09-28 03:00,2026-09-27 22:00,2026-09-27,0,0,0,12,0
gz-06-meteo-atlas,lluviaAcumulada,2026-09-28 04:00,2026-09-27 23:00,2026-09-27,0,0,0,12,0
gz-06-meteo-atlas,lluviaAcumulada,2026-09-28 05:00,2026-09-28 00:00,2026-09-28,0,0,0,12,0
gz-06-meteo-atlas,lluviaAcumulada,2026-09-28 06:00,2026-09-28 01:00,2026-09-28,0,0,0,12,0
gz-06-meteo-atlas,lluviaAcumulada,2026-09-28 07:00,2026-09-28 02:00,2026-09-28,0,0,0,12,0
gz-06-meteo-atlas,lluviaAcumulada,2026-09-28 08:00,2026-09-28 03:00,2026-09-28,0,0,0,12,0
gz-06-meteo-atlas,lluviaAcumulada,2026-09-28 09:00,2026-09-28 04:00,2026-09-28,0,0,0,12,0
gz-06-meteo-atlas,lluviaAcumulada,2026-09-28 10:00,2026-09-28 05:00,2026-09-28,0,0,0,12,0
gz-06-meteo-atlas,lluviaAcumulada,2026-09-28 11:00,2026-09-28 06:00,2026-09-28,0,0,0,12,0
gz-06-meteo-atlas,lluviaAcumulada,2026-09-28 12:00,2026-09-28 07:00,2026-09-28,0,0,0,12,0
gz-06-meteo-atlas,lluviaAcumulada,2026-09-28 13:00,2026-09-28 08:00,2026-09-28,0,0,0,12,0
gz-06-meteo-atlas,lluviaAcumulada,2026-09-28 14:00,2026-09-28 09:00,2026-09-28,0,0,0,12,0
gz-06-meteo-atlas,lluviaAcumulada,2026-09-28 15:00,2026-09-28 10:00,2026-09-28,0,0,0,12,0
gz-06-meteo-atlas,lluviaAcumulada,2026-09-28 16:00,2026-09-28 11:00,2026-09-28,0,0,0,12,0
gz-06-meteo-atlas,lluviaAcumulada,2026-09-28 17:00,2026-09-28 12:00,2026-09-28,0,0,0,12,0
gz-06-meteo-atlas,lluviaAcumulada,2026-09-28 18:00,2026-09-28 13:00,2026-09-28,0,0,0,12,0
gz-06-meteo-atlas,lluviaAcumulada,2026-09-28 19:00,2026-09-28 14:00,2026-09-28,4.133333333333334,0,23.1,12,49.6
gz-06-meteo-atlas,lluviaAcumulada,2026-09-28 20:00,2026-09-28 15:00,2026-09-28,43.474999999999994,29.5,50.2,12,521.6999999999999
gz-06-meteo-atlas,lluviaAcumulada,2026-09-28 21:00,2026-09-28 16:00,2026-09-28,8.225,0,32.9,12,98.69999999999999
gz-06-meteo-atlas,lluviaAcumulada,2026-09-28 22:00,2026-09-28 17:00,2026-09-28,0,0,0,12,0
gz-06-meteo-atlas,lluviaAcumulada,2026-09-28 23:00,2026-09-28 18:00,2026-09-28,0,0,0,12,0
gz-06-meteo-atlas,lluviaAcumulada,2026-09-29 00:00,2026-09-28 19:00,2026-09-28,0,0,0,7,0
gz-06-meteo-atlas,presionBarometrica,2026-09-22 03:00,2026-09-21 22:00,2026-09-21,1018,1018,1018,8,8144
gz-06-meteo-atlas,presionBarometrica,2026-09-22 04:00,2026-09-21 23:00,2026-09-21,1014.7999999999998,1013.2,1018,12,12177.599999999999
gz-06-meteo-atlas,presionBarometrica,2026-09-22 05:00,2026-09-22 00:00,2026-09-22,1016.4000000000002,1013.2,1018,12,12196.800000000003
gz-06-meteo-atlas,presionBarometrica,2026-09-22 06:00,2026-09-22 01:00,2026-09-22,1017.3333333333334,1017,1018,12,12208
gz-06-meteo-atlas,presionBarometrica,2026-09-22 07:00,2026-09-22 02:00,2026-09-22,1017,1017,1017,12,12204
gz-06-meteo-atlas,presionBarometrica,2026-09-22 08:00,2026-09-22 03:00,2026-09-22,1016.4166666666666,1016,1017,12,12197
gz-06-meteo-atlas,presionBarometrica,2026-09-22 09:00,2026-09-22 04:00,2026-09-22,1015.5083333333333,1010.1,1016,12,12186.1
gz-06-meteo-atlas,presionBarometrica,2026-09-22 10:00,2026-09-22 05:00,2026-09-22,1016,1016,1016,12,12192
gz-06-meteo-atlas,presionBarometrica,2026-09-22 11:00,2026-09-22 06:00,2026-09-22,1016.6666666666666,1016,1017,12,12200
gz-06-meteo-atlas,presionBarometrica,2026-09-22 12:00,2026-09-22 07:00,2026-09-22,1015.9416666666666,1010.5,1017,12,12191.3
gz-06-meteo-atlas,presionBarometrica,2026-09-22 13:00,2026-09-22 08:00,2026-09-22,1017.6666666666666,1017,1018,12,12212
gz-06-meteo-atlas,presionBarometrica,2026-09-22 14:00,2026-09-22 09:00,2026-09-22,1018,1018,1018,12,12216
gz-06-meteo-atlas,presionBarometrica,2026-09-22 15:00,2026-09-22 10:00,2026-09-22,1017.5083333333333,1012.1,1018,12,12210.1
gz-06-meteo-atlas,presionBarometrica,2026-09-22 16:00,2026-09-22 11:00,2026-09-22,1017.75,1017,1018,12,12213
gz-06-meteo-atlas,presionBarometrica,2026-09-22 17:00,2026-09-22 12:00,2026-09-22,1017,1017,1017,12,12204
gz-06-meteo-atlas,presionBarometrica,2026-09-22 18:00,2026-09-22 13:00,2026-09-22,1016.25,1016,1017,12,12195
gz-06-meteo-atlas,presionBarometrica,2026-09-22 19:00,2026-09-22 14:00,2026-09-22,1015.4166666666666,1015,1016,12,12185
gz-06-meteo-atlas,presionBarometrica,2026-09-22 20:00,2026-09-22 15:00,2026-09-22,1014.1999999999999,1011.4,1015,12,12170.4
gz-06-meteo-atlas,presionBarometrica,2026-09-22 21:00,2026-09-22 16:00,2026-09-22,1013.3333333333334,1013,1014,12,12160
gz-06-meteo-atlas,presionBarometrica,2026-09-22 22:00,2026-09-22 17:00,2026-09-22,1013,1013,1013,12,12156
gz-06-meteo-atlas,presionBarometrica,2026-09-22 23:00,2026-09-22 18:00,2026-09-22,1013.6666666666666,1013,1014,12,12164
gz-06-meteo-atlas,presionBarometrica,2026-09-23 00:00,2026-09-22 19:00,2026-09-22,1014.6666666666666,1014,1015,12,12176
gz-06-meteo-atlas,presionBarometrica,2026-09-23 01:00,2026-09-22 20:00,2026-09-22,1015.6666666666666,1015,1016,12,12188
gz-06-meteo-atlas,presionBarometrica,2026-09-23 02:00,2026-09-22 21:00,2026-09-22,1016.6666666666666,1016,1017,12,12200
gz-06-meteo-atlas,presionBarometrica,2026-09-23 03:00,2026-09-22 22:00,2026-09-22,1017,1017,1017,12,12204
gz-06-meteo-atlas,presionBarometrica,2026-09-23 04:00,2026-09-22 23:00,2026-09-22,1017,1017,1017,12,12204
gz-06-meteo-atlas,presionBarometrica,2026-09-23 05:00,2026-09-23 00:00,2026-09-23,1017,1017,1017,12,12204
gz-06-meteo-atlas,presionBarometrica,2026-09-23 06:00,2026-09-23 01:00,2026-09-23,1016.3333333333334,1016,1017,12,12196
gz-06-meteo-atlas,presionBarometrica,2026-09-23 07:00,2026-09-23 02:00,2026-09-23,1016,1016,1016,12,12192
gz-06-meteo-atlas,presionBarometrica,2026-09-23 08:00,2026-09-23 03:00,2026-09-23,1016,1016,1016,12,12192
gz-06-meteo-atlas,presionBarometrica,2026-09-23 09:00,2026-09-23 04:00,2026-09-23,1015.3333333333334,1015,1016,12,12184
gz-06-meteo-atlas,presionBarometrica,2026-09-23 10:00,2026-09-23 05:00,2026-09-23,1015.6666666666666,1015,1016,12,12188
gz-06-meteo-atlas,presionBarometrica,2026-09-23 11:00,2026-09-23 06:00,2026-09-23,1016.6666666666666,1016,1017,12,12200
gz-06-meteo-atlas,presionBarometrica,2026-09-23 12:00,2026-09-23 07:00,2026-09-23,1017,1017,1017,12,12204
gz-06-meteo-atlas,presionBarometrica,2026-09-23 13:00,2026-09-23 08:00,2026-09-23,1017.6666666666666,1017,1018,12,12212
gz-06-meteo-atlas,presionBarometrica,2026-09-23 14:00,2026-09-23 09:00,2026-09-23,1017.5916666666667,1013.1,1018,12,12211.1
gz-06-meteo-atlas,presionBarometrica,2026-09-23 15:00,2026-09-23 10:00,2026-09-23,1018,1018,1018,12,12216
gz-06-meteo-atlas,presionBarometrica,2026-09-23 16:00,2026-09-23 11:00,2026-09-23,1017.4166666666666,1017,1018,12,12209
gz-06-meteo-atlas,presionBarometrica,2026-09-23 17:00,2026-09-23 12:00,2026-09-23,1016.25,1016,1017,12,12195
gz-06-meteo-atlas,presionBarometrica,2026-09-23 18:00,2026-09-23 13:00,2026-09-23,1015.3333333333334,1015,1016,12,12184
gz-06-meteo-atlas,presionBarometrica,2026-09-23 19:00,2026-09-23 14:00,2026-09-23,1014.3333333333334,1014,1015,12,12172
gz-06-meteo-atlas,presionBarometrica,2026-09-23 20:00,2026-09-23 15:00,2026-09-23,1013.25,1013,1014,12,12159
gz-06-meteo-atlas,presionBarometrica,2026-09-23 21:00,2026-09-23 16:00,2026-09-23,1013,1013,1013,12,12156
gz-06-meteo-atlas,presionBarometrica,2026-09-23 22:00,2026-09-23 17:00,2026-09-23,1013,1013,1013,12,12156
gz-06-meteo-atlas,presionBarometrica,2026-09-23 23:00,2026-09-23 18:00,2026-09-23,1013.6363636363636,1013,1014,11,11150
gz-06-meteo-atlas,presionBarometrica,2026-09-24 00:00,2026-09-23 19:00,2026-09-23,1014.75,1014,1015,12,12177
gz-06-meteo-atlas,presionBarometrica,2026-09-24 01:00,2026-09-23 20:00,2026-09-23,1015.6666666666666,1015,1016,12,12188
gz-06-meteo-atlas,presionBarometrica,2026-09-24 02:00,2026-09-23 21:00,2026-09-23,1016,1016,1016,12,12192
gz-06-meteo-atlas,presionBarometrica,2026-09-24 03:00,2026-09-23 22:00,2026-09-23,1016.6666666666666,1016,1017,12,12200
gz-06-meteo-atlas,presionBarometrica,2026-09-24 04:00,2026-09-23 23:00,2026-09-23,1017,1017,1017,12,12204
gz-06-meteo-atlas,presionBarometrica,2026-09-24 05:00,2026-09-24 00:00,2026-09-24,1017,1017,1017,12,12204
gz-06-meteo-atlas,presionBarometrica,2026-09-24 06:00,2026-09-24 01:00,2026-09-24,1016.3333333333334,1016,1017,12,12196
gz-06-meteo-atlas,presionBarometrica,2026-09-24 07:00,2026-09-24 02:00,2026-09-24,1015.4166666666666,1015,1016,12,12185
gz-06-meteo-atlas,presionBarometrica,2026-09-24 08:00,2026-09-24 03:00,2026-09-24,1015,1015,1015,12,12180
gz-06-meteo-atlas,presionBarometrica,2026-09-24 09:00,2026-09-24 04:00,2026-09-24,1015,1015,1015,12,12180
gz-06-meteo-atlas,presionBarometrica,2026-09-24 10:00,2026-09-24 05:00,2026-09-24,1015,1015,1015,12,12180
gz-06-meteo-atlas,presionBarometrica,2026-09-24 11:00,2026-09-24 06:00,2026-09-24,1015.5833333333334,1015,1016,12,12187
gz-06-meteo-atlas,presionBarometrica,2026-09-24 12:00,2026-09-24 07:00,2026-09-24,1015.6416666666668,1011.7,1016,12,12187.7
gz-06-meteo-atlas,presionBarometrica,2026-09-24 13:00,2026-09-24 08:00,2026-09-24,1016.5833333333334,1016,1017,12,12199
gz-06-meteo-atlas,presionBarometrica,2026-09-24 14:00,2026-09-24 09:00,2026-09-24,1017,1017,1017,12,12204
gz-06-meteo-atlas,presionBarometrica,2026-09-24 15:00,2026-09-24 10:00,2026-09-24,1017,1017,1017,12,12204
gz-06-meteo-atlas,presionBarometrica,2026-09-24 16:00,2026-09-24 11:00,2026-09-24,1016.3333333333334,1016,1017,12,12196
gz-06-meteo-atlas,presionBarometrica,2026-09-24 17:00,2026-09-24 12:00,2026-09-24,1015.3333333333334,1015,1016,12,12184
gz-06-meteo-atlas,presionBarometrica,2026-09-24 18:00,2026-09-24 13:00,2026-09-24,1014.25,1014,1015,12,12171
gz-06-meteo-atlas,presionBarometrica,2026-09-24 19:00,2026-09-24 14:00,2026-09-24,1013.3333333333334,1013,1014,12,12160
gz-06-meteo-atlas,presionBarometrica,2026-09-24 20:00,2026-09-24 15:00,2026-09-24,1013,1013,1013,12,12156
gz-06-meteo-atlas,presionBarometrica,2026-09-24 21:00,2026-09-24 16:00,2026-09-24,1012.3333333333334,1012,1013,12,12148
gz-06-meteo-atlas,presionBarometrica,2026-09-24 22:00,2026-09-24 17:00,2026-09-24,1012.5833333333334,1012,1013,12,12151
gz-06-meteo-atlas,presionBarometrica,2026-09-24 23:00,2026-09-24 18:00,2026-09-24,1013.75,1013,1014,12,12165
gz-06-meteo-atlas,presionBarometrica,2026-09-25 00:00,2026-09-24 19:00,2026-09-24,1014,1014,1014,12,12168
gz-06-meteo-atlas,presionBarometrica,2026-09-25 01:00,2026-09-24 20:00,2026-09-24,1015.5,1014,1016,12,12186
gz-06-meteo-atlas,presionBarometrica,2026-09-25 02:00,2026-09-24 21:00,2026-09-24,1016.75,1016,1017,12,12201
gz-06-meteo-atlas,presionBarometrica,2026-09-25 03:00,2026-09-24 22:00,2026-09-24,1017,1017,1017,12,12204
gz-06-meteo-atlas,presionBarometrica,2026-09-25 04:00,2026-09-24 23:00,2026-09-24,1017,1017,1017,12,12204
gz-06-meteo-atlas,presionBarometrica,2026-09-25 05:00,2026-09-25 00:00,2026-09-25,1016.25,1016,1017,12,12195
gz-06-meteo-atlas,presionBarometrica,2026-09-25 06:00,2026-09-25 01:00,2026-09-25,1016,1016,1016,12,12192
gz-06-meteo-atlas,presionBarometrica,2026-09-25 07:00,2026-09-25 02:00,2026-09-25,1016,1016,1016,12,12192
gz-06-meteo-atlas,presionBarometrica,2026-09-25 08:00,2026-09-25 03:00,2026-09-25,1015.25,1015,1016,12,12183
gz-06-meteo-atlas,presionBarometrica,2026-09-25 09:00,2026-09-25 04:00,2026-09-25,1015,1015,1015,12,12180
gz-06-meteo-atlas,presionBarometrica,2026-09-25 10:00,2026-09-25 05:00,2026-09-25,1015.6666666666666,1015,1016,12,12188
gz-06-meteo-atlas,presionBarometrica,2026-09-25 11:00,2026-09-25 06:00,2026-09-25,1016.5833333333334,1016,1017,12,12199
gz-06-meteo-atlas,presionBarometrica,2026-09-25 12:00,2026-09-25 07:00,2026-09-25,1017.1,1010.2,1018,12,12205.2
gz-06-meteo-atlas,presionBarometrica,2026-09-25 13:00,2026-09-25 08:00,2026-09-25,1018.75,1018,1019,12,12225
gz-06-meteo-atlas,presionBarometrica,2026-09-25 14:00,2026-09-25 09:00,2026-09-25,1019,1019,1019,12,12228
gz-06-meteo-atlas,presionBarometrica,2026-09-25 15:00,2026-09-25 10:00,2026-09-25,1019,1019,1019,12,12228
gz-06-meteo-atlas,presionBarometrica,2026-09-25 16:00,2026-09-25 11:00,2026-09-25,1018.25,1018,1019,12,12219
gz-06-meteo-atlas,presionBarometrica,2026-09-25 17:00,2026-09-25 12:00,2026-09-25,1017.25,1017,1018,12,12207
gz-06-meteo-atlas,presionBarometrica,2026-09-25 18:00,2026-09-25 13:00,2026-09-25,1016.3333333333334,1016,1017,12,12196
gz-06-meteo-atlas,presionBarometrica,2026-09-25 19:00,2026-09-25 14:00,2026-09-25,1015.3333333333334,1015,1016,12,12184
gz-06-meteo-atlas,presionBarometrica,2026-09-25 20:00,2026-09-25 15:00,2026-09-25,1015,1015,1015,12,12180
gz-06-meteo-atlas,presionBarometrica,2026-09-25 21:00,2026-09-25 16:00,2026-09-25,1014.1666666666666,1014,1015,12,12170
gz-06-meteo-atlas,presionBarometrica,2026-09-25 22:00,2026-09-25 17:00,2026-09-25,1014.6666666666666,1014,1015,12,12176
gz-06-meteo-atlas,presionBarometrica,2026-09-25 23:00,2026-09-25 18:00,2026-09-25,1014.3333333333334,1014,1015,12,12172
gz-06-meteo-atlas,presionBarometrica,2026-09-26 00:00,2026-09-25 19:00,2026-09-25,1014.6666666666666,1014,1015,12,12176
gz-06-meteo-atlas,presionBarometrica,2026-09-26 01:00,2026-09-25 20:00,2026-09-25,1015.6666666666666,1015,1016,12,12188
gz-06-meteo-atlas,presionBarometrica,2026-09-26 02:00,2026-09-25 21:00,2026-09-25,1017,1016,1018,12,12204
gz-06-meteo-atlas,presionBarometrica,2026-09-26 03:00,2026-09-25 22:00,2026-09-25,1018,1018,1018,12,12216
gz-06-meteo-atlas,presionBarometrica,2026-09-26 04:00,2026-09-25 23:00,2026-09-25,1018,1018,1018,12,12216
gz-06-meteo-atlas,presionBarometrica,2026-09-26 05:00,2026-09-26 00:00,2026-09-26,1017.1666666666666,1017,1018,12,12206
gz-06-meteo-atlas,presionBarometrica,2026-09-26 06:00,2026-09-26 01:00,2026-09-26,1017,1017,1017,12,12204
gz-06-meteo-atlas,presionBarometrica,2026-09-26 07:00,2026-09-26 02:00,2026-09-26,1016.25,1016,1017,12,12195
gz-06-meteo-atlas,presionBarometrica,2026-09-26 08:00,2026-09-26 03:00,2026-09-26,1016,1016,1016,12,12192
gz-06-meteo-atlas,presionBarometrica,2026-09-26 09:00,2026-09-26 04:00,2026-09-26,1016,1016,1016,12,12192
gz-06-meteo-atlas,presionBarometrica,2026-09-26 10:00,2026-09-26 05:00,2026-09-26,1016,1016,1016,12,12192
gz-06-meteo-atlas,presionBarometrica,2026-09-26 11:00,2026-09-26 06:00,2026-09-26,1016.5833333333334,1016,1017,12,12199
gz-06-meteo-atlas,presionBarometrica,2026-09-26 12:00,2026-09-26 07:00,2026-09-26,1017.75,1017,1018,12,12213
gz-06-meteo-atlas,presionBarometrica,2026-09-26 13:00,2026-09-26 08:00,2026-09-26,1018,1018,1018,12,12216
gz-06-meteo-atlas,presionBarometrica,2026-09-26 14:00,2026-09-26 09:00,2026-09-26,1018.75,1018,1019,12,12225
gz-06-meteo-atlas,presionBarometrica,2026-09-26 15:00,2026-09-26 10:00,2026-09-26,1019,1019,1019,12,12228
gz-06-meteo-atlas,presionBarometrica,2026-09-26 16:00,2026-09-26 11:00,2026-09-26,1018.2727272727273,1018,1019,11,11201
gz-06-meteo-atlas,presionBarometrica,2026-09-26 17:00,2026-09-26 12:00,2026-09-26,1017.3333333333334,1017,1018,12,12208
gz-06-meteo-atlas,presionBarometrica,2026-09-26 18:00,2026-09-26 13:00,2026-09-26,1017,1017,1017,12,12204
gz-06-meteo-atlas,presionBarometrica,2026-09-26 19:00,2026-09-26 14:00,2026-09-26,1015.6666666666666,1015,1017,12,12188
gz-06-meteo-atlas,presionBarometrica,2026-09-26 20:00,2026-09-26 15:00,2026-09-26,1015,1015,1015,12,12180
gz-06-meteo-atlas,presionBarometrica,2026-09-26 21:00,2026-09-26 16:00,2026-09-26,1014.3333333333334,1014,1015,12,12172
gz-06-meteo-atlas,presionBarometrica,2026-09-26 22:00,2026-09-26 17:00,2026-09-26,1013.7583333333333,1011.1,1014,12,12165.1
gz-06-meteo-atlas,presionBarometrica,2026-09-26 23:00,2026-09-26 18:00,2026-09-26,1014.6666666666666,1014,1015,12,12176
gz-06-meteo-atlas,presionBarometrica,2026-09-27 00:00,2026-09-26 19:00,2026-09-26,1015.6666666666666,1015,1016,12,12188
gz-06-meteo-atlas,presionBarometrica,2026-09-27 01:00,2026-09-26 20:00,2026-09-26,1016.3333333333334,1016,1017,12,12196
gz-06-meteo-atlas,presionBarometrica,2026-09-27 02:00,2026-09-26 21:00,2026-09-26,1017.75,1017,1018,12,12213
gz-06-meteo-atlas,presionBarometrica,2026-09-27 03:00,2026-09-26 22:00,2026-09-26,1018,1018,1018,12,12216
gz-06-meteo-atlas,presionBarometrica,2026-09-27 04:00,2026-09-26 23:00,2026-09-26,1018,1018,1018,12,12216
gz-06-meteo-atlas,presionBarometrica,2026-09-27 05:00,2026-09-27 00:00,2026-09-27,1018,1018,1018,12,12216
gz-06-meteo-atlas,presionBarometrica,2026-09-27 06:00,2026-09-27 01:00,2026-09-27,1017.4166666666666,1017,1018,12,12209
gz-06-meteo-atlas,presionBarometrica,2026-09-27 07:00,2026-09-27 02:00,2026-09-27,1017,1017,1017,12,12204
gz-06-meteo-atlas,presionBarometrica,2026-09-27 08:00,2026-09-27 03:00,2026-09-27,1016.4166666666666,1016,1017,12,12197
gz-06-meteo-atlas,presionBarometrica,2026-09-27 09:00,2026-09-27 04:00,2026-09-27,1016,1016,1016,12,12192
gz-06-meteo-atlas,presionBarometrica,2026-09-27 10:00,2026-09-27 05:00,2026-09-27,1016.75,1016,1017,12,12201
gz-06-meteo-atlas,presionBarometrica,2026-09-27 11:00,2026-09-27 06:00,2026-09-27,1017,1017,1017,12,12204
gz-06-meteo-atlas,presionBarometrica,2026-09-27 12:00,2026-09-27 07:00,2026-09-27,1017,1017,1017,12,12204
gz-06-meteo-atlas,presionBarometrica,2026-09-27 13:00,2026-09-27 08:00,2026-09-27,1018,1017,1019,12,12216
gz-06-meteo-atlas,presionBarometrica,2026-09-27 14:00,2026-09-27 09:00,2026-09-27,1019,1019,1019,12,12228
gz-06-meteo-atlas,presionBarometrica,2026-09-27 15:00,2026-09-27 10:00,2026-09-27,1019,1019,1019,12,12228
gz-06-meteo-atlas,presionBarometrica,2026-09-27 16:00,2026-09-27 11:00,2026-09-27,1019,1019,1019,12,12228
gz-06-meteo-atlas,presionBarometrica,2026-09-27 17:00,2026-09-27 12:00,2026-09-27,1018.25,1018,1019,12,12219
gz-06-meteo-atlas,presionBarometrica,2026-09-27 18:00,2026-09-27 13:00,2026-09-27,1010.8499999999999,1009.7,1012,12,12130.199999999999
gz-06-meteo-atlas,presionBarometrica,2026-09-27 19:00,2026-09-27 14:00,2026-09-27,1011.1999999999999,1009.7,1012.7,12,12134.4
gz-06-meteo-atlas,presionBarometrica,2026-09-27 20:00,2026-09-27 15:00,2026-09-27,1012.7000000000002,1012.7,1012.7,12,12152.400000000001
gz-06-meteo-atlas,presionBarometrica,2026-09-27 21:00,2026-09-27 16:00,2026-09-27,1011.85,1011,1012.7,12,12142.2
gz-06-meteo-atlas,presionBarometrica,2026-09-27 22:00,2026-09-27 17:00,2026-09-27,1010.6916666666666,1010.4,1011,12,12128.3
gz-06-meteo-atlas,presionBarometrica,2026-09-27 23:00,2026-09-27 18:00,2026-09-27,1011.525,1010.4,1012.6,12,12138.3
gz-06-meteo-atlas,presionBarometrica,2026-09-28 00:00,2026-09-27 19:00,2026-09-27,1012.3833333333333,1012.2,1012.6,12,12148.6
gz-06-meteo-atlas,presionBarometrica,2026-09-28 01:00,2026-09-27 20:00,2026-09-27,1011.3000000000001,1010.5,1012.1,12,12135.6
gz-06-meteo-atlas,presionBarometrica,2026-09-28 02:00,2026-09-27 21:00,2026-09-27,1010.7583333333333,1010.5,1011,12,12129.1
gz-06-meteo-atlas,presionBarometrica,2026-09-28 03:00,2026-09-27 22:00,2026-09-27,1010.25,1009.6,1011,12,12123
gz-06-meteo-atlas,presionBarometrica,2026-09-28 04:00,2026-09-27 23:00,2026-09-27,1010.2083333333334,1009.6,1010.8,12,12122.5
gz-06-meteo-atlas,presionBarometrica,2026-09-28 05:00,2026-09-28 00:00,2026-09-28,1011.9666666666666,1010.9,1013,12,12143.599999999999
gz-06-meteo-atlas,presionBarometrica,2026-09-28 06:00,2026-09-28 01:00,2026-09-28,1011.5583333333334,1010.2,1013,12,12138.7
gz-06-meteo-atlas,presionBarometrica,2026-09-28 07:00,2026-09-28 02:00,2026-09-28,1010.4,1010.2,1010.6,12,12124.8
gz-06-meteo-atlas,presionBarometrica,2026-09-28 08:00,2026-09-28 03:00,2026-09-28,1011.7333333333332,1010.6,1012.8,12,12140.8
gz-06-meteo-atlas,presionBarometrica,2026-09-28 09:00,2026-09-28 04:00,2026-09-28,1012.0333333333333,1011.3,1012.8,12,12144.4
gz-06-meteo-atlas,presionBarometrica,2026-09-28 10:00,2026-09-28 05:00,2026-09-28,1011.9,1011.4,1012.4,12,12142.8
gz-06-meteo-atlas,presionBarometrica,2026-09-28 11:00,2026-09-28 06:00,2026-09-28,1012.8333333333334,1012.4,1013.2,12,12154
gz-06-meteo-atlas,presionBarometrica,2026-09-28 12:00,2026-09-28 07:00,2026-09-28,1012.1083333333332,1011.1,1013.2,12,12145.3
gz-06-meteo-atlas,presionBarometrica,2026-09-28 13:00,2026-09-28 08:00,2026-09-28,1010.9333333333333,1010.8,1011.1,12,12131.199999999999
gz-06-meteo-atlas,presionBarometrica,2026-09-28 14:00,2026-09-28 09:00,2026-09-28,1012.0583333333334,1010.8,1013.2,12,12144.7
gz-06-meteo-atlas,presionBarometrica,2026-09-28 15:00,2026-09-28 10:00,2026-09-28,1011.8333333333334,1010.6,1013.2,12,12142
gz-06-meteo-atlas,presionBarometrica,2026-09-28 16:00,2026-09-28 11:00,2026-09-28,1011.8166666666667,1010.6,1012.9,12,12141.800000000001
gz-06-meteo-atlas,presionBarometrica,2026-09-28 17:00,2026-09-28 12:00,2026-09-28,1012.9833333333332,1012.9,1013.1,12,12155.8
gz-06-meteo-atlas,presionBarometrica,2026-09-28 18:00,2026-09-28 13:00,2026-09-28,1012.6333333333333,1012.2,1013,12,12151.6
gz-06-meteo-atlas,presionBarometrica,2026-09-28 19:00,2026-09-28 14:00,2026-09-28,1011.8916666666668,1011.6,1012.2,12,12142.7
gz-06-meteo-atlas,presionBarometrica,2026-09-28 20:00,2026-09-28 15:00,2026-09-28,1011.9500000000002,1011.6,1012.3,12,12143.400000000001
gz-06-meteo-atlas,presionBarometrica,2026-09-28 21:00,2026-09-28 16:00,2026-09-28,1012.7333333333332,1012.3,1013.1,12,12152.8
gz-06-meteo-atlas,presionBarometrica,2026-09-28 22:00,2026-09-28 17:00,2026-09-28,1012.35,1011.7,1013.1,12,12148.2
gz-06-meteo-atlas,presionBarometrica,2026-09-28 23:00,2026-09-28 18:00,2026-09-28,1012.475,1011.7,1013.2,12,12149.7
gz-06-meteo-atlas,presionBarometrica,2026-09-29 00:00,2026-09-28 19:00,2026-09-28,1013.2285714285714,1013.2,1013.3,7,7092.599999999999
gz-06-meteo-atlas,puntoRocio,2026-09-22 03:00,2026-09-21 22:00,2026-09-21,23.049999999999997,22.9,23.1,8,184.39999999999998
gz-06-meteo-atlas,puntoRocio,2026-09-22 04:00,2026-09-21 23:00,2026-09-21,22.883333333333336,22.8,22.9,12,274.6
gz-06-meteo-atlas,puntoRocio,2026-09-22 05:00,2026-09-22 00:00,2026-09-22,22.700000000000003,22.5,22.8,12,272.40000000000003
gz-06-meteo-atlas,puntoRocio,2026-09-22 06:00,2026-09-22 01:00,2026-09-22,22.400000000000002,22.2,22.5,12,268.8
gz-06-meteo-atlas,puntoRocio,2026-09-22 07:00,2026-09-22 02:00,2026-09-22,22.224999999999994,22.2,22.3,12,266.69999999999993
gz-06-meteo-atlas,puntoRocio,2026-09-22 08:00,2026-09-22 03:00,2026-09-22,22.225000000000005,22,22.3,12,266.70000000000005
gz-06-meteo-atlas,puntoRocio,2026-09-22 09:00,2026-09-22 04:00,2026-09-22,21.791666666666668,19.9,22,12,261.5
gz-06-meteo-atlas,puntoRocio,2026-09-22 10:00,2026-09-22 05:00,2026-09-22,21.800000000000008,21.8,21.8,12,261.6000000000001
gz-06-meteo-atlas,puntoRocio,2026-09-22 11:00,2026-09-22 06:00,2026-09-22,21.83333333333334,21.8,22,12,262.00000000000006
gz-06-meteo-atlas,puntoRocio,2026-09-22 12:00,2026-09-22 07:00,2026-09-22,21.758333333333336,20,22.5,12,261.1
gz-06-meteo-atlas,puntoRocio,2026-09-22 13:00,2026-09-22 08:00,2026-09-22,22.900000000000002,22.5,23.7,12,274.8
gz-06-meteo-atlas,puntoRocio,2026-09-22 14:00,2026-09-22 09:00,2026-09-22,23.499999999999996,23.1,23.7,12,281.99999999999994
gz-06-meteo-atlas,puntoRocio,2026-09-22 15:00,2026-09-22 10:00,2026-09-22,23.10833333333333,21.7,23.6,12,277.29999999999995
gz-06-meteo-atlas,puntoRocio,2026-09-22 16:00,2026-09-22 11:00,2026-09-22,23.625,23.6,23.7,12,283.5
gz-06-meteo-atlas,puntoRocio,2026-09-22 17:00,2026-09-22 12:00,2026-09-22,23.724999999999994,23.7,23.8,12,284.69999999999993
gz-06-meteo-atlas,puntoRocio,2026-09-22 18:00,2026-09-22 13:00,2026-09-22,23.825000000000003,23.8,23.9,12,285.90000000000003
gz-06-meteo-atlas,puntoRocio,2026-09-22 19:00,2026-09-22 14:00,2026-09-22,23.875,23.8,23.9,12,286.5
gz-06-meteo-atlas,puntoRocio,2026-09-22 20:00,2026-09-22 15:00,2026-09-22,23.483333333333338,20.4,23.8,12,281.80000000000007
gz-06-meteo-atlas,puntoRocio,2026-09-22 21:00,2026-09-22 16:00,2026-09-22,23.699999999999992,23.7,23.7,12,284.3999999999999
gz-06-meteo-atlas,puntoRocio,2026-09-22 22:00,2026-09-22 17:00,2026-09-22,23.699999999999992,23.7,23.7,12,284.3999999999999
gz-06-meteo-atlas,puntoRocio,2026-09-22 23:00,2026-09-22 18:00,2026-09-22,23.73333333333333,23.7,23.8,12,284.79999999999995
gz-06-meteo-atlas,puntoRocio,2026-09-23 00:00,2026-09-22 19:00,2026-09-22,23.800000000000008,23.8,23.8,12,285.6000000000001
gz-06-meteo-atlas,puntoRocio,2026-09-23 01:00,2026-09-22 20:00,2026-09-22,23.816666666666674,23.8,23.9,12,285.80000000000007
gz-06-meteo-atlas,puntoRocio,2026-09-23 02:00,2026-09-22 21:00,2026-09-22,23.816666666666666,23.4,23.9,12,285.8
gz-06-meteo-atlas,puntoRocio,2026-09-23 03:00,2026-09-22 22:00,2026-09-22,23.333333333333332,23.2,23.4,12,280
gz-06-meteo-atlas,puntoRocio,2026-09-23 04:00,2026-09-22 23:00,2026-09-22,23.16666666666666,23.1,23.2,12,277.99999999999994
gz-06-meteo-atlas,puntoRocio,2026-09-23 05:00,2026-09-23 00:00,2026-09-23,23.066666666666663,22.9,23.1,12,276.79999999999995
gz-06-meteo-atlas,puntoRocio,2026-09-23 06:00,2026-09-23 01:00,2026-09-23,22.833333333333332,22.7,22.9,12,274
gz-06-meteo-atlas,puntoRocio,2026-09-23 07:00,2026-09-23 02:00,2026-09-23,22.566666666666663,22.3,22.7,12,270.79999999999995
gz-06-meteo-atlas,puntoRocio,2026-09-23 08:00,2026-09-23 03:00,2026-09-23,22.300000000000008,22.3,22.3,12,267.6000000000001
gz-06-meteo-atlas,puntoRocio,2026-09-23 09:00,2026-09-23 04:00,2026-09-23,22.300000000000008,22.3,22.3,12,267.6000000000001
gz-06-meteo-atlas,puntoRocio,2026-09-23 10:00,2026-09-23 05:00,2026-09-23,22.300000000000008,22.3,22.3,12,267.6000000000001
gz-06-meteo-atlas,puntoRocio,2026-09-23 11:00,2026-09-23 06:00,2026-09-23,22.300000000000008,22.3,22.3,12,267.6000000000001
gz-06-meteo-atlas,puntoRocio,2026-09-23 12:00,2026-09-23 07:00,2026-09-23,22.36666666666667,22.3,22.5,12,268.40000000000003
gz-06-meteo-atlas,puntoRocio,2026-09-23 13:00,2026-09-23 08:00,2026-09-23,22.666666666666668,22.5,23,12,272
gz-06-meteo-atlas,puntoRocio,2026-09-23 14:00,2026-09-23 09:00,2026-09-23,22.841666666666665,21.4,23,12,274.09999999999997
gz-06-meteo-atlas,puntoRocio,2026-09-23 15:00,2026-09-23 10:00,2026-09-23,23.000000000000004,22.9,23.3,12,276.00000000000006
gz-06-meteo-atlas,puntoRocio,2026-09-23 16:00,2026-09-23 11:00,2026-09-23,23.350000000000005,23.3,23.5,12,280.20000000000005
gz-06-meteo-atlas,puntoRocio,2026-09-23 17:00,2026-09-23 12:00,2026-09-23,23.95,23.5,25.3,12,287.4
gz-06-meteo-atlas,puntoRocio,2026-09-23 18:00,2026-09-23 13:00,2026-09-23,24.733333333333338,23.6,25.3,12,296.80000000000007
gz-06-meteo-atlas,puntoRocio,2026-09-23 19:00,2026-09-23 14:00,2026-09-23,23.625,23.6,23.7,12,283.5
gz-06-meteo-atlas,puntoRocio,2026-09-23 20:00,2026-09-23 15:00,2026-09-23,23.699999999999992,23.7,23.7,12,284.3999999999999
gz-06-meteo-atlas,puntoRocio,2026-09-23 21:00,2026-09-23 16:00,2026-09-23,23.699999999999992,23.7,23.7,12,284.3999999999999
gz-06-meteo-atlas,puntoRocio,2026-09-23 22:00,2026-09-23 17:00,2026-09-23,23.699999999999992,23.7,23.7,12,284.3999999999999
gz-06-meteo-atlas,puntoRocio,2026-09-23 23:00,2026-09-23 18:00,2026-09-23,23.699999999999992,23.7,23.7,11,260.69999999999993
gz-06-meteo-atlas,puntoRocio,2026-09-24 00:00,2026-09-23 19:00,2026-09-23,23.66666666666666,23.5,23.7,12,283.99999999999994
gz-06-meteo-atlas,puntoRocio,2026-09-24 01:00,2026-09-23 20:00,2026-09-23,23.433333333333334,23.1,23.5,12,281.2
gz-06-meteo-atlas,puntoRocio,2026-09-24 02:00,2026-09-23 21:00,2026-09-23,22.98333333333333,22.4,23.1,12,275.79999999999995
gz-06-meteo-atlas,puntoRocio,2026-09-24 03:00,2026-09-23 22:00,2026-09-23,22.233333333333334,21.9,22.4,12,266.8
gz-06-meteo-atlas,puntoRocio,2026-09-24 04:00,2026-09-23 23:00,2026-09-23,21.86666666666667,21.7,21.9,12,262.40000000000003
gz-06-meteo-atlas,puntoRocio,2026-09-24 05:00,2026-09-24 00:00,2026-09-24,21.66666666666666,21.6,21.7,12,259.99999999999994
gz-06-meteo-atlas,puntoRocio,2026-09-24 06:00,2026-09-24 01:00,2026-09-24,21.566666666666663,21.4,21.6,12,258.79999999999995
gz-06-meteo-atlas,puntoRocio,2026-09-24 07:00,2026-09-24 02:00,2026-09-24,21.325000000000003,21.1,21.4,12,255.90000000000003
gz-06-meteo-atlas,puntoRocio,2026-09-24 08:00,2026-09-24 03:00,2026-09-24,21.024999999999995,20.8,21.1,12,252.29999999999995
gz-06-meteo-atlas,puntoRocio,2026-09-24 09:00,2026-09-24 04:00,2026-09-24,20.800000000000004,20.8,20.8,12,249.60000000000005
gz-06-meteo-atlas,puntoRocio,2026-09-24 10:00,2026-09-24 05:00,2026-09-24,20.808333333333337,20.8,20.9,12,249.70000000000005
gz-06-meteo-atlas,puntoRocio,2026-09-24 11:00,2026-09-24 06:00,2026-09-24,20.975000000000005,20.9,21.2,12,251.70000000000005
gz-06-meteo-atlas,puntoRocio,2026-09-24 12:00,2026-09-24 07:00,2026-09-24,21.25833333333333,21,21.5,12,255.09999999999994
gz-06-meteo-atlas,puntoRocio,2026-09-24 13:00,2026-09-24 08:00,2026-09-24,21.633333333333336,21.5,21.9,12,259.6
gz-06-meteo-atlas,puntoRocio,2026-09-24 14:00,2026-09-24 09:00,2026-09-24,22.21666666666667,21.9,23.8,12,266.6
gz-06-meteo-atlas,puntoRocio,2026-09-24 15:00,2026-09-24 10:00,2026-09-24,23.600000000000005,23.2,23.8,12,283.20000000000005
gz-06-meteo-atlas,puntoRocio,2026-09-24 16:00,2026-09-24 11:00,2026-09-24,23.266666666666662,23.2,23.6,12,279.19999999999993
gz-06-meteo-atlas,puntoRocio,2026-09-24 17:00,2026-09-24 12:00,2026-09-24,23.625,23.6,23.7,12,283.5
gz-06-meteo-atlas,puntoRocio,2026-09-24 18:00,2026-09-24 13:00,2026-09-24,23.73333333333333,23.7,23.8,12,284.79999999999995
gz-06-meteo-atlas,puntoRocio,2026-09-24 19:00,2026-09-24 14:00,2026-09-24,23.800000000000008,23.8,23.8,12,285.6000000000001
gz-06-meteo-atlas,puntoRocio,2026-09-24 20:00,2026-09-24 15:00,2026-09-24,23.775000000000006,23.7,23.8,12,285.30000000000007
gz-06-meteo-atlas,puntoRocio,2026-09-24 21:00,2026-09-24 16:00,2026-09-24,23.63333333333333,23.5,23.7,12,283.59999999999997
gz-06-meteo-atlas,puntoRocio,2026-09-24 22:00,2026-09-24 17:00,2026-09-24,23.45,23.3,23.5,12,281.4
gz-06-meteo-atlas,puntoRocio,2026-09-24 23:00,2026-09-24 18:00,2026-09-24,23.275000000000006,23.2,23.3,12,279.30000000000007
gz-06-meteo-atlas,puntoRocio,2026-09-25 00:00,2026-09-24 19:00,2026-09-24,23.174999999999997,23.1,23.2,12,278.09999999999997
gz-06-meteo-atlas,puntoRocio,2026-09-25 01:00,2026-09-24 20:00,2026-09-24,23.024999999999995,22.8,23.1,12,276.29999999999995
gz-06-meteo-atlas,puntoRocio,2026-09-25 02:00,2026-09-24 21:00,2026-09-24,22.750000000000004,22.6,22.8,12,273.00000000000006
gz-06-meteo-atlas,puntoRocio,2026-09-25 03:00,2026-09-24 22:00,2026-09-24,22.549999999999997,22.4,22.6,12,270.59999999999997
gz-06-meteo-atlas,puntoRocio,2026-09-25 04:00,2026-09-24 23:00,2026-09-24,22.375000000000004,22.3,22.4,12,268.50000000000006
gz-06-meteo-atlas,puntoRocio,2026-09-25 05:00,2026-09-25 00:00,2026-09-25,22.275000000000006,22.2,22.3,12,267.30000000000007
gz-06-meteo-atlas,puntoRocio,2026-09-25 06:00,2026-09-25 01:00,2026-09-25,22.174999999999997,22.1,22.2,12,266.09999999999997
gz-06-meteo-atlas,puntoRocio,2026-09-25 07:00,2026-09-25 02:00,2026-09-25,21.974999999999998,21.6,22.1,12,263.7
gz-06-meteo-atlas,puntoRocio,2026-09-25 08:00,2026-09-25 03:00,2026-09-25,21.524999999999995,21.3,21.6,12,258.29999999999995
gz-06-meteo-atlas,puntoRocio,2026-09-25 09:00,2026-09-25 04:00,2026-09-25,21.275000000000002,21.2,21.3,12,255.30000000000004
gz-06-meteo-atlas,puntoRocio,2026-09-25 10:00,2026-09-25 05:00,2026-09-25,21.199999999999996,21.2,21.2,12,254.39999999999995
gz-06-meteo-atlas,puntoRocio,2026-09-25 11:00,2026-09-25 06:00,2026-09-25,21.249999999999996,21.2,21.4,12,254.99999999999994
gz-06-meteo-atlas,puntoRocio,2026-09-25 12:00,2026-09-25 07:00,2026-09-25,21.400000000000002,20.5,21.7,12,256.8
gz-06-meteo-atlas,puntoRocio,2026-09-25 13:00,2026-09-25 08:00,2026-09-25,21.799999999999997,21.7,22.1,12,261.59999999999997
gz-06-meteo-atlas,puntoRocio,2026-09-25 14:00,2026-09-25 09:00,2026-09-25,22.474999999999998,22.1,23.6,12,269.7
gz-06-meteo-atlas,puntoRocio,2026-09-25 15:00,2026-09-25 10:00,2026-09-25,23.474999999999998,23.1,23.6,12,281.7
gz-06-meteo-atlas,puntoRocio,2026-09-25 16:00,2026-09-25 11:00,2026-09-25,23.174999999999997,23.1,23.4,12,278.09999999999997
gz-06-meteo-atlas,puntoRocio,2026-09-25 17:00,2026-09-25 12:00,2026-09-25,23.53333333333333,23.4,23.8,12,282.4
gz-06-meteo-atlas,puntoRocio,2026-09-25 18:00,2026-09-25 13:00,2026-09-25,23.800000000000008,23.8,23.8,12,285.6000000000001
gz-06-meteo-atlas,puntoRocio,2026-09-25 19:00,2026-09-25 14:00,2026-09-25,23.800000000000008,23.8,23.8,12,285.6000000000001
gz-06-meteo-atlas,puntoRocio,2026-09-25 20:00,2026-09-25 15:00,2026-09-25,23.900000000000006,23.8,24.1,12,286.80000000000007
gz-06-meteo-atlas,puntoRocio,2026-09-25 21:00,2026-09-25 16:00,2026-09-25,24.46666666666667,24.1,25.2,12,293.6
gz-06-meteo-atlas,puntoRocio,2026-09-25 22:00,2026-09-25 17:00,2026-09-25,24.66666666666666,23.6,25.2,12,295.99999999999994
gz-06-meteo-atlas,puntoRocio,2026-09-25 23:00,2026-09-25 18:00,2026-09-25,23.55,23.3,23.6,12,282.6
gz-06-meteo-atlas,puntoRocio,2026-09-26 00:00,2026-09-25 19:00,2026-09-25,23.233333333333338,23.1,23.3,12,278.80000000000007
gz-06-meteo-atlas,puntoRocio,2026-09-26 01:00,2026-09-25 20:00,2026-09-25,23.03333333333333,22.9,23.1,12,276.4
gz-06-meteo-atlas,puntoRocio,2026-09-26 02:00,2026-09-25 21:00,2026-09-25,22.833333333333332,22.7,22.9,12,274
gz-06-meteo-atlas,puntoRocio,2026-09-26 03:00,2026-09-25 22:00,2026-09-25,22.66666666666666,22.6,22.7,12,271.99999999999994
gz-06-meteo-atlas,puntoRocio,2026-09-26 04:00,2026-09-25 23:00,2026-09-25,22.549999999999997,22.3,22.6,12,270.59999999999997
gz-06-meteo-atlas,puntoRocio,2026-09-26 05:00,2026-09-26 00:00,2026-09-26,22.200000000000003,22,22.3,12,266.40000000000003
gz-06-meteo-atlas,puntoRocio,2026-09-26 06:00,2026-09-26 01:00,2026-09-26,21.875,21.7,22,12,262.5
gz-06-meteo-atlas,puntoRocio,2026-09-26 07:00,2026-09-26 02:00,2026-09-26,21.599999999999994,21.4,21.7,12,259.19999999999993
gz-06-meteo-atlas,puntoRocio,2026-09-26 08:00,2026-09-26 03:00,2026-09-26,21.375000000000004,21.3,21.4,12,256.50000000000006
gz-06-meteo-atlas,puntoRocio,2026-09-26 09:00,2026-09-26 04:00,2026-09-26,21.300000000000004,21.3,21.3,12,255.60000000000005
gz-06-meteo-atlas,puntoRocio,2026-09-26 10:00,2026-09-26 05:00,2026-09-26,21.325000000000006,21.3,21.4,12,255.90000000000006
gz-06-meteo-atlas,puntoRocio,2026-09-26 11:00,2026-09-26 06:00,2026-09-26,21.450000000000003,21.4,21.6,12,257.40000000000003
gz-06-meteo-atlas,puntoRocio,2026-09-26 12:00,2026-09-26 07:00,2026-09-26,21.53333333333333,21.4,21.6,12,258.4
gz-06-meteo-atlas,puntoRocio,2026-09-26 13:00,2026-09-26 08:00,2026-09-26,21.566666666666666,21.4,21.9,12,258.8
gz-06-meteo-atlas,puntoRocio,2026-09-26 14:00,2026-09-26 09:00,2026-09-26,22.05,21.9,22.5,12,264.6
gz-06-meteo-atlas,puntoRocio,2026-09-26 15:00,2026-09-26 10:00,2026-09-26,22.575,22.5,22.8,12,270.9
gz-06-meteo-atlas,puntoRocio,2026-09-26 16:00,2026-09-26 11:00,2026-09-26,22.818181818181824,22.8,22.9,11,251.00000000000006
gz-06-meteo-atlas,puntoRocio,2026-09-26 17:00,2026-09-26 12:00,2026-09-26,23.01666666666667,22.9,23.6,12,276.20000000000005
gz-06-meteo-atlas,puntoRocio,2026-09-26 18:00,2026-09-26 13:00,2026-09-26,23.816666666666666,23.6,24.9,12,285.8
gz-06-meteo-atlas,puntoRocio,2026-09-26 19:00,2026-09-26 14:00,2026-09-26,24.933333333333334,24.9,25.1,12,299.2
gz-06-meteo-atlas,puntoRocio,2026-09-26 20:00,2026-09-26 15:00,2026-09-26,24.766666666666666,23.1,25.1,12,297.2
gz-06-meteo-atlas,puntoRocio,2026-09-26 21:00,2026-09-26 16:00,2026-09-26,23.075,23,23.1,12,276.9
gz-06-meteo-atlas,puntoRocio,2026-09-26 22:00,2026-09-26 17:00,2026-09-26,22.691666666666666,19.3,23,12,272.3
gz-06-meteo-atlas,puntoRocio,2026-09-26 23:00,2026-09-26 18:00,2026-09-26,23,23,23,12,276
gz-06-meteo-atlas,puntoRocio,2026-09-27 00:00,2026-09-26 19:00,2026-09-26,23,23,23,12,276
gz-06-meteo-atlas,puntoRocio,2026-09-27 01:00,2026-09-26 20:00,2026-09-26,22.96666666666667,22.9,23,12,275.6
gz-06-meteo-atlas,puntoRocio,2026-09-27 02:00,2026-09-26 21:00,2026-09-26,22.875000000000004,22.8,22.9,12,274.50000000000006
gz-06-meteo-atlas,puntoRocio,2026-09-27 03:00,2026-09-26 22:00,2026-09-26,22.775000000000006,22.7,22.8,12,273.30000000000007
gz-06-meteo-atlas,puntoRocio,2026-09-27 04:00,2026-09-26 23:00,2026-09-26,22.674999999999997,22.6,22.7,12,272.09999999999997
gz-06-meteo-atlas,puntoRocio,2026-09-27 05:00,2026-09-27 00:00,2026-09-27,22.524999999999995,22.3,22.6,12,270.29999999999995
gz-06-meteo-atlas,puntoRocio,2026-09-27 06:00,2026-09-27 01:00,2026-09-27,22.275000000000006,22.2,22.3,12,267.30000000000007
gz-06-meteo-atlas,puntoRocio,2026-09-27 07:00,2026-09-27 02:00,2026-09-27,22.124999999999996,21.9,22.2,12,265.49999999999994
gz-06-meteo-atlas,puntoRocio,2026-09-27 08:00,2026-09-27 03:00,2026-09-27,21.900000000000002,21.9,21.9,12,262.8
gz-06-meteo-atlas,puntoRocio,2026-09-27 09:00,2026-09-27 04:00,2026-09-27,21.925,21.9,22,12,263.1
gz-06-meteo-atlas,puntoRocio,2026-09-27 10:00,2026-09-27 05:00,2026-09-27,21.925,21.9,22,12,263.1
gz-06-meteo-atlas,puntoRocio,2026-09-27 11:00,2026-09-27 06:00,2026-09-27,21.875000000000004,21.8,21.9,12,262.50000000000006
gz-06-meteo-atlas,puntoRocio,2026-09-27 12:00,2026-09-27 07:00,2026-09-27,21.775000000000006,21.7,21.8,12,261.30000000000007
gz-06-meteo-atlas,puntoRocio,2026-09-27 13:00,2026-09-27 08:00,2026-09-27,21.799999999999997,21.7,22.1,12,261.59999999999997
gz-06-meteo-atlas,puntoRocio,2026-09-27 14:00,2026-09-27 09:00,2026-09-27,22.2,22.1,22.5,12,266.4
gz-06-meteo-atlas,puntoRocio,2026-09-27 15:00,2026-09-27 10:00,2026-09-27,22.599999999999998,22.5,22.9,12,271.2
gz-06-meteo-atlas,puntoRocio,2026-09-27 16:00,2026-09-27 11:00,2026-09-27,22.975000000000005,22.9,23.2,12,275.70000000000005
gz-06-meteo-atlas,puntoRocio,2026-09-27 17:00,2026-09-27 12:00,2026-09-27,23.249999999999996,23.2,23.4,12,278.99999999999994
gz-06-meteo-atlas,puntoRocio,2026-09-27 18:00,2026-09-27 13:00,2026-09-27,22,20.9,23.3,12,264
gz-06-meteo-atlas,puntoRocio,2026-09-27 19:00,2026-09-27 14:00,2026-09-27,21.925,21,22.8,12,263.1
gz-06-meteo-atlas,puntoRocio,2026-09-27 20:00,2026-09-27 15:00,2026-09-27,21.166666666666668,20.4,22.7,12,254
gz-06-meteo-atlas,puntoRocio,2026-09-27 21:00,2026-09-27 16:00,2026-09-27,19.950000000000003,19.3,20.4,12,239.40000000000003
gz-06-meteo-atlas,puntoRocio,2026-09-27 22:00,2026-09-27 17:00,2026-09-27,19.458333333333332,18.9,19.8,12,233.49999999999997
gz-06-meteo-atlas,puntoRocio,2026-09-27 23:00,2026-09-27 18:00,2026-09-27,19.09166666666667,18.3,19.7,12,229.10000000000002
gz-06-meteo-atlas,puntoRocio,2026-09-28 00:00,2026-09-27 19:00,2026-09-27,19.091666666666665,18.6,19.6,12,229.1
gz-06-meteo-atlas,puntoRocio,2026-09-28 01:00,2026-09-27 20:00,2026-09-27,19.399999999999995,18.8,20.2,12,232.79999999999995
gz-06-meteo-atlas,puntoRocio,2026-09-28 02:00,2026-09-27 21:00,2026-09-27,18.875,18.1,19.9,12,226.5
gz-06-meteo-atlas,puntoRocio,2026-09-28 03:00,2026-09-27 22:00,2026-09-27,19.241666666666664,18.3,19.6,12,230.89999999999998
gz-06-meteo-atlas,puntoRocio,2026-09-28 04:00,2026-09-27 23:00,2026-09-27,18.99166666666667,18.3,19.4,12,227.90000000000003
gz-06-meteo-atlas,puntoRocio,2026-09-28 05:00,2026-09-28 00:00,2026-09-28,19.558333333333334,18.5,20.1,12,234.7
gz-06-meteo-atlas,puntoRocio,2026-09-28 06:00,2026-09-28 01:00,2026-09-28,19.191666666666666,18.6,20.1,12,230.29999999999998
gz-06-meteo-atlas,puntoRocio,2026-09-28 07:00,2026-09-28 02:00,2026-09-28,19.25,17.9,20.3,12,231
gz-06-meteo-atlas,puntoRocio,2026-09-28 08:00,2026-09-28 03:00,2026-09-28,19,18.7,19.3,12,228
gz-06-meteo-atlas,puntoRocio,2026-09-28 09:00,2026-09-28 04:00,2026-09-28,18.958333333333332,18.6,19.3,12,227.5
gz-06-meteo-atlas,puntoRocio,2026-09-28 10:00,2026-09-28 05:00,2026-09-28,18.908333333333335,18.3,19.6,12,226.9
gz-06-meteo-atlas,puntoRocio,2026-09-28 11:00,2026-09-28 06:00,2026-09-28,19.233333333333334,18.7,19.9,12,230.8
gz-06-meteo-atlas,puntoRocio,2026-09-28 12:00,2026-09-28 07:00,2026-09-28,20.96666666666667,20.1,21.7,12,251.60000000000002
gz-06-meteo-atlas,puntoRocio,2026-09-28 13:00,2026-09-28 08:00,2026-09-28,21.400000000000002,20.7,22.3,12,256.8
gz-06-meteo-atlas,puntoRocio,2026-09-28 14:00,2026-09-28 09:00,2026-09-28,21.21666666666667,20.8,21.7,12,254.60000000000002
gz-06-meteo-atlas,puntoRocio,2026-09-28 15:00,2026-09-28 10:00,2026-09-28,22.45,21.2,23.6,12,269.4
gz-06-meteo-atlas,puntoRocio,2026-09-28 16:00,2026-09-28 11:00,2026-09-28,22.383333333333336,21.6,23.2,12,268.6
gz-06-meteo-atlas,puntoRocio,2026-09-28 17:00,2026-09-28 12:00,2026-09-28,22.28333333333333,21.4,24.6,12,267.4
gz-06-meteo-atlas,puntoRocio,2026-09-28 18:00,2026-09-28 13:00,2026-09-28,21.366666666666664,19.8,24,12,256.4
gz-06-meteo-atlas,puntoRocio,2026-09-28 19:00,2026-09-28 14:00,2026-09-28,21.991666666666664,20.1,23.3,12,263.9
gz-06-meteo-atlas,puntoRocio,2026-09-28 20:00,2026-09-28 15:00,2026-09-28,21.033333333333335,20,22.8,12,252.4
gz-06-meteo-atlas,puntoRocio,2026-09-28 21:00,2026-09-28 16:00,2026-09-28,19.608333333333334,19.3,19.9,12,235.3
gz-06-meteo-atlas,puntoRocio,2026-09-28 22:00,2026-09-28 17:00,2026-09-28,19.85,19.1,21,12,238.20000000000002
gz-06-meteo-atlas,puntoRocio,2026-09-28 23:00,2026-09-28 18:00,2026-09-28,19.05,18.1,20.2,12,228.60000000000002
gz-06-meteo-atlas,puntoRocio,2026-09-29 00:00,2026-09-28 19:00,2026-09-28,18.87142857142857,18.4,19.5,7,132.1
gz-06-meteo-atlas,radiacionSolar,2026-09-22 03:00,2026-09-21 22:00,2026-09-21,0,0,0,8,0
gz-06-meteo-atlas,radiacionSolar,2026-09-22 04:00,2026-09-21 23:00,2026-09-21,0,0,0,12,0
gz-06-meteo-atlas,radiacionSolar,2026-09-22 05:00,2026-09-22 00:00,2026-09-22,0,0,0,12,0
gz-06-meteo-atlas,radiacionSolar,2026-09-22 06:00,2026-09-22 01:00,2026-09-22,0,0,0,12,0
gz-06-meteo-atlas,radiacionSolar,2026-09-22 07:00,2026-09-22 02:00,2026-09-22,0,0,0,12,0
gz-06-meteo-atlas,radiacionSolar,2026-09-22 08:00,2026-09-22 03:00,2026-09-22,0,0,0,12,0
gz-06-meteo-atlas,radiacionSolar,2026-09-22 09:00,2026-09-22 04:00,2026-09-22,0,0,0,12,0
gz-06-meteo-atlas,radiacionSolar,2026-09-22 10:00,2026-09-22 05:00,2026-09-22,0.25,0,3,12,3
gz-06-meteo-atlas,radiacionSolar,2026-09-22 11:00,2026-09-22 06:00,2026-09-22,44.974999999999994,9.5,80.1,12,539.6999999999999
gz-06-meteo-atlas,radiacionSolar,2026-09-22 12:00,2026-09-22 07:00,2026-09-22,143.66666666666666,86.3,242.7,12,1724
gz-06-meteo-atlas,radiacionSolar,2026-09-22 13:00,2026-09-22 08:00,2026-09-22,350.90000000000003,251.7,506.1,12,4210.8
gz-06-meteo-atlas,radiacionSolar,2026-09-22 14:00,2026-09-22 09:00,2026-09-22,579.0749999999999,516.9,645.4,12,6948.9
gz-06-meteo-atlas,radiacionSolar,2026-09-22 15:00,2026-09-22 10:00,2026-09-22,673.7583333333333,521.6,717.1,12,8085.1
gz-06-meteo-atlas,radiacionSolar,2026-09-22 16:00,2026-09-22 11:00,2026-09-22,741.5666666666666,726,751,12,8898.8
gz-06-meteo-atlas,radiacionSolar,2026-09-22 17:00,2026-09-22 12:00,2026-09-22,744.4666666666666,731.5,751.3,12,8933.599999999999
gz-06-meteo-atlas,radiacionSolar,2026-09-22 18:00,2026-09-22 13:00,2026-09-22,698.8833333333333,664.2,727.6,12,8386.6
gz-06-meteo-atlas,radiacionSolar,2026-09-22 19:00,2026-09-22 14:00,2026-09-22,607.725,553.8,656.6,12,7292.7
gz-06-meteo-atlas,radiacionSolar,2026-09-22 20:00,2026-09-22 15:00,2026-09-22,466.24999999999994,354.2,542.9,12,5594.999999999999
gz-06-meteo-atlas,radiacionSolar,2026-09-22 21:00,2026-09-22 16:00,2026-09-22,315.41666666666663,234.4,393.8,12,3784.9999999999995
gz-06-meteo-atlas,radiacionSolar,2026-09-22 22:00,2026-09-22 17:00,2026-09-22,133.20833333333331,46.2,219.1,12,1598.4999999999998
gz-06-meteo-atlas,radiacionSolar,2026-09-22 23:00,2026-09-22 18:00,2026-09-22,3.6999999999999997,0,30.2,12,44.4
gz-06-meteo-atlas,radiacionSolar,2026-09-23 00:00,2026-09-22 19:00,2026-09-22,0,0,0,12,0
gz-06-meteo-atlas,radiacionSolar,2026-09-23 01:00,2026-09-22 20:00,2026-09-22,0,0,0,12,0
gz-06-meteo-atlas,radiacionSolar,2026-09-23 02:00,2026-09-22 21:00,2026-09-22,0,0,0,12,0
gz-06-meteo-atlas,radiacionSolar,2026-09-23 03:00,2026-09-22 22:00,2026-09-22,0,0,0,12,0
gz-06-meteo-atlas,radiacionSolar,2026-09-23 04:00,2026-09-22 23:00,2026-09-22,0,0,0,12,0
gz-06-meteo-atlas,radiacionSolar,2026-09-23 05:00,2026-09-23 00:00,2026-09-23,0,0,0,12,0
gz-06-meteo-atlas,radiacionSolar,2026-09-23 06:00,2026-09-23 01:00,2026-09-23,0,0,0,12,0
gz-06-meteo-atlas,radiacionSolar,2026-09-23 07:00,2026-09-23 02:00,2026-09-23,0,0,0,12,0
gz-06-meteo-atlas,radiacionSolar,2026-09-23 08:00,2026-09-23 03:00,2026-09-23,0,0,0,12,0
gz-06-meteo-atlas,radiacionSolar,2026-09-23 09:00,2026-09-23 04:00,2026-09-23,0,0,0,12,0
gz-06-meteo-atlas,radiacionSolar,2026-09-23 10:00,2026-09-23 05:00,2026-09-23,0.6083333333333333,0,7.3,12,7.3
gz-06-meteo-atlas,radiacionSolar,2026-09-23 11:00,2026-09-23 06:00,2026-09-23,59.64166666666665,14.8,109.1,12,715.6999999999998
gz-06-meteo-atlas,radiacionSolar,2026-09-23 12:00,2026-09-23 07:00,2026-09-23,164.35833333333332,117.3,214.3,12,1972.3
gz-06-meteo-atlas,radiacionSolar,2026-09-23 13:00,2026-09-23 08:00,2026-09-23,326.625,222,500.4,12,3919.5
gz-06-meteo-atlas,radiacionSolar,2026-09-23 14:00,2026-09-23 09:00,2026-09-23,578.9,521.2,649.4,12,6946.8
gz-06-meteo-atlas,radiacionSolar,2026-09-23 15:00,2026-09-23 10:00,2026-09-23,693.4416666666665,657.3,723.8,12,8321.299999999997
gz-06-meteo-atlas,radiacionSolar,2026-09-23 16:00,2026-09-23 11:00,2026-09-23,742.6583333333334,727.9,751.2,12,8911.900000000001
gz-06-meteo-atlas,radiacionSolar,2026-09-23 17:00,2026-09-23 12:00,2026-09-23,743.5333333333333,729.6,751.2,12,8922.4
gz-06-meteo-atlas,radiacionSolar,2026-09-23 18:00,2026-09-23 13:00,2026-09-23,629.4999999999999,464.2,725.7,12,7553.999999999999
gz-06-meteo-atlas,radiacionSolar,2026-09-23 19:00,2026-09-23 14:00,2026-09-23,465.45000000000005,407.7,570,12,5585.400000000001
gz-06-meteo-atlas,radiacionSolar,2026-09-23 20:00,2026-09-23 15:00,2026-09-23,471.2583333333334,401,537.6,12,5655.1
gz-06-meteo-atlas,radiacionSolar,2026-09-23 21:00,2026-09-23 16:00,2026-09-23,308.55,227.2,387.3,12,3702.6000000000004
gz-06-meteo-atlas,radiacionSolar,2026-09-23 22:00,2026-09-23 17:00,2026-09-23,125.78333333333335,38.6,211.9,12,1509.4
gz-06-meteo-atlas,radiacionSolar,2026-09-23 23:00,2026-09-23 18:00,2026-09-23,2.6545454545454548,0,22.6,11,29.200000000000003
gz-06-meteo-atlas,radiacionSolar,2026-09-24 00:00,2026-09-23 19:00,2026-09-23,0,0,0,12,0
gz-06-meteo-atlas,radiacionSolar,2026-09-24 01:00,2026-09-23 20:00,2026-09-23,0,0,0,12,0
gz-06-meteo-atlas,radiacionSolar,2026-09-24 02:00,2026-09-23 21:00,2026-09-23,0,0,0,12,0
gz-06-meteo-atlas,radiacionSolar,2026-09-24 03:00,2026-09-23 22:00,2026-09-23,0,0,0,12,0
gz-06-meteo-atlas,radiacionSolar,2026-09-24 04:00,2026-09-23 23:00,2026-09-23,0,0,0,12,0
gz-06-meteo-atlas,radiacionSolar,2026-09-24 05:00,2026-09-24 00:00,2026-09-24,0,0,0,12,0
gz-06-meteo-atlas,radiacionSolar,2026-09-24 06:00,2026-09-24 01:00,2026-09-24,0,0,0,12,0
gz-06-meteo-atlas,radiacionSolar,2026-09-24 07:00,2026-09-24 02:00,2026-09-24,0,0,0,12,0
gz-06-meteo-atlas,radiacionSolar,2026-09-24 08:00,2026-09-24 03:00,2026-09-24,0,0,0,12,0
gz-06-meteo-atlas,radiacionSolar,2026-09-24 09:00,2026-09-24 04:00,2026-09-24,0,0,0,12,0
gz-06-meteo-atlas,radiacionSolar,2026-09-24 10:00,2026-09-24 05:00,2026-09-24,0.5499999999999999,0,6.6,12,6.6
gz-06-meteo-atlas,radiacionSolar,2026-09-24 11:00,2026-09-24 06:00,2026-09-24,97.69166666666666,22,153.4,12,1172.3
gz-06-meteo-atlas,radiacionSolar,2026-09-24 12:00,2026-09-24 07:00,2026-09-24,214.3166666666667,151.6,445.9,12,2571.8
gz-06-meteo-atlas,radiacionSolar,2026-09-24 13:00,2026-09-24 08:00,2026-09-24,201.21666666666667,169.9,230.8,12,2414.6
gz-06-meteo-atlas,radiacionSolar,2026-09-24 14:00,2026-09-24 09:00,2026-09-24,260.3666666666667,235.8,282.8,12,3124.4
gz-06-meteo-atlas,radiacionSolar,2026-09-24 15:00,2026-09-24 10:00,2026-09-24,302.59999999999997,286.3,316.4,12,3631.1999999999994
gz-06-meteo-atlas,radiacionSolar,2026-09-24 16:00,2026-09-24 11:00,2026-09-24,325.1166666666667,318.2,329.3,12,3901.4
gz-06-meteo-atlas,radiacionSolar,2026-09-24 17:00,2026-09-24 12:00,2026-09-24,326.45,320.8,329.4,12,3917.4
gz-06-meteo-atlas,radiacionSolar,2026-09-24 18:00,2026-09-24 13:00,2026-09-24,299.2,269.8,319.1,12,3590.4
gz-06-meteo-atlas,radiacionSolar,2026-09-24 19:00,2026-09-24 14:00,2026-09-24,246.88333333333333,225,266.7,12,2962.6
gz-06-meteo-atlas,radiacionSolar,2026-09-24 20:00,2026-09-24 15:00,2026-09-24,197.35000000000002,178.9,220.6,12,2368.2000000000003
gz-06-meteo-atlas,radiacionSolar,2026-09-24 21:00,2026-09-24 16:00,2026-09-24,138.62500000000003,103.1,173,12,1663.5000000000002
gz-06-meteo-atlas,radiacionSolar,2026-09-24 22:00,2026-09-24 17:00,2026-09-24,59.208333333333336,22,96.4,12,710.5
gz-06-meteo-atlas,radiacionSolar,2026-09-24 23:00,2026-09-24 18:00,2026-09-24,1.7916666666666667,0,14.5,12,21.5
gz-06-meteo-atlas,radiacionSolar,2026-09-25 00:00,2026-09-24 19:00,2026-09-24,0,0,0,12,0
gz-06-meteo-atlas,radiacionSolar,2026-09-25 01:00,2026-09-24 20:00,2026-09-24,0,0,0,12,0
gz-06-meteo-atlas,radiacionSolar,2026-09-25 02:00,2026-09-24 21:00,2026-09-24,0,0,0,12,0
gz-06-meteo-atlas,radiacionSolar,2026-09-25 03:00,2026-09-24 22:00,2026-09-24,0,0,0,12,0
gz-06-meteo-atlas,radiacionSolar,2026-09-25 04:00,2026-09-24 23:00,2026-09-24,0,0,0,12,0
gz-06-meteo-atlas,radiacionSolar,2026-09-25 05:00,2026-09-25 00:00,2026-09-25,0,0,0,12,0
gz-06-meteo-atlas,radiacionSolar,2026-09-25 06:00,2026-09-25 01:00,2026-09-25,0,0,0,12,0
gz-06-meteo-atlas,radiacionSolar,2026-09-25 07:00,2026-09-25 02:00,2026-09-25,0,0,0,12,0
gz-06-meteo-atlas,radiacionSolar,2026-09-25 08:00,2026-09-25 03:00,2026-09-25,0,0,0,12,0
gz-06-meteo-atlas,radiacionSolar,2026-09-25 09:00,2026-09-25 04:00,2026-09-25,0,0,0,12,0
gz-06-meteo-atlas,radiacionSolar,2026-09-25 10:00,2026-09-25 05:00,2026-09-25,0.975,0,11.7,12,11.7
gz-06-meteo-atlas,radiacionSolar,2026-09-25 11:00,2026-09-25 06:00,2026-09-25,92.76666666666667,21.6,160.6,12,1113.2
gz-06-meteo-atlas,radiacionSolar,2026-09-25 12:00,2026-09-25 07:00,2026-09-25,235.13333333333333,173,293.7,12,2821.6
gz-06-meteo-atlas,radiacionSolar,2026-09-25 13:00,2026-09-25 08:00,2026-09-25,342.93333333333334,304.4,385,12,4115.2
gz-06-meteo-atlas,radiacionSolar,2026-09-25 14:00,2026-09-25 09:00,2026-09-25,372.575,350.2,402.5,12,4470.9
gz-06-meteo-atlas,radiacionSolar,2026-09-25 15:00,2026-09-25 10:00,2026-09-25,366.4750000000001,312.6,397.8,12,4397.700000000001
gz-06-meteo-atlas,radiacionSolar,2026-09-25 16:00,2026-09-25 11:00,2026-09-25,319.225,304.3,328.2,12,3830.7000000000003
gz-06-meteo-atlas,radiacionSolar,2026-09-25 17:00,2026-09-25 12:00,2026-09-25,302.06666666666666,296.7,304.9,12,3624.8
gz-06-meteo-atlas,radiacionSolar,2026-09-25 18:00,2026-09-25 13:00,2026-09-25,283.3,269.1,295.1,12,3399.6
gz-06-meteo-atlas,radiacionSolar,2026-09-25 19:00,2026-09-25 14:00,2026-09-25,246.10000000000002,224.1,266,12,2953.2000000000003
gz-06-meteo-atlas,radiacionSolar,2026-09-25 20:00,2026-09-25 15:00,2026-09-25,197.4666666666667,177.6,219.7,12,2369.6000000000004
gz-06-meteo-atlas,radiacionSolar,2026-09-25 21:00,2026-09-25 16:00,2026-09-25,137.25833333333333,101.7,171.7,12,1647.1
gz-06-meteo-atlas,radiacionSolar,2026-09-25 22:00,2026-09-25 17:00,2026-09-25,56.55833333333334,17.7,95,12,678.7
gz-06-meteo-atlas,radiacionSolar,2026-09-25 23:00,2026-09-25 18:00,2026-09-25,1.325,0,11.2,12,15.899999999999999
gz-06-meteo-atlas,radiacionSolar,2026-09-26 00:00,2026-09-25 19:00,2026-09-25,0,0,0,12,0
gz-06-meteo-atlas,radiacionSolar,2026-09-26 01:00,2026-09-25 20:00,2026-09-25,0,0,0,12,0
gz-06-meteo-atlas,radiacionSolar,2026-09-26 02:00,2026-09-25 21:00,2026-09-25,0,0,0,12,0
gz-06-meteo-atlas,radiacionSolar,2026-09-26 03:00,2026-09-25 22:00,2026-09-25,0,0,0,12,0
gz-06-meteo-atlas,radiacionSolar,2026-09-26 04:00,2026-09-25 23:00,2026-09-25,0,0,0,12,0
gz-06-meteo-atlas,radiacionSolar,2026-09-26 05:00,2026-09-26 00:00,2026-09-26,0,0,0,12,0
gz-06-meteo-atlas,radiacionSolar,2026-09-26 06:00,2026-09-26 01:00,2026-09-26,0,0,0,12,0
gz-06-meteo-atlas,radiacionSolar,2026-09-26 07:00,2026-09-26 02:00,2026-09-26,0,0,0,12,0
gz-06-meteo-atlas,radiacionSolar,2026-09-26 08:00,2026-09-26 03:00,2026-09-26,0,0,0,12,0
gz-06-meteo-atlas,radiacionSolar,2026-09-26 09:00,2026-09-26 04:00,2026-09-26,0,0,0,12,0
gz-06-meteo-atlas,radiacionSolar,2026-09-26 10:00,2026-09-26 05:00,2026-09-26,0.6583333333333333,0,7.2,12,7.9
gz-06-meteo-atlas,radiacionSolar,2026-09-26 11:00,2026-09-26 06:00,2026-09-26,49.08333333333334,13.7,84.1,12,589.0000000000001
gz-06-meteo-atlas,radiacionSolar,2026-09-26 12:00,2026-09-26 07:00,2026-09-26,127.34166666666665,90.3,168,12,1528.1
gz-06-meteo-atlas,radiacionSolar,2026-09-26 13:00,2026-09-26 08:00,2026-09-26,204.93333333333337,174,234.2,12,2459.2000000000003
gz-06-meteo-atlas,radiacionSolar,2026-09-26 14:00,2026-09-26 09:00,2026-09-26,263.2333333333333,239.1,285.2,12,3158.7999999999997
gz-06-meteo-atlas,radiacionSolar,2026-09-26 15:00,2026-09-26 10:00,2026-09-26,304.38333333333327,288.6,317.6,12,3652.5999999999995
gz-06-meteo-atlas,radiacionSolar,2026-09-26 16:00,2026-09-26 11:00,2026-09-26,329.7636363636364,319.4,353.2,11,3627.4000000000005
gz-06-meteo-atlas,radiacionSolar,2026-09-26 17:00,2026-09-26 12:00,2026-09-26,354.3,347.7,369.3,12,4251.6
gz-06-meteo-atlas,radiacionSolar,2026-09-26 18:00,2026-09-26 13:00,2026-09-26,351.62499999999994,334.6,365.7,12,4219.499999999999
gz-06-meteo-atlas,radiacionSolar,2026-09-26 19:00,2026-09-26 14:00,2026-09-26,306.62500000000006,279.9,330.8,12,3679.5000000000005
gz-06-meteo-atlas,radiacionSolar,2026-09-26 20:00,2026-09-26 15:00,2026-09-26,241.67500000000004,206.9,274.4,12,2900.1000000000004
gz-06-meteo-atlas,radiacionSolar,2026-09-26 21:00,2026-09-26 16:00,2026-09-26,159.00833333333333,113,200.1,12,1908.1
gz-06-meteo-atlas,radiacionSolar,2026-09-26 22:00,2026-09-26 17:00,2026-09-26,66.3,24.1,105.8,12,795.5999999999999
gz-06-meteo-atlas,radiacionSolar,2026-09-26 23:00,2026-09-26 18:00,2026-09-26,2.266666666666667,0,16.6,12,27.200000000000003
gz-06-meteo-atlas,radiacionSolar,2026-09-27 00:00,2026-09-26 19:00,2026-09-26,0,0,0,12,0
gz-06-meteo-atlas,radiacionSolar,2026-09-27 01:00,2026-09-26 20:00,2026-09-26,0,0,0,12,0
gz-06-meteo-atlas,radiacionSolar,2026-09-27 02:00,2026-09-26 21:00,2026-09-26,0,0,0,12,0
gz-06-meteo-atlas,radiacionSolar,2026-09-27 03:00,2026-09-26 22:00,2026-09-26,0,0,0,12,0
gz-06-meteo-atlas,radiacionSolar,2026-09-27 04:00,2026-09-26 23:00,2026-09-26,0,0,0,12,0
gz-06-meteo-atlas,radiacionSolar,2026-09-27 05:00,2026-09-27 00:00,2026-09-27,0,0,0,12,0
gz-06-meteo-atlas,radiacionSolar,2026-09-27 06:00,2026-09-27 01:00,2026-09-27,0,0,0,12,0
gz-06-meteo-atlas,radiacionSolar,2026-09-27 07:00,2026-09-27 02:00,2026-09-27,0,0,0,12,0
gz-06-meteo-atlas,radiacionSolar,2026-09-27 08:00,2026-09-27 03:00,2026-09-27,0,0,0,12,0
gz-06-meteo-atlas,radiacionSolar,2026-09-27 09:00,2026-09-27 04:00,2026-09-27,0,0,0,12,0
gz-06-meteo-atlas,radiacionSolar,2026-09-27 10:00,2026-09-27 05:00,2026-09-27,0.35833333333333334,0,4.3,12,4.3
gz-06-meteo-atlas,radiacionSolar,2026-09-27 11:00,2026-09-27 06:00,2026-09-27,51.10833333333332,11.3,93.9,12,613.2999999999998
gz-06-meteo-atlas,radiacionSolar,2026-09-27 12:00,2026-09-27 07:00,2026-09-27,145.26666666666662,101.1,200.3,12,1743.1999999999996
gz-06-meteo-atlas,radiacionSolar,2026-09-27 13:00,2026-09-27 08:00,2026-09-27,245.5,207.6,281.3,12,2946
gz-06-meteo-atlas,radiacionSolar,2026-09-27 14:00,2026-09-27 09:00,2026-09-27,317.0083333333334,287.3,344,12,3804.1000000000004
gz-06-meteo-atlas,radiacionSolar,2026-09-27 15:00,2026-09-27 10:00,2026-09-27,367.875,348.3,384.4,12,4414.5
gz-06-meteo-atlas,radiacionSolar,2026-09-27 16:00,2026-09-27 11:00,2026-09-27,389.07500000000005,376,398.3,12,4668.900000000001
gz-06-meteo-atlas,radiacionSolar,2026-09-27 17:00,2026-09-27 12:00,2026-09-27,367.54999999999995,343.8,376.8,12,4410.599999999999
gz-06-meteo-atlas,radiacionSolar,2026-09-27 18:00,2026-09-27 13:00,2026-09-27,688.8666666666667,584.6,864.3,12,8266.4
gz-06-meteo-atlas,radiacionSolar,2026-09-27 19:00,2026-09-27 14:00,2026-09-27,520.7916666666666,399.4,700,12,6249.499999999999
gz-06-meteo-atlas,radiacionSolar,2026-09-27 20:00,2026-09-27 15:00,2026-09-27,424.625,323,683.3,12,5095.5
gz-06-meteo-atlas,radiacionSolar,2026-09-27 21:00,2026-09-27 16:00,2026-09-27,260.5083333333334,212.6,352.9,12,3126.1000000000004
gz-06-meteo-atlas,radiacionSolar,2026-09-27 22:00,2026-09-27 17:00,2026-09-27,91.36666666666667,36.9,231.8,12,1096.4
gz-06-meteo-atlas,radiacionSolar,2026-09-27 23:00,2026-09-27 18:00,2026-09-27,2.8000000000000003,0,23.6,12,33.6
gz-06-meteo-atlas,radiacionSolar,2026-09-28 00:00,2026-09-27 19:00,2026-09-27,0,0,0,12,0
gz-06-meteo-atlas,radiacionSolar,2026-09-28 01:00,2026-09-27 20:00,2026-09-27,0,0,0,12,0
gz-06-meteo-atlas,radiacionSolar,2026-09-28 02:00,2026-09-27 21:00,2026-09-27,0,0,0,12,0
gz-06-meteo-atlas,radiacionSolar,2026-09-28 03:00,2026-09-27 22:00,2026-09-27,0,0,0,12,0
gz-06-meteo-atlas,radiacionSolar,2026-09-28 04:00,2026-09-27 23:00,2026-09-27,0,0,0,12,0
gz-06-meteo-atlas,radiacionSolar,2026-09-28 05:00,2026-09-28 00:00,2026-09-28,0,0,0,12,0
gz-06-meteo-atlas,radiacionSolar,2026-09-28 06:00,2026-09-28 01:00,2026-09-28,0,0,0,12,0
gz-06-meteo-atlas,radiacionSolar,2026-09-28 07:00,2026-09-28 02:00,2026-09-28,0,0,0,12,0
gz-06-meteo-atlas,radiacionSolar,2026-09-28 08:00,2026-09-28 03:00,2026-09-28,0,0,0,12,0
gz-06-meteo-atlas,radiacionSolar,2026-09-28 09:00,2026-09-28 04:00,2026-09-28,0,0,0,12,0
gz-06-meteo-atlas,radiacionSolar,2026-09-28 10:00,2026-09-28 05:00,2026-09-28,0.8416666666666667,0,10.1,12,10.1
gz-06-meteo-atlas,radiacionSolar,2026-09-28 11:00,2026-09-28 06:00,2026-09-28,86.09999999999998,20.4,169.4,12,1033.1999999999998
gz-06-meteo-atlas,radiacionSolar,2026-09-28 12:00,2026-09-28 07:00,2026-09-28,376.27500000000003,187.8,469.9,12,4515.3
gz-06-meteo-atlas,radiacionSolar,2026-09-28 13:00,2026-09-28 08:00,2026-09-28,403.8833333333334,329,480.3,12,4846.6
gz-06-meteo-atlas,radiacionSolar,2026-09-28 14:00,2026-09-28 09:00,2026-09-28,567.3666666666667,348.7,681.8,12,6808.400000000001
gz-06-meteo-atlas,radiacionSolar,2026-09-28 15:00,2026-09-28 10:00,2026-09-28,733.125,563.9,1019.8,12,8797.5
gz-06-meteo-atlas,radiacionSolar,2026-09-28 16:00,2026-09-28 11:00,2026-09-28,755.9250000000002,638.1,1009.4,12,9071.100000000002
gz-06-meteo-atlas,radiacionSolar,2026-09-28 17:00,2026-09-28 12:00,2026-09-28,694.4833333333332,593.7,912.6,12,8333.8
gz-06-meteo-atlas,radiacionSolar,2026-09-28 18:00,2026-09-28 13:00,2026-09-28,475.325,239.8,883.4,12,5703.9
gz-06-meteo-atlas,radiacionSolar,2026-09-28 19:00,2026-09-28 14:00,2026-09-28,684.025,272.2,836,12,8208.3
gz-06-meteo-atlas,radiacionSolar,2026-09-28 20:00,2026-09-28 15:00,2026-09-28,422.9666666666667,311.4,707.3,12,5075.6
gz-06-meteo-atlas,radiacionSolar,2026-09-28 21:00,2026-09-28 16:00,2026-09-28,245.66666666666666,160.6,360.6,12,2948
gz-06-meteo-atlas,radiacionSolar,2026-09-28 22:00,2026-09-28 17:00,2026-09-28,138.38333333333333,28.9,264.2,12,1660.6
gz-06-meteo-atlas,radiacionSolar,2026-09-28 23:00,2026-09-28 18:00,2026-09-28,1.8583333333333334,0,17,12,22.3
gz-06-meteo-atlas,radiacionSolar,2026-09-29 00:00,2026-09-28 19:00,2026-09-28,0,0,0,7,0
gz-06-meteo-atlas,tempExterior,2026-09-22 03:00,2026-09-21 22:00,2026-09-21,25.199999999999996,25.2,25.2,8,201.59999999999997
gz-06-meteo-atlas,tempExterior,2026-09-22 04:00,2026-09-21 23:00,2026-09-21,25.666666666666668,25.2,25.9,12,308
gz-06-meteo-atlas,tempExterior,2026-09-22 05:00,2026-09-22 00:00,2026-09-22,25.766666666666662,25.7,25.9,12,309.19999999999993
gz-06-meteo-atlas,tempExterior,2026-09-22 06:00,2026-09-22 01:00,2026-09-22,25.299999999999997,25.1,25.7,12,303.59999999999997
gz-06-meteo-atlas,tempExterior,2026-09-22 07:00,2026-09-22 02:00,2026-09-22,24.3,23.9,25.1,12,291.6
gz-06-meteo-atlas,tempExterior,2026-09-22 08:00,2026-09-22 03:00,2026-09-22,23.55,23.3,23.9,12,282.6
gz-06-meteo-atlas,tempExterior,2026-09-22 09:00,2026-09-22 04:00,2026-09-22,22.583333333333332,21.1,23.3,12,271
gz-06-meteo-atlas,tempExterior,2026-09-22 10:00,2026-09-22 05:00,2026-09-22,22.90833333333333,22.5,23.2,12,274.9
gz-06-meteo-atlas,tempExterior,2026-09-22 11:00,2026-09-22 06:00,2026-09-22,23.333333333333332,23.2,23.4,12,280
gz-06-meteo-atlas,tempExterior,2026-09-22 12:00,2026-09-22 07:00,2026-09-22,24.491666666666664,22.7,25.8,12,293.9
gz-06-meteo-atlas,tempExterior,2026-09-22 13:00,2026-09-22 08:00,2026-09-22,25.466666666666672,25.3,25.8,12,305.6000000000001
gz-06-meteo-atlas,tempExterior,2026-09-22 14:00,2026-09-22 09:00,2026-09-22,27.033333333333335,25.3,27.9,12,324.40000000000003
gz-06-meteo-atlas,tempExterior,2026-09-22 15:00,2026-09-22 10:00,2026-09-22,28.88333333333333,26.4,29.8,12,346.59999999999997
gz-06-meteo-atlas,tempExterior,2026-09-22 16:00,2026-09-22 11:00,2026-09-22,30.800000000000008,29.8,31.3,12,369.6000000000001
gz-06-meteo-atlas,tempExterior,2026-09-22 17:00,2026-09-22 12:00,2026-09-22,31.76666666666667,31.3,32.1,12,381.20000000000005
gz-06-meteo-atlas,tempExterior,2026-09-22 18:00,2026-09-22 13:00,2026-09-22,32.550000000000004,32.1,32.7,12,390.6
gz-06-meteo-atlas,tempExterior,2026-09-22 19:00,2026-09-22 14:00,2026-09-22,33.166666666666664,32.7,33.5,12,397.99999999999994
gz-06-meteo-atlas,tempExterior,2026-09-22 20:00,2026-09-22 15:00,2026-09-22,32.4,23.9,33.5,12,388.8
gz-06-meteo-atlas,tempExterior,2026-09-22 21:00,2026-09-22 16:00,2026-09-22,32.633333333333326,32.5,32.9,12,391.5999999999999
gz-06-meteo-atlas,tempExterior,2026-09-22 22:00,2026-09-22 17:00,2026-09-22,31.566666666666663,31.1,32.5,12,378.79999999999995
gz-06-meteo-atlas,tempExterior,2026-09-22 23:00,2026-09-22 18:00,2026-09-22,30.366666666666674,30,31.1,12,364.4000000000001
gz-06-meteo-atlas,tempExterior,2026-09-23 00:00,2026-09-22 19:00,2026-09-22,29.200000000000003,28.8,30,12,350.40000000000003
gz-06-meteo-atlas,tempExterior,2026-09-23 01:00,2026-09-22 20:00,2026-09-22,28,27.6,28.8,12,336
gz-06-meteo-atlas,tempExterior,2026-09-23 02:00,2026-09-22 21:00,2026-09-22,26.799999999999997,26.4,27.6,12,321.59999999999997
gz-06-meteo-atlas,tempExterior,2026-09-23 03:00,2026-09-22 22:00,2026-09-22,26,25.8,26.4,12,312
gz-06-meteo-atlas,tempExterior,2026-09-23 04:00,2026-09-22 23:00,2026-09-22,26,25.8,26.1,12,312
gz-06-meteo-atlas,tempExterior,2026-09-23 05:00,2026-09-23 00:00,2026-09-23,26.100000000000005,26.1,26.1,12,313.20000000000005
gz-06-meteo-atlas,tempExterior,2026-09-23 06:00,2026-09-23 01:00,2026-09-23,25.76666666666667,25.6,26.1,12,309.20000000000005
gz-06-meteo-atlas,tempExterior,2026-09-23 07:00,2026-09-23 02:00,2026-09-23,24.8,24.4,25.6,12,297.6
gz-06-meteo-atlas,tempExterior,2026-09-23 08:00,2026-09-23 03:00,2026-09-23,23.599999999999994,23.2,24.4,12,283.19999999999993
gz-06-meteo-atlas,tempExterior,2026-09-23 09:00,2026-09-23 04:00,2026-09-23,23.666666666666668,23.2,23.9,12,284
gz-06-meteo-atlas,tempExterior,2026-09-23 10:00,2026-09-23 05:00,2026-09-23,23.966666666666665,23.9,24,12,287.59999999999997
gz-06-meteo-atlas,tempExterior,2026-09-23 11:00,2026-09-23 06:00,2026-09-23,24.066666666666663,24,24.1,12,288.79999999999995
gz-06-meteo-atlas,tempExterior,2026-09-23 12:00,2026-09-23 07:00,2026-09-23,25.433333333333337,24.1,26.1,12,305.20000000000005
gz-06-meteo-atlas,tempExterior,2026-09-23 13:00,2026-09-23 08:00,2026-09-23,26.100000000000005,26.1,26.1,12,313.20000000000005
gz-06-meteo-atlas,tempExterior,2026-09-23 14:00,2026-09-23 09:00,2026-09-23,28.066666666666666,26.1,28.7,12,336.8
gz-06-meteo-atlas,tempExterior,2026-09-23 15:00,2026-09-23 10:00,2026-09-23,29.824999999999992,28.7,30.2,12,357.8999999999999
gz-06-meteo-atlas,tempExterior,2026-09-23 16:00,2026-09-23 11:00,2026-09-23,30.841666666666665,30.2,31.3,12,370.09999999999997
gz-06-meteo-atlas,tempExterior,2026-09-23 17:00,2026-09-23 12:00,2026-09-23,30.099999999999998,29.7,31.3,12,361.2
gz-06-meteo-atlas,tempExterior,2026-09-23 18:00,2026-09-23 13:00,2026-09-23,31.899999999999995,29.7,33,12,382.79999999999995
gz-06-meteo-atlas,tempExterior,2026-09-23 19:00,2026-09-23 14:00,2026-09-23,32.26666666666667,31.9,33,12,387.20000000000005
gz-06-meteo-atlas,tempExterior,2026-09-23 20:00,2026-09-23 15:00,2026-09-23,31.974999999999994,31.9,32,12,383.69999999999993
gz-06-meteo-atlas,tempExterior,2026-09-23 21:00,2026-09-23 16:00,2026-09-23,31.533333333333335,31.3,32,12,378.40000000000003
gz-06-meteo-atlas,tempExterior,2026-09-23 22:00,2026-09-23 17:00,2026-09-23,30.55,30.4,31.3,12,366.6
gz-06-meteo-atlas,tempExterior,2026-09-23 23:00,2026-09-23 18:00,2026-09-23,29.38181818181818,28.8,30.4,11,323.2
gz-06-meteo-atlas,tempExterior,2026-09-24 00:00,2026-09-23 19:00,2026-09-23,28.349999999999998,28.2,28.8,12,340.2
gz-06-meteo-atlas,tempExterior,2026-09-24 01:00,2026-09-23 20:00,2026-09-23,27.533333333333328,27.2,28.2,12,330.3999999999999
gz-06-meteo-atlas,tempExterior,2026-09-24 02:00,2026-09-23 21:00,2026-09-23,26.333333333333332,25.9,27.2,12,316
gz-06-meteo-atlas,tempExterior,2026-09-24 03:00,2026-09-23 22:00,2026-09-23,25.099999999999994,24.7,25.9,12,301.19999999999993
gz-06-meteo-atlas,tempExterior,2026-09-24 04:00,2026-09-23 23:00,2026-09-23,24.63333333333333,24.6,24.7,12,295.59999999999997
gz-06-meteo-atlas,tempExterior,2026-09-24 05:00,2026-09-24 00:00,2026-09-24,25.133333333333336,24.6,25.4,12,301.6
gz-06-meteo-atlas,tempExterior,2026-09-24 06:00,2026-09-24 01:00,2026-09-24,25.266666666666662,25.2,25.4,12,303.19999999999993
gz-06-meteo-atlas,tempExterior,2026-09-24 07:00,2026-09-24 02:00,2026-09-24,24.966666666666665,24.8,25.2,12,299.59999999999997
gz-06-meteo-atlas,tempExterior,2026-09-24 08:00,2026-09-24 03:00,2026-09-24,24.33333333333334,24,24.8,12,292.00000000000006
gz-06-meteo-atlas,tempExterior,2026-09-24 09:00,2026-09-24 04:00,2026-09-24,23.100000000000005,22.8,24,12,277.20000000000005
gz-06-meteo-atlas,tempExterior,2026-09-24 10:00,2026-09-24 05:00,2026-09-24,23.558333333333337,22.8,24.1,12,282.70000000000005
gz-06-meteo-atlas,tempExterior,2026-09-24 11:00,2026-09-24 06:00,2026-09-24,24.549999999999997,24.1,24.7,12,294.59999999999997
gz-06-meteo-atlas,tempExterior,2026-09-24 12:00,2026-09-24 07:00,2026-09-24,24.816666666666663,24.7,24.9,12,297.79999999999995
gz-06-meteo-atlas,tempExterior,2026-09-24 13:00,2026-09-24 08:00,2026-09-24,25.48333333333333,24.9,25.9,12,305.79999999999995
gz-06-meteo-atlas,tempExterior,2026-09-24 14:00,2026-09-24 09:00,2026-09-24,26.299999999999997,25.9,26.5,12,315.59999999999997
gz-06-meteo-atlas,tempExterior,2026-09-24 15:00,2026-09-24 10:00,2026-09-24,28.100000000000005,26.5,28.9,12,337.20000000000005
gz-06-meteo-atlas,tempExterior,2026-09-24 16:00,2026-09-24 11:00,2026-09-24,29.83333333333333,28.9,30.3,12,357.99999999999994
gz-06-meteo-atlas,tempExterior,2026-09-24 17:00,2026-09-24 12:00,2026-09-24,31.100000000000005,30.3,31.5,12,373.20000000000005
gz-06-meteo-atlas,tempExterior,2026-09-24 18:00,2026-09-24 13:00,2026-09-24,32.325,31.5,32.6,12,387.90000000000003
gz-06-meteo-atlas,tempExterior,2026-09-24 19:00,2026-09-24 14:00,2026-09-24,32.26666666666667,32.1,32.6,12,387.2000000000001
gz-06-meteo-atlas,tempExterior,2026-09-24 20:00,2026-09-24 15:00,2026-09-24,31.8,31.7,32.1,12,381.6
gz-06-meteo-atlas,tempExterior,2026-09-24 21:00,2026-09-24 16:00,2026-09-24,31.23333333333333,31,31.7,12,374.79999999999995
gz-06-meteo-atlas,tempExterior,2026-09-24 22:00,2026-09-24 17:00,2026-09-24,30.3,29.8,31,12,363.6
gz-06-meteo-atlas,tempExterior,2026-09-24 23:00,2026-09-24 18:00,2026-09-24,28.599999999999998,28.2,29.8,12,343.2
gz-06-meteo-atlas,tempExterior,2026-09-25 00:00,2026-09-24 19:00,2026-09-24,27.599999999999998,27.4,28.2,12,331.2
gz-06-meteo-atlas,tempExterior,2026-09-25 01:00,2026-09-24 20:00,2026-09-24,26.424999999999994,26.1,27.4,12,317.0999999999999
gz-06-meteo-atlas,tempExterior,2026-09-25 02:00,2026-09-24 21:00,2026-09-24,25.125,24.8,26.1,12,301.5
gz-06-meteo-atlas,tempExterior,2026-09-25 03:00,2026-09-24 22:00,2026-09-24,24.050000000000008,23.8,24.8,12,288.6000000000001
gz-06-meteo-atlas,tempExterior,2026-09-25 04:00,2026-09-24 23:00,2026-09-24,23.800000000000008,23.8,23.8,12,285.6000000000001
gz-06-meteo-atlas,tempExterior,2026-09-25 05:00,2026-09-25 00:00,2026-09-25,24.099999999999998,23.8,24.2,12,289.2
gz-06-meteo-atlas,tempExterior,2026-09-25 06:00,2026-09-25 01:00,2026-09-25,24.275000000000002,24.2,24.3,12,291.3
gz-06-meteo-atlas,tempExterior,2026-09-25 07:00,2026-09-25 02:00,2026-09-25,23.925000000000008,23.8,24.3,12,287.1000000000001
gz-06-meteo-atlas,tempExterior,2026-09-25 08:00,2026-09-25 03:00,2026-09-25,23.500000000000004,23.4,23.8,12,282.00000000000006
gz-06-meteo-atlas,tempExterior,2026-09-25 09:00,2026-09-25 04:00,2026-09-25,22.575000000000003,22.3,23.4,12,270.90000000000003
gz-06-meteo-atlas,tempExterior,2026-09-25 10:00,2026-09-25 05:00,2026-09-25,22.833333333333332,22.3,23.1,12,274
gz-06-meteo-atlas,tempExterior,2026-09-25 11:00,2026-09-25 06:00,2026-09-25,23.099999999999998,23.1,23.1,12,277.2
gz-06-meteo-atlas,tempExterior,2026-09-25 12:00,2026-09-25 07:00,2026-09-25,23.89166666666667,23,24.3,12,286.70000000000005
gz-06-meteo-atlas,tempExterior,2026-09-25 13:00,2026-09-25 08:00,2026-09-25,24.825000000000003,24.3,25,12,297.90000000000003
gz-06-meteo-atlas,tempExterior,2026-09-25 14:00,2026-09-25 09:00,2026-09-25,25.40833333333333,25,25.7,12,304.9
gz-06-meteo-atlas,tempExterior,2026-09-25 15:00,2026-09-25 10:00,2026-09-25,27.199999999999992,25.7,27.7,12,326.3999999999999
gz-06-meteo-atlas,tempExterior,2026-09-25 16:00,2026-09-25 11:00,2026-09-25,28.974999999999998,27.7,29.4,12,347.7
gz-06-meteo-atlas,tempExterior,2026-09-25 17:00,2026-09-25 12:00,2026-09-25,30.075,29.4,30.3,12,360.9
gz-06-meteo-atlas,tempExterior,2026-09-25 18:00,2026-09-25 13:00,2026-09-25,30.900000000000002,30.3,31.2,12,370.8
gz-06-meteo-atlas,tempExterior,2026-09-25 19:00,2026-09-25 14:00,2026-09-25,30.666666666666668,30.4,31.2,12,368
gz-06-meteo-atlas,tempExterior,2026-09-25 20:00,2026-09-25 15:00,2026-09-25,29.86666666666666,29.6,30.4,12,358.3999999999999
gz-06-meteo-atlas,tempExterior,2026-09-25 21:00,2026-09-25 16:00,2026-09-25,28.600000000000005,28.4,29.6,12,343.20000000000005
gz-06-meteo-atlas,tempExterior,2026-09-25 22:00,2026-09-25 17:00,2026-09-25,27.533333333333328,27.1,28.4,12,330.3999999999999
gz-06-meteo-atlas,tempExterior,2026-09-25 23:00,2026-09-25 18:00,2026-09-25,26.566666666666674,26.3,27.1,12,318.80000000000007
gz-06-meteo-atlas,tempExterior,2026-09-26 00:00,2026-09-25 19:00,2026-09-25,26.36666666666667,26.3,26.4,12,316.40000000000003
gz-06-meteo-atlas,tempExterior,2026-09-26 01:00,2026-09-25 20:00,2026-09-25,25.86666666666666,25.6,26.4,12,310.3999999999999
gz-06-meteo-atlas,tempExterior,2026-09-26 02:00,2026-09-25 21:00,2026-09-25,24.866666666666664,24.5,25.6,12,298.4
gz-06-meteo-atlas,tempExterior,2026-09-26 03:00,2026-09-25 22:00,2026-09-25,24.5,24.5,24.5,12,294
gz-06-meteo-atlas,tempExterior,2026-09-26 04:00,2026-09-25 23:00,2026-09-25,24.833333333333332,24.5,25,12,298
gz-06-meteo-atlas,tempExterior,2026-09-26 05:00,2026-09-26 00:00,2026-09-26,24.583333333333332,24.5,25,12,295
gz-06-meteo-atlas,tempExterior,2026-09-26 06:00,2026-09-26 01:00,2026-09-26,23.899999999999995,23.6,24.5,12,286.79999999999995
gz-06-meteo-atlas,tempExterior,2026-09-26 07:00,2026-09-26 02:00,2026-09-26,23.000000000000004,22.8,23.6,12,276.00000000000006
gz-06-meteo-atlas,tempExterior,2026-09-26 08:00,2026-09-26 03:00,2026-09-26,21.974999999999998,21.7,22.8,12,263.7
gz-06-meteo-atlas,tempExterior,2026-09-26 09:00,2026-09-26 04:00,2026-09-26,22.449999999999992,21.7,22.7,12,269.3999999999999
gz-06-meteo-atlas,tempExterior,2026-09-26 10:00,2026-09-26 05:00,2026-09-26,22.924999999999997,22.7,23,12,275.09999999999997
gz-06-meteo-atlas,tempExterior,2026-09-26 11:00,2026-09-26 06:00,2026-09-26,22.925,22.9,23,12,275.1
gz-06-meteo-atlas,tempExterior,2026-09-26 12:00,2026-09-26 07:00,2026-09-26,23.275000000000002,22.9,23.4,12,279.3
gz-06-meteo-atlas,tempExterior,2026-09-26 13:00,2026-09-26 08:00,2026-09-26,23.866666666666664,23.4,24.1,12,286.4
gz-06-meteo-atlas,tempExterior,2026-09-26 14:00,2026-09-26 09:00,2026-09-26,25.224999999999998,24.1,25.6,12,302.7
gz-06-meteo-atlas,tempExterior,2026-09-26 15:00,2026-09-26 10:00,2026-09-26,26.650000000000006,25.6,27,12,319.80000000000007
gz-06-meteo-atlas,tempExterior,2026-09-26 16:00,2026-09-26 11:00,2026-09-26,27.727272727272727,27,28,11,305
gz-06-meteo-atlas,tempExterior,2026-09-26 17:00,2026-09-26 12:00,2026-09-26,28.26666666666667,28,28.4,12,339.20000000000005
gz-06-meteo-atlas,tempExterior,2026-09-26 18:00,2026-09-26 13:00,2026-09-26,27.73333333333333,27.4,28.4,12,332.79999999999995
gz-06-meteo-atlas,tempExterior,2026-09-26 19:00,2026-09-26 14:00,2026-09-26,28.466666666666658,27.4,29,12,341.5999999999999
gz-06-meteo-atlas,tempExterior,2026-09-26 20:00,2026-09-26 15:00,2026-09-26,27.933333333333337,27.4,29,12,335.20000000000005
gz-06-meteo-atlas,tempExterior,2026-09-26 21:00,2026-09-26 16:00,2026-09-26,27.86666666666666,27.4,28.1,12,334.3999999999999
gz-06-meteo-atlas,tempExterior,2026-09-26 22:00,2026-09-26 17:00,2026-09-26,27.650000000000002,21.9,28.2,12,331.8
gz-06-meteo-atlas,tempExterior,2026-09-26 23:00,2026-09-26 18:00,2026-09-26,27.266666666666666,26.8,28.2,12,327.2
gz-06-meteo-atlas,tempExterior,2026-09-27 00:00,2026-09-26 19:00,2026-09-26,26.533333333333335,26.4,26.8,12,318.40000000000003
gz-06-meteo-atlas,tempExterior,2026-09-27 01:00,2026-09-26 20:00,2026-09-26,25.933333333333326,25.7,26.4,12,311.19999999999993
gz-06-meteo-atlas,tempExterior,2026-09-27 02:00,2026-09-26 21:00,2026-09-26,25.549999999999997,25.5,25.7,12,306.59999999999997
gz-06-meteo-atlas,tempExterior,2026-09-27 03:00,2026-09-26 22:00,2026-09-26,25.616666666666664,25.5,25.7,12,307.4
gz-06-meteo-atlas,tempExterior,2026-09-27 04:00,2026-09-26 23:00,2026-09-26,25.29166666666666,25,25.7,12,303.49999999999994
gz-06-meteo-atlas,tempExterior,2026-09-27 05:00,2026-09-27 00:00,2026-09-27,24.325,24.1,25,12,291.9
gz-06-meteo-atlas,tempExterior,2026-09-27 06:00,2026-09-27 01:00,2026-09-27,24.041666666666668,24,24.1,12,288.5
gz-06-meteo-atlas,tempExterior,2026-09-27 07:00,2026-09-27 02:00,2026-09-27,23.3,22.8,24,12,279.6
gz-06-meteo-atlas,tempExterior,2026-09-27 08:00,2026-09-27 03:00,2026-09-27,22.975000000000005,22.8,23.1,12,275.70000000000005
gz-06-meteo-atlas,tempExterior,2026-09-27 09:00,2026-09-27 04:00,2026-09-27,23.099999999999998,23.1,23.1,12,277.2
gz-06-meteo-atlas,tempExterior,2026-09-27 10:00,2026-09-27 05:00,2026-09-27,22.200000000000003,21.9,23.1,12,266.40000000000003
gz-06-meteo-atlas,tempExterior,2026-09-27 11:00,2026-09-27 06:00,2026-09-27,22.275000000000002,21.9,22.4,12,267.3
gz-06-meteo-atlas,tempExterior,2026-09-27 12:00,2026-09-27 07:00,2026-09-27,23.525000000000002,22.4,23.9,12,282.3
gz-06-meteo-atlas,tempExterior,2026-09-27 13:00,2026-09-27 08:00,2026-09-27,24.575000000000003,23.9,24.8,12,294.90000000000003
gz-06-meteo-atlas,tempExterior,2026-09-27 14:00,2026-09-27 09:00,2026-09-27,26.075000000000003,24.8,26.5,12,312.90000000000003
gz-06-meteo-atlas,tempExterior,2026-09-27 15:00,2026-09-27 10:00,2026-09-27,27.625,26.5,28,12,331.5
gz-06-meteo-atlas,tempExterior,2026-09-27 16:00,2026-09-27 11:00,2026-09-27,28.675,28,28.9,12,344.1
gz-06-meteo-atlas,tempExterior,2026-09-27 17:00,2026-09-27 12:00,2026-09-27,29.724999999999994,28.9,30,12,356.69999999999993
gz-06-meteo-atlas,tempExterior,2026-09-27 18:00,2026-09-27 13:00,2026-09-27,27.249999999999996,26,28.8,12,326.99999999999994
gz-06-meteo-atlas,tempExterior,2026-09-27 19:00,2026-09-27 14:00,2026-09-27,26.008333333333336,24.6,28.3,12,312.1
gz-06-meteo-atlas,tempExterior,2026-09-27 20:00,2026-09-27 15:00,2026-09-27,24.96666666666667,23.6,28.1,12,299.6
gz-06-meteo-atlas,tempExterior,2026-09-27 21:00,2026-09-27 16:00,2026-09-27,22.83333333333334,22.3,23.6,12,274.00000000000006
gz-06-meteo-atlas,tempExterior,2026-09-27 22:00,2026-09-27 17:00,2026-09-27,21.61666666666667,20.6,22.5,12,259.40000000000003
gz-06-meteo-atlas,tempExterior,2026-09-27 23:00,2026-09-27 18:00,2026-09-27,20.650000000000002,20.3,20.8,12,247.8
gz-06-meteo-atlas,tempExterior,2026-09-28 00:00,2026-09-27 19:00,2026-09-27,20.675,20.1,21.3,12,248.1
gz-06-meteo-atlas,tempExterior,2026-09-28 01:00,2026-09-27 20:00,2026-09-27,20.866666666666667,20.2,21.4,12,250.4
gz-06-meteo-atlas,tempExterior,2026-09-28 02:00,2026-09-27 21:00,2026-09-27,20.441666666666666,20.1,21.3,12,245.3
gz-06-meteo-atlas,tempExterior,2026-09-28 03:00,2026-09-27 22:00,2026-09-27,20.658333333333335,20,21,12,247.9
gz-06-meteo-atlas,tempExterior,2026-09-28 04:00,2026-09-27 23:00,2026-09-27,20.558333333333334,20.1,20.9,12,246.7
gz-06-meteo-atlas,tempExterior,2026-09-28 05:00,2026-09-28 00:00,2026-09-28,20.983333333333334,20.3,21.5,12,251.8
gz-06-meteo-atlas,tempExterior,2026-09-28 06:00,2026-09-28 01:00,2026-09-28,20.875,20.3,21.5,12,250.5
gz-06-meteo-atlas,tempExterior,2026-09-28 07:00,2026-09-28 02:00,2026-09-28,20.841666666666665,20.1,21.5,12,250.09999999999997
gz-06-meteo-atlas,tempExterior,2026-09-28 08:00,2026-09-28 03:00,2026-09-28,20.558333333333334,20.3,21,12,246.7
gz-06-meteo-atlas,tempExterior,2026-09-28 09:00,2026-09-28 04:00,2026-09-28,20.516666666666666,20.2,20.7,12,246.2
gz-06-meteo-atlas,tempExterior,2026-09-28 10:00,2026-09-28 05:00,2026-09-28,20.73333333333333,20.1,21.1,12,248.79999999999998
gz-06-meteo-atlas,tempExterior,2026-09-28 11:00,2026-09-28 06:00,2026-09-28,21.55,21,22.4,12,258.6
gz-06-meteo-atlas,tempExterior,2026-09-28 12:00,2026-09-28 07:00,2026-09-28,24.333333333333332,22.6,25.1,12,292
gz-06-meteo-atlas,tempExterior,2026-09-28 13:00,2026-09-28 08:00,2026-09-28,25.066666666666666,24.7,25.7,12,300.8
gz-06-meteo-atlas,tempExterior,2026-09-28 14:00,2026-09-28 09:00,2026-09-28,26.13333333333333,24.8,26.9,12,313.59999999999997
gz-06-meteo-atlas,tempExterior,2026-09-28 15:00,2026-09-28 10:00,2026-09-28,27.900000000000002,26.4,30.2,12,334.8
gz-06-meteo-atlas,tempExterior,2026-09-28 16:00,2026-09-28 11:00,2026-09-28,27.875,26.7,29.9,12,334.5
gz-06-meteo-atlas,tempExterior,2026-09-28 17:00,2026-09-28 12:00,2026-09-28,27.46666666666667,25.8,30.3,12,329.6
gz-06-meteo-atlas,tempExterior,2026-09-28 18:00,2026-09-28 13:00,2026-09-28,25.600000000000005,23.1,29.8,12,307.20000000000005
gz-06-meteo-atlas,tempExterior,2026-09-28 19:00,2026-09-28 14:00,2026-09-28,27.108333333333334,23.5,28.3,12,325.3
gz-06-meteo-atlas,tempExterior,2026-09-28 20:00,2026-09-28 15:00,2026-09-28,24.83333333333333,23.8,27.6,12,297.99999999999994
gz-06-meteo-atlas,tempExterior,2026-09-28 21:00,2026-09-28 16:00,2026-09-28,22.8,22.1,23.9,12,273.6
gz-06-meteo-atlas,tempExterior,2026-09-28 22:00,2026-09-28 17:00,2026-09-28,22.00833333333333,20.9,23.3,12,264.09999999999997
gz-06-meteo-atlas,tempExterior,2026-09-28 23:00,2026-09-28 18:00,2026-09-28,20.849999999999998,20.1,21.4,12,250.2
gz-06-meteo-atlas,tempExterior,2026-09-29 00:00,2026-09-28 19:00,2026-09-28,20.52857142857143,20.2,20.7,7,143.7
gz-06-meteo-atlas,velocidadViento,2026-09-22 03:00,2026-09-21 22:00,2026-09-21,6.2,6,6.8,8,49.6
gz-06-meteo-atlas,velocidadViento,2026-09-22 04:00,2026-09-21 23:00,2026-09-21,6.916666666666665,6.8,7.5,12,82.99999999999999
gz-06-meteo-atlas,velocidadViento,2026-09-22 05:00,2026-09-22 00:00,2026-09-22,7.633333333333333,7.5,7.9,12,91.6
gz-06-meteo-atlas,velocidadViento,2026-09-22 06:00,2026-09-22 01:00,2026-09-22,7.966666666666668,7.9,8.1,12,95.60000000000001
gz-06-meteo-atlas,velocidadViento,2026-09-22 07:00,2026-09-22 02:00,2026-09-22,8.099999999999998,8.1,8.1,12,97.19999999999997
gz-06-meteo-atlas,velocidadViento,2026-09-22 08:00,2026-09-22 03:00,2026-09-22,8.099999999999998,8.1,8.1,12,97.19999999999997
gz-06-meteo-atlas,velocidadViento,2026-09-22 09:00,2026-09-22 04:00,2026-09-22,8.091666666666667,7.9,8.4,12,97.1
gz-06-meteo-atlas,velocidadViento,2026-09-22 10:00,2026-09-22 05:00,2026-09-22,7.95,7.9,8.1,12,95.4
gz-06-meteo-atlas,velocidadViento,2026-09-22 11:00,2026-09-22 06:00,2026-09-22,8.216666666666665,8.1,8.8,12,98.59999999999998
gz-06-meteo-atlas,velocidadViento,2026-09-22 12:00,2026-09-22 07:00,2026-09-22,8.399999999999999,6.6,9.2,12,100.79999999999998
gz-06-meteo-atlas,velocidadViento,2026-09-22 13:00,2026-09-22 08:00,2026-09-22,7.799999999999998,7.3,8.8,12,93.59999999999998
gz-06-meteo-atlas,velocidadViento,2026-09-22 14:00,2026-09-22 09:00,2026-09-22,9.133333333333331,8.8,9.8,12,109.59999999999998
gz-06-meteo-atlas,velocidadViento,2026-09-22 15:00,2026-09-22 10:00,2026-09-22,9.658333333333331,4.8,10.9,12,115.89999999999998
gz-06-meteo-atlas,velocidadViento,2026-09-22 16:00,2026-09-22 11:00,2026-09-22,11.175000000000002,10.9,12,12,134.10000000000002
gz-06-meteo-atlas,velocidadViento,2026-09-22 17:00,2026-09-22 12:00,2026-09-22,12.1,12,12.4,12,145.2
gz-06-meteo-atlas,velocidadViento,2026-09-22 18:00,2026-09-22 13:00,2026-09-22,12.450000000000003,12.4,12.6,12,149.40000000000003
gz-06-meteo-atlas,velocidadViento,2026-09-22 19:00,2026-09-22 14:00,2026-09-22,12.599999999999996,12.6,12.6,12,151.19999999999996
gz-06-meteo-atlas,velocidadViento,2026-09-22 20:00,2026-09-22 15:00,2026-09-22,12.166666666666664,9.8,12.6,12,145.99999999999997
gz-06-meteo-atlas,velocidadViento,2026-09-22 21:00,2026-09-22 16:00,2026-09-22,11.9,11.7,12,12,142.8
gz-06-meteo-atlas,velocidadViento,2026-09-22 22:00,2026-09-22 17:00,2026-09-22,11.533333333333333,10.7,11.7,12,138.4
gz-06-meteo-atlas,velocidadViento,2026-09-22 23:00,2026-09-22 18:00,2026-09-22,10.066666666666668,8.8,10.7,12,120.80000000000003
gz-06-meteo-atlas,velocidadViento,2026-09-23 00:00,2026-09-22 19:00,2026-09-22,8.399999999999999,6.4,8.8,12,100.79999999999998
gz-06-meteo-atlas,velocidadViento,2026-09-23 01:00,2026-09-22 20:00,2026-09-22,6.366666666666667,6.2,6.4,12,76.4
gz-06-meteo-atlas,velocidadViento,2026-09-23 02:00,2026-09-22 21:00,2026-09-22,6.233333333333334,6.2,6.4,12,74.80000000000001
gz-06-meteo-atlas,velocidadViento,2026-09-23 03:00,2026-09-22 22:00,2026-09-22,6.6000000000000005,6.4,7,12,79.2
gz-06-meteo-atlas,velocidadViento,2026-09-23 04:00,2026-09-22 23:00,2026-09-22,6.933333333333334,6.8,7,12,83.2
gz-06-meteo-atlas,velocidadViento,2026-09-23 05:00,2026-09-23 00:00,2026-09-23,6.633333333333332,5.8,6.8,12,79.59999999999998
gz-06-meteo-atlas,velocidadViento,2026-09-23 06:00,2026-09-23 01:00,2026-09-23,5.433333333333333,4.7,5.8,12,65.19999999999999
gz-06-meteo-atlas,velocidadViento,2026-09-23 07:00,2026-09-23 02:00,2026-09-23,4.833333333333335,4.7,5.1,12,58.000000000000014
gz-06-meteo-atlas,velocidadViento,2026-09-23 08:00,2026-09-23 03:00,2026-09-23,5.333333333333333,5.1,5.8,12,64
gz-06-meteo-atlas,velocidadViento,2026-09-23 09:00,2026-09-23 04:00,2026-09-23,5.833333333333332,5.8,6,12,69.99999999999999
gz-06-meteo-atlas,velocidadViento,2026-09-23 10:00,2026-09-23 05:00,2026-09-23,5.766666666666667,5.3,6,12,69.2
gz-06-meteo-atlas,velocidadViento,2026-09-23 11:00,2026-09-23 06:00,2026-09-23,5.166666666666665,4.9,5.3,12,61.999999999999986
gz-06-meteo-atlas,velocidadViento,2026-09-23 12:00,2026-09-23 07:00,2026-09-23,5.599999999999999,4.9,7,12,67.19999999999999
gz-06-meteo-atlas,velocidadViento,2026-09-23 13:00,2026-09-23 08:00,2026-09-23,7.6000000000000005,7,8.8,12,91.2
gz-06-meteo-atlas,velocidadViento,2026-09-23 14:00,2026-09-23 09:00,2026-09-23,8.558333333333332,2.9,9.8,12,102.69999999999999
gz-06-meteo-atlas,velocidadViento,2026-09-23 15:00,2026-09-23 10:00,2026-09-23,10.074999999999998,9.8,10.9,12,120.89999999999998
gz-06-meteo-atlas,velocidadViento,2026-09-23 16:00,2026-09-23 11:00,2026-09-23,11.175000000000002,10.9,12,12,134.10000000000002
gz-06-meteo-atlas,velocidadViento,2026-09-23 17:00,2026-09-23 12:00,2026-09-23,12.25,12,13,12,147
gz-06-meteo-atlas,velocidadViento,2026-09-23 18:00,2026-09-23 13:00,2026-09-23,13.166666666666666,13,13.5,12,158
gz-06-meteo-atlas,velocidadViento,2026-09-23 19:00,2026-09-23 14:00,2026-09-23,13.375,13,13.5,12,160.5
gz-06-meteo-atlas,velocidadViento,2026-09-23 20:00,2026-09-23 15:00,2026-09-23,12.933333333333332,12.8,13,12,155.2
gz-06-meteo-atlas,velocidadViento,2026-09-23 21:00,2026-09-23 16:00,2026-09-23,12.666666666666666,12.4,12.8,12,152
gz-06-meteo-atlas,velocidadViento,2026-09-23 22:00,2026-09-23 17:00,2026-09-23,11.900000000000004,10.9,12.4,12,142.80000000000004
gz-06-meteo-atlas,velocidadViento,2026-09-23 23:00,2026-09-23 18:00,2026-09-23,10.32727272727273,8.8,10.9,11,113.60000000000002
gz-06-meteo-atlas,velocidadViento,2026-09-24 00:00,2026-09-23 19:00,2026-09-23,8.333333333333332,6,8.8,12,99.99999999999999
gz-06-meteo-atlas,velocidadViento,2026-09-24 01:00,2026-09-23 20:00,2026-09-23,6,6,6,12,72
gz-06-meteo-atlas,velocidadViento,2026-09-24 02:00,2026-09-23 21:00,2026-09-23,6.166666666666667,6,7,12,74
gz-06-meteo-atlas,velocidadViento,2026-09-24 03:00,2026-09-23 22:00,2026-09-23,7.233333333333333,7,7.7,12,86.8
gz-06-meteo-atlas,velocidadViento,2026-09-24 04:00,2026-09-23 23:00,2026-09-23,7.700000000000002,7.7,7.7,12,92.40000000000002
gz-06-meteo-atlas,velocidadViento,2026-09-24 05:00,2026-09-24 00:00,2026-09-24,7.700000000000002,7.7,7.7,12,92.40000000000002
gz-06-meteo-atlas,velocidadViento,2026-09-24 06:00,2026-09-24 01:00,2026-09-24,7.666666666666668,7.5,7.7,12,92.00000000000001
gz-06-meteo-atlas,velocidadViento,2026-09-24 07:00,2026-09-24 02:00,2026-09-24,7.375,7,7.5,12,88.5
gz-06-meteo-atlas,velocidadViento,2026-09-24 08:00,2026-09-24 03:00,2026-09-24,6.8500000000000005,6.4,7,12,82.2
gz-06-meteo-atlas,velocidadViento,2026-09-24 09:00,2026-09-24 04:00,2026-09-24,6.3500000000000005,6.2,6.4,12,76.2
gz-06-meteo-atlas,velocidadViento,2026-09-24 10:00,2026-09-24 05:00,2026-09-24,6.216666666666668,6.2,6.4,12,74.60000000000001
gz-06-meteo-atlas,velocidadViento,2026-09-24 11:00,2026-09-24 06:00,2026-09-24,6.675000000000001,6.4,7.5,12,80.10000000000001
gz-06-meteo-atlas,velocidadViento,2026-09-24 12:00,2026-09-24 07:00,2026-09-24,7.541666666666667,7.4,7.7,12,90.5
gz-06-meteo-atlas,velocidadViento,2026-09-24 13:00,2026-09-24 08:00,2026-09-24,8.200000000000001,7.7,9.2,12,98.40000000000002
gz-06-meteo-atlas,velocidadViento,2026-09-24 14:00,2026-09-24 09:00,2026-09-24,9.483333333333336,9.2,10.9,12,113.80000000000003
gz-06-meteo-atlas,velocidadViento,2026-09-24 15:00,2026-09-24 10:00,2026-09-24,11.266666666666667,10.9,12,12,135.20000000000002
gz-06-meteo-atlas,velocidadViento,2026-09-24 16:00,2026-09-24 11:00,2026-09-24,12.166666666666666,12,13,12,146
gz-06-meteo-atlas,velocidadViento,2026-09-24 17:00,2026-09-24 12:00,2026-09-24,13.174999999999999,13,13.7,12,158.1
gz-06-meteo-atlas,velocidadViento,2026-09-24 18:00,2026-09-24 13:00,2026-09-24,13.633333333333333,13.5,13.7,12,163.6
gz-06-meteo-atlas,velocidadViento,2026-09-24 19:00,2026-09-24 14:00,2026-09-24,13.225,12.4,13.5,12,158.7
gz-06-meteo-atlas,velocidadViento,2026-09-24 20:00,2026-09-24 15:00,2026-09-24,12.025000000000004,10.9,12.4,12,144.30000000000004
gz-06-meteo-atlas,velocidadViento,2026-09-24 21:00,2026-09-24 16:00,2026-09-24,10.533333333333337,9.8,10.9,12,126.40000000000003
gz-06-meteo-atlas,velocidadViento,2026-09-24 22:00,2026-09-24 17:00,2026-09-24,9.799999999999999,9.8,9.8,12,117.59999999999998
gz-06-meteo-atlas,velocidadViento,2026-09-24 23:00,2026-09-24 18:00,2026-09-24,9.424999999999999,8.3,9.8,12,113.09999999999998
gz-06-meteo-atlas,velocidadViento,2026-09-25 00:00,2026-09-24 19:00,2026-09-24,7.824999999999999,6.4,8.3,12,93.89999999999999
gz-06-meteo-atlas,velocidadViento,2026-09-25 01:00,2026-09-24 20:00,2026-09-24,6.3500000000000005,6.2,6.4,12,76.2
gz-06-meteo-atlas,velocidadViento,2026-09-25 02:00,2026-09-24 21:00,2026-09-24,6.250000000000001,6.2,6.4,12,75.00000000000001
gz-06-meteo-atlas,velocidadViento,2026-09-25 03:00,2026-09-24 22:00,2026-09-24,6.550000000000001,6.4,7,12,78.60000000000001
gz-06-meteo-atlas,velocidadViento,2026-09-25 04:00,2026-09-24 23:00,2026-09-24,7,7,7,12,84
gz-06-meteo-atlas,velocidadViento,2026-09-25 05:00,2026-09-25 00:00,2026-09-25,6.8500000000000005,6.4,7,12,82.2
gz-06-meteo-atlas,velocidadViento,2026-09-25 06:00,2026-09-25 01:00,2026-09-25,6.3999999999999995,6.4,6.4,12,76.8
gz-06-meteo-atlas,velocidadViento,2026-09-25 07:00,2026-09-25 02:00,2026-09-25,6.5,6.4,6.8,12,78
gz-06-meteo-atlas,velocidadViento,2026-09-25 08:00,2026-09-25 03:00,2026-09-25,6.849999999999999,6.8,7,12,82.19999999999999
gz-06-meteo-atlas,velocidadViento,2026-09-25 09:00,2026-09-25 04:00,2026-09-25,7.125,7,7.5,12,85.5
gz-06-meteo-atlas,velocidadViento,2026-09-25 10:00,2026-09-25 05:00,2026-09-25,7.933333333333334,7.5,8.8,12,95.2
gz-06-meteo-atlas,velocidadViento,2026-09-25 11:00,2026-09-25 06:00,2026-09-25,9.324999999999998,8.8,10.9,12,111.89999999999998
gz-06-meteo-atlas,velocidadViento,2026-09-25 12:00,2026-09-25 07:00,2026-09-25,10.050000000000002,7.5,10.9,12,120.60000000000002
gz-06-meteo-atlas,velocidadViento,2026-09-25 13:00,2026-09-25 08:00,2026-09-25,7.925,7.5,9.2,12,95.1
gz-06-meteo-atlas,velocidadViento,2026-09-25 14:00,2026-09-25 09:00,2026-09-25,9.525000000000002,9.2,10.5,12,114.30000000000003
gz-06-meteo-atlas,velocidadViento,2026-09-25 15:00,2026-09-25 10:00,2026-09-25,10.6,10.5,10.9,12,127.2
gz-06-meteo-atlas,velocidadViento,2026-09-25 16:00,2026-09-25 11:00,2026-09-25,11.175000000000002,10.9,12,12,134.10000000000002
gz-06-meteo-atlas,velocidadViento,2026-09-25 17:00,2026-09-25 12:00,2026-09-25,12.333333333333334,12,13,12,148
gz-06-meteo-atlas,velocidadViento,2026-09-25 18:00,2026-09-25 13:00,2026-09-25,13.166666666666666,13,13.5,12,158
gz-06-meteo-atlas,velocidadViento,2026-09-25 19:00,2026-09-25 14:00,2026-09-25,13.200000000000001,12.6,13.5,12,158.4
gz-06-meteo-atlas,velocidadViento,2026-09-25 20:00,2026-09-25 15:00,2026-09-25,12.166666666666664,11.3,12.6,12,145.99999999999997
gz-06-meteo-atlas,velocidadViento,2026-09-25 21:00,2026-09-25 16:00,2026-09-25,10.933333333333332,10.2,11.3,12,131.2
gz-06-meteo-atlas,velocidadViento,2026-09-25 22:00,2026-09-25 17:00,2026-09-25,9.933333333333335,9.4,10.2,12,119.20000000000002
gz-06-meteo-atlas,velocidadViento,2026-09-25 23:00,2026-09-25 18:00,2026-09-25,9.183333333333335,8.1,9.4,12,110.20000000000002
gz-06-meteo-atlas,velocidadViento,2026-09-26 00:00,2026-09-25 19:00,2026-09-25,7.399999999999999,6,8.1,12,88.79999999999998
gz-06-meteo-atlas,velocidadViento,2026-09-26 01:00,2026-09-25 20:00,2026-09-25,6.266666666666667,6,6.8,12,75.2
gz-06-meteo-atlas,velocidadViento,2026-09-26 02:00,2026-09-25 21:00,2026-09-25,7.3,6.8,8.3,12,87.6
gz-06-meteo-atlas,velocidadViento,2026-09-26 03:00,2026-09-25 22:00,2026-09-25,8.466666666666665,8.3,8.8,12,101.59999999999998
gz-06-meteo-atlas,velocidadViento,2026-09-26 04:00,2026-09-25 23:00,2026-09-25,8.683333333333332,8.1,8.8,12,104.19999999999997
gz-06-meteo-atlas,velocidadViento,2026-09-26 05:00,2026-09-26 00:00,2026-09-26,8.033333333333331,7.9,8.1,12,96.39999999999998
gz-06-meteo-atlas,velocidadViento,2026-09-26 06:00,2026-09-26 01:00,2026-09-26,7.650000000000001,7.3,7.9,12,91.80000000000001
gz-06-meteo-atlas,velocidadViento,2026-09-26 07:00,2026-09-26 02:00,2026-09-26,6.999999999999999,6.4,7.3,12,83.99999999999999
gz-06-meteo-atlas,velocidadViento,2026-09-26 08:00,2026-09-26 03:00,2026-09-26,6.25,5.8,6.4,12,75
gz-06-meteo-atlas,velocidadViento,2026-09-26 09:00,2026-09-26 04:00,2026-09-26,5.624999999999999,5.1,5.8,12,67.49999999999999
gz-06-meteo-atlas,velocidadViento,2026-09-26 10:00,2026-09-26 05:00,2026-09-26,5.1000000000000005,5.1,5.1,12,61.20000000000001
gz-06-meteo-atlas,velocidadViento,2026-09-26 11:00,2026-09-26 06:00,2026-09-26,5.275000000000001,5.1,5.8,12,63.30000000000001
gz-06-meteo-atlas,velocidadViento,2026-09-26 12:00,2026-09-26 07:00,2026-09-26,5.433333333333333,4.7,5.8,12,65.19999999999999
gz-06-meteo-atlas,velocidadViento,2026-09-26 13:00,2026-09-26 08:00,2026-09-26,5.566666666666667,4.7,7.3,12,66.80000000000001
gz-06-meteo-atlas,velocidadViento,2026-09-26 14:00,2026-09-26 09:00,2026-09-26,8.099999999999998,7.3,10.5,12,97.19999999999997
gz-06-meteo-atlas,velocidadViento,2026-09-26 15:00,2026-09-26 10:00,2026-09-26,10.75,10.5,11.5,12,129
gz-06-meteo-atlas,velocidadViento,2026-09-26 16:00,2026-09-26 11:00,2026-09-26,11.590909090909092,11.5,12,11,127.5
gz-06-meteo-atlas,velocidadViento,2026-09-26 17:00,2026-09-26 12:00,2026-09-26,12.166666666666666,12,13,12,146
gz-06-meteo-atlas,velocidadViento,2026-09-26 18:00,2026-09-26 13:00,2026-09-26,13.116666666666667,13,13.7,12,157.4
gz-06-meteo-atlas,velocidadViento,2026-09-26 19:00,2026-09-26 14:00,2026-09-26,13.583333333333334,13,13.7,12,163
gz-06-meteo-atlas,velocidadViento,2026-09-26 20:00,2026-09-26 15:00,2026-09-26,12.833333333333334,12,13,12,154
gz-06-meteo-atlas,velocidadViento,2026-09-26 21:00,2026-09-26 16:00,2026-09-26,11.825000000000001,11.3,12,12,141.9
gz-06-meteo-atlas,velocidadViento,2026-09-26 22:00,2026-09-26 17:00,2026-09-26,10.766666666666666,7.3,11.3,12,129.2
gz-06-meteo-atlas,velocidadViento,2026-09-26 23:00,2026-09-26 18:00,2026-09-26,10.483333333333336,9.4,10.7,12,125.80000000000003
gz-06-meteo-atlas,velocidadViento,2026-09-27 00:00,2026-09-26 19:00,2026-09-26,9.150000000000002,7.9,9.4,12,109.80000000000003
gz-06-meteo-atlas,velocidadViento,2026-09-27 01:00,2026-09-26 20:00,2026-09-26,7.966666666666668,7.9,8.1,12,95.60000000000001
gz-06-meteo-atlas,velocidadViento,2026-09-27 02:00,2026-09-26 21:00,2026-09-26,8.424999999999999,8.1,9.4,12,101.1
gz-06-meteo-atlas,velocidadViento,2026-09-27 03:00,2026-09-26 22:00,2026-09-26,9.725000000000001,9.4,10.7,12,116.70000000000002
gz-06-meteo-atlas,velocidadViento,2026-09-27 04:00,2026-09-26 23:00,2026-09-26,10.575000000000001,10.2,10.7,12,126.90000000000002
gz-06-meteo-atlas,velocidadViento,2026-09-27 05:00,2026-09-27 00:00,2026-09-27,10.050000000000002,9.6,10.2,12,120.60000000000002
gz-06-meteo-atlas,velocidadViento,2026-09-27 06:00,2026-09-27 01:00,2026-09-27,9.399999999999997,8.8,9.6,12,112.79999999999997
gz-06-meteo-atlas,velocidadViento,2026-09-27 07:00,2026-09-27 02:00,2026-09-27,8.674999999999999,8.3,8.8,12,104.09999999999998
gz-06-meteo-atlas,velocidadViento,2026-09-27 08:00,2026-09-27 03:00,2026-09-27,8.1,7.5,8.3,12,97.19999999999999
gz-06-meteo-atlas,velocidadViento,2026-09-27 09:00,2026-09-27 04:00,2026-09-27,7.2250000000000005,6.4,7.5,12,86.7
gz-06-meteo-atlas,velocidadViento,2026-09-27 10:00,2026-09-27 05:00,2026-09-27,6.550000000000001,6.4,7,12,78.60000000000001
gz-06-meteo-atlas,velocidadViento,2026-09-27 11:00,2026-09-27 06:00,2026-09-27,7.175,7,7.7,12,86.1
gz-06-meteo-atlas,velocidadViento,2026-09-27 12:00,2026-09-27 07:00,2026-09-27,7.275000000000001,6,7.7,12,87.30000000000001
gz-06-meteo-atlas,velocidadViento,2026-09-27 13:00,2026-09-27 08:00,2026-09-27,6.575,6,8.3,12,78.9
gz-06-meteo-atlas,velocidadViento,2026-09-27 14:00,2026-09-27 09:00,2026-09-27,8.949999999999998,8.3,10.9,12,107.39999999999998
gz-06-meteo-atlas,velocidadViento,2026-09-27 15:00,2026-09-27 10:00,2026-09-27,11.275000000000004,10.9,12.4,12,135.30000000000004
gz-06-meteo-atlas,velocidadViento,2026-09-27 16:00,2026-09-27 11:00,2026-09-27,12.500000000000002,12.4,12.8,12,150.00000000000003
gz-06-meteo-atlas,velocidadViento,2026-09-27 17:00,2026-09-27 12:00,2026-09-27,12.850000000000001,12.8,13,12,154.20000000000002
gz-06-meteo-atlas,velocidadViento,2026-09-27 18:00,2026-09-27 13:00,2026-09-27,6.891666666666666,3.5,11.1,12,82.69999999999999
gz-06-meteo-atlas,velocidadViento,2026-09-27 19:00,2026-09-27 14:00,2026-09-27,7.583333333333335,4.2,11.4,12,91.00000000000001
gz-06-meteo-atlas,velocidadViento,2026-09-27 20:00,2026-09-27 15:00,2026-09-27,7.741666666666667,4.9,11.4,12,92.9
gz-06-meteo-atlas,velocidadViento,2026-09-27 21:00,2026-09-27 16:00,2026-09-27,8.841666666666667,5,11.1,12,106.10000000000001
gz-06-meteo-atlas,velocidadViento,2026-09-27 22:00,2026-09-27 17:00,2026-09-27,8.016666666666667,4.2,11.7,12,96.2
gz-06-meteo-atlas,velocidadViento,2026-09-27 23:00,2026-09-27 18:00,2026-09-27,5.341666666666668,3.2,7.7,12,64.10000000000001
gz-06-meteo-atlas,velocidadViento,2026-09-28 00:00,2026-09-27 19:00,2026-09-27,7.666666666666667,5.5,10.7,12,92
gz-06-meteo-atlas,velocidadViento,2026-09-28 01:00,2026-09-27 20:00,2026-09-27,7.891666666666667,4.2,10.7,12,94.7
gz-06-meteo-atlas,velocidadViento,2026-09-28 02:00,2026-09-27 21:00,2026-09-27,8.141666666666666,6.3,11,12,97.69999999999999
gz-06-meteo-atlas,velocidadViento,2026-09-28 03:00,2026-09-27 22:00,2026-09-27,7.233333333333334,4,11.1,12,86.80000000000001
gz-06-meteo-atlas,velocidadViento,2026-09-28 04:00,2026-09-27 23:00,2026-09-27,8.366666666666667,4,11.3,12,100.4
gz-06-meteo-atlas,velocidadViento,2026-09-28 05:00,2026-09-28 00:00,2026-09-28,8.441666666666668,6.2,10.8,12,101.30000000000001
gz-06-meteo-atlas,velocidadViento,2026-09-28 06:00,2026-09-28 01:00,2026-09-28,6.175,3.5,9.5,12,74.1
gz-06-meteo-atlas,velocidadViento,2026-09-28 07:00,2026-09-28 02:00,2026-09-28,9.550000000000002,3.5,11.9,12,114.60000000000002
gz-06-meteo-atlas,velocidadViento,2026-09-28 08:00,2026-09-28 03:00,2026-09-28,6.291666666666667,2.8,11.8,12,75.5
gz-06-meteo-atlas,velocidadViento,2026-09-28 09:00,2026-09-28 04:00,2026-09-28,7.5,3.5,11.8,12,90
gz-06-meteo-atlas,velocidadViento,2026-09-28 10:00,2026-09-28 05:00,2026-09-28,7.391666666666666,4.2,11.4,12,88.69999999999999
gz-06-meteo-atlas,velocidadViento,2026-09-28 11:00,2026-09-28 06:00,2026-09-28,6.691666666666666,3,9.7,12,80.3
gz-06-meteo-atlas,velocidadViento,2026-09-28 12:00,2026-09-28 07:00,2026-09-28,6.8,3,11.5,12,81.6
gz-06-meteo-atlas,velocidadViento,2026-09-28 13:00,2026-09-28 08:00,2026-09-28,6.258333333333334,3.5,10,12,75.10000000000001
gz-06-meteo-atlas,velocidadViento,2026-09-28 14:00,2026-09-28 09:00,2026-09-28,8.116666666666667,3.9,12.3,12,97.4
gz-06-meteo-atlas,velocidadViento,2026-09-28 15:00,2026-09-28 10:00,2026-09-28,5.366666666666667,4,7.9,12,64.4
gz-06-meteo-atlas,velocidadViento,2026-09-28 16:00,2026-09-28 11:00,2026-09-28,6.175,3,11.5,12,74.1
gz-06-meteo-atlas,velocidadViento,2026-09-28 17:00,2026-09-28 12:00,2026-09-28,8.058333333333335,5,11.2,12,96.70000000000002
gz-06-meteo-atlas,velocidadViento,2026-09-28 18:00,2026-09-28 13:00,2026-09-28,7.491666666666666,3,11.7,12,89.89999999999999
gz-06-meteo-atlas,velocidadViento,2026-09-28 19:00,2026-09-28 14:00,2026-09-28,8.758333333333333,5.6,10.6,12,105.1
gz-06-meteo-atlas,velocidadViento,2026-09-28 20:00,2026-09-28 15:00,2026-09-28,7.0249999999999995,3.9,11.8,12,84.3
gz-06-meteo-atlas,velocidadViento,2026-09-28 21:00,2026-09-28 16:00,2026-09-28,8.75,4.8,11.6,12,105
gz-06-meteo-atlas,velocidadViento,2026-09-28 22:00,2026-09-28 17:00,2026-09-28,6.558333333333333,2.6,9.6,12,78.69999999999999
gz-06-meteo-atlas,velocidadViento,2026-09-28 23:00,2026-09-28 18:00,2026-09-28,7.675,2.9,12.4,12,92.1
gz-06-meteo-atlas,velocidadViento,2026-09-29 00:00,2026-09-28 19:00,2026-09-28,9.028571428571428,5.1,11.5,7,63.2
gz-07-aire-openmeteo,aqi,2026-09-22 03:00,2026-09-21 22:00,2026-09-21,30,30,30,4,120
gz-07-aire-openmeteo,aqi,2026-09-22 04:00,2026-09-21 23:00,2026-09-21,30,30,30,6,180
gz-07-aire-openmeteo,aqi,2026-09-22 05:00,2026-09-22 00:00,2026-09-22,29,29,29,6,174
gz-07-aire-openmeteo,aqi,2026-09-22 06:00,2026-09-22 01:00,2026-09-22,29,29,29,6,174
gz-07-aire-openmeteo,aqi,2026-09-22 07:00,2026-09-22 02:00,2026-09-22,25,25,25,6,150
gz-07-aire-openmeteo,aqi,2026-09-22 08:00,2026-09-22 03:00,2026-09-22,23,23,23,6,138
gz-07-aire-openmeteo,aqi,2026-09-22 09:00,2026-09-22 04:00,2026-09-22,23,23,23,6,138
gz-07-aire-openmeteo,aqi,2026-09-22 10:00,2026-09-22 05:00,2026-09-22,28.333333333333332,23,31,6,170
gz-07-aire-openmeteo,aqi,2026-09-22 11:00,2026-09-22 06:00,2026-09-22,30,30,30,6,180
gz-07-aire-openmeteo,aqi,2026-09-22 12:00,2026-09-22 07:00,2026-09-22,28,28,28,6,168
gz-07-aire-openmeteo,aqi,2026-09-22 13:00,2026-09-22 08:00,2026-09-22,26,26,26,6,156
gz-07-aire-openmeteo,aqi,2026-09-22 14:00,2026-09-22 09:00,2026-09-22,30,30,30,6,180
gz-07-aire-openmeteo,aqi,2026-09-22 15:00,2026-09-22 10:00,2026-09-22,34,34,34,6,204
gz-07-aire-openmeteo,aqi,2026-09-22 16:00,2026-09-22 11:00,2026-09-22,35,35,35,6,210
gz-07-aire-openmeteo,aqi,2026-09-22 17:00,2026-09-22 12:00,2026-09-22,36,36,36,6,216
gz-07-aire-openmeteo,aqi,2026-09-22 18:00,2026-09-22 13:00,2026-09-22,36,36,36,6,216
gz-07-aire-openmeteo,aqi,2026-09-22 19:00,2026-09-22 14:00,2026-09-22,36,36,36,6,216
gz-07-aire-openmeteo,aqi,2026-09-22 20:00,2026-09-22 15:00,2026-09-22,37,37,37,6,222
gz-07-aire-openmeteo,aqi,2026-09-22 21:00,2026-09-22 16:00,2026-09-22,36,36,36,6,216
gz-07-aire-openmeteo,aqi,2026-09-22 22:00,2026-09-22 17:00,2026-09-22,34,34,34,6,204
gz-07-aire-openmeteo,aqi,2026-09-22 23:00,2026-09-22 18:00,2026-09-22,32,32,32,6,192
gz-07-aire-openmeteo,aqi,2026-09-23 00:00,2026-09-22 19:00,2026-09-22,30,30,30,6,180
gz-07-aire-openmeteo,aqi,2026-09-23 01:00,2026-09-22 20:00,2026-09-22,27,27,27,6,162
gz-07-aire-openmeteo,aqi,2026-09-23 02:00,2026-09-22 21:00,2026-09-22,24,24,24,6,144
gz-07-aire-openmeteo,aqi,2026-09-23 03:00,2026-09-22 22:00,2026-09-22,22,22,22,6,132
gz-07-aire-openmeteo,aqi,2026-09-23 04:00,2026-09-22 23:00,2026-09-22,21,21,21,6,126
gz-07-aire-openmeteo,aqi,2026-09-23 05:00,2026-09-23 00:00,2026-09-23,21,21,21,6,126
gz-07-aire-openmeteo,aqi,2026-09-23 06:00,2026-09-23 01:00,2026-09-23,21,21,21,6,126
gz-07-aire-openmeteo,aqi,2026-09-23 07:00,2026-09-23 02:00,2026-09-23,19,19,19,6,114
gz-07-aire-openmeteo,aqi,2026-09-23 08:00,2026-09-23 03:00,2026-09-23,19,19,19,6,114
gz-07-aire-openmeteo,aqi,2026-09-23 09:00,2026-09-23 04:00,2026-09-23,19,19,19,6,114
gz-07-aire-openmeteo,aqi,2026-09-23 10:00,2026-09-23 05:00,2026-09-23,20.666666666666668,18,22,6,124
gz-07-aire-openmeteo,aqi,2026-09-23 11:00,2026-09-23 06:00,2026-09-23,23,23,23,6,138
gz-07-aire-openmeteo,aqi,2026-09-23 12:00,2026-09-23 07:00,2026-09-23,22,22,22,6,132
gz-07-aire-openmeteo,aqi,2026-09-23 13:00,2026-09-23 08:00,2026-09-23,22,22,22,6,132
gz-07-aire-openmeteo,aqi,2026-09-23 14:00,2026-09-23 09:00,2026-09-23,25,25,25,6,150
gz-07-aire-openmeteo,aqi,2026-09-23 15:00,2026-09-23 10:00,2026-09-23,30,30,30,6,180
gz-07-aire-openmeteo,aqi,2026-09-23 16:00,2026-09-23 11:00,2026-09-23,31,31,31,6,186
gz-07-aire-openmeteo,aqi,2026-09-23 17:00,2026-09-23 12:00,2026-09-23,32,32,32,6,192
gz-07-aire-openmeteo,aqi,2026-09-23 18:00,2026-09-23 13:00,2026-09-23,32,32,32,6,192
gz-07-aire-openmeteo,aqi,2026-09-23 19:00,2026-09-23 14:00,2026-09-23,33,33,33,6,198
gz-07-aire-openmeteo,aqi,2026-09-23 20:00,2026-09-23 15:00,2026-09-23,34,34,34,6,204
gz-07-aire-openmeteo,aqi,2026-09-23 21:00,2026-09-23 16:00,2026-09-23,34,34,34,6,204
gz-07-aire-openmeteo,aqi,2026-09-23 22:00,2026-09-23 17:00,2026-09-23,33.333333333333336,33,34,6,200
gz-07-aire-openmeteo,aqi,2026-09-23 23:00,2026-09-23 18:00,2026-09-23,31,31,31,6,186
gz-07-aire-openmeteo,aqi,2026-09-24 00:00,2026-09-23 19:00,2026-09-23,30,30,30,6,180
gz-07-aire-openmeteo,aqi,2026-09-24 01:00,2026-09-23 20:00,2026-09-23,29,29,29,6,174
gz-07-aire-openmeteo,aqi,2026-09-24 02:00,2026-09-23 21:00,2026-09-23,27,27,27,6,162
gz-07-aire-openmeteo,aqi,2026-09-24 03:00,2026-09-23 22:00,2026-09-23,26,26,26,6,156
gz-07-aire-openmeteo,aqi,2026-09-24 04:00,2026-09-23 23:00,2026-09-23,25,25,25,6,150
gz-07-aire-openmeteo,aqi,2026-09-24 05:00,2026-09-24 00:00,2026-09-24,24,24,24,6,144
gz-07-aire-openmeteo,aqi,2026-09-24 06:00,2026-09-24 01:00,2026-09-24,24,24,24,6,144
gz-07-aire-openmeteo,aqi,2026-09-24 07:00,2026-09-24 02:00,2026-09-24,23,23,23,6,138
gz-07-aire-openmeteo,aqi,2026-09-24 08:00,2026-09-24 03:00,2026-09-24,24,24,24,6,144
gz-07-aire-openmeteo,aqi,2026-09-24 09:00,2026-09-24 04:00,2026-09-24,24,24,24,6,144
gz-07-aire-openmeteo,aqi,2026-09-24 10:00,2026-09-24 05:00,2026-09-24,27.333333333333332,24,29,6,164
gz-07-aire-openmeteo,aqi,2026-09-24 11:00,2026-09-24 06:00,2026-09-24,28,28,28,6,168
gz-07-aire-openmeteo,aqi,2026-09-24 12:00,2026-09-24 07:00,2026-09-24,28.5,26,29,6,171
gz-07-aire-openmeteo,aqi,2026-09-24 13:00,2026-09-24 08:00,2026-09-24,31,31,31,6,186
gz-07-aire-openmeteo,aqi,2026-09-24 14:00,2026-09-24 09:00,2026-09-24,35,35,35,6,210
gz-07-aire-openmeteo,aqi,2026-09-24 15:00,2026-09-24 10:00,2026-09-24,38,38,38,6,228
gz-07-aire-openmeteo,aqi,2026-09-24 16:00,2026-09-24 11:00,2026-09-24,40,40,40,5,200
gz-07-aire-openmeteo,aqi,2026-09-24 17:00,2026-09-24 12:00,2026-09-24,41,41,41,6,246
gz-07-aire-openmeteo,aqi,2026-09-24 18:00,2026-09-24 13:00,2026-09-24,43,43,43,6,258
gz-07-aire-openmeteo,aqi,2026-09-24 19:00,2026-09-24 14:00,2026-09-24,46,46,46,6,276
gz-07-aire-openmeteo,aqi,2026-09-24 20:00,2026-09-24 15:00,2026-09-24,48,48,48,6,288
gz-07-aire-openmeteo,aqi,2026-09-24 21:00,2026-09-24 16:00,2026-09-24,49,49,49,6,294
gz-07-aire-openmeteo,aqi,2026-09-24 22:00,2026-09-24 17:00,2026-09-24,52.333333333333336,47,55,6,314
gz-07-aire-openmeteo,aqi,2026-09-24 23:00,2026-09-24 18:00,2026-09-24,50,50,50,6,300
gz-07-aire-openmeteo,aqi,2026-09-25 00:00,2026-09-24 19:00,2026-09-24,45,45,45,6,270
gz-07-aire-openmeteo,aqi,2026-09-25 01:00,2026-09-24 20:00,2026-09-24,40,40,40,6,240
gz-07-aire-openmeteo,aqi,2026-09-25 02:00,2026-09-24 21:00,2026-09-24,37,37,37,6,222
gz-07-aire-openmeteo,aqi,2026-09-25 03:00,2026-09-24 22:00,2026-09-24,33,33,33,6,198
gz-07-aire-openmeteo,aqi,2026-09-25 04:00,2026-09-24 23:00,2026-09-24,30,30,30,6,180
gz-07-aire-openmeteo,aqi,2026-09-25 05:00,2026-09-25 00:00,2026-09-25,27,27,27,6,162
gz-07-aire-openmeteo,aqi,2026-09-25 06:00,2026-09-25 01:00,2026-09-25,25,25,25,6,150
gz-07-aire-openmeteo,aqi,2026-09-25 07:00,2026-09-25 02:00,2026-09-25,23,23,23,6,138
gz-07-aire-openmeteo,aqi,2026-09-25 08:00,2026-09-25 03:00,2026-09-25,24,24,24,6,144
gz-07-aire-openmeteo,aqi,2026-09-25 09:00,2026-09-25 04:00,2026-09-25,24,24,24,6,144
gz-07-aire-openmeteo,aqi,2026-09-25 10:00,2026-09-25 05:00,2026-09-25,36.666666666666664,24,43,6,220
gz-07-aire-openmeteo,aqi,2026-09-25 11:00,2026-09-25 06:00,2026-09-25,44,44,44,6,264
gz-07-aire-openmeteo,aqi,2026-09-25 12:00,2026-09-25 07:00,2026-09-25,43,43,43,6,258
gz-07-aire-openmeteo,aqi,2026-09-25 13:00,2026-09-25 08:00,2026-09-25,41,41,41,6,246
gz-07-aire-openmeteo,aqi,2026-09-25 14:00,2026-09-25 09:00,2026-09-25,41,41,41,6,246
gz-07-aire-openmeteo,aqi,2026-09-25 15:00,2026-09-25 10:00,2026-09-25,40,40,40,6,240
gz-07-aire-openmeteo,aqi,2026-09-25 16:00,2026-09-25 11:00,2026-09-25,38,38,38,6,228
gz-07-aire-openmeteo,aqi,2026-09-25 17:00,2026-09-25 12:00,2026-09-25,40,40,40,6,240
gz-07-aire-openmeteo,aqi,2026-09-25 18:00,2026-09-25 13:00,2026-09-25,36,36,36,6,216
gz-07-aire-openmeteo,aqi,2026-09-25 19:00,2026-09-25 14:00,2026-09-25,36,36,36,6,216
gz-07-aire-openmeteo,aqi,2026-09-25 20:00,2026-09-25 15:00,2026-09-25,36,36,36,6,216
gz-07-aire-openmeteo,aqi,2026-09-25 21:00,2026-09-25 16:00,2026-09-25,35,35,35,6,210
gz-07-aire-openmeteo,aqi,2026-09-25 22:00,2026-09-25 17:00,2026-09-25,38.166666666666664,34,39,6,229
gz-07-aire-openmeteo,aqi,2026-09-25 23:00,2026-09-25 18:00,2026-09-25,39,39,39,6,234
gz-07-aire-openmeteo,aqi,2026-09-26 00:00,2026-09-25 19:00,2026-09-25,40,40,40,6,240
gz-07-aire-openmeteo,aqi,2026-09-26 01:00,2026-09-25 20:00,2026-09-25,40,40,40,6,240
gz-07-aire-openmeteo,aqi,2026-09-26 02:00,2026-09-25 21:00,2026-09-25,38,38,38,6,228
gz-07-aire-openmeteo,aqi,2026-09-26 03:00,2026-09-25 22:00,2026-09-25,37,37,37,6,222
gz-07-aire-openmeteo,aqi,2026-09-26 04:00,2026-09-25 23:00,2026-09-25,35,35,35,6,210
gz-07-aire-openmeteo,aqi,2026-09-26 05:00,2026-09-26 00:00,2026-09-26,33,33,33,6,198
gz-07-aire-openmeteo,aqi,2026-09-26 06:00,2026-09-26 01:00,2026-09-26,32,32,32,6,192
gz-07-aire-openmeteo,aqi,2026-09-26 07:00,2026-09-26 02:00,2026-09-26,31,31,31,6,186
gz-07-aire-openmeteo,aqi,2026-09-26 08:00,2026-09-26 03:00,2026-09-26,31,31,31,6,186
gz-07-aire-openmeteo,aqi,2026-09-26 09:00,2026-09-26 04:00,2026-09-26,27.333333333333332,14,30,6,164
gz-07-aire-openmeteo,aqi,2026-09-26 10:00,2026-09-26 05:00,2026-09-26,36.666666666666664,30,40,6,220
gz-07-aire-openmeteo,aqi,2026-09-26 11:00,2026-09-26 06:00,2026-09-26,39,39,39,6,234
gz-07-aire-openmeteo,aqi,2026-09-26 12:00,2026-09-26 07:00,2026-09-26,31,31,31,6,186
gz-07-aire-openmeteo,aqi,2026-09-26 13:00,2026-09-26 08:00,2026-09-26,25,25,25,6,150
gz-07-aire-openmeteo,aqi,2026-09-26 14:00,2026-09-26 09:00,2026-09-26,24,24,24,6,144
gz-07-aire-openmeteo,aqi,2026-09-26 15:00,2026-09-26 10:00,2026-09-26,26,26,26,6,156
gz-07-aire-openmeteo,aqi,2026-09-26 16:00,2026-09-26 11:00,2026-09-26,29,29,29,6,174
gz-07-aire-openmeteo,aqi,2026-09-26 17:00,2026-09-26 12:00,2026-09-26,32,32,32,6,192
gz-07-aire-openmeteo,aqi,2026-09-26 18:00,2026-09-26 13:00,2026-09-26,34,34,34,6,204
gz-07-aire-openmeteo,aqi,2026-09-26 19:00,2026-09-26 14:00,2026-09-26,35,35,35,6,210
gz-07-aire-openmeteo,aqi,2026-09-26 20:00,2026-09-26 15:00,2026-09-26,34,34,34,6,204
gz-07-aire-openmeteo,aqi,2026-09-26 21:00,2026-09-26 16:00,2026-09-26,34,34,34,6,204
gz-07-aire-openmeteo,aqi,2026-09-26 22:00,2026-09-26 17:00,2026-09-26,34,34,34,6,204
gz-07-aire-openmeteo,aqi,2026-09-26 23:00,2026-09-26 18:00,2026-09-26,33,33,33,6,198
gz-07-aire-openmeteo,aqi,2026-09-27 00:00,2026-09-26 19:00,2026-09-26,31,31,31,6,186
gz-07-aire-openmeteo,aqi,2026-09-27 01:00,2026-09-26 20:00,2026-09-26,28,28,28,6,168
gz-07-aire-openmeteo,aqi,2026-09-27 02:00,2026-09-26 21:00,2026-09-26,24,24,24,6,144
gz-07-aire-openmeteo,aqi,2026-09-27 03:00,2026-09-26 22:00,2026-09-26,21,21,21,6,126
gz-07-aire-openmeteo,aqi,2026-09-27 04:00,2026-09-26 23:00,2026-09-26,21,21,21,6,126
gz-07-aire-openmeteo,aqi,2026-09-27 05:00,2026-09-27 00:00,2026-09-27,21,21,21,6,126
gz-07-aire-openmeteo,aqi,2026-09-27 06:00,2026-09-27 01:00,2026-09-27,21,21,21,6,126
gz-07-aire-openmeteo,aqi,2026-09-27 07:00,2026-09-27 02:00,2026-09-27,20,20,20,6,120
gz-07-aire-openmeteo,aqi,2026-09-27 08:00,2026-09-27 03:00,2026-09-27,21,21,21,6,126
gz-07-aire-openmeteo,aqi,2026-09-27 09:00,2026-09-27 04:00,2026-09-27,19,19,19,6,114
gz-07-aire-openmeteo,aqi,2026-09-27 10:00,2026-09-27 05:00,2026-09-27,24.666666666666668,18,26,6,148
gz-07-aire-openmeteo,aqi,2026-09-27 11:00,2026-09-27 06:00,2026-09-27,24,24,24,5,120
gz-07-aire-openmeteo,aqi,2026-09-27 12:00,2026-09-27 07:00,2026-09-27,23.166666666666668,23,24,6,139
gz-07-aire-openmeteo,aqi,2026-09-27 13:00,2026-09-27 08:00,2026-09-27,23,23,23,6,138
gz-07-aire-openmeteo,aqi,2026-09-27 14:00,2026-09-27 09:00,2026-09-27,24,24,24,6,144
gz-07-aire-openmeteo,aqi,2026-09-27 15:00,2026-09-27 10:00,2026-09-27,25,25,25,6,150
gz-07-aire-openmeteo,aqi,2026-09-27 16:00,2026-09-27 11:00,2026-09-27,26,26,26,6,156
gz-07-aire-openmeteo,aqi,2026-09-27 17:00,2026-09-27 12:00,2026-09-27,27,27,27,6,162
gz-07-aire-openmeteo,aqi,2026-09-27 18:00,2026-09-27 13:00,2026-09-27,27,27,27,6,162
gz-07-aire-openmeteo,aqi,2026-09-27 19:00,2026-09-27 14:00,2026-09-27,28,28,28,6,168
gz-07-aire-openmeteo,aqi,2026-09-27 20:00,2026-09-27 15:00,2026-09-27,28,28,28,6,168
gz-07-aire-openmeteo,aqi,2026-09-27 21:00,2026-09-27 16:00,2026-09-27,28,28,28,6,168
gz-07-aire-openmeteo,aqi,2026-09-27 22:00,2026-09-27 17:00,2026-09-27,26.333333333333332,23,27,6,158
gz-07-aire-openmeteo,aqi,2026-09-27 23:00,2026-09-27 18:00,2026-09-27,22,22,22,6,132
gz-07-aire-openmeteo,aqi,2026-09-28 00:00,2026-09-27 19:00,2026-09-27,21,21,21,6,126
gz-07-aire-openmeteo,aqi,2026-09-28 01:00,2026-09-27 20:00,2026-09-27,21,21,21,6,126
gz-07-aire-openmeteo,aqi,2026-09-28 02:00,2026-09-27 21:00,2026-09-27,21,21,21,6,126
gz-07-aire-openmeteo,aqi,2026-09-28 03:00,2026-09-27 22:00,2026-09-27,20,20,20,6,120
gz-07-aire-openmeteo,aqi,2026-09-28 04:00,2026-09-27 23:00,2026-09-27,21,21,21,6,126
gz-07-aire-openmeteo,aqi,2026-09-28 05:00,2026-09-28 00:00,2026-09-28,20,20,20,6,120
gz-07-aire-openmeteo,aqi,2026-09-28 06:00,2026-09-28 01:00,2026-09-28,20,20,20,6,120
gz-07-aire-openmeteo,aqi,2026-09-28 07:00,2026-09-28 02:00,2026-09-28,20,20,20,6,120
gz-07-aire-openmeteo,aqi,2026-09-28 08:00,2026-09-28 03:00,2026-09-28,20,20,20,6,120
gz-07-aire-openmeteo,aqi,2026-09-28 09:00,2026-09-28 04:00,2026-09-28,20,20,20,6,120
gz-07-aire-openmeteo,aqi,2026-09-28 10:00,2026-09-28 05:00,2026-09-28,24.666666666666668,20,27,6,148
gz-07-aire-openmeteo,aqi,2026-09-28 11:00,2026-09-28 06:00,2026-09-28,27,27,27,6,162
gz-07-aire-openmeteo,aqi,2026-09-28 12:00,2026-09-28 07:00,2026-09-28,26,26,26,6,156
gz-07-aire-openmeteo,aqi,2026-09-28 13:00,2026-09-28 08:00,2026-09-28,23,23,23,6,138
gz-07-aire-openmeteo,aqi,2026-09-28 14:00,2026-09-28 09:00,2026-09-28,21,21,21,6,126
gz-07-aire-openmeteo,aqi,2026-09-28 15:00,2026-09-28 10:00,2026-09-28,23,23,23,6,138
gz-07-aire-openmeteo,aqi,2026-09-28 16:00,2026-09-28 11:00,2026-09-28,25,25,25,6,150
gz-07-aire-openmeteo,aqi,2026-09-28 17:00,2026-09-28 12:00,2026-09-28,28,28,28,6,168
gz-07-aire-openmeteo,aqi,2026-09-28 18:00,2026-09-28 13:00,2026-09-28,30,30,30,6,180
gz-07-aire-openmeteo,aqi,2026-09-28 19:00,2026-09-28 14:00,2026-09-28,30,30,30,6,180
gz-07-aire-openmeteo,aqi,2026-09-28 20:00,2026-09-28 15:00,2026-09-28,30,30,30,6,180
gz-07-aire-openmeteo,aqi,2026-09-28 21:00,2026-09-28 16:00,2026-09-28,29,29,29,6,174
gz-07-aire-openmeteo,aqi,2026-09-28 22:00,2026-09-28 17:00,2026-09-28,27.333333333333332,27,29,6,164
gz-07-aire-openmeteo,aqi,2026-09-28 23:00,2026-09-28 18:00,2026-09-28,25,25,25,6,150
gz-07-aire-openmeteo,aqi,2026-09-29 00:00,2026-09-28 19:00,2026-09-28,23,23,23,4,92
gz-07-aire-openmeteo,hrAire,2026-09-22 03:00,2026-09-21 22:00,2026-09-21,88,88,88,4,352
gz-07-aire-openmeteo,hrAire,2026-09-22 04:00,2026-09-21 23:00,2026-09-21,88,88,88,6,528
gz-07-aire-openmeteo,hrAire,2026-09-22 05:00,2026-09-22 00:00,2026-09-22,89.33333333333333,88,91,6,536
gz-07-aire-openmeteo,hrAire,2026-09-22 06:00,2026-09-22 01:00,2026-09-22,91.5,91,92,6,549
gz-07-aire-openmeteo,hrAire,2026-09-22 07:00,2026-09-22 02:00,2026-09-22,89.66666666666667,87,93,6,538
gz-07-aire-openmeteo,hrAire,2026-09-22 08:00,2026-09-22 03:00,2026-09-22,94.33333333333333,93,95,6,566
gz-07-aire-openmeteo,hrAire,2026-09-22 09:00,2026-09-22 04:00,2026-09-22,91.33333333333333,91,92,6,548
gz-07-aire-openmeteo,hrAire,2026-09-22 10:00,2026-09-22 05:00,2026-09-22,90,90,90,6,540
gz-07-aire-openmeteo,hrAire,2026-09-22 11:00,2026-09-22 06:00,2026-09-22,90,90,90,6,540
gz-07-aire-openmeteo,hrAire,2026-09-22 12:00,2026-09-22 07:00,2026-09-22,86.5,83,89,6,519
gz-07-aire-openmeteo,hrAire,2026-09-22 13:00,2026-09-22 08:00,2026-09-22,76.66666666666667,72,80,6,460
gz-07-aire-openmeteo,hrAire,2026-09-22 14:00,2026-09-22 09:00,2026-09-22,68.83333333333333,68,70,6,413
gz-07-aire-openmeteo,hrAire,2026-09-22 15:00,2026-09-22 10:00,2026-09-22,68.16666666666667,68,69,6,409
gz-07-aire-openmeteo,hrAire,2026-09-22 16:00,2026-09-22 11:00,2026-09-22,67.33333333333333,66,68,6,404
gz-07-aire-openmeteo,hrAire,2026-09-22 17:00,2026-09-22 12:00,2026-09-22,63.666666666666664,62,65,6,382
gz-07-aire-openmeteo,hrAire,2026-09-22 18:00,2026-09-22 13:00,2026-09-22,62.333333333333336,61,64,6,374
gz-07-aire-openmeteo,hrAire,2026-09-22 19:00,2026-09-22 14:00,2026-09-22,66.33333333333333,63,71,6,398
gz-07-aire-openmeteo,hrAire,2026-09-22 20:00,2026-09-22 15:00,2026-09-22,72.33333333333333,71,73,6,434
gz-07-aire-openmeteo,hrAire,2026-09-22 21:00,2026-09-22 16:00,2026-09-22,72.5,71,75,6,435
gz-07-aire-openmeteo,hrAire,2026-09-22 22:00,2026-09-22 17:00,2026-09-22,80.66666666666667,77,86,6,484
gz-07-aire-openmeteo,hrAire,2026-09-22 23:00,2026-09-22 18:00,2026-09-22,92,88,97,6,552
gz-07-aire-openmeteo,hrAire,2026-09-23 00:00,2026-09-22 19:00,2026-09-22,83.66666666666667,80,99,6,502
gz-07-aire-openmeteo,hrAire,2026-09-23 01:00,2026-09-22 20:00,2026-09-22,81.83333333333333,81,83,6,491
gz-07-aire-openmeteo,hrAire,2026-09-23 02:00,2026-09-22 21:00,2026-09-22,83.66666666666667,83,84,6,502
gz-07-aire-openmeteo,hrAire,2026-09-23 03:00,2026-09-22 22:00,2026-09-22,86.5,85,89,6,519
gz-07-aire-openmeteo,hrAire,2026-09-23 04:00,2026-09-22 23:00,2026-09-22,90,90,90,6,540
gz-07-aire-openmeteo,hrAire,2026-09-23 05:00,2026-09-23 00:00,2026-09-23,93.33333333333333,90,98,6,560
gz-07-aire-openmeteo,hrAire,2026-09-23 06:00,2026-09-23 01:00,2026-09-23,99.16666666666667,99,100,6,595
gz-07-aire-openmeteo,hrAire,2026-09-23 07:00,2026-09-23 02:00,2026-09-23,98.5,98,99,6,591
gz-07-aire-openmeteo,hrAire,2026-09-23 08:00,2026-09-23 03:00,2026-09-23,99,99,99,6,594
gz-07-aire-openmeteo,hrAire,2026-09-23 09:00,2026-09-23 04:00,2026-09-23,97.33333333333333,96,98,6,584
gz-07-aire-openmeteo,hrAire,2026-09-23 10:00,2026-09-23 05:00,2026-09-23,96,96,96,6,576
gz-07-aire-openmeteo,hrAire,2026-09-23 11:00,2026-09-23 06:00,2026-09-23,97.33333333333333,97,98,6,584
gz-07-aire-openmeteo,hrAire,2026-09-23 12:00,2026-09-23 07:00,2026-09-23,95,93,98,6,570
gz-07-aire-openmeteo,hrAire,2026-09-23 13:00,2026-09-23 08:00,2026-09-23,87.5,84,92,6,525
gz-07-aire-openmeteo,hrAire,2026-09-23 14:00,2026-09-23 09:00,2026-09-23,78.16666666666667,76,81,6,469
gz-07-aire-openmeteo,hrAire,2026-09-23 15:00,2026-09-23 10:00,2026-09-23,74.16666666666667,73,75,6,445
gz-07-aire-openmeteo,hrAire,2026-09-23 16:00,2026-09-23 11:00,2026-09-23,70.83333333333333,69,73,6,425
gz-07-aire-openmeteo,hrAire,2026-09-23 17:00,2026-09-23 12:00,2026-09-23,66.66666666666667,66,68,6,400
gz-07-aire-openmeteo,hrAire,2026-09-23 18:00,2026-09-23 13:00,2026-09-23,65.16666666666667,65,66,6,391
gz-07-aire-openmeteo,hrAire,2026-09-23 19:00,2026-09-23 14:00,2026-09-23,68.33333333333333,68,69,6,410
gz-07-aire-openmeteo,hrAire,2026-09-23 20:00,2026-09-23 15:00,2026-09-23,70.16666666666667,69,71,6,421
gz-07-aire-openmeteo,hrAire,2026-09-23 21:00,2026-09-23 16:00,2026-09-23,74.5,72,77,6,447
gz-07-aire-openmeteo,hrAire,2026-09-23 22:00,2026-09-23 17:00,2026-09-23,82.16666666666667,78,86,6,493
gz-07-aire-openmeteo,hrAire,2026-09-23 23:00,2026-09-23 18:00,2026-09-23,87,86,88,6,522
gz-07-aire-openmeteo,hrAire,2026-09-24 00:00,2026-09-23 19:00,2026-09-23,86.16666666666667,83,87,6,517
gz-07-aire-openmeteo,hrAire,2026-09-24 01:00,2026-09-23 20:00,2026-09-23,84.66666666666667,84,86,6,508
gz-07-aire-openmeteo,hrAire,2026-09-24 02:00,2026-09-23 21:00,2026-09-23,84.66666666666667,83,86,6,508
gz-07-aire-openmeteo,hrAire,2026-09-24 03:00,2026-09-23 22:00,2026-09-23,86,86,86,6,516
gz-07-aire-openmeteo,hrAire,2026-09-24 04:00,2026-09-23 23:00,2026-09-23,85.5,85,86,6,513
gz-07-aire-openmeteo,hrAire,2026-09-24 05:00,2026-09-24 00:00,2026-09-24,89.16666666666667,85,93,6,535
gz-07-aire-openmeteo,hrAire,2026-09-24 06:00,2026-09-24 01:00,2026-09-24,96.33333333333333,95,97,6,578
gz-07-aire-openmeteo,hrAire,2026-09-24 07:00,2026-09-24 02:00,2026-09-24,97.33333333333333,96,99,6,584
gz-07-aire-openmeteo,hrAire,2026-09-24 08:00,2026-09-24 03:00,2026-09-24,98,98,98,6,588
gz-07-aire-openmeteo,hrAire,2026-09-24 09:00,2026-09-24 04:00,2026-09-24,98.5,98,99,6,591
gz-07-aire-openmeteo,hrAire,2026-09-24 10:00,2026-09-24 05:00,2026-09-24,99,99,99,6,594
gz-07-aire-openmeteo,hrAire,2026-09-24 11:00,2026-09-24 06:00,2026-09-24,96,94,98,6,576
gz-07-aire-openmeteo,hrAire,2026-09-24 12:00,2026-09-24 07:00,2026-09-24,86.11666666666667,77.7,93,6,516.7
gz-07-aire-openmeteo,hrAire,2026-09-24 13:00,2026-09-24 08:00,2026-09-24,80.5,79,83,6,483
gz-07-aire-openmeteo,hrAire,2026-09-24 14:00,2026-09-24 09:00,2026-09-24,75.16666666666667,73,78,6,451
gz-07-aire-openmeteo,hrAire,2026-09-24 15:00,2026-09-24 10:00,2026-09-24,71.16666666666667,71,72,6,427
gz-07-aire-openmeteo,hrAire,2026-09-24 16:00,2026-09-24 11:00,2026-09-24,71.4,71,72,5,357
gz-07-aire-openmeteo,hrAire,2026-09-24 17:00,2026-09-24 12:00,2026-09-24,72.5,72,73,6,435
gz-07-aire-openmeteo,hrAire,2026-09-24 18:00,2026-09-24 13:00,2026-09-24,74.83333333333333,72,79,6,449
gz-07-aire-openmeteo,hrAire,2026-09-24 19:00,2026-09-24 14:00,2026-09-24,72.16666666666667,66,80,6,433
gz-07-aire-openmeteo,hrAire,2026-09-24 20:00,2026-09-24 15:00,2026-09-24,67.5,67,68,6,405
gz-07-aire-openmeteo,hrAire,2026-09-24 21:00,2026-09-24 16:00,2026-09-24,70.83333333333333,69,73,6,425
gz-07-aire-openmeteo,hrAire,2026-09-24 22:00,2026-09-24 17:00,2026-09-24,75.83333333333333,75,77,6,455
gz-07-aire-openmeteo,hrAire,2026-09-24 23:00,2026-09-24 18:00,2026-09-24,78,78,78,6,468
gz-07-aire-openmeteo,hrAire,2026-09-25 00:00,2026-09-24 19:00,2026-09-24,81.5,79,83,6,489
gz-07-aire-openmeteo,hrAire,2026-09-25 01:00,2026-09-24 20:00,2026-09-24,84.83333333333333,83,87,6,509
gz-07-aire-openmeteo,hrAire,2026-09-25 02:00,2026-09-24 21:00,2026-09-24,86.83333333333333,85,88,6,521
gz-07-aire-openmeteo,hrAire,2026-09-25 03:00,2026-09-24 22:00,2026-09-24,83.83333333333333,83,85,6,503
gz-07-aire-openmeteo,hrAire,2026-09-25 04:00,2026-09-24 23:00,2026-09-24,82,82,82,6,492
gz-07-aire-openmeteo,hrAire,2026-09-25 05:00,2026-09-25 00:00,2026-09-25,88.16666666666667,83,95,6,529
gz-07-aire-openmeteo,hrAire,2026-09-25 06:00,2026-09-25 01:00,2026-09-25,96.66666666666667,94,98,6,580
gz-07-aire-openmeteo,hrAire,2026-09-25 07:00,2026-09-25 02:00,2026-09-25,94.33333333333333,94,95,6,566
gz-07-aire-openmeteo,hrAire,2026-09-25 08:00,2026-09-25 03:00,2026-09-25,93.83333333333333,93,95,6,563
gz-07-aire-openmeteo,hrAire,2026-09-25 09:00,2026-09-25 04:00,2026-09-25,96.66666666666667,96,98,6,580
gz-07-aire-openmeteo,hrAire,2026-09-25 10:00,2026-09-25 05:00,2026-09-25,96.66666666666667,95,98,6,580
gz-07-aire-openmeteo,hrAire,2026-09-25 11:00,2026-09-25 06:00,2026-09-25,96,95,98,6,576
gz-07-aire-openmeteo,hrAire,2026-09-25 12:00,2026-09-25 07:00,2026-09-25,97.66666666666667,96,99,6,586
gz-07-aire-openmeteo,hrAire,2026-09-25 13:00,2026-09-25 08:00,2026-09-25,96.66666666666667,96,98,6,580
gz-07-aire-openmeteo,hrAire,2026-09-25 14:00,2026-09-25 09:00,2026-09-25,99,99,99,6,594
gz-07-aire-openmeteo,hrAire,2026-09-25 15:00,2026-09-25 10:00,2026-09-25,98.5,98,99,6,591
gz-07-aire-openmeteo,hrAire,2026-09-25 16:00,2026-09-25 11:00,2026-09-25,98,98,98,6,588
gz-07-aire-openmeteo,hrAire,2026-09-25 17:00,2026-09-25 12:00,2026-09-25,97.33333333333333,96,98,6,584
gz-07-aire-openmeteo,hrAire,2026-09-25 18:00,2026-09-25 13:00,2026-09-25,94.66666666666667,88,96,6,568
gz-07-aire-openmeteo,hrAire,2026-09-25 19:00,2026-09-25 14:00,2026-09-25,76.33333333333333,76,77,6,458
gz-07-aire-openmeteo,hrAire,2026-09-25 20:00,2026-09-25 15:00,2026-09-25,78.33333333333333,77,80,6,470
gz-07-aire-openmeteo,hrAire,2026-09-25 21:00,2026-09-25 16:00,2026-09-25,85.66666666666667,81,92,6,514
gz-07-aire-openmeteo,hrAire,2026-09-25 22:00,2026-09-25 17:00,2026-09-25,96.16666666666667,95,97,6,577
gz-07-aire-openmeteo,hrAire,2026-09-25 23:00,2026-09-25 18:00,2026-09-25,95.16666666666667,93,97,6,571
gz-07-aire-openmeteo,hrAire,2026-09-26 00:00,2026-09-25 19:00,2026-09-25,93.33333333333333,92,94,6,560
gz-07-aire-openmeteo,hrAire,2026-09-26 01:00,2026-09-25 20:00,2026-09-25,92.16666666666667,90,94,6,553
gz-07-aire-openmeteo,hrAire,2026-09-26 02:00,2026-09-25 21:00,2026-09-25,89,89,89,6,534
gz-07-aire-openmeteo,hrAire,2026-09-26 03:00,2026-09-25 22:00,2026-09-25,91,89,94,6,546
gz-07-aire-openmeteo,hrAire,2026-09-26 04:00,2026-09-25 23:00,2026-09-25,93.5,91,95,6,561
gz-07-aire-openmeteo,hrAire,2026-09-26 05:00,2026-09-26 00:00,2026-09-26,90.5,90,91,6,543
gz-07-aire-openmeteo,hrAire,2026-09-26 06:00,2026-09-26 01:00,2026-09-26,94.16666666666667,92,96,6,565
gz-07-aire-openmeteo,hrAire,2026-09-26 07:00,2026-09-26 02:00,2026-09-26,95.5,92,98,6,573
gz-07-aire-openmeteo,hrAire,2026-09-26 08:00,2026-09-26 03:00,2026-09-26,98,98,98,6,588
gz-07-aire-openmeteo,hrAire,2026-09-26 09:00,2026-09-26 04:00,2026-09-26,96.66666666666667,90,98,6,580
gz-07-aire-openmeteo,hrAire,2026-09-26 10:00,2026-09-26 05:00,2026-09-26,96.66666666666667,96,98,6,580
gz-07-aire-openmeteo,hrAire,2026-09-26 11:00,2026-09-26 06:00,2026-09-26,96.83333333333333,96,98,6,581
gz-07-aire-openmeteo,hrAire,2026-09-26 12:00,2026-09-26 07:00,2026-09-26,97.83333333333333,96,99,6,587
gz-07-aire-openmeteo,hrAire,2026-09-26 13:00,2026-09-26 08:00,2026-09-26,93.83333333333333,93,95,6,563
gz-07-aire-openmeteo,hrAire,2026-09-26 14:00,2026-09-26 09:00,2026-09-26,88.66666666666667,86,92,6,532
gz-07-aire-openmeteo,hrAire,2026-09-26 15:00,2026-09-26 10:00,2026-09-26,76.33333333333333,71,83,6,458
gz-07-aire-openmeteo,hrAire,2026-09-26 16:00,2026-09-26 11:00,2026-09-26,68.33333333333333,68,69,6,410
gz-07-aire-openmeteo,hrAire,2026-09-26 17:00,2026-09-26 12:00,2026-09-26,69.5,69,70,6,417
gz-07-aire-openmeteo,hrAire,2026-09-26 18:00,2026-09-26 13:00,2026-09-26,70.5,69,72,6,423
gz-07-aire-openmeteo,hrAire,2026-09-26 19:00,2026-09-26 14:00,2026-09-26,65.83333333333333,65,66,6,395
gz-07-aire-openmeteo,hrAire,2026-09-26 20:00,2026-09-26 15:00,2026-09-26,75,68,82,6,450
gz-07-aire-openmeteo,hrAire,2026-09-26 21:00,2026-09-26 16:00,2026-09-26,89.33333333333333,86,91,6,536
gz-07-aire-openmeteo,hrAire,2026-09-26 22:00,2026-09-26 17:00,2026-09-26,95.5,93,98,6,573
gz-07-aire-openmeteo,hrAire,2026-09-26 23:00,2026-09-26 18:00,2026-09-26,98.5,98,99,6,591
gz-07-aire-openmeteo,hrAire,2026-09-27 00:00,2026-09-26 19:00,2026-09-26,92.83333333333333,91,97,6,557
gz-07-aire-openmeteo,hrAire,2026-09-27 01:00,2026-09-26 20:00,2026-09-26,92,92,92,6,552
gz-07-aire-openmeteo,hrAire,2026-09-27 02:00,2026-09-26 21:00,2026-09-26,91.16666666666667,90,92,6,547
gz-07-aire-openmeteo,hrAire,2026-09-27 03:00,2026-09-26 22:00,2026-09-26,91.33333333333333,90,92,6,548
gz-07-aire-openmeteo,hrAire,2026-09-27 04:00,2026-09-26 23:00,2026-09-26,91.33333333333333,90,93,6,548
gz-07-aire-openmeteo,hrAire,2026-09-27 05:00,2026-09-27 00:00,2026-09-27,88.5,88,89,6,531
gz-07-aire-openmeteo,hrAire,2026-09-27 06:00,2026-09-27 01:00,2026-09-27,89,87,98,6,534
gz-07-aire-openmeteo,hrAire,2026-09-27 07:00,2026-09-27 02:00,2026-09-27,98.33333333333333,98,99,6,590
gz-07-aire-openmeteo,hrAire,2026-09-27 08:00,2026-09-27 03:00,2026-09-27,98,98,98,6,588
gz-07-aire-openmeteo,hrAire,2026-09-27 09:00,2026-09-27 04:00,2026-09-27,98.5,98,99,6,591
gz-07-aire-openmeteo,hrAire,2026-09-27 10:00,2026-09-27 05:00,2026-09-27,100,100,100,6,600
gz-07-aire-openmeteo,hrAire,2026-09-27 11:00,2026-09-27 06:00,2026-09-27,99.6,99,100,5,498
gz-07-aire-openmeteo,hrAire,2026-09-27 12:00,2026-09-27 07:00,2026-09-27,98.33333333333333,96,100,6,590
gz-07-aire-openmeteo,hrAire,2026-09-27 13:00,2026-09-27 08:00,2026-09-27,91.83333333333333,88,95,6,551
gz-07-aire-openmeteo,hrAire,2026-09-27 14:00,2026-09-27 09:00,2026-09-27,84.83333333333333,84,86,6,509
gz-07-aire-openmeteo,hrAire,2026-09-27 15:00,2026-09-27 10:00,2026-09-27,83.16666666666667,83,84,6,499
gz-07-aire-openmeteo,hrAire,2026-09-27 16:00,2026-09-27 11:00,2026-09-27,83.33333333333333,83,84,6,500
gz-07-aire-openmeteo,hrAire,2026-09-27 17:00,2026-09-27 12:00,2026-09-27,81.5,81,82,6,489
gz-07-aire-openmeteo,hrAire,2026-09-27 18:00,2026-09-27 13:00,2026-09-27,85.83333333333333,81,96,6,515
gz-07-aire-openmeteo,hrAire,2026-09-27 19:00,2026-09-27 14:00,2026-09-27,99,99,99,6,594
gz-07-aire-openmeteo,hrAire,2026-09-27 20:00,2026-09-27 15:00,2026-09-27,98.16666666666667,98,99,6,589
gz-07-aire-openmeteo,hrAire,2026-09-27 21:00,2026-09-27 16:00,2026-09-27,98.33333333333333,98,99,6,590
gz-07-aire-openmeteo,hrAire,2026-09-27 22:00,2026-09-27 17:00,2026-09-27,98,98,98,6,588
gz-07-aire-openmeteo,hrAire,2026-09-27 23:00,2026-09-27 18:00,2026-09-27,96.16666666666667,94,98,6,577
gz-07-aire-openmeteo,hrAire,2026-09-28 00:00,2026-09-27 19:00,2026-09-27,92,90,93,6,552
gz-07-aire-openmeteo,hrAire,2026-09-28 01:00,2026-09-27 20:00,2026-09-27,90.83333333333333,90,92,6,545
gz-07-aire-openmeteo,hrAire,2026-09-28 02:00,2026-09-27 21:00,2026-09-27,91.33333333333333,90,93,6,548
gz-07-aire-openmeteo,hrAire,2026-09-28 03:00,2026-09-27 22:00,2026-09-27,95.16666666666667,94,96,6,571
gz-07-aire-openmeteo,hrAire,2026-09-28 04:00,2026-09-27 23:00,2026-09-27,96,96,96,6,576
gz-07-aire-openmeteo,hrAire,2026-09-28 05:00,2026-09-28 00:00,2026-09-28,96.16666666666667,96,97,6,577
gz-07-aire-openmeteo,hrAire,2026-09-28 06:00,2026-09-28 01:00,2026-09-28,98.16666666666667,97,99,6,589
gz-07-aire-openmeteo,hrAire,2026-09-28 07:00,2026-09-28 02:00,2026-09-28,98.5,98,99,6,591
gz-07-aire-openmeteo,hrAire,2026-09-28 08:00,2026-09-28 03:00,2026-09-28,96.33333333333333,96,97,6,578
gz-07-aire-openmeteo,hrAire,2026-09-28 09:00,2026-09-28 04:00,2026-09-28,96,96,96,6,576
gz-07-aire-openmeteo,hrAire,2026-09-28 10:00,2026-09-28 05:00,2026-09-28,96.66666666666667,96,98,6,580
gz-07-aire-openmeteo,hrAire,2026-09-28 11:00,2026-09-28 06:00,2026-09-28,98.66666666666667,98,99,6,592
gz-07-aire-openmeteo,hrAire,2026-09-28 12:00,2026-09-28 07:00,2026-09-28,98.5,97,99,6,591
gz-07-aire-openmeteo,hrAire,2026-09-28 13:00,2026-09-28 08:00,2026-09-28,95.33333333333333,92,98,6,572
gz-07-aire-openmeteo,hrAire,2026-09-28 14:00,2026-09-28 09:00,2026-09-28,87.83333333333333,85,90,6,527
gz-07-aire-openmeteo,hrAire,2026-09-28 15:00,2026-09-28 10:00,2026-09-28,81.33333333333333,78,84,6,488
gz-07-aire-openmeteo,hrAire,2026-09-28 16:00,2026-09-28 11:00,2026-09-28,78.16666666666667,77,80,6,469
gz-07-aire-openmeteo,hrAire,2026-09-28 17:00,2026-09-28 12:00,2026-09-28,81,81,81,6,486
gz-07-aire-openmeteo,hrAire,2026-09-28 18:00,2026-09-28 13:00,2026-09-28,79.33333333333333,78,80,6,476
gz-07-aire-openmeteo,hrAire,2026-09-28 19:00,2026-09-28 14:00,2026-09-28,74.66666666666667,73,78,6,448
gz-07-aire-openmeteo,hrAire,2026-09-28 20:00,2026-09-28 15:00,2026-09-28,78.33333333333333,75,82,6,470
gz-07-aire-openmeteo,hrAire,2026-09-28 21:00,2026-09-28 16:00,2026-09-28,87.33333333333333,84,90,6,524
gz-07-aire-openmeteo,hrAire,2026-09-28 22:00,2026-09-28 17:00,2026-09-28,94,91,96,6,564
gz-07-aire-openmeteo,hrAire,2026-09-28 23:00,2026-09-28 18:00,2026-09-28,94.33333333333333,92,96,6,566
gz-07-aire-openmeteo,hrAire,2026-09-29 00:00,2026-09-28 19:00,2026-09-28,88.5,86,91,4,354
gz-07-aire-openmeteo,pm10,2026-09-22 03:00,2026-09-21 22:00,2026-09-21,10.8,10.8,10.8,4,43.2
gz-07-aire-openmeteo,pm10,2026-09-22 04:00,2026-09-21 23:00,2026-09-21,10.799999999999999,10.8,10.8,6,64.8
gz-07-aire-openmeteo,pm10,2026-09-22 05:00,2026-09-22 00:00,2026-09-22,10.4,10.4,10.4,6,62.4
gz-07-aire-openmeteo,pm10,2026-09-22 06:00,2026-09-22 01:00,2026-09-22,10.1,10.1,10.1,6,60.6
gz-07-aire-openmeteo,pm10,2026-09-22 07:00,2026-09-22 02:00,2026-09-22,8.1,8.1,8.1,6,48.6
gz-07-aire-openmeteo,pm10,2026-09-22 08:00,2026-09-22 03:00,2026-09-22,6.3,6.3,6.3,6,37.8
gz-07-aire-openmeteo,pm10,2026-09-22 09:00,2026-09-22 04:00,2026-09-22,6.1000000000000005,6.1,6.1,6,36.6
gz-07-aire-openmeteo,pm10,2026-09-22 10:00,2026-09-22 05:00,2026-09-22,9.466666666666667,5.4,11.5,6,56.8
gz-07-aire-openmeteo,pm10,2026-09-22 11:00,2026-09-22 06:00,2026-09-22,10.700000000000001,10.7,10.7,6,64.2
gz-07-aire-openmeteo,pm10,2026-09-22 12:00,2026-09-22 07:00,2026-09-22,9.700000000000001,9.7,9.7,6,58.2
gz-07-aire-openmeteo,pm10,2026-09-22 13:00,2026-09-22 08:00,2026-09-22,8.700000000000001,8.7,8.7,6,52.2
gz-07-aire-openmeteo,pm10,2026-09-22 14:00,2026-09-22 09:00,2026-09-22,7.3999999999999995,7.4,7.4,6,44.4
gz-07-aire-openmeteo,pm10,2026-09-22 15:00,2026-09-22 10:00,2026-09-22,6.8,6.8,6.8,6,40.8
gz-07-aire-openmeteo,pm10,2026-09-22 16:00,2026-09-22 11:00,2026-09-22,6.5,6.5,6.5,6,39
gz-07-aire-openmeteo,pm10,2026-09-22 17:00,2026-09-22 12:00,2026-09-22,6.2,6.2,6.2,6,37.2
gz-07-aire-openmeteo,pm10,2026-09-22 18:00,2026-09-22 13:00,2026-09-22,6.1000000000000005,6.1,6.1,6,36.6
gz-07-aire-openmeteo,pm10,2026-09-22 19:00,2026-09-22 14:00,2026-09-22,5.8999999999999995,5.9,5.9,6,35.4
gz-07-aire-openmeteo,pm10,2026-09-22 20:00,2026-09-22 15:00,2026-09-22,5.5,5.5,5.5,6,33
gz-07-aire-openmeteo,pm10,2026-09-22 21:00,2026-09-22 16:00,2026-09-22,5.3,5.3,5.3,6,31.8
gz-07-aire-openmeteo,pm10,2026-09-22 22:00,2026-09-22 17:00,2026-09-22,7.566666666666666,5.5,8.6,6,45.4
gz-07-aire-openmeteo,pm10,2026-09-22 23:00,2026-09-22 18:00,2026-09-22,8.6,8.6,8.6,6,51.6
gz-07-aire-openmeteo,pm10,2026-09-23 00:00,2026-09-22 19:00,2026-09-22,8.4,8.4,8.4,6,50.4
gz-07-aire-openmeteo,pm10,2026-09-23 01:00,2026-09-22 20:00,2026-09-22,7.8,7.8,7.8,6,46.8
gz-07-aire-openmeteo,pm10,2026-09-23 02:00,2026-09-22 21:00,2026-09-22,7.2,7.2,7.2,6,43.2
gz-07-aire-openmeteo,pm10,2026-09-23 03:00,2026-09-22 22:00,2026-09-22,6.3999999999999995,6.4,6.4,6,38.4
gz-07-aire-openmeteo,pm10,2026-09-23 04:00,2026-09-22 23:00,2026-09-22,6,6,6,6,36
gz-07-aire-openmeteo,pm10,2026-09-23 05:00,2026-09-23 00:00,2026-09-23,5.8999999999999995,5.9,5.9,6,35.4
gz-07-aire-openmeteo,pm10,2026-09-23 06:00,2026-09-23 01:00,2026-09-23,5.7,5.7,5.7,6,34.2
gz-07-aire-openmeteo,pm10,2026-09-23 07:00,2026-09-23 02:00,2026-09-23,4.8999999999999995,4.9,4.9,6,29.4
gz-07-aire-openmeteo,pm10,2026-09-23 08:00,2026-09-23 03:00,2026-09-23,4.3999999999999995,4.4,4.4,6,26.4
gz-07-aire-openmeteo,pm10,2026-09-23 09:00,2026-09-23 04:00,2026-09-23,4.2,4.2,4.2,6,25.2
gz-07-aire-openmeteo,pm10,2026-09-23 10:00,2026-09-23 05:00,2026-09-23,5.533333333333334,3.8,6.4,6,33.2
gz-07-aire-openmeteo,pm10,2026-09-23 11:00,2026-09-23 06:00,2026-09-23,7.1000000000000005,7.1,7.1,6,42.6
gz-07-aire-openmeteo,pm10,2026-09-23 12:00,2026-09-23 07:00,2026-09-23,6.2,6.2,6.2,6,37.2
gz-07-aire-openmeteo,pm10,2026-09-23 13:00,2026-09-23 08:00,2026-09-23,6.5,6.5,6.5,6,39
gz-07-aire-openmeteo,pm10,2026-09-23 14:00,2026-09-23 09:00,2026-09-23,6.3,6.3,6.3,6,37.8
gz-07-aire-openmeteo,pm10,2026-09-23 15:00,2026-09-23 10:00,2026-09-23,6.2,6.2,6.2,6,37.2
gz-07-aire-openmeteo,pm10,2026-09-23 16:00,2026-09-23 11:00,2026-09-23,6,6,6,6,36
gz-07-aire-openmeteo,pm10,2026-09-23 17:00,2026-09-23 12:00,2026-09-23,6.2,6.2,6.2,6,37.2
gz-07-aire-openmeteo,pm10,2026-09-23 18:00,2026-09-23 13:00,2026-09-23,5.6000000000000005,5.6,5.6,6,33.6
gz-07-aire-openmeteo,pm10,2026-09-23 19:00,2026-09-23 14:00,2026-09-23,5.8,5.8,5.8,6,34.8
gz-07-aire-openmeteo,pm10,2026-09-23 20:00,2026-09-23 15:00,2026-09-23,6,6,6,6,36
gz-07-aire-openmeteo,pm10,2026-09-23 21:00,2026-09-23 16:00,2026-09-23,5.8999999999999995,5.9,5.9,6,35.4
gz-07-aire-openmeteo,pm10,2026-09-23 22:00,2026-09-23 17:00,2026-09-23,6.300000000000001,6.1,6.4,6,37.800000000000004
gz-07-aire-openmeteo,pm10,2026-09-23 23:00,2026-09-23 18:00,2026-09-23,7.2,7.2,7.2,6,43.2
gz-07-aire-openmeteo,pm10,2026-09-24 00:00,2026-09-23 19:00,2026-09-23,7.8999999999999995,7.9,7.9,6,47.4
gz-07-aire-openmeteo,pm10,2026-09-24 01:00,2026-09-23 20:00,2026-09-23,8,8,8,6,48
gz-07-aire-openmeteo,pm10,2026-09-24 02:00,2026-09-23 21:00,2026-09-23,7.599999999999999,7.6,7.6,6,45.599999999999994
gz-07-aire-openmeteo,pm10,2026-09-24 03:00,2026-09-23 22:00,2026-09-23,7.5,7.5,7.5,6,45
gz-07-aire-openmeteo,pm10,2026-09-24 04:00,2026-09-23 23:00,2026-09-23,7.8,7.8,7.8,6,46.8
gz-07-aire-openmeteo,pm10,2026-09-24 05:00,2026-09-24 00:00,2026-09-24,7.2,7.2,7.2,6,43.2
gz-07-aire-openmeteo,pm10,2026-09-24 06:00,2026-09-24 01:00,2026-09-24,7.1000000000000005,7.1,7.1,6,42.6
gz-07-aire-openmeteo,pm10,2026-09-24 07:00,2026-09-24 02:00,2026-09-24,6.7,6.7,6.7,6,40.2
gz-07-aire-openmeteo,pm10,2026-09-24 08:00,2026-09-24 03:00,2026-09-24,5.8,5.8,5.8,6,34.8
gz-07-aire-openmeteo,pm10,2026-09-24 09:00,2026-09-24 04:00,2026-09-24,6.1000000000000005,6.1,6.1,6,36.6
gz-07-aire-openmeteo,pm10,2026-09-24 10:00,2026-09-24 05:00,2026-09-24,8.033333333333333,5.5,9.3,6,48.2
gz-07-aire-openmeteo,pm10,2026-09-24 11:00,2026-09-24 06:00,2026-09-24,9.5,9.5,9.5,6,57
gz-07-aire-openmeteo,pm10,2026-09-24 12:00,2026-09-24 07:00,2026-09-24,12.566666666666665,9.6,27.4,6,75.39999999999999
gz-07-aire-openmeteo,pm10,2026-09-24 13:00,2026-09-24 08:00,2026-09-24,9.1,9.1,9.1,6,54.6
gz-07-aire-openmeteo,pm10,2026-09-24 14:00,2026-09-24 09:00,2026-09-24,8.6,8.6,8.6,6,51.6
gz-07-aire-openmeteo,pm10,2026-09-24 15:00,2026-09-24 10:00,2026-09-24,8.4,8.4,8.4,6,50.4
gz-07-aire-openmeteo,pm10,2026-09-24 16:00,2026-09-24 11:00,2026-09-24,8.6,8.6,8.6,5,43
gz-07-aire-openmeteo,pm10,2026-09-24 17:00,2026-09-24 12:00,2026-09-24,8.200000000000001,8.2,8.2,6,49.2
gz-07-aire-openmeteo,pm10,2026-09-24 18:00,2026-09-24 13:00,2026-09-24,8.299999999999999,8.3,8.3,6,49.8
gz-07-aire-openmeteo,pm10,2026-09-24 19:00,2026-09-24 14:00,2026-09-24,9,9,9,6,54
gz-07-aire-openmeteo,pm10,2026-09-24 20:00,2026-09-24 15:00,2026-09-24,8.299999999999999,8.3,8.3,6,49.8
gz-07-aire-openmeteo,pm10,2026-09-24 21:00,2026-09-24 16:00,2026-09-24,8.299999999999999,8.3,8.3,6,49.8
gz-07-aire-openmeteo,pm10,2026-09-24 22:00,2026-09-24 17:00,2026-09-24,9.5,8.7,9.9,6,57
gz-07-aire-openmeteo,pm10,2026-09-24 23:00,2026-09-24 18:00,2026-09-24,10,10,10,6,60
gz-07-aire-openmeteo,pm10,2026-09-25 00:00,2026-09-24 19:00,2026-09-24,10.200000000000001,10.2,10.2,6,61.2
gz-07-aire-openmeteo,pm10,2026-09-25 01:00,2026-09-24 20:00,2026-09-24,10.799999999999999,10.8,10.8,6,64.8
gz-07-aire-openmeteo,pm10,2026-09-25 02:00,2026-09-24 21:00,2026-09-24,11,11,11,6,66
gz-07-aire-openmeteo,pm10,2026-09-25 03:00,2026-09-24 22:00,2026-09-24,10.1,10.1,10.1,6,60.6
gz-07-aire-openmeteo,pm10,2026-09-25 04:00,2026-09-24 23:00,2026-09-24,9.700000000000001,9.7,9.7,6,58.2
gz-07-aire-openmeteo,pm10,2026-09-25 05:00,2026-09-25 00:00,2026-09-25,8.9,8.9,8.9,6,53.4
gz-07-aire-openmeteo,pm10,2026-09-25 06:00,2026-09-25 01:00,2026-09-25,7.7,7.7,7.7,6,46.2
gz-07-aire-openmeteo,pm10,2026-09-25 07:00,2026-09-25 02:00,2026-09-25,6.8999999999999995,6.9,6.9,6,41.4
gz-07-aire-openmeteo,pm10,2026-09-25 08:00,2026-09-25 03:00,2026-09-25,6.5,6.5,6.5,6,39
gz-07-aire-openmeteo,pm10,2026-09-25 09:00,2026-09-25 04:00,2026-09-25,6.6000000000000005,6.6,6.6,6,39.6
gz-07-aire-openmeteo,pm10,2026-09-25 10:00,2026-09-25 05:00,2026-09-25,17.866666666666667,7,23.3,6,107.2
gz-07-aire-openmeteo,pm10,2026-09-25 11:00,2026-09-25 06:00,2026-09-25,23.7,23.7,23.7,6,142.2
gz-07-aire-openmeteo,pm10,2026-09-25 12:00,2026-09-25 07:00,2026-09-25,23.3,23.3,23.3,6,139.8
gz-07-aire-openmeteo,pm10,2026-09-25 13:00,2026-09-25 08:00,2026-09-25,19.3,19.3,19.3,6,115.8
gz-07-aire-openmeteo,pm10,2026-09-25 14:00,2026-09-25 09:00,2026-09-25,18.099999999999998,18.1,18.1,6,108.6
gz-07-aire-openmeteo,pm10,2026-09-25 15:00,2026-09-25 10:00,2026-09-25,16.900000000000002,16.9,16.9,6,101.4
gz-07-aire-openmeteo,pm10,2026-09-25 16:00,2026-09-25 11:00,2026-09-25,15.5,15.5,15.5,6,93
gz-07-aire-openmeteo,pm10,2026-09-25 17:00,2026-09-25 12:00,2026-09-25,16.8,16.8,16.8,6,100.8
gz-07-aire-openmeteo,pm10,2026-09-25 18:00,2026-09-25 13:00,2026-09-25,13.5,13.5,13.5,6,81
gz-07-aire-openmeteo,pm10,2026-09-25 19:00,2026-09-25 14:00,2026-09-25,11.700000000000001,11.7,11.7,6,70.2
gz-07-aire-openmeteo,pm10,2026-09-25 20:00,2026-09-25 15:00,2026-09-25,11.1,11.1,11.1,6,66.6
gz-07-aire-openmeteo,pm10,2026-09-25 21:00,2026-09-25 16:00,2026-09-25,10.799999999999999,10.8,10.8,6,64.8
gz-07-aire-openmeteo,pm10,2026-09-25 22:00,2026-09-25 17:00,2026-09-25,15.216666666666667,10.8,16.1,6,91.3
gz-07-aire-openmeteo,pm10,2026-09-25 23:00,2026-09-25 18:00,2026-09-25,16.099999999999998,16.1,16.1,6,96.6
gz-07-aire-openmeteo,pm10,2026-09-26 00:00,2026-09-25 19:00,2026-09-25,16.2,16.2,16.2,6,97.2
gz-07-aire-openmeteo,pm10,2026-09-26 01:00,2026-09-25 20:00,2026-09-25,16.400000000000002,16.4,16.4,6,98.4
gz-07-aire-openmeteo,pm10,2026-09-26 02:00,2026-09-25 21:00,2026-09-25,15.6,15.6,15.6,6,93.6
gz-07-aire-openmeteo,pm10,2026-09-26 03:00,2026-09-25 22:00,2026-09-25,14.799999999999999,14.8,14.8,6,88.8
gz-07-aire-openmeteo,pm10,2026-09-26 04:00,2026-09-25 23:00,2026-09-25,13.6,13.6,13.6,6,81.6
gz-07-aire-openmeteo,pm10,2026-09-26 05:00,2026-09-26 00:00,2026-09-26,12.4,12.4,12.4,6,74.4
gz-07-aire-openmeteo,pm10,2026-09-26 06:00,2026-09-26 01:00,2026-09-26,12,12,12,6,72
gz-07-aire-openmeteo,pm10,2026-09-26 07:00,2026-09-26 02:00,2026-09-26,11.5,11.5,11.5,6,69
gz-07-aire-openmeteo,pm10,2026-09-26 08:00,2026-09-26 03:00,2026-09-26,10.9,10.9,10.9,6,65.4
gz-07-aire-openmeteo,pm10,2026-09-26 09:00,2026-09-26 04:00,2026-09-26,11.683333333333332,10.7,16.6,6,70.1
gz-07-aire-openmeteo,pm10,2026-09-26 10:00,2026-09-26 05:00,2026-09-26,14.966666666666669,10.7,17.1,6,89.80000000000001
gz-07-aire-openmeteo,pm10,2026-09-26 11:00,2026-09-26 06:00,2026-09-26,15.9,15.9,15.9,6,95.4
gz-07-aire-openmeteo,pm10,2026-09-26 12:00,2026-09-26 07:00,2026-09-26,11.299999999999999,11.3,11.3,6,67.8
gz-07-aire-openmeteo,pm10,2026-09-26 13:00,2026-09-26 08:00,2026-09-26,8,8,8,6,48
gz-07-aire-openmeteo,pm10,2026-09-26 14:00,2026-09-26 09:00,2026-09-26,7.5,7.5,7.5,6,45
gz-07-aire-openmeteo,pm10,2026-09-26 15:00,2026-09-26 10:00,2026-09-26,7,7,7,6,42
gz-07-aire-openmeteo,pm10,2026-09-26 16:00,2026-09-26 11:00,2026-09-26,5.8,5.8,5.8,6,34.8
gz-07-aire-openmeteo,pm10,2026-09-26 17:00,2026-09-26 12:00,2026-09-26,4.8,4.8,4.8,6,28.8
gz-07-aire-openmeteo,pm10,2026-09-26 18:00,2026-09-26 13:00,2026-09-26,4.3999999999999995,4.4,4.4,6,26.4
gz-07-aire-openmeteo,pm10,2026-09-26 19:00,2026-09-26 14:00,2026-09-26,4.3,4.3,4.3,6,25.8
gz-07-aire-openmeteo,pm10,2026-09-26 20:00,2026-09-26 15:00,2026-09-26,4.1000000000000005,4.1,4.1,6,24.6
gz-07-aire-openmeteo,pm10,2026-09-26 21:00,2026-09-26 16:00,2026-09-26,4.3,4.3,4.3,6,25.8
gz-07-aire-openmeteo,pm10,2026-09-26 22:00,2026-09-26 17:00,2026-09-26,3.9,3.9,3.9,6,23.4
gz-07-aire-openmeteo,pm10,2026-09-26 23:00,2026-09-26 18:00,2026-09-26,4.1000000000000005,4.1,4.1,6,24.6
gz-07-aire-openmeteo,pm10,2026-09-27 00:00,2026-09-26 19:00,2026-09-26,4.3999999999999995,4.4,4.4,6,26.4
gz-07-aire-openmeteo,pm10,2026-09-27 01:00,2026-09-26 20:00,2026-09-26,4.8,4.8,4.8,6,28.8
gz-07-aire-openmeteo,pm10,2026-09-27 02:00,2026-09-26 21:00,2026-09-26,4.9,4.9,4.9,6,29.400000000000002
gz-07-aire-openmeteo,pm10,2026-09-27 03:00,2026-09-26 22:00,2026-09-26,5,5,5,6,30
gz-07-aire-openmeteo,pm10,2026-09-27 04:00,2026-09-26 23:00,2026-09-26,5.3,5.3,5.3,6,31.8
gz-07-aire-openmeteo,pm10,2026-09-27 05:00,2026-09-27 00:00,2026-09-27,5.1000000000000005,5.1,5.1,6,30.6
gz-07-aire-openmeteo,pm10,2026-09-27 06:00,2026-09-27 01:00,2026-09-27,5.1000000000000005,5.1,5.1,6,30.6
gz-07-aire-openmeteo,pm10,2026-09-27 07:00,2026-09-27 02:00,2026-09-27,5.2,5.2,5.2,6,31.2
gz-07-aire-openmeteo,pm10,2026-09-27 08:00,2026-09-27 03:00,2026-09-27,5.6000000000000005,5.6,5.6,6,33.6
gz-07-aire-openmeteo,pm10,2026-09-27 09:00,2026-09-27 04:00,2026-09-27,4.8,4.8,4.8,6,28.8
gz-07-aire-openmeteo,pm10,2026-09-27 10:00,2026-09-27 05:00,2026-09-27,7.316666666666666,2.9,8.2,6,43.9
gz-07-aire-openmeteo,pm10,2026-09-27 11:00,2026-09-27 06:00,2026-09-27,7.2,7.2,7.2,5,36
gz-07-aire-openmeteo,pm10,2026-09-27 12:00,2026-09-27 07:00,2026-09-27,6.866666666666667,6.8,7.2,6,41.2
gz-07-aire-openmeteo,pm10,2026-09-27 13:00,2026-09-27 08:00,2026-09-27,5.8,5.8,5.8,6,34.8
gz-07-aire-openmeteo,pm10,2026-09-27 14:00,2026-09-27 09:00,2026-09-27,4.5,4.5,4.5,6,27
gz-07-aire-openmeteo,pm10,2026-09-27 15:00,2026-09-27 10:00,2026-09-27,4,4,4,6,24
gz-07-aire-openmeteo,pm10,2026-09-27 16:00,2026-09-27 11:00,2026-09-27,3.6999999999999997,3.7,3.7,6,22.2
gz-07-aire-openmeteo,pm10,2026-09-27 17:00,2026-09-27 12:00,2026-09-27,3.3000000000000003,3.3,3.3,6,19.8
gz-07-aire-openmeteo,pm10,2026-09-27 18:00,2026-09-27 13:00,2026-09-27,2.5,2.5,2.5,6,15
gz-07-aire-openmeteo,pm10,2026-09-27 19:00,2026-09-27 14:00,2026-09-27,2.1,2.1,2.1,6,12.6
gz-07-aire-openmeteo,pm10,2026-09-27 20:00,2026-09-27 15:00,2026-09-27,2,2,2,6,12
gz-07-aire-openmeteo,pm10,2026-09-27 21:00,2026-09-27 16:00,2026-09-27,2.1999999999999997,2.2,2.2,6,13.2
gz-07-aire-openmeteo,pm10,2026-09-27 22:00,2026-09-27 17:00,2026-09-27,2.733333333333333,2.6,3.4,6,16.4
gz-07-aire-openmeteo,pm10,2026-09-27 23:00,2026-09-27 18:00,2026-09-27,4.1000000000000005,4.1,4.1,6,24.6
gz-07-aire-openmeteo,pm10,2026-09-28 00:00,2026-09-27 19:00,2026-09-27,4.5,4.5,4.5,6,27
gz-07-aire-openmeteo,pm10,2026-09-28 01:00,2026-09-27 20:00,2026-09-27,4.3999999999999995,4.4,4.4,6,26.4
gz-07-aire-openmeteo,pm10,2026-09-28 02:00,2026-09-27 21:00,2026-09-27,4.6000000000000005,4.6,4.6,6,27.6
gz-07-aire-openmeteo,pm10,2026-09-28 03:00,2026-09-27 22:00,2026-09-27,4.9,4.9,4.9,6,29.400000000000002
gz-07-aire-openmeteo,pm10,2026-09-28 04:00,2026-09-27 23:00,2026-09-27,5.5,5.5,5.5,6,33
gz-07-aire-openmeteo,pm10,2026-09-28 05:00,2026-09-28 00:00,2026-09-28,5.400000000000001,5.4,5.4,6,32.400000000000006
gz-07-aire-openmeteo,pm10,2026-09-28 06:00,2026-09-28 01:00,2026-09-28,5.3,5.3,5.3,6,31.799999999999997
gz-07-aire-openmeteo,pm10,2026-09-28 07:00,2026-09-28 02:00,2026-09-28,5.3,5.3,5.3,6,31.799999999999997
gz-07-aire-openmeteo,pm10,2026-09-28 08:00,2026-09-28 03:00,2026-09-28,5.3,5.3,5.3,6,31.8
gz-07-aire-openmeteo,pm10,2026-09-28 09:00,2026-09-28 04:00,2026-09-28,5.2,5.2,5.2,6,31.2
gz-07-aire-openmeteo,pm10,2026-09-28 10:00,2026-09-28 05:00,2026-09-28,7.666666666666667,5.2,8.9,6,46
gz-07-aire-openmeteo,pm10,2026-09-28 11:00,2026-09-28 06:00,2026-09-28,8.7,8.7,8.7,6,52.199999999999996
gz-07-aire-openmeteo,pm10,2026-09-28 12:00,2026-09-28 07:00,2026-09-28,8.2,8.2,8.2,6,49.199999999999996
gz-07-aire-openmeteo,pm10,2026-09-28 13:00,2026-09-28 08:00,2026-09-28,7,7,7,6,42
gz-07-aire-openmeteo,pm10,2026-09-28 14:00,2026-09-28 09:00,2026-09-28,5.8,5.8,5.8,6,34.8
gz-07-aire-openmeteo,pm10,2026-09-28 15:00,2026-09-28 10:00,2026-09-28,5.5,5.5,5.5,6,33
gz-07-aire-openmeteo,pm10,2026-09-28 16:00,2026-09-28 11:00,2026-09-28,4,4,4,6,24
gz-07-aire-openmeteo,pm10,2026-09-28 17:00,2026-09-28 12:00,2026-09-28,4,4,4,6,24
gz-07-aire-openmeteo,pm10,2026-09-28 18:00,2026-09-28 13:00,2026-09-28,4,4,4,6,24
gz-07-aire-openmeteo,pm10,2026-09-28 19:00,2026-09-28 14:00,2026-09-28,3.9,3.9,3.9,6,23.4
gz-07-aire-openmeteo,pm10,2026-09-28 20:00,2026-09-28 15:00,2026-09-28,4.1000000000000005,4.1,4.1,6,24.6
gz-07-aire-openmeteo,pm10,2026-09-28 21:00,2026-09-28 16:00,2026-09-28,4,4,4,6,24
gz-07-aire-openmeteo,pm10,2026-09-28 22:00,2026-09-28 17:00,2026-09-28,4.216666666666667,4.2,4.3,6,25.3
gz-07-aire-openmeteo,pm10,2026-09-28 23:00,2026-09-28 18:00,2026-09-28,4.8,4.8,4.8,6,28.8
gz-07-aire-openmeteo,pm10,2026-09-29 00:00,2026-09-28 19:00,2026-09-28,5.5,5.5,5.5,4,22
gz-07-aire-openmeteo,pm25,2026-09-22 03:00,2026-09-21 22:00,2026-09-21,10,10,10,4,40
gz-07-aire-openmeteo,pm25,2026-09-22 04:00,2026-09-21 23:00,2026-09-21,10,10,10,6,60
gz-07-aire-openmeteo,pm25,2026-09-22 05:00,2026-09-22 00:00,2026-09-22,9.700000000000001,9.7,9.7,6,58.2
gz-07-aire-openmeteo,pm25,2026-09-22 06:00,2026-09-22 01:00,2026-09-22,9.5,9.5,9.5,6,57
gz-07-aire-openmeteo,pm25,2026-09-22 07:00,2026-09-22 02:00,2026-09-22,7.5,7.5,7.5,6,45
gz-07-aire-openmeteo,pm25,2026-09-22 08:00,2026-09-22 03:00,2026-09-22,6,6,6,6,36
gz-07-aire-openmeteo,pm25,2026-09-22 09:00,2026-09-22 04:00,2026-09-22,5.8,5.8,5.8,6,34.8
gz-07-aire-openmeteo,pm25,2026-09-22 10:00,2026-09-22 05:00,2026-09-22,8.733333333333334,5.2,10.5,6,52.400000000000006
gz-07-aire-openmeteo,pm25,2026-09-22 11:00,2026-09-22 06:00,2026-09-22,9.9,9.9,9.9,6,59.4
gz-07-aire-openmeteo,pm25,2026-09-22 12:00,2026-09-22 07:00,2026-09-22,8.799999999999999,8.8,8.8,6,52.8
gz-07-aire-openmeteo,pm25,2026-09-22 13:00,2026-09-22 08:00,2026-09-22,7.8999999999999995,7.9,7.9,6,47.4
gz-07-aire-openmeteo,pm25,2026-09-22 14:00,2026-09-22 09:00,2026-09-22,6.8,6.8,6.8,6,40.8
gz-07-aire-openmeteo,pm25,2026-09-22 15:00,2026-09-22 10:00,2026-09-22,6.3999999999999995,6.4,6.4,6,38.4
gz-07-aire-openmeteo,pm25,2026-09-22 16:00,2026-09-22 11:00,2026-09-22,6.1000000000000005,6.1,6.1,6,36.6
gz-07-aire-openmeteo,pm25,2026-09-22 17:00,2026-09-22 12:00,2026-09-22,5.8999999999999995,5.9,5.9,6,35.4
gz-07-aire-openmeteo,pm25,2026-09-22 18:00,2026-09-22 13:00,2026-09-22,5.8,5.8,5.8,6,34.8
gz-07-aire-openmeteo,pm25,2026-09-22 19:00,2026-09-22 14:00,2026-09-22,5.6000000000000005,5.6,5.6,6,33.6
gz-07-aire-openmeteo,pm25,2026-09-22 20:00,2026-09-22 15:00,2026-09-22,5.3,5.3,5.3,6,31.8
gz-07-aire-openmeteo,pm25,2026-09-22 21:00,2026-09-22 16:00,2026-09-22,5.1000000000000005,5.1,5.1,6,30.6
gz-07-aire-openmeteo,pm25,2026-09-22 22:00,2026-09-22 17:00,2026-09-22,7.133333333333334,5.2,8.1,6,42.800000000000004
gz-07-aire-openmeteo,pm25,2026-09-22 23:00,2026-09-22 18:00,2026-09-22,8.1,8.1,8.1,6,48.6
gz-07-aire-openmeteo,pm25,2026-09-23 00:00,2026-09-22 19:00,2026-09-22,7.8999999999999995,7.9,7.9,6,47.4
gz-07-aire-openmeteo,pm25,2026-09-23 01:00,2026-09-22 20:00,2026-09-22,7.3999999999999995,7.4,7.4,6,44.4
gz-07-aire-openmeteo,pm25,2026-09-23 02:00,2026-09-22 21:00,2026-09-22,6.8999999999999995,6.9,6.9,6,41.4
gz-07-aire-openmeteo,pm25,2026-09-23 03:00,2026-09-22 22:00,2026-09-22,6.1000000000000005,6.1,6.1,6,36.6
gz-07-aire-openmeteo,pm25,2026-09-23 04:00,2026-09-22 23:00,2026-09-22,5.7,5.7,5.7,6,34.2
gz-07-aire-openmeteo,pm25,2026-09-23 05:00,2026-09-23 00:00,2026-09-23,5.6000000000000005,5.6,5.6,6,33.6
gz-07-aire-openmeteo,pm25,2026-09-23 06:00,2026-09-23 01:00,2026-09-23,5.5,5.5,5.5,6,33
gz-07-aire-openmeteo,pm25,2026-09-23 07:00,2026-09-23 02:00,2026-09-23,4.7,4.7,4.7,6,28.2
gz-07-aire-openmeteo,pm25,2026-09-23 08:00,2026-09-23 03:00,2026-09-23,4.2,4.2,4.2,6,25.2
gz-07-aire-openmeteo,pm25,2026-09-23 09:00,2026-09-23 04:00,2026-09-23,4,4,4,6,24
gz-07-aire-openmeteo,pm25,2026-09-23 10:00,2026-09-23 05:00,2026-09-23,5.3,3.7,6.1,6,31.799999999999997
gz-07-aire-openmeteo,pm25,2026-09-23 11:00,2026-09-23 06:00,2026-09-23,6.7,6.7,6.7,6,40.2
gz-07-aire-openmeteo,pm25,2026-09-23 12:00,2026-09-23 07:00,2026-09-23,5.8999999999999995,5.9,5.9,6,35.4
gz-07-aire-openmeteo,pm25,2026-09-23 13:00,2026-09-23 08:00,2026-09-23,6.2,6.2,6.2,6,37.2
gz-07-aire-openmeteo,pm25,2026-09-23 14:00,2026-09-23 09:00,2026-09-23,6,6,6,6,36
gz-07-aire-openmeteo,pm25,2026-09-23 15:00,2026-09-23 10:00,2026-09-23,5.8999999999999995,5.9,5.9,6,35.4
gz-07-aire-openmeteo,pm25,2026-09-23 16:00,2026-09-23 11:00,2026-09-23,5.7,5.7,5.7,6,34.2
gz-07-aire-openmeteo,pm25,2026-09-23 17:00,2026-09-23 12:00,2026-09-23,5.8999999999999995,5.9,5.9,6,35.4
gz-07-aire-openmeteo,pm25,2026-09-23 18:00,2026-09-23 13:00,2026-09-23,5.3999999999999995,5.4,5.4,6,32.4
gz-07-aire-openmeteo,pm25,2026-09-23 19:00,2026-09-23 14:00,2026-09-23,5.5,5.5,5.5,6,33
gz-07-aire-openmeteo,pm25,2026-09-23 20:00,2026-09-23 15:00,2026-09-23,5.7,5.7,5.7,6,34.2
gz-07-aire-openmeteo,pm25,2026-09-23 21:00,2026-09-23 16:00,2026-09-23,5.6000000000000005,5.6,5.6,6,33.6
gz-07-aire-openmeteo,pm25,2026-09-23 22:00,2026-09-23 17:00,2026-09-23,5.933333333333334,5.8,6,6,35.6
gz-07-aire-openmeteo,pm25,2026-09-23 23:00,2026-09-23 18:00,2026-09-23,6.8,6.8,6.8,6,40.8
gz-07-aire-openmeteo,pm25,2026-09-24 00:00,2026-09-23 19:00,2026-09-23,7.5,7.5,7.5,6,45
gz-07-aire-openmeteo,pm25,2026-09-24 01:00,2026-09-23 20:00,2026-09-23,7.7,7.7,7.7,6,46.2
gz-07-aire-openmeteo,pm25,2026-09-24 02:00,2026-09-23 21:00,2026-09-23,7.3,7.3,7.3,6,43.8
gz-07-aire-openmeteo,pm25,2026-09-24 03:00,2026-09-23 22:00,2026-09-23,7.2,7.2,7.2,6,43.2
gz-07-aire-openmeteo,pm25,2026-09-24 04:00,2026-09-23 23:00,2026-09-23,7.5,7.5,7.5,6,45
gz-07-aire-openmeteo,pm25,2026-09-24 05:00,2026-09-24 00:00,2026-09-24,6.8999999999999995,6.9,6.9,6,41.4
gz-07-aire-openmeteo,pm25,2026-09-24 06:00,2026-09-24 01:00,2026-09-24,6.8,6.8,6.8,6,40.8
gz-07-aire-openmeteo,pm25,2026-09-24 07:00,2026-09-24 02:00,2026-09-24,6.3999999999999995,6.4,6.4,6,38.4
gz-07-aire-openmeteo,pm25,2026-09-24 08:00,2026-09-24 03:00,2026-09-24,5.6000000000000005,5.6,5.6,6,33.6
gz-07-aire-openmeteo,pm25,2026-09-24 09:00,2026-09-24 04:00,2026-09-24,5.8999999999999995,5.9,5.9,6,35.4
gz-07-aire-openmeteo,pm25,2026-09-24 10:00,2026-09-24 05:00,2026-09-24,7.633333333333333,5.3,8.8,6,45.8
gz-07-aire-openmeteo,pm25,2026-09-24 11:00,2026-09-24 06:00,2026-09-24,9.1,9.1,9.1,6,54.6
gz-07-aire-openmeteo,pm25,2026-09-24 12:00,2026-09-24 07:00,2026-09-24,9.450000000000001,9.1,11.2,6,56.7
gz-07-aire-openmeteo,pm25,2026-09-24 13:00,2026-09-24 08:00,2026-09-24,8.6,8.6,8.6,6,51.6
gz-07-aire-openmeteo,pm25,2026-09-24 14:00,2026-09-24 09:00,2026-09-24,8.200000000000001,8.2,8.2,6,49.2
gz-07-aire-openmeteo,pm25,2026-09-24 15:00,2026-09-24 10:00,2026-09-24,7.7,7.7,7.7,6,46.2
gz-07-aire-openmeteo,pm25,2026-09-24 16:00,2026-09-24 11:00,2026-09-24,7.8,7.8,7.8,5,39
gz-07-aire-openmeteo,pm25,2026-09-24 17:00,2026-09-24 12:00,2026-09-24,7.8,7.8,7.8,6,46.8
gz-07-aire-openmeteo,pm25,2026-09-24 18:00,2026-09-24 13:00,2026-09-24,7.8999999999999995,7.9,7.9,6,47.4
gz-07-aire-openmeteo,pm25,2026-09-24 19:00,2026-09-24 14:00,2026-09-24,8.5,8.5,8.5,6,51
gz-07-aire-openmeteo,pm25,2026-09-24 20:00,2026-09-24 15:00,2026-09-24,7.8999999999999995,7.9,7.9,6,47.4
gz-07-aire-openmeteo,pm25,2026-09-24 21:00,2026-09-24 16:00,2026-09-24,7.8999999999999995,7.9,7.9,6,47.4
gz-07-aire-openmeteo,pm25,2026-09-24 22:00,2026-09-24 17:00,2026-09-24,9.133333333333333,8.4,9.5,6,54.8
gz-07-aire-openmeteo,pm25,2026-09-24 23:00,2026-09-24 18:00,2026-09-24,9.6,9.6,9.6,6,57.6
gz-07-aire-openmeteo,pm25,2026-09-25 00:00,2026-09-24 19:00,2026-09-24,9.700000000000001,9.7,9.7,6,58.2
gz-07-aire-openmeteo,pm25,2026-09-25 01:00,2026-09-24 20:00,2026-09-24,10.4,10.4,10.4,6,62.4
gz-07-aire-openmeteo,pm25,2026-09-25 02:00,2026-09-24 21:00,2026-09-24,10.5,10.5,10.5,6,63
gz-07-aire-openmeteo,pm25,2026-09-25 03:00,2026-09-24 22:00,2026-09-24,9.6,9.6,9.6,6,57.6
gz-07-aire-openmeteo,pm25,2026-09-25 04:00,2026-09-24 23:00,2026-09-24,9.299999999999999,9.3,9.3,6,55.8
gz-07-aire-openmeteo,pm25,2026-09-25 05:00,2026-09-25 00:00,2026-09-25,8.5,8.5,8.5,6,51
gz-07-aire-openmeteo,pm25,2026-09-25 06:00,2026-09-25 01:00,2026-09-25,7.3999999999999995,7.4,7.4,6,44.4
gz-07-aire-openmeteo,pm25,2026-09-25 07:00,2026-09-25 02:00,2026-09-25,6.7,6.7,6.7,6,40.2
gz-07-aire-openmeteo,pm25,2026-09-25 08:00,2026-09-25 03:00,2026-09-25,6.3,6.3,6.3,6,37.8
gz-07-aire-openmeteo,pm25,2026-09-25 09:00,2026-09-25 04:00,2026-09-25,6.3999999999999995,6.4,6.4,6,38.4
gz-07-aire-openmeteo,pm25,2026-09-25 10:00,2026-09-25 05:00,2026-09-25,16.266666666666666,6.8,21,6,97.6
gz-07-aire-openmeteo,pm25,2026-09-25 11:00,2026-09-25 06:00,2026-09-25,21.3,21.3,21.3,6,127.8
gz-07-aire-openmeteo,pm25,2026-09-25 12:00,2026-09-25 07:00,2026-09-25,21,21,21,6,126
gz-07-aire-openmeteo,pm25,2026-09-25 13:00,2026-09-25 08:00,2026-09-25,17.3,17.3,17.3,6,103.8
gz-07-aire-openmeteo,pm25,2026-09-25 14:00,2026-09-25 09:00,2026-09-25,16.2,16.2,16.2,6,97.2
gz-07-aire-openmeteo,pm25,2026-09-25 15:00,2026-09-25 10:00,2026-09-25,15.1,15.1,15.1,6,90.6
gz-07-aire-openmeteo,pm25,2026-09-25 16:00,2026-09-25 11:00,2026-09-25,13.799999999999999,13.8,13.8,6,82.8
gz-07-aire-openmeteo,pm25,2026-09-25 17:00,2026-09-25 12:00,2026-09-25,14.9,14.9,14.9,6,89.4
gz-07-aire-openmeteo,pm25,2026-09-25 18:00,2026-09-25 13:00,2026-09-25,12,12,12,6,72
gz-07-aire-openmeteo,pm25,2026-09-25 19:00,2026-09-25 14:00,2026-09-25,10.5,10.5,10.5,6,63
gz-07-aire-openmeteo,pm25,2026-09-25 20:00,2026-09-25 15:00,2026-09-25,10,10,10,6,60
gz-07-aire-openmeteo,pm25,2026-09-25 21:00,2026-09-25 16:00,2026-09-25,9.700000000000001,9.7,9.7,6,58.2
gz-07-aire-openmeteo,pm25,2026-09-25 22:00,2026-09-25 17:00,2026-09-25,13.816666666666668,9.9,14.6,6,82.9
gz-07-aire-openmeteo,pm25,2026-09-25 23:00,2026-09-25 18:00,2026-09-25,14.6,14.6,14.6,6,87.6
gz-07-aire-openmeteo,pm25,2026-09-26 00:00,2026-09-25 19:00,2026-09-25,14.799999999999999,14.8,14.8,6,88.8
gz-07-aire-openmeteo,pm25,2026-09-26 01:00,2026-09-25 20:00,2026-09-25,14.9,14.9,14.9,6,89.4
gz-07-aire-openmeteo,pm25,2026-09-26 02:00,2026-09-25 21:00,2026-09-25,14.200000000000001,14.2,14.2,6,85.2
gz-07-aire-openmeteo,pm25,2026-09-26 03:00,2026-09-25 22:00,2026-09-25,13.4,13.4,13.4,6,80.4
gz-07-aire-openmeteo,pm25,2026-09-26 04:00,2026-09-25 23:00,2026-09-25,12.5,12.5,12.5,6,75
gz-07-aire-openmeteo,pm25,2026-09-26 05:00,2026-09-26 00:00,2026-09-26,11.4,11.4,11.4,6,68.4
gz-07-aire-openmeteo,pm25,2026-09-26 06:00,2026-09-26 01:00,2026-09-26,11,11,11,6,66
gz-07-aire-openmeteo,pm25,2026-09-26 07:00,2026-09-26 02:00,2026-09-26,10.700000000000001,10.7,10.7,6,64.2
gz-07-aire-openmeteo,pm25,2026-09-26 08:00,2026-09-26 03:00,2026-09-26,10.299999999999999,10.3,10.3,6,61.8
gz-07-aire-openmeteo,pm25,2026-09-26 09:00,2026-09-26 04:00,2026-09-26,9.483333333333334,5.9,10.2,6,56.900000000000006
gz-07-aire-openmeteo,pm25,2026-09-26 10:00,2026-09-26 05:00,2026-09-26,13.766666666666666,10.1,15.6,6,82.6
gz-07-aire-openmeteo,pm25,2026-09-26 11:00,2026-09-26 06:00,2026-09-26,14.6,14.6,14.6,6,87.6
gz-07-aire-openmeteo,pm25,2026-09-26 12:00,2026-09-26 07:00,2026-09-26,10.700000000000001,10.7,10.7,6,64.2
gz-07-aire-openmeteo,pm25,2026-09-26 13:00,2026-09-26 08:00,2026-09-26,7.6000000000000005,7.6,7.6,6,45.6
gz-07-aire-openmeteo,pm25,2026-09-26 14:00,2026-09-26 09:00,2026-09-26,7.2,7.2,7.2,6,43.2
gz-07-aire-openmeteo,pm25,2026-09-26 15:00,2026-09-26 10:00,2026-09-26,6.7,6.7,6.7,6,40.2
gz-07-aire-openmeteo,pm25,2026-09-26 16:00,2026-09-26 11:00,2026-09-26,5.6000000000000005,5.6,5.6,6,33.6
gz-07-aire-openmeteo,pm25,2026-09-26 17:00,2026-09-26 12:00,2026-09-26,4.6000000000000005,4.6,4.6,6,27.6
gz-07-aire-openmeteo,pm25,2026-09-26 18:00,2026-09-26 13:00,2026-09-26,4.2,4.2,4.2,6,25.2
gz-07-aire-openmeteo,pm25,2026-09-26 19:00,2026-09-26 14:00,2026-09-26,4.2,4.2,4.2,6,25.2
gz-07-aire-openmeteo,pm25,2026-09-26 20:00,2026-09-26 15:00,2026-09-26,4,4,4,6,24
gz-07-aire-openmeteo,pm25,2026-09-26 21:00,2026-09-26 16:00,2026-09-26,4.1000000000000005,4.1,4.1,6,24.6
gz-07-aire-openmeteo,pm25,2026-09-26 22:00,2026-09-26 17:00,2026-09-26,3.6999999999999997,3.7,3.7,6,22.2
gz-07-aire-openmeteo,pm25,2026-09-26 23:00,2026-09-26 18:00,2026-09-26,4,4,4,6,24
gz-07-aire-openmeteo,pm25,2026-09-27 00:00,2026-09-26 19:00,2026-09-26,4.3,4.3,4.3,6,25.8
gz-07-aire-openmeteo,pm25,2026-09-27 01:00,2026-09-26 20:00,2026-09-26,4.7,4.7,4.7,6,28.2
gz-07-aire-openmeteo,pm25,2026-09-27 02:00,2026-09-26 21:00,2026-09-26,4.8,4.8,4.8,6,28.799999999999997
gz-07-aire-openmeteo,pm25,2026-09-27 03:00,2026-09-26 22:00,2026-09-26,4.8999999999999995,4.9,4.9,6,29.4
gz-07-aire-openmeteo,pm25,2026-09-27 04:00,2026-09-26 23:00,2026-09-26,5.2,5.2,5.2,6,31.2
gz-07-aire-openmeteo,pm25,2026-09-27 05:00,2026-09-27 00:00,2026-09-27,5,5,5,6,30
gz-07-aire-openmeteo,pm25,2026-09-27 06:00,2026-09-27 01:00,2026-09-27,5,5,5,6,30
gz-07-aire-openmeteo,pm25,2026-09-27 07:00,2026-09-27 02:00,2026-09-27,5.1000000000000005,5.1,5.1,6,30.6
gz-07-aire-openmeteo,pm25,2026-09-27 08:00,2026-09-27 03:00,2026-09-27,5.5,5.5,5.5,6,33
gz-07-aire-openmeteo,pm25,2026-09-27 09:00,2026-09-27 04:00,2026-09-27,4.7,4.7,4.7,6,28.2
gz-07-aire-openmeteo,pm25,2026-09-27 10:00,2026-09-27 05:00,2026-09-27,7.066666666666666,2.9,7.9,6,42.4
gz-07-aire-openmeteo,pm25,2026-09-27 11:00,2026-09-27 06:00,2026-09-27,7,7,7,5,35
gz-07-aire-openmeteo,pm25,2026-09-27 12:00,2026-09-27 07:00,2026-09-27,6.666666666666667,6.6,7,6,40
gz-07-aire-openmeteo,pm25,2026-09-27 13:00,2026-09-27 08:00,2026-09-27,5.6000000000000005,5.6,5.6,6,33.6
gz-07-aire-openmeteo,pm25,2026-09-27 14:00,2026-09-27 09:00,2026-09-27,4.3999999999999995,4.4,4.4,6,26.4
gz-07-aire-openmeteo,pm25,2026-09-27 15:00,2026-09-27 10:00,2026-09-27,3.9,3.9,3.9,6,23.4
gz-07-aire-openmeteo,pm25,2026-09-27 16:00,2026-09-27 11:00,2026-09-27,3.6,3.6,3.6,6,21.6
gz-07-aire-openmeteo,pm25,2026-09-27 17:00,2026-09-27 12:00,2026-09-27,3.1999999999999997,3.2,3.2,6,19.2
gz-07-aire-openmeteo,pm25,2026-09-27 18:00,2026-09-27 13:00,2026-09-27,2.5,2.5,2.5,6,15
gz-07-aire-openmeteo,pm25,2026-09-27 19:00,2026-09-27 14:00,2026-09-27,2,2,2,6,12
gz-07-aire-openmeteo,pm25,2026-09-27 20:00,2026-09-27 15:00,2026-09-27,2,2,2,6,12
gz-07-aire-openmeteo,pm25,2026-09-27 21:00,2026-09-27 16:00,2026-09-27,2.1999999999999997,2.2,2.2,6,13.2
gz-07-aire-openmeteo,pm25,2026-09-27 22:00,2026-09-27 17:00,2026-09-27,2.6333333333333333,2.5,3.3,6,15.8
gz-07-aire-openmeteo,pm25,2026-09-27 23:00,2026-09-27 18:00,2026-09-27,4,4,4,6,24
gz-07-aire-openmeteo,pm25,2026-09-28 00:00,2026-09-27 19:00,2026-09-27,4.3999999999999995,4.4,4.4,6,26.4
gz-07-aire-openmeteo,pm25,2026-09-28 01:00,2026-09-27 20:00,2026-09-27,4.3,4.3,4.3,6,25.8
gz-07-aire-openmeteo,pm25,2026-09-28 02:00,2026-09-27 21:00,2026-09-27,4.5,4.5,4.5,6,27
gz-07-aire-openmeteo,pm25,2026-09-28 03:00,2026-09-27 22:00,2026-09-27,4.8,4.8,4.8,6,28.799999999999997
gz-07-aire-openmeteo,pm25,2026-09-28 04:00,2026-09-27 23:00,2026-09-27,5.3,5.3,5.3,6,31.8
gz-07-aire-openmeteo,pm25,2026-09-28 05:00,2026-09-28 00:00,2026-09-28,5.2,5.2,5.2,6,31.200000000000003
gz-07-aire-openmeteo,pm25,2026-09-28 06:00,2026-09-28 01:00,2026-09-28,5.2,5.2,5.2,6,31.200000000000003
gz-07-aire-openmeteo,pm25,2026-09-28 07:00,2026-09-28 02:00,2026-09-28,5.2,5.2,5.2,6,31.200000000000003
gz-07-aire-openmeteo,pm25,2026-09-28 08:00,2026-09-28 03:00,2026-09-28,5.2,5.2,5.2,6,31.2
gz-07-aire-openmeteo,pm25,2026-09-28 09:00,2026-09-28 04:00,2026-09-28,5.1000000000000005,5.1,5.1,6,30.6
gz-07-aire-openmeteo,pm25,2026-09-28 10:00,2026-09-28 05:00,2026-09-28,7.433333333333334,5.1,8.6,6,44.6
gz-07-aire-openmeteo,pm25,2026-09-28 11:00,2026-09-28 06:00,2026-09-28,8.4,8.4,8.4,6,50.400000000000006
gz-07-aire-openmeteo,pm25,2026-09-28 12:00,2026-09-28 07:00,2026-09-28,7.900000000000001,7.9,7.9,6,47.400000000000006
gz-07-aire-openmeteo,pm25,2026-09-28 13:00,2026-09-28 08:00,2026-09-28,6.7,6.7,6.7,6,40.2
gz-07-aire-openmeteo,pm25,2026-09-28 14:00,2026-09-28 09:00,2026-09-28,5.599999999999999,5.6,5.6,6,33.599999999999994
gz-07-aire-openmeteo,pm25,2026-09-28 15:00,2026-09-28 10:00,2026-09-28,5.3,5.3,5.3,6,31.8
gz-07-aire-openmeteo,pm25,2026-09-28 16:00,2026-09-28 11:00,2026-09-28,3.9,3.9,3.9,6,23.4
gz-07-aire-openmeteo,pm25,2026-09-28 17:00,2026-09-28 12:00,2026-09-28,3.9,3.9,3.9,6,23.4
gz-07-aire-openmeteo,pm25,2026-09-28 18:00,2026-09-28 13:00,2026-09-28,3.9,3.9,3.9,6,23.4
gz-07-aire-openmeteo,pm25,2026-09-28 19:00,2026-09-28 14:00,2026-09-28,3.7999999999999994,3.8,3.8,6,22.799999999999997
gz-07-aire-openmeteo,pm25,2026-09-28 20:00,2026-09-28 15:00,2026-09-28,4,4,4,6,24
gz-07-aire-openmeteo,pm25,2026-09-28 21:00,2026-09-28 16:00,2026-09-28,3.9,3.9,3.9,6,23.4
gz-07-aire-openmeteo,pm25,2026-09-28 22:00,2026-09-28 17:00,2026-09-28,4.116666666666667,4.1,4.2,6,24.700000000000003
gz-07-aire-openmeteo,pm25,2026-09-28 23:00,2026-09-28 18:00,2026-09-28,4.7,4.7,4.7,6,28.2
gz-07-aire-openmeteo,pm25,2026-09-29 00:00,2026-09-28 19:00,2026-09-28,5.4,5.4,5.4,4,21.6
gz-07-aire-openmeteo,tempAire,2026-09-22 03:00,2026-09-21 22:00,2026-09-21,23.3,23.3,23.3,4,93.2
gz-07-aire-openmeteo,tempAire,2026-09-22 04:00,2026-09-21 23:00,2026-09-21,23.3,23.3,23.3,6,139.8
gz-07-aire-openmeteo,tempAire,2026-09-22 05:00,2026-09-22 00:00,2026-09-22,23.25,23.2,23.3,6,139.5
gz-07-aire-openmeteo,tempAire,2026-09-22 06:00,2026-09-22 01:00,2026-09-22,23.2,23.2,23.2,6,139.2
gz-07-aire-openmeteo,tempAire,2026-09-22 07:00,2026-09-22 02:00,2026-09-22,22.86666666666667,22.1,23.2,6,137.20000000000002
gz-07-aire-openmeteo,tempAire,2026-09-22 08:00,2026-09-22 03:00,2026-09-22,21.700000000000003,21.6,21.8,6,130.20000000000002
gz-07-aire-openmeteo,tempAire,2026-09-22 09:00,2026-09-22 04:00,2026-09-22,21.900000000000002,21.9,21.9,6,131.4
gz-07-aire-openmeteo,tempAire,2026-09-22 10:00,2026-09-22 05:00,2026-09-22,22.016666666666666,22,22.1,6,132.1
gz-07-aire-openmeteo,tempAire,2026-09-22 11:00,2026-09-22 06:00,2026-09-22,22.533333333333335,22.2,23,6,135.20000000000002
gz-07-aire-openmeteo,tempAire,2026-09-22 12:00,2026-09-22 07:00,2026-09-22,23.96666666666667,23.4,24.7,6,143.8
gz-07-aire-openmeteo,tempAire,2026-09-22 13:00,2026-09-22 08:00,2026-09-22,25.75,25.1,26.5,6,154.5
gz-07-aire-openmeteo,tempAire,2026-09-22 14:00,2026-09-22 09:00,2026-09-22,27.283333333333335,26.9,27.7,6,163.70000000000002
gz-07-aire-openmeteo,tempAire,2026-09-22 15:00,2026-09-22 10:00,2026-09-22,28.166666666666668,27.9,28.5,6,169
gz-07-aire-openmeteo,tempAire,2026-09-22 16:00,2026-09-22 11:00,2026-09-22,29.08333333333334,28.8,29.5,6,174.50000000000003
gz-07-aire-openmeteo,tempAire,2026-09-22 17:00,2026-09-22 12:00,2026-09-22,30.099999999999998,29.7,30.6,6,180.6
gz-07-aire-openmeteo,tempAire,2026-09-22 18:00,2026-09-22 13:00,2026-09-22,30.349999999999998,30,30.7,6,182.1
gz-07-aire-openmeteo,tempAire,2026-09-22 19:00,2026-09-22 14:00,2026-09-22,29.53333333333333,28.9,30,6,177.2
gz-07-aire-openmeteo,tempAire,2026-09-22 20:00,2026-09-22 15:00,2026-09-22,28.616666666666664,28.6,28.7,6,171.7
gz-07-aire-openmeteo,tempAire,2026-09-22 21:00,2026-09-22 16:00,2026-09-22,28.366666666666664,27.9,28.7,6,170.2
gz-07-aire-openmeteo,tempAire,2026-09-22 22:00,2026-09-22 17:00,2026-09-22,26.849999999999998,26,27.5,6,161.1
gz-07-aire-openmeteo,tempAire,2026-09-22 23:00,2026-09-22 18:00,2026-09-22,24.833333333333332,24,25.5,6,149
gz-07-aire-openmeteo,tempAire,2026-09-23 00:00,2026-09-22 19:00,2026-09-22,25.2,23.6,25.6,6,151.2
gz-07-aire-openmeteo,tempAire,2026-09-23 01:00,2026-09-22 20:00,2026-09-22,25.2,24.9,25.4,6,151.2
gz-07-aire-openmeteo,tempAire,2026-09-23 02:00,2026-09-22 21:00,2026-09-22,24.666666666666668,24.5,24.8,6,148
gz-07-aire-openmeteo,tempAire,2026-09-23 03:00,2026-09-22 22:00,2026-09-22,24.066666666666666,23.6,24.4,6,144.4
gz-07-aire-openmeteo,tempAire,2026-09-23 04:00,2026-09-22 23:00,2026-09-22,23.333333333333332,23.3,23.4,6,140
gz-07-aire-openmeteo,tempAire,2026-09-23 05:00,2026-09-23 00:00,2026-09-23,22.733333333333334,22.1,23.2,6,136.4
gz-07-aire-openmeteo,tempAire,2026-09-23 06:00,2026-09-23 01:00,2026-09-23,21.766666666666666,21.7,21.9,6,130.6
gz-07-aire-openmeteo,tempAire,2026-09-23 07:00,2026-09-23 02:00,2026-09-23,22.266666666666666,22.1,22.4,6,133.6
gz-07-aire-openmeteo,tempAire,2026-09-23 08:00,2026-09-23 03:00,2026-09-23,22.133333333333336,22,22.3,6,132.8
gz-07-aire-openmeteo,tempAire,2026-09-23 09:00,2026-09-23 04:00,2026-09-23,22.3,22.3,22.3,6,133.8
gz-07-aire-openmeteo,tempAire,2026-09-23 10:00,2026-09-23 05:00,2026-09-23,22.2,22.2,22.2,6,133.2
gz-07-aire-openmeteo,tempAire,2026-09-23 11:00,2026-09-23 06:00,2026-09-23,22.416666666666668,22.2,22.6,6,134.5
gz-07-aire-openmeteo,tempAire,2026-09-23 12:00,2026-09-23 07:00,2026-09-23,23.383333333333336,22.8,23.9,6,140.3
gz-07-aire-openmeteo,tempAire,2026-09-23 13:00,2026-09-23 08:00,2026-09-23,24.96666666666667,24.3,25.5,6,149.8
gz-07-aire-openmeteo,tempAire,2026-09-23 14:00,2026-09-23 09:00,2026-09-23,26.3,25.8,26.7,6,157.8
gz-07-aire-openmeteo,tempAire,2026-09-23 15:00,2026-09-23 10:00,2026-09-23,27.36666666666667,26.9,27.7,6,164.20000000000002
gz-07-aire-openmeteo,tempAire,2026-09-23 16:00,2026-09-23 11:00,2026-09-23,28.416666666666668,28,28.8,6,170.5
gz-07-aire-openmeteo,tempAire,2026-09-23 17:00,2026-09-23 12:00,2026-09-23,29.333333333333332,29,29.6,6,176
gz-07-aire-openmeteo,tempAire,2026-09-23 18:00,2026-09-23 13:00,2026-09-23,29.816666666666663,29.7,29.9,6,178.89999999999998
gz-07-aire-openmeteo,tempAire,2026-09-23 19:00,2026-09-23 14:00,2026-09-23,29.183333333333337,29,29.3,6,175.10000000000002
gz-07-aire-openmeteo,tempAire,2026-09-23 20:00,2026-09-23 15:00,2026-09-23,28.683333333333334,28.5,28.9,6,172.1
gz-07-aire-openmeteo,tempAire,2026-09-23 21:00,2026-09-23 16:00,2026-09-23,27.883333333333336,27.5,28.3,6,167.3
gz-07-aire-openmeteo,tempAire,2026-09-23 22:00,2026-09-23 17:00,2026-09-23,26.599999999999998,26.1,27.2,6,159.6
gz-07-aire-openmeteo,tempAire,2026-09-23 23:00,2026-09-23 18:00,2026-09-23,25.66666666666667,25.6,25.8,6,154.00000000000003
gz-07-aire-openmeteo,tempAire,2026-09-24 00:00,2026-09-23 19:00,2026-09-23,24.983333333333334,24.6,25.6,6,149.9
gz-07-aire-openmeteo,tempAire,2026-09-24 01:00,2026-09-23 20:00,2026-09-23,24.766666666666666,24.6,24.9,6,148.6
gz-07-aire-openmeteo,tempAire,2026-09-24 02:00,2026-09-23 21:00,2026-09-23,24.333333333333332,23.9,24.8,6,146
gz-07-aire-openmeteo,tempAire,2026-09-24 03:00,2026-09-23 22:00,2026-09-23,23.55,23.5,23.6,6,141.3
gz-07-aire-openmeteo,tempAire,2026-09-24 04:00,2026-09-23 23:00,2026-09-23,23.599999999999998,23.6,23.6,6,141.6
gz-07-aire-openmeteo,tempAire,2026-09-24 05:00,2026-09-24 00:00,2026-09-24,23.183333333333334,22.8,23.6,6,139.1
gz-07-aire-openmeteo,tempAire,2026-09-24 06:00,2026-09-24 01:00,2026-09-24,22.433333333333334,22.3,22.6,6,134.6
gz-07-aire-openmeteo,tempAire,2026-09-24 07:00,2026-09-24 02:00,2026-09-24,22.016666666666666,21.7,22.3,6,132.1
gz-07-aire-openmeteo,tempAire,2026-09-24 08:00,2026-09-24 03:00,2026-09-24,21.566666666666666,21.5,21.6,6,129.4
gz-07-aire-openmeteo,tempAire,2026-09-24 09:00,2026-09-24 04:00,2026-09-24,21.383333333333336,21.2,21.6,6,128.3
gz-07-aire-openmeteo,tempAire,2026-09-24 10:00,2026-09-24 05:00,2026-09-24,21.283333333333335,21.2,21.4,6,127.7
gz-07-aire-openmeteo,tempAire,2026-09-24 11:00,2026-09-24 06:00,2026-09-24,22.099999999999998,21.6,22.5,6,132.6
gz-07-aire-openmeteo,tempAire,2026-09-24 12:00,2026-09-24 07:00,2026-09-24,23.900000000000002,22.9,25.7,6,143.4
gz-07-aire-openmeteo,tempAire,2026-09-24 13:00,2026-09-24 08:00,2026-09-24,24.866666666666664,24.5,25.2,6,149.2
gz-07-aire-openmeteo,tempAire,2026-09-24 14:00,2026-09-24 09:00,2026-09-24,26.11666666666667,25.4,26.7,6,156.70000000000002
gz-07-aire-openmeteo,tempAire,2026-09-24 15:00,2026-09-24 10:00,2026-09-24,27.3,27,27.5,6,163.8
gz-07-aire-openmeteo,tempAire,2026-09-24 16:00,2026-09-24 11:00,2026-09-24,27.46,27.4,27.5,5,137.3
gz-07-aire-openmeteo,tempAire,2026-09-24 17:00,2026-09-24 12:00,2026-09-24,27.733333333333334,27.4,28.2,6,166.4
gz-07-aire-openmeteo,tempAire,2026-09-24 18:00,2026-09-24 13:00,2026-09-24,27.71666666666667,26.9,28.3,6,166.3
gz-07-aire-openmeteo,tempAire,2026-09-24 19:00,2026-09-24 14:00,2026-09-24,27.766666666666666,26.6,28.9,6,166.6
gz-07-aire-openmeteo,tempAire,2026-09-24 20:00,2026-09-24 15:00,2026-09-24,28.433333333333334,28.4,28.5,6,170.6
gz-07-aire-openmeteo,tempAire,2026-09-24 21:00,2026-09-24 16:00,2026-09-24,28.08333333333334,27.8,28.3,6,168.50000000000003
gz-07-aire-openmeteo,tempAire,2026-09-24 22:00,2026-09-24 17:00,2026-09-24,27.28333333333333,26.9,27.6,6,163.7
gz-07-aire-openmeteo,tempAire,2026-09-24 23:00,2026-09-24 18:00,2026-09-24,26.45,26.2,26.6,6,158.7
gz-07-aire-openmeteo,tempAire,2026-09-25 00:00,2026-09-24 19:00,2026-09-24,25.55,25.3,26,6,153.3
gz-07-aire-openmeteo,tempAire,2026-09-25 01:00,2026-09-24 20:00,2026-09-24,24.683333333333334,24.1,25.1,6,148.1
gz-07-aire-openmeteo,tempAire,2026-09-25 02:00,2026-09-24 21:00,2026-09-24,23.850000000000005,23.8,23.9,6,143.10000000000002
gz-07-aire-openmeteo,tempAire,2026-09-25 03:00,2026-09-24 22:00,2026-09-24,23.96666666666667,23.9,24,6,143.8
gz-07-aire-openmeteo,tempAire,2026-09-25 04:00,2026-09-24 23:00,2026-09-24,23.983333333333334,23.9,24,6,143.9
gz-07-aire-openmeteo,tempAire,2026-09-25 05:00,2026-09-25 00:00,2026-09-25,23.016666666666666,22.1,23.7,6,138.1
gz-07-aire-openmeteo,tempAire,2026-09-25 06:00,2026-09-25 01:00,2026-09-25,22.13333333333333,21.8,22.7,6,132.79999999999998
gz-07-aire-openmeteo,tempAire,2026-09-25 07:00,2026-09-25 02:00,2026-09-25,23.083333333333332,23,23.1,6,138.5
gz-07-aire-openmeteo,tempAire,2026-09-25 08:00,2026-09-25 03:00,2026-09-25,22.850000000000005,22.8,22.9,6,137.10000000000002
gz-07-aire-openmeteo,tempAire,2026-09-25 09:00,2026-09-25 04:00,2026-09-25,22.633333333333336,22.5,22.7,6,135.8
gz-07-aire-openmeteo,tempAire,2026-09-25 10:00,2026-09-25 05:00,2026-09-25,22.566666666666666,22.5,22.7,6,135.4
gz-07-aire-openmeteo,tempAire,2026-09-25 11:00,2026-09-25 06:00,2026-09-25,22.71666666666667,22.6,22.8,6,136.3
gz-07-aire-openmeteo,tempAire,2026-09-25 12:00,2026-09-25 07:00,2026-09-25,22.683333333333334,22.5,22.9,6,136.1
gz-07-aire-openmeteo,tempAire,2026-09-25 13:00,2026-09-25 08:00,2026-09-25,22.816666666666666,22.6,23.2,6,136.9
gz-07-aire-openmeteo,tempAire,2026-09-25 14:00,2026-09-25 09:00,2026-09-25,23.483333333333334,23.4,23.6,6,140.9
gz-07-aire-openmeteo,tempAire,2026-09-25 15:00,2026-09-25 10:00,2026-09-25,23.849999999999998,23.7,24.1,6,143.1
gz-07-aire-openmeteo,tempAire,2026-09-25 16:00,2026-09-25 11:00,2026-09-25,24.450000000000003,24.2,24.7,6,146.70000000000002
gz-07-aire-openmeteo,tempAire,2026-09-25 17:00,2026-09-25 12:00,2026-09-25,24.96666666666667,24.9,25,6,149.8
gz-07-aire-openmeteo,tempAire,2026-09-25 18:00,2026-09-25 13:00,2026-09-25,25,25,25,6,150
gz-07-aire-openmeteo,tempAire,2026-09-25 19:00,2026-09-25 14:00,2026-09-25,27.316666666666666,27.2,27.4,6,163.9
gz-07-aire-openmeteo,tempAire,2026-09-25 20:00,2026-09-25 15:00,2026-09-25,27.099999999999998,27.1,27.1,6,162.6
gz-07-aire-openmeteo,tempAire,2026-09-25 21:00,2026-09-25 16:00,2026-09-25,26.5,25.9,26.9,6,159
gz-07-aire-openmeteo,tempAire,2026-09-25 22:00,2026-09-25 17:00,2026-09-25,25.083333333333332,24.5,25.6,6,150.5
gz-07-aire-openmeteo,tempAire,2026-09-25 23:00,2026-09-25 18:00,2026-09-25,24.283333333333335,24.2,24.3,6,145.70000000000002
gz-07-aire-openmeteo,tempAire,2026-09-26 00:00,2026-09-25 19:00,2026-09-25,23.75,23.4,24.4,6,142.5
gz-07-aire-openmeteo,tempAire,2026-09-26 01:00,2026-09-25 20:00,2026-09-25,23.46666666666667,23.4,23.6,6,140.8
gz-07-aire-openmeteo,tempAire,2026-09-26 02:00,2026-09-25 21:00,2026-09-25,23.633333333333336,23.5,23.7,6,141.8
gz-07-aire-openmeteo,tempAire,2026-09-26 03:00,2026-09-25 22:00,2026-09-25,23.083333333333332,22.7,23.4,6,138.5
gz-07-aire-openmeteo,tempAire,2026-09-26 04:00,2026-09-25 23:00,2026-09-25,22.650000000000002,22.5,22.9,6,135.9
gz-07-aire-openmeteo,tempAire,2026-09-26 05:00,2026-09-26 00:00,2026-09-26,22.983333333333334,22.9,23,6,137.9
gz-07-aire-openmeteo,tempAire,2026-09-26 06:00,2026-09-26 01:00,2026-09-26,22.516666666666666,22.3,22.8,6,135.1
gz-07-aire-openmeteo,tempAire,2026-09-26 07:00,2026-09-26 02:00,2026-09-26,22.399999999999995,22.1,22.9,6,134.39999999999998
gz-07-aire-openmeteo,tempAire,2026-09-26 08:00,2026-09-26 03:00,2026-09-26,21.883333333333336,21.8,22,6,131.3
gz-07-aire-openmeteo,tempAire,2026-09-26 09:00,2026-09-26 04:00,2026-09-26,21.650000000000002,20.9,21.8,6,129.9
gz-07-aire-openmeteo,tempAire,2026-09-26 10:00,2026-09-26 05:00,2026-09-26,21.96666666666667,21.8,22.1,6,131.8
gz-07-aire-openmeteo,tempAire,2026-09-26 11:00,2026-09-26 06:00,2026-09-26,22.2,22.2,22.2,6,133.2
gz-07-aire-openmeteo,tempAire,2026-09-26 12:00,2026-09-26 07:00,2026-09-26,22.566666666666666,22.2,22.9,6,135.4
gz-07-aire-openmeteo,tempAire,2026-09-26 13:00,2026-09-26 08:00,2026-09-26,23.083333333333332,23,23.1,6,138.5
gz-07-aire-openmeteo,tempAire,2026-09-26 14:00,2026-09-26 09:00,2026-09-26,23.883333333333336,23.3,24.4,6,143.3
gz-07-aire-openmeteo,tempAire,2026-09-26 15:00,2026-09-26 10:00,2026-09-26,26.066666666666666,24.9,27,6,156.4
gz-07-aire-openmeteo,tempAire,2026-09-26 16:00,2026-09-26 11:00,2026-09-26,27.849999999999998,27.5,28,6,167.1
gz-07-aire-openmeteo,tempAire,2026-09-26 17:00,2026-09-26 12:00,2026-09-26,28.233333333333334,28.1,28.3,6,169.4
gz-07-aire-openmeteo,tempAire,2026-09-26 18:00,2026-09-26 13:00,2026-09-26,27.933333333333334,27.6,28.3,6,167.6
gz-07-aire-openmeteo,tempAire,2026-09-26 19:00,2026-09-26 14:00,2026-09-26,29.066666666666663,29,29.1,6,174.39999999999998
gz-07-aire-openmeteo,tempAire,2026-09-26 20:00,2026-09-26 15:00,2026-09-26,27.75,26.8,28.8,6,166.5
gz-07-aire-openmeteo,tempAire,2026-09-26 21:00,2026-09-26 16:00,2026-09-26,26.3,26.2,26.4,6,157.8
gz-07-aire-openmeteo,tempAire,2026-09-26 22:00,2026-09-26 17:00,2026-09-26,25.333333333333332,24.5,26.3,6,152
gz-07-aire-openmeteo,tempAire,2026-09-26 23:00,2026-09-26 18:00,2026-09-26,23.71666666666667,23.6,24,6,142.3
gz-07-aire-openmeteo,tempAire,2026-09-27 00:00,2026-09-26 19:00,2026-09-26,23.933333333333334,23.6,24.1,6,143.6
gz-07-aire-openmeteo,tempAire,2026-09-27 01:00,2026-09-26 20:00,2026-09-26,23.8,23.6,24,6,142.8
gz-07-aire-openmeteo,tempAire,2026-09-27 02:00,2026-09-26 21:00,2026-09-26,23.683333333333334,23.6,23.8,6,142.1
gz-07-aire-openmeteo,tempAire,2026-09-27 03:00,2026-09-26 22:00,2026-09-26,23.46666666666667,23.2,23.8,6,140.8
gz-07-aire-openmeteo,tempAire,2026-09-27 04:00,2026-09-26 23:00,2026-09-26,23.03333333333333,23,23.1,6,138.2
gz-07-aire-openmeteo,tempAire,2026-09-27 05:00,2026-09-27 00:00,2026-09-27,22.983333333333334,22.9,23.1,6,137.9
gz-07-aire-openmeteo,tempAire,2026-09-27 06:00,2026-09-27 01:00,2026-09-27,22.75,22.5,22.9,6,136.5
gz-07-aire-openmeteo,tempAire,2026-09-27 07:00,2026-09-27 02:00,2026-09-27,22.150000000000002,21.9,22.4,6,132.9
gz-07-aire-openmeteo,tempAire,2026-09-27 08:00,2026-09-27 03:00,2026-09-27,21.766666666666666,21.7,21.8,6,130.6
gz-07-aire-openmeteo,tempAire,2026-09-27 09:00,2026-09-27 04:00,2026-09-27,21.616666666666664,21.5,21.7,6,129.7
gz-07-aire-openmeteo,tempAire,2026-09-27 10:00,2026-09-27 05:00,2026-09-27,21.53333333333333,21.5,21.6,6,129.2
gz-07-aire-openmeteo,tempAire,2026-09-27 11:00,2026-09-27 06:00,2026-09-27,21.86,21.7,22.1,5,109.3
gz-07-aire-openmeteo,tempAire,2026-09-27 12:00,2026-09-27 07:00,2026-09-27,22.400000000000002,22.2,22.8,6,134.4
gz-07-aire-openmeteo,tempAire,2026-09-27 13:00,2026-09-27 08:00,2026-09-27,23.350000000000005,23,23.9,6,140.10000000000002
gz-07-aire-openmeteo,tempAire,2026-09-27 14:00,2026-09-27 09:00,2026-09-27,24.349999999999998,24.1,24.6,6,146.1
gz-07-aire-openmeteo,tempAire,2026-09-27 15:00,2026-09-27 10:00,2026-09-27,24.933333333333334,24.8,25.1,6,149.6
gz-07-aire-openmeteo,tempAire,2026-09-27 16:00,2026-09-27 11:00,2026-09-27,25.46666666666667,25.2,25.8,6,152.8
gz-07-aire-openmeteo,tempAire,2026-09-27 17:00,2026-09-27 12:00,2026-09-27,26.366666666666664,26,26.8,6,158.2
gz-07-aire-openmeteo,tempAire,2026-09-27 18:00,2026-09-27 13:00,2026-09-27,25.78333333333333,24.5,26.7,6,154.7
gz-07-aire-openmeteo,tempAire,2026-09-27 19:00,2026-09-27 14:00,2026-09-27,23.866666666666664,23.7,24,6,143.2
gz-07-aire-openmeteo,tempAire,2026-09-27 20:00,2026-09-27 15:00,2026-09-27,23.900000000000002,23.7,24.2,6,143.4
gz-07-aire-openmeteo,tempAire,2026-09-27 21:00,2026-09-27 16:00,2026-09-27,24.21666666666667,24,24.3,6,145.3
gz-07-aire-openmeteo,tempAire,2026-09-27 22:00,2026-09-27 17:00,2026-09-27,23.75,23.5,23.9,6,142.5
gz-07-aire-openmeteo,tempAire,2026-09-27 23:00,2026-09-27 18:00,2026-09-27,23.55,23.5,23.6,6,141.3
gz-07-aire-openmeteo,tempAire,2026-09-28 00:00,2026-09-27 19:00,2026-09-27,23.53333333333333,23.3,23.7,6,141.2
gz-07-aire-openmeteo,tempAire,2026-09-28 01:00,2026-09-27 20:00,2026-09-27,23.3,23.3,23.3,6,139.8
gz-07-aire-openmeteo,tempAire,2026-09-28 02:00,2026-09-27 21:00,2026-09-27,23.116666666666664,22.9,23.3,6,138.7
gz-07-aire-openmeteo,tempAire,2026-09-28 03:00,2026-09-27 22:00,2026-09-27,22.733333333333334,22.7,22.8,6,136.4
gz-07-aire-openmeteo,tempAire,2026-09-28 04:00,2026-09-27 23:00,2026-09-27,22.416666666666668,22,22.7,6,134.5
gz-07-aire-openmeteo,tempAire,2026-09-28 05:00,2026-09-28 00:00,2026-09-28,21.833333333333332,21.8,21.9,6,131
gz-07-aire-openmeteo,tempAire,2026-09-28 06:00,2026-09-28 01:00,2026-09-28,21.75,21.7,21.8,6,130.5
gz-07-aire-openmeteo,tempAire,2026-09-28 07:00,2026-09-28 02:00,2026-09-28,22.416666666666668,22.2,22.6,6,134.5
gz-07-aire-openmeteo,tempAire,2026-09-28 08:00,2026-09-28 03:00,2026-09-28,21.900000000000002,21.7,22.1,6,131.4
gz-07-aire-openmeteo,tempAire,2026-09-28 09:00,2026-09-28 04:00,2026-09-28,21.816666666666666,21.7,22,6,130.9
gz-07-aire-openmeteo,tempAire,2026-09-28 10:00,2026-09-28 05:00,2026-09-28,22.03333333333333,21.9,22.1,6,132.2
gz-07-aire-openmeteo,tempAire,2026-09-28 11:00,2026-09-28 06:00,2026-09-28,21.95,21.8,22.2,6,131.7
gz-07-aire-openmeteo,tempAire,2026-09-28 12:00,2026-09-28 07:00,2026-09-28,22.45,22.3,22.6,6,134.7
gz-07-aire-openmeteo,tempAire,2026-09-28 13:00,2026-09-28 08:00,2026-09-28,23.200000000000003,22.8,23.7,6,139.20000000000002
gz-07-aire-openmeteo,tempAire,2026-09-28 14:00,2026-09-28 09:00,2026-09-28,24.333333333333332,24,24.7,6,146
gz-07-aire-openmeteo,tempAire,2026-09-28 15:00,2026-09-28 10:00,2026-09-28,25.25,24.9,25.7,6,151.5
gz-07-aire-openmeteo,tempAire,2026-09-28 16:00,2026-09-28 11:00,2026-09-28,25.866666666666664,25.8,25.9,6,155.2
gz-07-aire-openmeteo,tempAire,2026-09-28 17:00,2026-09-28 12:00,2026-09-28,25.983333333333334,25.9,26.1,6,155.9
gz-07-aire-openmeteo,tempAire,2026-09-28 18:00,2026-09-28 13:00,2026-09-28,26.46666666666667,26.2,26.8,6,158.8
gz-07-aire-openmeteo,tempAire,2026-09-28 19:00,2026-09-28 14:00,2026-09-28,27.433333333333334,26.9,27.8,6,164.6
gz-07-aire-openmeteo,tempAire,2026-09-28 20:00,2026-09-28 15:00,2026-09-28,26.71666666666667,26.1,27.3,6,160.3
gz-07-aire-openmeteo,tempAire,2026-09-28 21:00,2026-09-28 16:00,2026-09-28,25.400000000000002,25.2,25.7,6,152.4
gz-07-aire-openmeteo,tempAire,2026-09-28 22:00,2026-09-28 17:00,2026-09-28,24.583333333333332,24.2,25,6,147.5
gz-07-aire-openmeteo,tempAire,2026-09-28 23:00,2026-09-28 18:00,2026-09-28,24.216666666666665,24.1,24.4,6,145.29999999999998
gz-07-aire-openmeteo,tempAire,2026-09-29 00:00,2026-09-28 19:00,2026-09-28,24.425,24.2,24.5,4,97.7
gz-08-secado-wokwi,horasFermentacion,2026-09-22 03:00,2026-09-21 22:00,2026-09-21,0,0,0,2,0
gz-08-secado-wokwi,horasFermentacion,2026-09-22 04:00,2026-09-21 23:00,2026-09-21,4.299999999999999,4.3,4.3,11,47.29999999999999
gz-08-secado-wokwi,horasFermentacion,2026-09-22 16:00,2026-09-22 11:00,2026-09-22,16.50833333333333,16.4,16.6,24,396.19999999999993
gz-08-secado-wokwi,horasFermentacion,2026-09-22 17:00,2026-09-22 12:00,2026-09-22,17.012121212121226,16.6,17.4,33,561.4000000000004
gz-08-secado-wokwi,horasFermentacion,2026-09-22 18:00,2026-09-22 13:00,2026-09-22,18.510526315789466,18.4,18.6,38,703.3999999999997
gz-08-secado-wokwi,horasFermentacion,2026-09-22 21:00,2026-09-22 16:00,2026-09-22,21.233333333333334,21.2,21.3,3,63.7
gz-08-secado-wokwi,horasFermentacion,2026-09-25 15:00,2026-09-25 10:00,2026-09-25,87.9,87.9,87.9,1,87.9
gz-08-secado-wokwi,horasFermentacion,2026-09-25 16:00,2026-09-25 11:00,2026-09-25,88.29714285714282,88,88.9,35,3090.3999999999987
gz-08-secado-wokwi,horasFermentacion,2026-09-25 17:00,2026-09-25 12:00,2026-09-25,89.40277777777776,88.9,89.9,108,9655.499999999998
gz-08-secado-wokwi,horasFermentacion,2026-09-25 18:00,2026-09-25 13:00,2026-09-25,90.31166666666667,89.9,90.7,60,5418.7
gz-08-secado-wokwi,horasFermentacion,2026-09-27 00:00,2026-09-26 19:00,2026-09-26,120.64761904761897,120.4,120.9,42,5067.199999999997
gz-08-secado-wokwi,horasFermentacion,2026-09-27 01:00,2026-09-26 20:00,2026-09-26,120.9,120.9,120.9,2,241.8
gz-08-secado-wokwi,hrCaja,2026-09-22 03:00,2026-09-21 22:00,2026-09-21,88,88,88,2,176
gz-08-secado-wokwi,hrCaja,2026-09-22 04:00,2026-09-21 23:00,2026-09-21,84,84,84,11,924
gz-08-secado-wokwi,hrCaja,2026-09-22 16:00,2026-09-22 11:00,2026-09-22,74.07499999999997,74,74.1,24,1777.7999999999993
gz-08-secado-wokwi,hrCaja,2026-09-22 17:00,2026-09-22 12:00,2026-09-22,73.48181818181817,72.6,74,33,2424.8999999999996
gz-08-secado-wokwi,hrCaja,2026-09-22 18:00,2026-09-22 13:00,2026-09-22,74.9657894736842,73.5,75.8,38,2848.6999999999994
gz-08-secado-wokwi,hrCaja,2026-09-22 21:00,2026-09-22 16:00,2026-09-22,82.5,82.4,82.6,3,247.5
gz-08-secado-wokwi,hrCaja,2026-09-25 15:00,2026-09-25 10:00,2026-09-25,74.1,74.1,74.1,1,74.1
gz-08-secado-wokwi,hrCaja,2026-09-25 16:00,2026-09-25 11:00,2026-09-25,74.30857142857141,72.8,75.2,35,2600.7999999999993
gz-08-secado-wokwi,hrCaja,2026-09-25 17:00,2026-09-25 12:00,2026-09-25,73.7574074074074,72.4,75,108,7965.799999999999
gz-08-secado-wokwi,hrCaja,2026-09-25 18:00,2026-09-25 13:00,2026-09-25,74.95166666666667,73.7,76.8,60,4497.1
gz-08-secado-wokwi,hrCaja,2026-09-27 00:00,2026-09-26 19:00,2026-09-26,87.93571428571427,86.9,89.1,42,3693.2999999999993
gz-08-secado-wokwi,hrCaja,2026-09-27 01:00,2026-09-26 20:00,2026-09-26,87.85,87.7,88,2,175.7
gz-08-secado-wokwi,masaEstimada,2026-09-22 03:00,2026-09-21 22:00,2026-09-21,500,500,500,2,1000
gz-08-secado-wokwi,masaEstimada,2026-09-22 04:00,2026-09-21 23:00,2026-09-21,301.0636363636363,301,301.1,11,3311.6999999999994
gz-08-secado-wokwi,masaEstimada,2026-09-22 16:00,2026-09-22 11:00,2026-09-22,327.8749999999999,327.8,328,24,7868.999999999997
gz-08-secado-wokwi,masaEstimada,2026-09-22 17:00,2026-09-22 12:00,2026-09-22,327.20303030303023,326.3,327.8,33,10797.699999999997
gz-08-secado-wokwi,masaEstimada,2026-09-22 18:00,2026-09-22 13:00,2026-09-22,324.7078947368421,324,325.3,38,12338.9
gz-08-secado-wokwi,masaEstimada,2026-09-22 21:00,2026-09-22 16:00,2026-09-22,321.03333333333336,321,321.1,3,963.1
gz-08-secado-wokwi,masaEstimada,2026-09-25 15:00,2026-09-25 10:00,2026-09-25,231.5,231.5,231.5,1,231.5
gz-08-secado-wokwi,masaEstimada,2026-09-25 16:00,2026-09-25 11:00,2026-09-25,232.1457142857143,230.9,232.9,35,8125.1
gz-08-secado-wokwi,masaEstimada,2026-09-25 17:00,2026-09-25 12:00,2026-09-25,230.77407407407398,229.2,231.6,108,24923.59999999999
gz-08-secado-wokwi,masaEstimada,2026-09-25 18:00,2026-09-25 13:00,2026-09-25,229.3050000000001,228.3,230.1,60,13758.300000000005
gz-08-secado-wokwi,masaEstimada,2026-09-27 00:00,2026-09-26 19:00,2026-09-26,158.93571428571423,158,160,42,6675.299999999997
gz-08-secado-wokwi,masaEstimada,2026-09-27 01:00,2026-09-26 20:00,2026-09-26,158.25,158.2,158.3,2,316.5
gz-08-secado-wokwi,phPulpa,2026-09-22 03:00,2026-09-21 22:00,2026-09-21,6,6,6,2,12
gz-08-secado-wokwi,phPulpa,2026-09-22 04:00,2026-09-21 23:00,2026-09-21,2.9900000000000007,2.99,2.99,11,32.89000000000001
gz-08-secado-wokwi,phPulpa,2026-09-22 16:00,2026-09-22 11:00,2026-09-22,4.11,4.11,4.11,24,98.64
gz-08-secado-wokwi,phPulpa,2026-09-22 17:00,2026-09-22 12:00,2026-09-22,4.117878787878788,4.11,4.14,33,135.89000000000001
gz-08-secado-wokwi,phPulpa,2026-09-22 18:00,2026-09-22 13:00,2026-09-22,4.138684210526315,4.12,4.16,38,157.26999999999998
gz-08-secado-wokwi,phPulpa,2026-09-22 21:00,2026-09-22 16:00,2026-09-22,4.16,4.16,4.16,3,12.48
gz-08-secado-wokwi,phPulpa,2026-09-25 15:00,2026-09-25 10:00,2026-09-25,4.83,4.83,4.83,1,4.83
gz-08-secado-wokwi,phPulpa,2026-09-25 16:00,2026-09-25 11:00,2026-09-25,4.838857142857143,4.82,4.88,35,169.36
gz-08-secado-wokwi,phPulpa,2026-09-25 17:00,2026-09-25 12:00,2026-09-25,4.855740740740744,4.83,4.88,108,524.4200000000004
gz-08-secado-wokwi,phPulpa,2026-09-25 18:00,2026-09-25 13:00,2026-09-25,4.861333333333334,4.84,4.89,60,291.68000000000006
gz-08-secado-wokwi,phPulpa,2026-09-27 00:00,2026-09-26 19:00,2026-09-26,4.665238095238094,4.64,4.69,42,195.93999999999997
gz-08-secado-wokwi,phPulpa,2026-09-27 01:00,2026-09-26 20:00,2026-09-26,4.66,4.66,4.66,2,9.32
gz-08-secado-wokwi,tempCaja,2026-09-22 03:00,2026-09-21 22:00,2026-09-21,34,34,34,2,68
gz-08-secado-wokwi,tempCaja,2026-09-22 04:00,2026-09-21 23:00,2026-09-21,20.599999999999998,20.6,20.6,11,226.59999999999997
gz-08-secado-wokwi,tempCaja,2026-09-22 16:00,2026-09-22 11:00,2026-09-22,28.700000000000006,28.7,28.7,24,688.8000000000002
gz-08-secado-wokwi,tempCaja,2026-09-22 17:00,2026-09-22 12:00,2026-09-22,28.896969696969684,28.7,29.1,33,953.5999999999996
gz-08-secado-wokwi,tempCaja,2026-09-22 18:00,2026-09-22 13:00,2026-09-22,29.63684210526316,29.4,29.9,38,1126.2
gz-08-secado-wokwi,tempCaja,2026-09-22 21:00,2026-09-22 16:00,2026-09-22,29.96666666666667,29.9,30,3,89.9
gz-08-secado-wokwi,tempCaja,2026-09-25 15:00,2026-09-25 10:00,2026-09-25,41.3,41.3,41.3,1,41.3
gz-08-secado-wokwi,tempCaja,2026-09-25 16:00,2026-09-25 11:00,2026-09-25,41.385714285714286,41.1,41.7,35,1448.5
gz-08-secado-wokwi,tempCaja,2026-09-25 17:00,2026-09-25 12:00,2026-09-25,41.294444444444466,40.7,41.7,108,4459.800000000002
gz-08-secado-wokwi,tempCaja,2026-09-25 18:00,2026-09-25 13:00,2026-09-25,40.92333333333335,40.6,41.3,60,2455.400000000001
gz-08-secado-wokwi,tempCaja,2026-09-27 00:00,2026-09-26 19:00,2026-09-26,32.62619047619047,32.3,32.9,42,1370.2999999999997
gz-08-secado-wokwi,tempCaja,2026-09-27 01:00,2026-09-26 20:00,2026-09-26,32.650000000000006,32.6,32.7,2,65.30000000000001
gz-08-secado-wokwi,tempNucleoMasa,2026-09-22 03:00,2026-09-21 22:00,2026-09-21,45.9,45.9,45.9,2,91.8
gz-08-secado-wokwi,tempNucleoMasa,2026-09-22 04:00,2026-09-21 23:00,2026-09-21,26.1,26.1,26.1,11,287.1
gz-08-secado-wokwi,tempNucleoMasa,2026-09-22 16:00,2026-09-22 11:00,2026-09-22,32.20416666666668,32.2,32.3,24,772.9000000000003
gz-08-secado-wokwi,tempNucleoMasa,2026-09-22 17:00,2026-09-22 12:00,2026-09-22,32.42727272727271,32.3,32.7,33,1070.0999999999995
gz-08-secado-wokwi,tempNucleoMasa,2026-09-22 18:00,2026-09-22 13:00,2026-09-22,33.268421052631574,33,33.5,38,1264.1999999999998
gz-08-secado-wokwi,tempNucleoMasa,2026-09-22 21:00,2026-09-22 16:00,2026-09-22,34.66666666666667,34.6,34.7,3,104.00000000000001
gz-08-secado-wokwi,tempNucleoMasa,2026-09-25 15:00,2026-09-25 10:00,2026-09-25,44.8,44.8,44.8,1,44.8
gz-08-secado-wokwi,tempNucleoMasa,2026-09-25 16:00,2026-09-25 11:00,2026-09-25,44.894285714285715,44.7,45.3,35,1571.3
gz-08-secado-wokwi,tempNucleoMasa,2026-09-25 17:00,2026-09-25 12:00,2026-09-25,44.83703703703705,44.3,45.1,108,4842.4000000000015
gz-08-secado-wokwi,tempNucleoMasa,2026-09-25 18:00,2026-09-25 13:00,2026-09-25,44.54499999999998,44.3,44.9,60,2672.699999999999
gz-08-secado-wokwi,tempNucleoMasa,2026-09-27 00:00,2026-09-26 19:00,2026-09-26,38.26666666666666,37.9,38.5,42,1607.1999999999996
gz-08-secado-wokwi,tempNucleoMasa,2026-09-27 01:00,2026-09-26 20:00,2026-09-26,38,38,38,2,76
gz-09-riego-http,caudal,2026-09-22 03:00,2026-09-21 22:00,2026-09-21,0,0,0,20,0
gz-09-riego-http,caudal,2026-09-22 04:00,2026-09-21 23:00,2026-09-21,0,0,0,30,0
gz-09-riego-http,caudal,2026-09-22 05:00,2026-09-22 00:00,2026-09-22,0,0,0,30,0
gz-09-riego-http,caudal,2026-09-22 06:00,2026-09-22 01:00,2026-09-22,0,0,0,30,0
gz-09-riego-http,caudal,2026-09-22 07:00,2026-09-22 02:00,2026-09-22,0,0,0,30,0
gz-09-riego-http,caudal,2026-09-22 08:00,2026-09-22 03:00,2026-09-22,0,0,0,29,0
gz-09-riego-http,caudal,2026-09-22 09:00,2026-09-22 04:00,2026-09-22,0,0,0,30,0
gz-09-riego-http,caudal,2026-09-22 10:00,2026-09-22 05:00,2026-09-22,58.75333333333333,0,125.7,30,1762.6
gz-09-riego-http,caudal,2026-09-22 11:00,2026-09-22 06:00,2026-09-22,115.41379310344824,110.2,124.3,29,3346.999999999999
gz-09-riego-http,caudal,2026-09-22 12:00,2026-09-22 07:00,2026-09-22,0,0,0,30,0
gz-09-riego-http,caudal,2026-09-22 13:00,2026-09-22 08:00,2026-09-22,0,0,0,30,0
gz-09-riego-http,caudal,2026-09-22 14:00,2026-09-22 09:00,2026-09-22,0,0,0,30,0
gz-09-riego-http,caudal,2026-09-22 15:00,2026-09-22 10:00,2026-09-22,0,0,0,29,0
gz-09-riego-http,caudal,2026-09-22 16:00,2026-09-22 11:00,2026-09-22,0,0,0,30,0
gz-09-riego-http,caudal,2026-09-22 17:00,2026-09-22 12:00,2026-09-22,0,0,0,30,0
gz-09-riego-http,caudal,2026-09-22 18:00,2026-09-22 13:00,2026-09-22,0,0,0,30,0
gz-09-riego-http,caudal,2026-09-22 19:00,2026-09-22 14:00,2026-09-22,0,0,0,29,0
gz-09-riego-http,caudal,2026-09-22 20:00,2026-09-22 15:00,2026-09-22,0,0,0,30,0
gz-09-riego-http,caudal,2026-09-22 21:00,2026-09-22 16:00,2026-09-22,0,0,0,30,0
gz-09-riego-http,caudal,2026-09-22 22:00,2026-09-22 17:00,2026-09-22,116.10333333333331,109.8,125.9,30,3483.0999999999995
gz-09-riego-http,caudal,2026-09-22 23:00,2026-09-22 18:00,2026-09-22,60.27,0,124.2,30,1808.1000000000001
gz-09-riego-http,caudal,2026-09-23 00:00,2026-09-22 19:00,2026-09-22,0,0,0,29,0
gz-09-riego-http,caudal,2026-09-23 01:00,2026-09-22 20:00,2026-09-22,0,0,0,30,0
gz-09-riego-http,caudal,2026-09-23 02:00,2026-09-22 21:00,2026-09-22,0,0,0,30,0
gz-09-riego-http,caudal,2026-09-23 03:00,2026-09-22 22:00,2026-09-22,0,0,0,30,0
gz-09-riego-http,caudal,2026-09-23 04:00,2026-09-22 23:00,2026-09-22,0,0,0,30,0
gz-09-riego-http,caudal,2026-09-23 05:00,2026-09-23 00:00,2026-09-23,0,0,0,29,0
gz-09-riego-http,caudal,2026-09-23 06:00,2026-09-23 01:00,2026-09-23,0,0,0,30,0
gz-09-riego-http,caudal,2026-09-23 07:00,2026-09-23 02:00,2026-09-23,0,0,0,30,0
gz-09-riego-http,caudal,2026-09-23 08:00,2026-09-23 03:00,2026-09-23,0,0,0,30,0
gz-09-riego-http,caudal,2026-09-23 09:00,2026-09-23 04:00,2026-09-23,0,0,0,29,0
gz-09-riego-http,caudal,2026-09-23 10:00,2026-09-23 05:00,2026-09-23,59.19000000000002,0,126.4,30,1775.7000000000005
gz-09-riego-http,caudal,2026-09-23 11:00,2026-09-23 06:00,2026-09-23,118.03999999999998,112,126,30,3541.1999999999994
gz-09-riego-http,caudal,2026-09-23 12:00,2026-09-23 07:00,2026-09-23,0,0,0,29,0
gz-09-riego-http,caudal,2026-09-23 13:00,2026-09-23 08:00,2026-09-23,0,0,0,30,0
gz-09-riego-http,caudal,2026-09-23 14:00,2026-09-23 09:00,2026-09-23,0,0,0,30,0
gz-09-riego-http,caudal,2026-09-23 15:00,2026-09-23 10:00,2026-09-23,0,0,0,30,0
gz-09-riego-http,caudal,2026-09-23 16:00,2026-09-23 11:00,2026-09-23,0,0,0,30,0
gz-09-riego-http,caudal,2026-09-23 17:00,2026-09-23 12:00,2026-09-23,0,0,0,30,0
gz-09-riego-http,caudal,2026-09-23 18:00,2026-09-23 13:00,2026-09-23,0,0,0,30,0
gz-09-riego-http,caudal,2026-09-23 19:00,2026-09-23 14:00,2026-09-23,0,0,0,29,0
gz-09-riego-http,caudal,2026-09-23 20:00,2026-09-23 15:00,2026-09-23,0,0,0,30,0
gz-09-riego-http,caudal,2026-09-23 21:00,2026-09-23 16:00,2026-09-23,0,0,0,30,0
gz-09-riego-http,caudal,2026-09-23 22:00,2026-09-23 17:00,2026-09-23,119.65172413793105,111.1,126,29,3469.9000000000005
gz-09-riego-http,caudal,2026-09-23 23:00,2026-09-23 18:00,2026-09-23,58.07333333333334,0,120.3,30,1742.2
gz-09-riego-http,caudal,2026-09-24 00:00,2026-09-23 19:00,2026-09-23,0,0,0,30,0
gz-09-riego-http,caudal,2026-09-24 01:00,2026-09-23 20:00,2026-09-23,0,0,0,30,0
gz-09-riego-http,caudal,2026-09-24 02:00,2026-09-23 21:00,2026-09-23,0,0,0,30,0
gz-09-riego-http,caudal,2026-09-24 03:00,2026-09-23 22:00,2026-09-23,0,0,0,30,0
gz-09-riego-http,caudal,2026-09-24 04:00,2026-09-23 23:00,2026-09-23,0,0,0,30,0
gz-09-riego-http,caudal,2026-09-24 05:00,2026-09-24 00:00,2026-09-24,0,0,0,30,0
gz-09-riego-http,caudal,2026-09-24 06:00,2026-09-24 01:00,2026-09-24,0,0,0,29,0
gz-09-riego-http,caudal,2026-09-24 07:00,2026-09-24 02:00,2026-09-24,0,0,0,30,0
gz-09-riego-http,caudal,2026-09-24 08:00,2026-09-24 03:00,2026-09-24,0,0,0,30,0
gz-09-riego-http,caudal,2026-09-24 09:00,2026-09-24 04:00,2026-09-24,0,0,0,30,0
gz-09-riego-http,caudal,2026-09-24 10:00,2026-09-24 05:00,2026-09-24,58.84666666666667,0,122.5,30,1765.4
gz-09-riego-http,caudal,2026-09-24 11:00,2026-09-24 06:00,2026-09-24,120.5103448275862,112.1,124.7,29,3494.7999999999997
gz-09-riego-http,caudal,2026-09-24 12:00,2026-09-24 07:00,2026-09-24,0,0,0,30,0
gz-09-riego-http,caudal,2026-09-24 13:00,2026-09-24 08:00,2026-09-24,0,0,0,30,0
gz-09-riego-http,caudal,2026-09-24 14:00,2026-09-24 09:00,2026-09-24,0,0,0,30,0
gz-09-riego-http,caudal,2026-09-24 15:00,2026-09-24 10:00,2026-09-24,0,0,0,30,0
gz-09-riego-http,caudal,2026-09-24 16:00,2026-09-24 11:00,2026-09-24,0,0,0,29,0
gz-09-riego-http,caudal,2026-09-24 17:00,2026-09-24 12:00,2026-09-24,0,0,0,30,0
gz-09-riego-http,caudal,2026-09-24 18:00,2026-09-24 13:00,2026-09-24,0,0,0,29,0
gz-09-riego-http,caudal,2026-09-24 19:00,2026-09-24 14:00,2026-09-24,0,0,0,30,0
gz-09-riego-http,caudal,2026-09-24 20:00,2026-09-24 15:00,2026-09-24,0,0,0,30,0
gz-09-riego-http,caudal,2026-09-24 21:00,2026-09-24 16:00,2026-09-24,0,0,0,30,0
gz-09-riego-http,caudal,2026-09-24 22:00,2026-09-24 17:00,2026-09-24,119.33000000000001,110.2,126.9,30,3579.9000000000005
gz-09-riego-http,caudal,2026-09-24 23:00,2026-09-24 18:00,2026-09-24,60.153333333333336,0,125.6,30,1804.6000000000001
gz-09-riego-http,caudal,2026-09-25 00:00,2026-09-24 19:00,2026-09-24,0,0,0,30,0
gz-09-riego-http,caudal,2026-09-25 01:00,2026-09-24 20:00,2026-09-24,0,0,0,30,0
gz-09-riego-http,caudal,2026-09-25 02:00,2026-09-24 21:00,2026-09-24,0,0,0,29,0
gz-09-riego-http,caudal,2026-09-25 03:00,2026-09-24 22:00,2026-09-24,0,0,0,30,0
gz-09-riego-http,caudal,2026-09-25 04:00,2026-09-24 23:00,2026-09-24,0,0,0,30,0
gz-09-riego-http,caudal,2026-09-25 05:00,2026-09-25 00:00,2026-09-25,0,0,0,30,0
gz-09-riego-http,caudal,2026-09-25 06:00,2026-09-25 01:00,2026-09-25,0,0,0,29,0
gz-09-riego-http,caudal,2026-09-25 07:00,2026-09-25 02:00,2026-09-25,0,0,0,30,0
gz-09-riego-http,caudal,2026-09-25 08:00,2026-09-25 03:00,2026-09-25,0,0,0,30,0
gz-09-riego-http,caudal,2026-09-25 09:00,2026-09-25 04:00,2026-09-25,0,0,0,30,0
gz-09-riego-http,caudal,2026-09-25 10:00,2026-09-25 05:00,2026-09-25,58.09655172413793,0,126.6,29,1684.8
gz-09-riego-http,caudal,2026-09-25 11:00,2026-09-25 06:00,2026-09-25,116.8451612903226,109.1,125,31,3622.2000000000003
gz-09-riego-http,caudal,2026-09-25 12:00,2026-09-25 07:00,2026-09-25,0,0,0,30,0
gz-09-riego-http,caudal,2026-09-25 13:00,2026-09-25 08:00,2026-09-25,0,0,0,30,0
gz-09-riego-http,caudal,2026-09-25 14:00,2026-09-25 09:00,2026-09-25,0,0,0,30,0
gz-09-riego-http,caudal,2026-09-25 15:00,2026-09-25 10:00,2026-09-25,0,0,0,29,0
gz-09-riego-http,caudal,2026-09-25 16:00,2026-09-25 11:00,2026-09-25,0,0,0,30,0
gz-09-riego-http,caudal,2026-09-25 17:00,2026-09-25 12:00,2026-09-25,0,0,0,30,0
gz-09-riego-http,caudal,2026-09-25 18:00,2026-09-25 13:00,2026-09-25,0,0,0,30,0
gz-09-riego-http,caudal,2026-09-25 19:00,2026-09-25 14:00,2026-09-25,0,0,0,30,0
gz-09-riego-http,caudal,2026-09-25 20:00,2026-09-25 15:00,2026-09-25,0,0,0,30,0
gz-09-riego-http,caudal,2026-09-25 21:00,2026-09-25 16:00,2026-09-25,0,0,0,30,0
gz-09-riego-http,caudal,2026-09-25 22:00,2026-09-25 17:00,2026-09-25,117.71,109.4,126.5,30,3531.2999999999997
gz-09-riego-http,caudal,2026-09-25 23:00,2026-09-25 18:00,2026-09-25,57.03103448275862,0,123.9,29,1653.9
gz-09-riego-http,caudal,2026-09-26 00:00,2026-09-25 19:00,2026-09-25,0,0,0,30,0
gz-09-riego-http,caudal,2026-09-26 01:00,2026-09-25 20:00,2026-09-25,0,0,0,30,0
gz-09-riego-http,caudal,2026-09-26 02:00,2026-09-25 21:00,2026-09-25,0,0,0,29,0
gz-09-riego-http,caudal,2026-09-26 03:00,2026-09-25 22:00,2026-09-25,0,0,0,30,0
gz-09-riego-http,caudal,2026-09-26 04:00,2026-09-25 23:00,2026-09-25,0,0,0,30,0
gz-09-riego-http,caudal,2026-09-26 05:00,2026-09-26 00:00,2026-09-26,0,0,0,30,0
gz-09-riego-http,caudal,2026-09-26 06:00,2026-09-26 01:00,2026-09-26,0,0,0,30,0
gz-09-riego-http,caudal,2026-09-26 07:00,2026-09-26 02:00,2026-09-26,0,0,0,30,0
gz-09-riego-http,caudal,2026-09-26 08:00,2026-09-26 03:00,2026-09-26,0,0,0,30,0
gz-09-riego-http,caudal,2026-09-26 09:00,2026-09-26 04:00,2026-09-26,0,0,0,30,0
gz-09-riego-http,caudal,2026-09-26 10:00,2026-09-26 05:00,2026-09-26,55.41034482758621,0,122.6,29,1606.9
gz-09-riego-http,caudal,2026-09-26 11:00,2026-09-26 06:00,2026-09-26,120.52333333333335,112,126.5,30,3615.7000000000007
gz-09-riego-http,caudal,2026-09-26 12:00,2026-09-26 07:00,2026-09-26,0,0,0,30,0
gz-09-riego-http,caudal,2026-09-26 13:00,2026-09-26 08:00,2026-09-26,0,0,0,29,0
gz-09-riego-http,caudal,2026-09-26 14:00,2026-09-26 09:00,2026-09-26,0,0,0,30,0
gz-09-riego-http,caudal,2026-09-26 15:00,2026-09-26 10:00,2026-09-26,0,0,0,30,0
gz-09-riego-http,caudal,2026-09-26 16:00,2026-09-26 11:00,2026-09-26,0,0,0,30,0
gz-09-riego-http,caudal,2026-09-26 17:00,2026-09-26 12:00,2026-09-26,0,0,0,30,0
gz-09-riego-http,caudal,2026-09-26 18:00,2026-09-26 13:00,2026-09-26,0,0,0,29,0
gz-09-riego-http,caudal,2026-09-26 19:00,2026-09-26 14:00,2026-09-26,0,0,0,30,0
gz-09-riego-http,caudal,2026-09-26 20:00,2026-09-26 15:00,2026-09-26,0,0,0,30,0
gz-09-riego-http,caudal,2026-09-26 21:00,2026-09-26 16:00,2026-09-26,0,0,0,30,0
gz-09-riego-http,caudal,2026-09-26 22:00,2026-09-26 17:00,2026-09-26,106.35333333333334,0,126.9,30,3190.6000000000004
gz-09-riego-http,caudal,2026-09-26 23:00,2026-09-26 18:00,2026-09-26,57.783333333333324,0,123.5,30,1733.4999999999998
gz-09-riego-http,caudal,2026-09-27 00:00,2026-09-26 19:00,2026-09-26,0,0,0,30,0
gz-09-riego-http,caudal,2026-09-27 01:00,2026-09-26 20:00,2026-09-26,0,0,0,29,0
gz-09-riego-http,caudal,2026-09-27 02:00,2026-09-26 21:00,2026-09-26,0,0,0,30,0
gz-09-riego-http,caudal,2026-09-27 03:00,2026-09-26 22:00,2026-09-26,0,0,0,30,0
gz-09-riego-http,caudal,2026-09-27 04:00,2026-09-26 23:00,2026-09-26,0,0,0,30,0
gz-09-riego-http,caudal,2026-09-27 05:00,2026-09-27 00:00,2026-09-27,0,0,0,30,0
gz-09-riego-http,caudal,2026-09-27 06:00,2026-09-27 01:00,2026-09-27,0,0,0,29,0
gz-09-riego-http,caudal,2026-09-27 07:00,2026-09-27 02:00,2026-09-27,0,0,0,30,0
gz-09-riego-http,caudal,2026-09-27 08:00,2026-09-27 03:00,2026-09-27,0,0,0,29,0
gz-09-riego-http,caudal,2026-09-27 09:00,2026-09-27 04:00,2026-09-27,0,0,0,30,0
gz-09-riego-http,caudal,2026-09-27 10:00,2026-09-27 05:00,2026-09-27,59.31666666666665,0,125.1,30,1779.4999999999995
gz-09-riego-http,caudal,2026-09-27 11:00,2026-09-27 06:00,2026-09-27,117.66000000000001,110.1,125.3,30,3529.8
gz-09-riego-http,caudal,2026-09-27 12:00,2026-09-27 07:00,2026-09-27,0,0,0,30,0
gz-09-riego-http,caudal,2026-09-27 13:00,2026-09-27 08:00,2026-09-27,0,0,0,29,0
gz-09-riego-http,caudal,2026-09-27 14:00,2026-09-27 09:00,2026-09-27,0,0,0,30,0
gz-09-riego-http,caudal,2026-09-27 15:00,2026-09-27 10:00,2026-09-27,0,0,0,30,0
gz-09-riego-http,caudal,2026-09-27 16:00,2026-09-27 11:00,2026-09-27,0,0,0,30,0
gz-09-riego-http,caudal,2026-09-27 17:00,2026-09-27 12:00,2026-09-27,0,0,0,30,0
gz-09-riego-http,caudal,2026-09-27 18:00,2026-09-27 13:00,2026-09-27,0,0,0,30,0
gz-09-riego-http,caudal,2026-09-27 19:00,2026-09-27 14:00,2026-09-27,0,0,0,29,0
gz-09-riego-http,caudal,2026-09-27 20:00,2026-09-27 15:00,2026-09-27,0,0,0,30,0
gz-09-riego-http,caudal,2026-09-27 21:00,2026-09-27 16:00,2026-09-27,0,0,0,30,0
gz-09-riego-http,caudal,2026-09-27 22:00,2026-09-27 17:00,2026-09-27,117.54666666666665,109.5,125.1,30,3526.3999999999996
gz-09-riego-http,caudal,2026-09-27 23:00,2026-09-27 18:00,2026-09-27,59.803333333333335,0,125.1,30,1794.1000000000001
gz-09-riego-http,caudal,2026-09-28 00:00,2026-09-27 19:00,2026-09-27,0,0,0,30,0
gz-09-riego-http,caudal,2026-09-28 01:00,2026-09-27 20:00,2026-09-27,0,0,0,29,0
gz-09-riego-http,caudal,2026-09-28 02:00,2026-09-27 21:00,2026-09-27,0,0,0,30,0
gz-09-riego-http,caudal,2026-09-28 03:00,2026-09-27 22:00,2026-09-27,0,0,0,30,0
gz-09-riego-http,caudal,2026-09-28 04:00,2026-09-27 23:00,2026-09-27,0,0,0,29,0
gz-09-riego-http,caudal,2026-09-28 05:00,2026-09-28 00:00,2026-09-28,0,0,0,30,0
gz-09-riego-http,caudal,2026-09-28 06:00,2026-09-28 01:00,2026-09-28,0,0,0,30,0
gz-09-riego-http,caudal,2026-09-28 07:00,2026-09-28 02:00,2026-09-28,0,0,0,30,0
gz-09-riego-http,caudal,2026-09-28 08:00,2026-09-28 03:00,2026-09-28,0,0,0,29,0
gz-09-riego-http,caudal,2026-09-28 09:00,2026-09-28 04:00,2026-09-28,0,0,0,30,0
gz-09-riego-http,caudal,2026-09-28 10:00,2026-09-28 05:00,2026-09-28,60.02666666666667,0,126.4,30,1800.8000000000002
gz-09-riego-http,caudal,2026-09-28 11:00,2026-09-28 06:00,2026-09-28,117.55333333333331,110.4,125,30,3526.5999999999995
gz-09-riego-http,caudal,2026-09-28 12:00,2026-09-28 07:00,2026-09-28,0,0,0,29,0
gz-09-riego-http,caudal,2026-09-28 13:00,2026-09-28 08:00,2026-09-28,0,0,0,30,0
gz-09-riego-http,caudal,2026-09-28 14:00,2026-09-28 09:00,2026-09-28,0,0,0,29,0
gz-09-riego-http,caudal,2026-09-28 15:00,2026-09-28 10:00,2026-09-28,0,0,0,30,0
gz-09-riego-http,caudal,2026-09-28 16:00,2026-09-28 11:00,2026-09-28,0,0,0,30,0
gz-09-riego-http,caudal,2026-09-28 17:00,2026-09-28 12:00,2026-09-28,0,0,0,29,0
gz-09-riego-http,caudal,2026-09-28 18:00,2026-09-28 13:00,2026-09-28,0,0,0,30,0
gz-09-riego-http,caudal,2026-09-28 19:00,2026-09-28 14:00,2026-09-28,0,0,0,30,0
gz-09-riego-http,caudal,2026-09-28 20:00,2026-09-28 15:00,2026-09-28,0,0,0,30,0
gz-09-riego-http,caudal,2026-09-28 21:00,2026-09-28 16:00,2026-09-28,0,0,0,29,0
gz-09-riego-http,caudal,2026-09-28 22:00,2026-09-28 17:00,2026-09-28,118.30666666666666,109.5,126.3,30,3549.2
gz-09-riego-http,caudal,2026-09-28 23:00,2026-09-28 18:00,2026-09-28,58.23333333333333,0,125.4,30,1746.9999999999998
gz-09-riego-http,caudal,2026-09-29 00:00,2026-09-28 19:00,2026-09-28,0,0,0,19,0
gz-09-riego-http,nivelTanque,2026-09-22 03:00,2026-09-21 22:00,2026-09-21,81.64,79.8,82.8,20,1632.8
gz-09-riego-http,nivelTanque,2026-09-22 04:00,2026-09-21 23:00,2026-09-21,80.05000000000001,79.8,80.2,30,2401.5000000000005
gz-09-riego-http,nivelTanque,2026-09-22 05:00,2026-09-22 00:00,2026-09-22,81.36666666666666,80.1,81.9,30,2441
gz-09-riego-http,nivelTanque,2026-09-22 06:00,2026-09-22 01:00,2026-09-22,81.24000000000001,81,81.4,30,2437.2000000000003
gz-09-riego-http,nivelTanque,2026-09-22 07:00,2026-09-22 02:00,2026-09-22,79.16,76,81.3,30,2374.7999999999997
gz-09-riego-http,nivelTanque,2026-09-22 08:00,2026-09-22 03:00,2026-09-22,75.80344827586208,75.5,76.1,29,2198.3
gz-09-riego-http,nivelTanque,2026-09-22 09:00,2026-09-22 04:00,2026-09-22,72.08666666666666,69.7,75.4,30,2162.6
gz-09-riego-http,nivelTanque,2026-09-22 10:00,2026-09-22 05:00,2026-09-22,69.11999999999999,68.3,70.1,30,2073.6
gz-09-riego-http,nivelTanque,2026-09-22 11:00,2026-09-22 06:00,2026-09-22,65.91724137931035,64.2,69.9,29,1911.6000000000001
gz-09-riego-http,nivelTanque,2026-09-22 12:00,2026-09-22 07:00,2026-09-22,63.666666666666664,61.9,64.5,30,1910
gz-09-riego-http,nivelTanque,2026-09-22 13:00,2026-09-22 08:00,2026-09-22,59.776666666666664,57.4,61.8,30,1793.3
gz-09-riego-http,nivelTanque,2026-09-22 14:00,2026-09-22 09:00,2026-09-22,57.28666666666666,56.1,58,30,1718.6
gz-09-riego-http,nivelTanque,2026-09-22 15:00,2026-09-22 10:00,2026-09-22,54.982758620689665,53,56,29,1594.5000000000002
gz-09-riego-http,nivelTanque,2026-09-22 16:00,2026-09-22 11:00,2026-09-22,53.493333333333354,52.8,55.4,30,1604.8000000000006
gz-09-riego-http,nivelTanque,2026-09-22 17:00,2026-09-22 12:00,2026-09-22,54.98000000000001,54.1,56.3,30,1649.4000000000003
gz-09-riego-http,nivelTanque,2026-09-22 18:00,2026-09-22 13:00,2026-09-22,55.63000000000001,54.2,57.8,30,1668.9000000000003
gz-09-riego-http,nivelTanque,2026-09-22 19:00,2026-09-22 14:00,2026-09-22,57.42068965517243,56.2,57.9,29,1665.2000000000005
gz-09-riego-http,nivelTanque,2026-09-22 20:00,2026-09-22 15:00,2026-09-22,59.44666666666668,56.3,62.5,30,1783.4000000000003
gz-09-riego-http,nivelTanque,2026-09-22 21:00,2026-09-22 16:00,2026-09-22,63.800000000000004,62.6,65.2,30,1914.0000000000002
gz-09-riego-http,nivelTanque,2026-09-22 22:00,2026-09-22 17:00,2026-09-22,66.51333333333334,65.4,67.1,30,1995.4
gz-09-riego-http,nivelTanque,2026-09-22 23:00,2026-09-22 18:00,2026-09-22,69.02,66.9,72,30,2070.6
gz-09-riego-http,nivelTanque,2026-09-23 00:00,2026-09-22 19:00,2026-09-22,74.2137931034483,72.1,75.3,29,2152.2000000000007
gz-09-riego-http,nivelTanque,2026-09-23 01:00,2026-09-22 20:00,2026-09-22,76.71333333333332,74.5,79.3,30,2301.3999999999996
gz-09-riego-http,nivelTanque,2026-09-23 02:00,2026-09-22 21:00,2026-09-22,79.11333333333333,78.1,80.7,30,2373.4
gz-09-riego-http,nivelTanque,2026-09-23 03:00,2026-09-22 22:00,2026-09-22,80.96000000000002,80.7,81.2,30,2428.8000000000006
gz-09-riego-http,nivelTanque,2026-09-23 04:00,2026-09-22 23:00,2026-09-22,81.73333333333335,80.7,82.3,30,2452.0000000000005
gz-09-riego-http,nivelTanque,2026-09-23 05:00,2026-09-23 00:00,2026-09-23,81.59655172413794,81.1,82.3,29,2366.3
gz-09-riego-http,nivelTanque,2026-09-23 06:00,2026-09-23 01:00,2026-09-23,80.70666666666668,80.2,81.1,30,2421.2000000000003
gz-09-riego-http,nivelTanque,2026-09-23 07:00,2026-09-23 02:00,2026-09-23,78.84333333333333,76.4,80.1,30,2365.3
gz-09-riego-http,nivelTanque,2026-09-23 08:00,2026-09-23 03:00,2026-09-23,75.68666666666668,74.9,76.4,30,2270.6000000000004
gz-09-riego-http,nivelTanque,2026-09-23 09:00,2026-09-23 04:00,2026-09-23,73.96206896551725,72.9,76.2,29,2144.9
gz-09-riego-http,nivelTanque,2026-09-23 10:00,2026-09-23 05:00,2026-09-23,69.89333333333333,68.3,73.4,30,2096.7999999999997
gz-09-riego-http,nivelTanque,2026-09-23 11:00,2026-09-23 06:00,2026-09-23,67.64,65.6,69,30,2029.2
gz-09-riego-http,nivelTanque,2026-09-23 12:00,2026-09-23 07:00,2026-09-23,62.67241379310344,61.2,65.5,29,1817.4999999999998
gz-09-riego-http,nivelTanque,2026-09-23 13:00,2026-09-23 08:00,2026-09-23,59.199999999999996,57.7,62.4,30,1775.9999999999998
gz-09-riego-http,nivelTanque,2026-09-23 14:00,2026-09-23 09:00,2026-09-23,57.66,56,58.5,30,1729.8
gz-09-riego-http,nivelTanque,2026-09-23 15:00,2026-09-23 10:00,2026-09-23,54.28000000000001,53.6,55.9,30,1628.4000000000003
gz-09-riego-http,nivelTanque,2026-09-23 16:00,2026-09-23 11:00,2026-09-23,53.75333333333333,52.8,55.5,30,1612.6
gz-09-riego-http,nivelTanque,2026-09-23 17:00,2026-09-23 12:00,2026-09-23,55.09666666666668,54.5,55.6,30,1652.9000000000003
gz-09-riego-http,nivelTanque,2026-09-23 18:00,2026-09-23 13:00,2026-09-23,60.853333333333325,54.5,68.4,30,1825.5999999999997
gz-09-riego-http,nivelTanque,2026-09-23 19:00,2026-09-23 14:00,2026-09-23,71.62413793103448,68.8,72.7,29,2077.1
gz-09-riego-http,nivelTanque,2026-09-23 20:00,2026-09-23 15:00,2026-09-23,64.07,60.7,70.4,30,1922.0999999999997
gz-09-riego-http,nivelTanque,2026-09-23 21:00,2026-09-23 16:00,2026-09-23,62.89,61.8,64.3,30,1886.7
gz-09-riego-http,nivelTanque,2026-09-23 22:00,2026-09-23 17:00,2026-09-23,66.1896551724138,64.5,67.1,29,1919.5
gz-09-riego-http,nivelTanque,2026-09-23 23:00,2026-09-23 18:00,2026-09-23,70.66000000000001,66.3,73.5,30,2119.8
gz-09-riego-http,nivelTanque,2026-09-24 00:00,2026-09-23 19:00,2026-09-23,73.85333333333332,72.9,75.8,30,2215.6
gz-09-riego-http,nivelTanque,2026-09-24 01:00,2026-09-23 20:00,2026-09-23,76.45666666666668,75.4,78.7,30,2293.7000000000003
gz-09-riego-http,nivelTanque,2026-09-24 02:00,2026-09-23 21:00,2026-09-23,79.75666666666666,78.8,80.8,30,2392.7
gz-09-riego-http,nivelTanque,2026-09-24 03:00,2026-09-23 22:00,2026-09-23,81.55666666666666,80.8,82.3,30,2446.7
gz-09-riego-http,nivelTanque,2026-09-24 04:00,2026-09-23 23:00,2026-09-23,81.46333333333332,80.4,82.3,30,2443.8999999999996
gz-09-riego-http,nivelTanque,2026-09-24 05:00,2026-09-24 00:00,2026-09-24,81.8,80.4,83.1,30,2454
gz-09-riego-http,nivelTanque,2026-09-24 06:00,2026-09-24 01:00,2026-09-24,80.67241379310343,79.6,81.3,29,2339.4999999999995
gz-09-riego-http,nivelTanque,2026-09-24 07:00,2026-09-24 02:00,2026-09-24,78.77333333333334,78,79.5,30,2363.2000000000003
gz-09-riego-http,nivelTanque,2026-09-24 08:00,2026-09-24 03:00,2026-09-24,77.75333333333333,76.3,79.4,30,2332.6
gz-09-riego-http,nivelTanque,2026-09-24 09:00,2026-09-24 04:00,2026-09-24,74.14666666666666,73.3,76.2,30,2224.3999999999996
gz-09-riego-http,nivelTanque,2026-09-24 10:00,2026-09-24 05:00,2026-09-24,69.72,66.3,73.2,30,2091.6
gz-09-riego-http,nivelTanque,2026-09-24 11:00,2026-09-24 06:00,2026-09-24,66.46206896551723,64.1,67.9,29,1927.3999999999999
gz-09-riego-http,nivelTanque,2026-09-24 12:00,2026-09-24 07:00,2026-09-24,63.19000000000001,60.2,64.5,30,1895.7000000000003
gz-09-riego-http,nivelTanque,2026-09-24 13:00,2026-09-24 08:00,2026-09-24,58.61666666666665,57.8,60.1,30,1758.4999999999995
gz-09-riego-http,nivelTanque,2026-09-24 14:00,2026-09-24 09:00,2026-09-24,57.583333333333336,56.7,58.6,30,1727.5
gz-09-riego-http,nivelTanque,2026-09-24 15:00,2026-09-24 10:00,2026-09-24,56.289999999999985,55,56.9,30,1688.6999999999996
gz-09-riego-http,nivelTanque,2026-09-24 16:00,2026-09-24 11:00,2026-09-24,54.16206896551725,53.6,55,29,1570.7000000000003
gz-09-riego-http,nivelTanque,2026-09-24 17:00,2026-09-24 12:00,2026-09-24,53.536666666666676,52.6,55.3,30,1606.1000000000004
gz-09-riego-http,nivelTanque,2026-09-24 18:00,2026-09-24 13:00,2026-09-24,55.69999999999998,54.9,57.6,29,1615.2999999999995
gz-09-riego-http,nivelTanque,2026-09-24 19:00,2026-09-24 14:00,2026-09-24,57.476666666666674,56.7,58.6,30,1724.3000000000002
gz-09-riego-http,nivelTanque,2026-09-24 20:00,2026-09-24 15:00,2026-09-24,60.006666666666675,58.7,60.9,30,1800.2000000000003
gz-09-riego-http,nivelTanque,2026-09-24 21:00,2026-09-24 16:00,2026-09-24,63.09000000000001,59.8,64.8,30,1892.7000000000003
gz-09-riego-http,nivelTanque,2026-09-24 22:00,2026-09-24 17:00,2026-09-24,65.80333333333334,64.8,68.3,30,1974.1000000000001
gz-09-riego-http,nivelTanque,2026-09-24 23:00,2026-09-24 18:00,2026-09-24,69.86,68.5,70.7,30,2095.8
gz-09-riego-http,nivelTanque,2026-09-25 00:00,2026-09-24 19:00,2026-09-24,73.45333333333333,70.1,75.2,30,2203.6
gz-09-riego-http,nivelTanque,2026-09-25 01:00,2026-09-24 20:00,2026-09-24,76.71333333333334,73.7,77.9,30,2301.4
gz-09-riego-http,nivelTanque,2026-09-25 02:00,2026-09-24 21:00,2026-09-24,78.84137931034483,78,79.4,29,2286.4
gz-09-riego-http,nivelTanque,2026-09-25 03:00,2026-09-24 22:00,2026-09-24,80.57666666666665,78.6,81.4,30,2417.2999999999997
gz-09-riego-http,nivelTanque,2026-09-25 04:00,2026-09-24 23:00,2026-09-24,81.98000000000003,81.4,83.6,30,2459.400000000001
gz-09-riego-http,nivelTanque,2026-09-25 05:00,2026-09-25 00:00,2026-09-25,82.61333333333332,80.6,83.6,30,2478.3999999999996
gz-09-riego-http,nivelTanque,2026-09-25 06:00,2026-09-25 01:00,2026-09-25,80.34827586206895,78.2,81.2,29,2330.0999999999995
gz-09-riego-http,nivelTanque,2026-09-25 07:00,2026-09-25 02:00,2026-09-25,78.79666666666665,78.1,79.6,30,2363.8999999999996
gz-09-riego-http,nivelTanque,2026-09-25 08:00,2026-09-25 03:00,2026-09-25,76.15666666666668,74.4,79.4,30,2284.7000000000003
gz-09-riego-http,nivelTanque,2026-09-25 09:00,2026-09-25 04:00,2026-09-25,72.68666666666667,71.3,74.3,30,2180.6
gz-09-riego-http,nivelTanque,2026-09-25 10:00,2026-09-25 05:00,2026-09-25,69.95517241379311,69.2,71.2,29,2028.7000000000003
gz-09-riego-http,nivelTanque,2026-09-25 11:00,2026-09-25 06:00,2026-09-25,67.09032258064516,65.7,69.8,31,2079.8
gz-09-riego-http,nivelTanque,2026-09-25 12:00,2026-09-25 07:00,2026-09-25,62.23333333333334,60.4,65.6,30,1867.0000000000002
gz-09-riego-http,nivelTanque,2026-09-25 13:00,2026-09-25 08:00,2026-09-25,58.709999999999994,57,60.3,30,1761.2999999999997
gz-09-riego-http,nivelTanque,2026-09-25 14:00,2026-09-25 09:00,2026-09-25,57.396666666666675,56.9,57.7,30,1721.9000000000003
gz-09-riego-http,nivelTanque,2026-09-25 15:00,2026-09-25 10:00,2026-09-25,56.13103448275862,55.6,57.3,29,1627.8
gz-09-riego-http,nivelTanque,2026-09-25 16:00,2026-09-25 11:00,2026-09-25,53.45333333333333,52.3,55.5,30,1603.6
gz-09-riego-http,nivelTanque,2026-09-25 17:00,2026-09-25 12:00,2026-09-25,54.06333333333335,53.7,54.6,30,1621.9000000000003
gz-09-riego-http,nivelTanque,2026-09-25 18:00,2026-09-25 13:00,2026-09-25,55.443333333333335,54.7,56.1,30,1663.3
gz-09-riego-http,nivelTanque,2026-09-25 19:00,2026-09-25 14:00,2026-09-25,56.029999999999994,55.1,58,30,1680.8999999999999
gz-09-riego-http,nivelTanque,2026-09-25 20:00,2026-09-25 15:00,2026-09-25,58.80333333333331,57.7,61.4,30,1764.0999999999995
gz-09-riego-http,nivelTanque,2026-09-25 21:00,2026-09-25 16:00,2026-09-25,63.75333333333333,61.5,65.5,30,1912.6
gz-09-riego-http,nivelTanque,2026-09-25 22:00,2026-09-25 17:00,2026-09-25,66.88666666666667,65.6,69.8,30,2006.6
gz-09-riego-http,nivelTanque,2026-09-25 23:00,2026-09-25 18:00,2026-09-25,69.7241379310345,68.7,71.4,29,2022.0000000000005
gz-09-riego-http,nivelTanque,2026-09-26 00:00,2026-09-25 19:00,2026-09-25,72.37666666666665,71.3,75.1,30,2171.2999999999997
gz-09-riego-http,nivelTanque,2026-09-26 01:00,2026-09-25 20:00,2026-09-25,76.06,74.7,79.4,30,2281.8
gz-09-riego-http,nivelTanque,2026-09-26 02:00,2026-09-25 21:00,2026-09-25,79.64482758620687,79.4,79.9,29,2309.6999999999994
gz-09-riego-http,nivelTanque,2026-09-26 03:00,2026-09-25 22:00,2026-09-25,80.66666666666667,79.5,81.1,30,2420
gz-09-riego-http,nivelTanque,2026-09-26 04:00,2026-09-25 23:00,2026-09-25,80.67999999999999,80.1,81.2,30,2420.3999999999996
gz-09-riego-http,nivelTanque,2026-09-26 05:00,2026-09-26 00:00,2026-09-26,81.95666666666665,80.1,83.3,30,2458.6999999999994
gz-09-riego-http,nivelTanque,2026-09-26 06:00,2026-09-26 01:00,2026-09-26,81.74333333333331,80.7,83.2,30,2452.2999999999993
gz-09-riego-http,nivelTanque,2026-09-26 07:00,2026-09-26 02:00,2026-09-26,79.25333333333336,77.7,82,30,2377.600000000001
gz-09-riego-http,nivelTanque,2026-09-26 08:00,2026-09-26 03:00,2026-09-26,76.10999999999999,73.6,77.6,30,2283.2999999999997
gz-09-riego-http,nivelTanque,2026-09-26 09:00,2026-09-26 04:00,2026-09-26,73.65666666666667,71,75.2,30,2209.7
gz-09-riego-http,nivelTanque,2026-09-26 10:00,2026-09-26 05:00,2026-09-26,69.45517241379311,67.2,70.9,29,2014.2
gz-09-riego-http,nivelTanque,2026-09-26 11:00,2026-09-26 06:00,2026-09-26,65.71,64.1,67.1,30,1971.3
gz-09-riego-http,nivelTanque,2026-09-26 12:00,2026-09-26 07:00,2026-09-26,62.70666666666669,59.6,64,30,1881.2000000000007
gz-09-riego-http,nivelTanque,2026-09-26 13:00,2026-09-26 08:00,2026-09-26,60.43448275862069,59.5,61.4,29,1752.6
gz-09-riego-http,nivelTanque,2026-09-26 14:00,2026-09-26 09:00,2026-09-26,56.60999999999999,55.4,59.4,30,1698.2999999999997
gz-09-riego-http,nivelTanque,2026-09-26 15:00,2026-09-26 10:00,2026-09-26,55.589999999999996,52.6,56.9,30,1667.6999999999998
gz-09-riego-http,nivelTanque,2026-09-26 16:00,2026-09-26 11:00,2026-09-26,54.08666666666666,52.1,55.9,30,1622.5999999999997
gz-09-riego-http,nivelTanque,2026-09-26 17:00,2026-09-26 12:00,2026-09-26,53.269999999999996,52.1,55.4,30,1598.1
gz-09-riego-http,nivelTanque,2026-09-26 18:00,2026-09-26 13:00,2026-09-26,55.389655172413796,54.6,57,29,1606.3000000000002
gz-09-riego-http,nivelTanque,2026-09-26 19:00,2026-09-26 14:00,2026-09-26,56.25999999999999,54.9,58,30,1687.7999999999997
gz-09-riego-http,nivelTanque,2026-09-26 20:00,2026-09-26 15:00,2026-09-26,58.83999999999999,58.1,60.8,30,1765.1999999999996
gz-09-riego-http,nivelTanque,2026-09-26 21:00,2026-09-26 16:00,2026-09-26,76.22666666666667,62.4,79.9,30,2286.8
gz-09-riego-http,nivelTanque,2026-09-26 22:00,2026-09-26 17:00,2026-09-26,67.82333333333334,65.6,73,30,2034.7
gz-09-riego-http,nivelTanque,2026-09-26 23:00,2026-09-26 18:00,2026-09-26,69.25666666666669,68.2,71.3,30,2077.7000000000007
gz-09-riego-http,nivelTanque,2026-09-27 00:00,2026-09-26 19:00,2026-09-26,73.59666666666666,71.5,75.1,30,2207.9
gz-09-riego-http,nivelTanque,2026-09-27 01:00,2026-09-26 20:00,2026-09-26,77.03103448275863,75.2,78.2,29,2233.9
gz-09-riego-http,nivelTanque,2026-09-27 02:00,2026-09-26 21:00,2026-09-26,78.89,77.7,81.7,30,2366.7
gz-09-riego-http,nivelTanque,2026-09-27 03:00,2026-09-26 22:00,2026-09-26,82.36333333333333,81.8,83.3,30,2470.9
gz-09-riego-http,nivelTanque,2026-09-27 04:00,2026-09-26 23:00,2026-09-26,83.30333333333338,83.1,83.4,30,2499.1000000000017
gz-09-riego-http,nivelTanque,2026-09-27 05:00,2026-09-27 00:00,2026-09-27,81.86666666666666,81,83.1,30,2456
gz-09-riego-http,nivelTanque,2026-09-27 06:00,2026-09-27 01:00,2026-09-27,81.55862068965519,78.4,82.8,29,2365.2000000000003
gz-09-riego-http,nivelTanque,2026-09-27 07:00,2026-09-27 02:00,2026-09-27,79.64666666666666,78,81.1,30,2389.3999999999996
gz-09-riego-http,nivelTanque,2026-09-27 08:00,2026-09-27 03:00,2026-09-27,77.47586206896554,75.4,78.4,29,2246.8000000000006
gz-09-riego-http,nivelTanque,2026-09-27 09:00,2026-09-27 04:00,2026-09-27,72.75333333333334,70.7,75.3,30,2182.6000000000004
gz-09-riego-http,nivelTanque,2026-09-27 10:00,2026-09-27 05:00,2026-09-27,68.36999999999999,67,70.6,30,2051.1
gz-09-riego-http,nivelTanque,2026-09-27 11:00,2026-09-27 06:00,2026-09-27,66.45666666666666,65.6,66.9,30,1993.7
gz-09-riego-http,nivelTanque,2026-09-27 12:00,2026-09-27 07:00,2026-09-27,62.803333333333335,61.1,65.4,30,1884.1000000000001
gz-09-riego-http,nivelTanque,2026-09-27 13:00,2026-09-27 08:00,2026-09-27,59.748275862068965,58,61,29,1732.7
gz-09-riego-http,nivelTanque,2026-09-27 14:00,2026-09-27 09:00,2026-09-27,55.940000000000005,54.4,57.9,30,1678.2
gz-09-riego-http,nivelTanque,2026-09-27 15:00,2026-09-27 10:00,2026-09-27,54.313333333333325,53.4,56.1,30,1629.3999999999999
gz-09-riego-http,nivelTanque,2026-09-27 16:00,2026-09-27 11:00,2026-09-27,55.296666666666646,53.1,56.1,30,1658.8999999999994
gz-09-riego-http,nivelTanque,2026-09-27 17:00,2026-09-27 12:00,2026-09-27,53.41666666666666,52.3,55.9,30,1602.4999999999998
gz-09-riego-http,nivelTanque,2026-09-27 18:00,2026-09-27 13:00,2026-09-27,68.08333333333333,55.9,71.4,30,2042.4999999999998
gz-09-riego-http,nivelTanque,2026-09-27 19:00,2026-09-27 14:00,2026-09-27,59.34827586206896,56.6,69.3,29,1721.1
gz-09-riego-http,nivelTanque,2026-09-27 20:00,2026-09-27 15:00,2026-09-27,60.23333333333334,59.1,61.3,30,1807.0000000000002
gz-09-riego-http,nivelTanque,2026-09-27 21:00,2026-09-27 16:00,2026-09-27,62.08,59.1,65.2,30,1862.3999999999999
gz-09-riego-http,nivelTanque,2026-09-27 22:00,2026-09-27 17:00,2026-09-27,66.65333333333334,65.3,68.4,30,1999.6
gz-09-riego-http,nivelTanque,2026-09-27 23:00,2026-09-27 18:00,2026-09-27,70.52333333333333,68.5,71.6,30,2115.7
gz-09-riego-http,nivelTanque,2026-09-28 00:00,2026-09-27 19:00,2026-09-27,73.96333333333332,71.7,76.3,30,2218.8999999999996
gz-09-riego-http,nivelTanque,2026-09-28 01:00,2026-09-27 20:00,2026-09-27,76.10000000000002,75.8,76.4,29,2206.9000000000005
gz-09-riego-http,nivelTanque,2026-09-28 02:00,2026-09-27 21:00,2026-09-27,78.49,76.2,79.8,30,2354.7
gz-09-riego-http,nivelTanque,2026-09-28 03:00,2026-09-27 22:00,2026-09-27,81.14,78.3,82.6,30,2434.2
gz-09-riego-http,nivelTanque,2026-09-28 04:00,2026-09-27 23:00,2026-09-27,81.08620689655173,79.9,83.4,29,2351.5
gz-09-riego-http,nivelTanque,2026-09-28 05:00,2026-09-28 00:00,2026-09-28,82.28666666666668,81.7,83.4,30,2468.6000000000004
gz-09-riego-http,nivelTanque,2026-09-28 06:00,2026-09-28 01:00,2026-09-28,81.89666666666668,79.6,82.9,30,2456.9
gz-09-riego-http,nivelTanque,2026-09-28 07:00,2026-09-28 02:00,2026-09-28,78.37666666666668,77.6,79.5,30,2351.3
gz-09-riego-http,nivelTanque,2026-09-28 08:00,2026-09-28 03:00,2026-09-28,77.00689655172413,75,78.6,29,2233.2
gz-09-riego-http,nivelTanque,2026-09-28 09:00,2026-09-28 04:00,2026-09-28,73.70666666666666,70.6,74.9,30,2211.2
gz-09-riego-http,nivelTanque,2026-09-28 10:00,2026-09-28 05:00,2026-09-28,68.95333333333333,67.9,70.5,30,2068.6
gz-09-riego-http,nivelTanque,2026-09-28 11:00,2026-09-28 06:00,2026-09-28,65.96,64.2,69.1,30,1978.8
gz-09-riego-http,nivelTanque,2026-09-28 12:00,2026-09-28 07:00,2026-09-28,63.841379310344834,62.5,66.1,29,1851.4
gz-09-riego-http,nivelTanque,2026-09-28 13:00,2026-09-28 08:00,2026-09-28,60.123333333333335,58.1,62.4,30,1803.7
gz-09-riego-http,nivelTanque,2026-09-28 14:00,2026-09-28 09:00,2026-09-28,57.327586206896555,54.8,58.4,29,1662.5
gz-09-riego-http,nivelTanque,2026-09-28 15:00,2026-09-28 10:00,2026-09-28,54.5,53.9,55.6,30,1635
gz-09-riego-http,nivelTanque,2026-09-28 16:00,2026-09-28 11:00,2026-09-28,54.11,53.3,55.5,30,1623.3
gz-09-riego-http,nivelTanque,2026-09-28 17:00,2026-09-28 12:00,2026-09-28,54.779310344827586,53.3,55.9,29,1588.6
gz-09-riego-http,nivelTanque,2026-09-28 18:00,2026-09-28 13:00,2026-09-28,55.63666666666666,54,57,30,1669.1
gz-09-riego-http,nivelTanque,2026-09-28 19:00,2026-09-28 14:00,2026-09-28,57.49666666666666,54.6,65.2,30,1724.8999999999999
gz-09-riego-http,nivelTanque,2026-09-28 20:00,2026-09-28 15:00,2026-09-28,73.39666666666666,66.2,77.4,30,2201.8999999999996
gz-09-riego-http,nivelTanque,2026-09-28 21:00,2026-09-28 16:00,2026-09-28,67.16896551724139,63.3,75.5,29,1947.9
gz-09-riego-http,nivelTanque,2026-09-28 22:00,2026-09-28 17:00,2026-09-28,67.46666666666667,66.4,68.8,30,2024
gz-09-riego-http,nivelTanque,2026-09-28 23:00,2026-09-28 18:00,2026-09-28,71.10333333333332,68.9,72.8,30,2133.1
gz-09-riego-http,nivelTanque,2026-09-29 00:00,2026-09-28 19:00,2026-09-28,72.42631578947368,71.9,73,19,1376.1
gz-09-riego-http,presionLinea,2026-09-22 03:00,2026-09-21 22:00,2026-09-21,0.5914999999999999,0.56,0.65,20,11.829999999999998
gz-09-riego-http,presionLinea,2026-09-22 04:00,2026-09-21 23:00,2026-09-21,0.5966666666666666,0.56,0.64,30,17.9
gz-09-riego-http,presionLinea,2026-09-22 05:00,2026-09-22 00:00,2026-09-22,0.598333333333333,0.56,0.62,30,17.949999999999992
gz-09-riego-http,presionLinea,2026-09-22 06:00,2026-09-22 01:00,2026-09-22,0.5883333333333335,0.56,0.63,30,17.650000000000006
gz-09-riego-http,presionLinea,2026-09-22 07:00,2026-09-22 02:00,2026-09-22,0.6036666666666668,0.57,0.63,30,18.110000000000003
gz-09-riego-http,presionLinea,2026-09-22 08:00,2026-09-22 03:00,2026-09-22,0.6172413793103447,0.6,0.63,29,17.9
gz-09-riego-http,presionLinea,2026-09-22 09:00,2026-09-22 04:00,2026-09-22,0.5980000000000001,0.56,0.64,30,17.94
gz-09-riego-http,presionLinea,2026-09-22 10:00,2026-09-22 05:00,2026-09-22,2.0286666666666666,0.57,3.6,30,60.86
gz-09-riego-http,presionLinea,2026-09-22 11:00,2026-09-22 06:00,2026-09-22,3.4282758620689657,3.27,3.56,29,99.42
gz-09-riego-http,presionLinea,2026-09-22 12:00,2026-09-22 07:00,2026-09-22,0.5713333333333336,0.55,0.64,30,17.140000000000008
gz-09-riego-http,presionLinea,2026-09-22 13:00,2026-09-22 08:00,2026-09-22,0.6113333333333332,0.58,0.65,30,18.339999999999996
gz-09-riego-http,presionLinea,2026-09-22 14:00,2026-09-22 09:00,2026-09-22,0.6143333333333334,0.58,0.65,30,18.430000000000003
gz-09-riego-http,presionLinea,2026-09-22 15:00,2026-09-22 10:00,2026-09-22,0.6075862068965516,0.59,0.64,29,17.619999999999997
gz-09-riego-http,presionLinea,2026-09-22 16:00,2026-09-22 11:00,2026-09-22,0.5986666666666665,0.56,0.62,30,17.959999999999994
gz-09-riego-http,presionLinea,2026-09-22 17:00,2026-09-22 12:00,2026-09-22,0.5930000000000001,0.57,0.61,30,17.790000000000003
gz-09-riego-http,presionLinea,2026-09-22 18:00,2026-09-22 13:00,2026-09-22,0.6206666666666666,0.57,0.65,30,18.619999999999997
gz-09-riego-http,presionLinea,2026-09-22 19:00,2026-09-22 14:00,2026-09-22,0.6062068965517242,0.57,0.65,29,17.580000000000002
gz-09-riego-http,presionLinea,2026-09-22 20:00,2026-09-22 15:00,2026-09-22,0.5823333333333333,0.56,0.63,30,17.47
gz-09-riego-http,presionLinea,2026-09-22 21:00,2026-09-22 16:00,2026-09-22,0.592,0.57,0.63,30,17.759999999999998
gz-09-riego-http,presionLinea,2026-09-22 22:00,2026-09-22 17:00,2026-09-22,3.4413333333333336,3.18,3.64,30,103.24000000000001
gz-09-riego-http,presionLinea,2026-09-22 23:00,2026-09-22 18:00,2026-09-22,2.040666666666666,0.6,3.54,30,61.21999999999999
gz-09-riego-http,presionLinea,2026-09-23 00:00,2026-09-22 19:00,2026-09-22,0.5858620689655173,0.57,0.62,29,16.990000000000002
gz-09-riego-http,presionLinea,2026-09-23 01:00,2026-09-22 20:00,2026-09-22,0.6153333333333335,0.55,0.65,30,18.460000000000004
gz-09-riego-http,presionLinea,2026-09-23 02:00,2026-09-22 21:00,2026-09-22,0.598,0.58,0.63,30,17.939999999999998
gz-09-riego-http,presionLinea,2026-09-23 03:00,2026-09-22 22:00,2026-09-22,0.6053333333333334,0.57,0.64,30,18.16
gz-09-riego-http,presionLinea,2026-09-23 04:00,2026-09-22 23:00,2026-09-22,0.5966666666666666,0.57,0.64,30,17.9
gz-09-riego-http,presionLinea,2026-09-23 05:00,2026-09-23 00:00,2026-09-23,0.6000000000000001,0.57,0.64,29,17.400000000000002
gz-09-riego-http,presionLinea,2026-09-23 06:00,2026-09-23 01:00,2026-09-23,0.6006666666666667,0.56,0.64,30,18.02
gz-09-riego-http,presionLinea,2026-09-23 07:00,2026-09-23 02:00,2026-09-23,0.5883333333333333,0.55,0.62,30,17.65
gz-09-riego-http,presionLinea,2026-09-23 08:00,2026-09-23 03:00,2026-09-23,0.6016666666666666,0.57,0.63,30,18.049999999999997
gz-09-riego-http,presionLinea,2026-09-23 09:00,2026-09-23 04:00,2026-09-23,0.6072413793103448,0.58,0.62,29,17.61
gz-09-riego-http,presionLinea,2026-09-23 10:00,2026-09-23 05:00,2026-09-23,2.003,0.56,3.57,30,60.09
gz-09-riego-http,presionLinea,2026-09-23 11:00,2026-09-23 06:00,2026-09-23,3.434,3.18,3.62,30,103.02000000000001
gz-09-riego-http,presionLinea,2026-09-23 12:00,2026-09-23 07:00,2026-09-23,0.6075862068965517,0.56,0.65,29,17.62
gz-09-riego-http,presionLinea,2026-09-23 13:00,2026-09-23 08:00,2026-09-23,0.5939999999999996,0.55,0.62,30,17.81999999999999
gz-09-riego-http,presionLinea,2026-09-23 14:00,2026-09-23 09:00,2026-09-23,0.5760000000000001,0.55,0.62,30,17.28
gz-09-riego-http,presionLinea,2026-09-23 15:00,2026-09-23 10:00,2026-09-23,0.621,0.59,0.64,30,18.63
gz-09-riego-http,presionLinea,2026-09-23 16:00,2026-09-23 11:00,2026-09-23,0.5993333333333333,0.57,0.63,30,17.979999999999997
gz-09-riego-http,presionLinea,2026-09-23 17:00,2026-09-23 12:00,2026-09-23,0.6143333333333335,0.56,0.64,30,18.430000000000007
gz-09-riego-http,presionLinea,2026-09-23 18:00,2026-09-23 13:00,2026-09-23,0.6119999999999999,0.58,0.64,30,18.359999999999996
gz-09-riego-http,presionLinea,2026-09-23 19:00,2026-09-23 14:00,2026-09-23,0.6017241379310346,0.55,0.64,29,17.450000000000003
gz-09-riego-http,presionLinea,2026-09-23 20:00,2026-09-23 15:00,2026-09-23,0.6080000000000001,0.55,0.65,30,18.240000000000002
gz-09-riego-http,presionLinea,2026-09-23 21:00,2026-09-23 16:00,2026-09-23,0.603,0.57,0.64,30,18.09
gz-09-riego-http,presionLinea,2026-09-23 22:00,2026-09-23 17:00,2026-09-23,3.421724137931035,3.23,3.64,29,99.23
gz-09-riego-http,presionLinea,2026-09-23 23:00,2026-09-23 18:00,2026-09-23,2.0236666666666663,0.57,3.62,30,60.70999999999999
gz-09-riego-http,presionLinea,2026-09-24 00:00,2026-09-23 19:00,2026-09-23,0.5983333333333332,0.55,0.63,30,17.949999999999996
gz-09-riego-http,presionLinea,2026-09-24 01:00,2026-09-23 20:00,2026-09-23,0.5983333333333332,0.57,0.62,30,17.949999999999996
gz-09-riego-http,presionLinea,2026-09-24 02:00,2026-09-23 21:00,2026-09-23,0.6026666666666667,0.56,0.65,30,18.080000000000002
gz-09-riego-http,presionLinea,2026-09-24 03:00,2026-09-23 22:00,2026-09-23,0.6143333333333334,0.58,0.63,30,18.430000000000003
gz-09-riego-http,presionLinea,2026-09-24 04:00,2026-09-23 23:00,2026-09-23,0.5933333333333333,0.55,0.63,30,17.799999999999997
gz-09-riego-http,presionLinea,2026-09-24 05:00,2026-09-24 00:00,2026-09-24,0.6006666666666666,0.56,0.64,30,18.019999999999996
gz-09-riego-http,presionLinea,2026-09-24 06:00,2026-09-24 01:00,2026-09-24,0.6037931034482757,0.57,0.63,29,17.509999999999998
gz-09-riego-http,presionLinea,2026-09-24 07:00,2026-09-24 02:00,2026-09-24,0.6080000000000001,0.57,0.64,30,18.240000000000002
gz-09-riego-http,presionLinea,2026-09-24 08:00,2026-09-24 03:00,2026-09-24,0.601333333333333,0.56,0.65,30,18.039999999999992
gz-09-riego-http,presionLinea,2026-09-24 09:00,2026-09-24 04:00,2026-09-24,0.5939999999999999,0.56,0.64,30,17.819999999999997
gz-09-riego-http,presionLinea,2026-09-24 10:00,2026-09-24 05:00,2026-09-24,1.9680000000000004,0.56,3.53,30,59.04000000000001
gz-09-riego-http,presionLinea,2026-09-24 11:00,2026-09-24 06:00,2026-09-24,3.397241379310345,3.24,3.61,29,98.52000000000001
gz-09-riego-http,presionLinea,2026-09-24 12:00,2026-09-24 07:00,2026-09-24,0.5956666666666666,0.56,0.64,30,17.869999999999997
gz-09-riego-http,presionLinea,2026-09-24 13:00,2026-09-24 08:00,2026-09-24,0.5936666666666665,0.56,0.64,30,17.809999999999995
gz-09-riego-http,presionLinea,2026-09-24 14:00,2026-09-24 09:00,2026-09-24,0.5926666666666666,0.56,0.64,30,17.779999999999998
gz-09-riego-http,presionLinea,2026-09-24 15:00,2026-09-24 10:00,2026-09-24,0.596333333333333,0.56,0.62,30,17.88999999999999
gz-09-riego-http,presionLinea,2026-09-24 16:00,2026-09-24 11:00,2026-09-24,0.5941379310344825,0.57,0.62,29,17.229999999999993
gz-09-riego-http,presionLinea,2026-09-24 17:00,2026-09-24 12:00,2026-09-24,0.6286666666666668,0.56,0.65,30,18.860000000000003
gz-09-riego-http,presionLinea,2026-09-24 18:00,2026-09-24 13:00,2026-09-24,0.5941379310344826,0.57,0.63,29,17.229999999999997
gz-09-riego-http,presionLinea,2026-09-24 19:00,2026-09-24 14:00,2026-09-24,0.5946666666666666,0.57,0.64,30,17.839999999999996
gz-09-riego-http,presionLinea,2026-09-24 20:00,2026-09-24 15:00,2026-09-24,0.5966666666666666,0.56,0.63,30,17.9
gz-09-riego-http,presionLinea,2026-09-24 21:00,2026-09-24 16:00,2026-09-24,0.5899999999999997,0.55,0.64,30,17.699999999999992
gz-09-riego-http,presionLinea,2026-09-24 22:00,2026-09-24 17:00,2026-09-24,3.4110000000000005,3.19,3.62,30,102.33000000000001
gz-09-riego-http,presionLinea,2026-09-24 23:00,2026-09-24 18:00,2026-09-24,2.0359999999999996,0.55,3.64,30,61.07999999999999
gz-09-riego-http,presionLinea,2026-09-25 00:00,2026-09-24 19:00,2026-09-24,0.6073333333333335,0.55,0.65,30,18.220000000000006
gz-09-riego-http,presionLinea,2026-09-25 01:00,2026-09-24 20:00,2026-09-24,0.6173333333333332,0.56,0.65,30,18.519999999999996
gz-09-riego-http,presionLinea,2026-09-25 02:00,2026-09-24 21:00,2026-09-24,0.6055172413793101,0.57,0.63,29,17.55999999999999
gz-09-riego-http,presionLinea,2026-09-25 03:00,2026-09-24 22:00,2026-09-24,0.6110000000000002,0.55,0.64,30,18.330000000000005
gz-09-riego-http,presionLinea,2026-09-25 04:00,2026-09-24 23:00,2026-09-24,0.5890000000000001,0.55,0.64,30,17.67
gz-09-riego-http,presionLinea,2026-09-25 05:00,2026-09-25 00:00,2026-09-25,0.6016666666666667,0.57,0.64,30,18.05
gz-09-riego-http,presionLinea,2026-09-25 06:00,2026-09-25 01:00,2026-09-25,0.5924137931034482,0.56,0.63,29,17.18
gz-09-riego-http,presionLinea,2026-09-25 07:00,2026-09-25 02:00,2026-09-25,0.5806666666666669,0.56,0.6,30,17.420000000000005
gz-09-riego-http,presionLinea,2026-09-25 08:00,2026-09-25 03:00,2026-09-25,0.593,0.56,0.62,30,17.79
gz-09-riego-http,presionLinea,2026-09-25 09:00,2026-09-25 04:00,2026-09-25,0.5886666666666667,0.56,0.64,30,17.66
gz-09-riego-http,presionLinea,2026-09-25 10:00,2026-09-25 05:00,2026-09-25,1.9979310344827585,0.56,3.62,29,57.94
gz-09-riego-http,presionLinea,2026-09-25 11:00,2026-09-25 06:00,2026-09-25,3.4241935483870964,3.22,3.62,31,106.14999999999999
gz-09-riego-http,presionLinea,2026-09-25 12:00,2026-09-25 07:00,2026-09-25,0.603,0.56,0.64,30,18.09
gz-09-riego-http,presionLinea,2026-09-25 13:00,2026-09-25 08:00,2026-09-25,0.5996666666666667,0.57,0.64,30,17.990000000000002
gz-09-riego-http,presionLinea,2026-09-25 14:00,2026-09-25 09:00,2026-09-25,0.608333333333333,0.56,0.63,30,18.24999999999999
gz-09-riego-http,presionLinea,2026-09-25 15:00,2026-09-25 10:00,2026-09-25,0.6024137931034482,0.55,0.65,29,17.47
gz-09-riego-http,presionLinea,2026-09-25 16:00,2026-09-25 11:00,2026-09-25,0.5949999999999999,0.57,0.62,30,17.849999999999994
gz-09-riego-http,presionLinea,2026-09-25 17:00,2026-09-25 12:00,2026-09-25,0.6129999999999995,0.58,0.65,30,18.389999999999986
gz-09-riego-http,presionLinea,2026-09-25 18:00,2026-09-25 13:00,2026-09-25,0.6056666666666665,0.55,0.65,30,18.169999999999995
gz-09-riego-http,presionLinea,2026-09-25 19:00,2026-09-25 14:00,2026-09-25,0.5873333333333333,0.55,0.62,30,17.619999999999997
gz-09-riego-http,presionLinea,2026-09-25 20:00,2026-09-25 15:00,2026-09-25,0.6263333333333333,0.61,0.65,30,18.79
gz-09-riego-http,presionLinea,2026-09-25 21:00,2026-09-25 16:00,2026-09-25,0.588,0.56,0.63,30,17.64
gz-09-riego-http,presionLinea,2026-09-25 22:00,2026-09-25 17:00,2026-09-25,3.3833333333333333,3.21,3.58,30,101.5
gz-09-riego-http,presionLinea,2026-09-25 23:00,2026-09-25 18:00,2026-09-25,1.953793103448276,0.59,3.6,29,56.660000000000004
gz-09-riego-http,presionLinea,2026-09-26 00:00,2026-09-25 19:00,2026-09-25,0.6043333333333334,0.56,0.64,30,18.130000000000003
gz-09-riego-http,presionLinea,2026-09-26 01:00,2026-09-25 20:00,2026-09-25,0.5906666666666668,0.56,0.64,30,17.720000000000002
gz-09-riego-http,presionLinea,2026-09-26 02:00,2026-09-25 21:00,2026-09-25,0.599310344827586,0.57,0.64,29,17.379999999999995
gz-09-riego-http,presionLinea,2026-09-26 03:00,2026-09-25 22:00,2026-09-25,0.6079999999999998,0.57,0.65,30,18.23999999999999
gz-09-riego-http,presionLinea,2026-09-26 04:00,2026-09-25 23:00,2026-09-25,0.5866666666666668,0.56,0.63,30,17.600000000000005
gz-09-riego-http,presionLinea,2026-09-26 05:00,2026-09-26 00:00,2026-09-26,0.598,0.57,0.63,30,17.939999999999998
gz-09-riego-http,presionLinea,2026-09-26 06:00,2026-09-26 01:00,2026-09-26,0.6006666666666667,0.56,0.63,30,18.02
gz-09-riego-http,presionLinea,2026-09-26 07:00,2026-09-26 02:00,2026-09-26,0.5880000000000002,0.56,0.62,30,17.640000000000004
gz-09-riego-http,presionLinea,2026-09-26 08:00,2026-09-26 03:00,2026-09-26,0.594,0.57,0.64,30,17.82
gz-09-riego-http,presionLinea,2026-09-26 09:00,2026-09-26 04:00,2026-09-26,0.5706666666666667,0.55,0.59,30,17.12
gz-09-riego-http,presionLinea,2026-09-26 10:00,2026-09-26 05:00,2026-09-26,1.9620689655172419,0.55,3.52,29,56.90000000000001
gz-09-riego-http,presionLinea,2026-09-26 11:00,2026-09-26 06:00,2026-09-26,3.336666666666667,3.16,3.57,30,100.10000000000001
gz-09-riego-http,presionLinea,2026-09-26 12:00,2026-09-26 07:00,2026-09-26,0.6143333333333333,0.56,0.64,30,18.43
gz-09-riego-http,presionLinea,2026-09-26 13:00,2026-09-26 08:00,2026-09-26,0.6089655172413793,0.56,0.65,29,17.66
gz-09-riego-http,presionLinea,2026-09-26 14:00,2026-09-26 09:00,2026-09-26,0.5973333333333332,0.57,0.64,30,17.919999999999995
gz-09-riego-http,presionLinea,2026-09-26 15:00,2026-09-26 10:00,2026-09-26,0.5810000000000001,0.55,0.62,30,17.430000000000003
gz-09-riego-http,presionLinea,2026-09-26 16:00,2026-09-26 11:00,2026-09-26,0.6016666666666666,0.55,0.63,30,18.049999999999997
gz-09-riego-http,presionLinea,2026-09-26 17:00,2026-09-26 12:00,2026-09-26,0.6156666666666665,0.56,0.64,30,18.469999999999995
gz-09-riego-http,presionLinea,2026-09-26 18:00,2026-09-26 13:00,2026-09-26,0.6006896551724137,0.57,0.63,29,17.419999999999998
gz-09-riego-http,presionLinea,2026-09-26 19:00,2026-09-26 14:00,2026-09-26,0.599,0.56,0.62,30,17.97
gz-09-riego-http,presionLinea,2026-09-26 20:00,2026-09-26 15:00,2026-09-26,0.6113333333333332,0.57,0.65,30,18.339999999999996
gz-09-riego-http,presionLinea,2026-09-26 21:00,2026-09-26 16:00,2026-09-26,0.6123333333333334,0.57,0.64,30,18.37
gz-09-riego-http,presionLinea,2026-09-26 22:00,2026-09-26 17:00,2026-09-26,3.1933333333333342,0.58,3.64,30,95.80000000000003
gz-09-riego-http,presionLinea,2026-09-26 23:00,2026-09-26 18:00,2026-09-26,2.0086666666666666,0.58,3.57,30,60.26
gz-09-riego-http,presionLinea,2026-09-27 00:00,2026-09-26 19:00,2026-09-26,0.6116666666666667,0.58,0.64,30,18.35
gz-09-riego-http,presionLinea,2026-09-27 01:00,2026-09-26 20:00,2026-09-26,0.6099999999999998,0.56,0.64,29,17.689999999999994
gz-09-riego-http,presionLinea,2026-09-27 02:00,2026-09-26 21:00,2026-09-26,0.5960000000000001,0.55,0.65,30,17.880000000000003
gz-09-riego-http,presionLinea,2026-09-27 03:00,2026-09-26 22:00,2026-09-26,0.606,0.57,0.64,30,18.18
gz-09-riego-http,presionLinea,2026-09-27 04:00,2026-09-26 23:00,2026-09-26,0.605,0.56,0.64,30,18.15
gz-09-riego-http,presionLinea,2026-09-27 05:00,2026-09-27 00:00,2026-09-27,0.6026666666666667,0.56,0.65,30,18.080000000000002
gz-09-riego-http,presionLinea,2026-09-27 06:00,2026-09-27 01:00,2026-09-27,0.5924137931034482,0.56,0.63,29,17.18
gz-09-riego-http,presionLinea,2026-09-27 07:00,2026-09-27 02:00,2026-09-27,0.6083333333333331,0.57,0.65,30,18.249999999999993
gz-09-riego-http,presionLinea,2026-09-27 08:00,2026-09-27 03:00,2026-09-27,0.5937931034482758,0.57,0.62,29,17.22
gz-09-riego-http,presionLinea,2026-09-27 09:00,2026-09-27 04:00,2026-09-27,0.603,0.57,0.64,30,18.09
gz-09-riego-http,presionLinea,2026-09-27 10:00,2026-09-27 05:00,2026-09-27,1.985,0.6,3.56,30,59.550000000000004
gz-09-riego-http,presionLinea,2026-09-27 11:00,2026-09-27 06:00,2026-09-27,3.4276666666666666,3.18,3.57,30,102.83
gz-09-riego-http,presionLinea,2026-09-27 12:00,2026-09-27 07:00,2026-09-27,0.5946666666666667,0.56,0.65,30,17.84
gz-09-riego-http,presionLinea,2026-09-27 13:00,2026-09-27 08:00,2026-09-27,0.5982758620689657,0.56,0.63,29,17.350000000000005
gz-09-riego-http,presionLinea,2026-09-27 14:00,2026-09-27 09:00,2026-09-27,0.6059999999999999,0.56,0.62,30,18.179999999999996
gz-09-riego-http,presionLinea,2026-09-27 15:00,2026-09-27 10:00,2026-09-27,0.6073333333333332,0.59,0.63,30,18.219999999999995
gz-09-riego-http,presionLinea,2026-09-27 16:00,2026-09-27 11:00,2026-09-27,0.5896666666666668,0.56,0.63,30,17.690000000000005
gz-09-riego-http,presionLinea,2026-09-27 17:00,2026-09-27 12:00,2026-09-27,0.6143333333333333,0.56,0.65,30,18.43
gz-09-riego-http,presionLinea,2026-09-27 18:00,2026-09-27 13:00,2026-09-27,0.6039999999999996,0.58,0.62,30,18.11999999999999
gz-09-riego-http,presionLinea,2026-09-27 19:00,2026-09-27 14:00,2026-09-27,0.6075862068965515,0.57,0.63,29,17.619999999999994
gz-09-riego-http,presionLinea,2026-09-27 20:00,2026-09-27 15:00,2026-09-27,0.6066666666666667,0.57,0.65,30,18.2
gz-09-riego-http,presionLinea,2026-09-27 21:00,2026-09-27 16:00,2026-09-27,0.6096666666666668,0.55,0.65,30,18.290000000000003
gz-09-riego-http,presionLinea,2026-09-27 22:00,2026-09-27 17:00,2026-09-27,3.444,3.18,3.61,30,103.32
gz-09-riego-http,presionLinea,2026-09-27 23:00,2026-09-27 18:00,2026-09-27,2.007666666666667,0.58,3.62,30,60.23000000000001
gz-09-riego-http,presionLinea,2026-09-28 00:00,2026-09-27 19:00,2026-09-27,0.6053333333333332,0.57,0.63,30,18.159999999999997
gz-09-riego-http,presionLinea,2026-09-28 01:00,2026-09-27 20:00,2026-09-27,0.6117241379310345,0.56,0.65,29,17.740000000000002
gz-09-riego-http,presionLinea,2026-09-28 02:00,2026-09-27 21:00,2026-09-27,0.5950000000000001,0.55,0.63,30,17.85
gz-09-riego-http,presionLinea,2026-09-28 03:00,2026-09-27 22:00,2026-09-27,0.588,0.55,0.63,30,17.64
gz-09-riego-http,presionLinea,2026-09-28 04:00,2026-09-27 23:00,2026-09-27,0.6020689655172414,0.55,0.64,29,17.46
gz-09-riego-http,presionLinea,2026-09-28 05:00,2026-09-28 00:00,2026-09-28,0.5953333333333333,0.55,0.64,30,17.86
gz-09-riego-http,presionLinea,2026-09-28 06:00,2026-09-28 01:00,2026-09-28,0.593,0.55,0.65,30,17.79
gz-09-riego-http,presionLinea,2026-09-28 07:00,2026-09-28 02:00,2026-09-28,0.6170000000000001,0.58,0.65,30,18.51
gz-09-riego-http,presionLinea,2026-09-28 08:00,2026-09-28 03:00,2026-09-28,0.6024137931034482,0.57,0.65,29,17.47
gz-09-riego-http,presionLinea,2026-09-28 09:00,2026-09-28 04:00,2026-09-28,0.6166666666666667,0.56,0.65,30,18.5
gz-09-riego-http,presionLinea,2026-09-28 10:00,2026-09-28 05:00,2026-09-28,2.017,0.55,3.65,30,60.50999999999999
gz-09-riego-http,presionLinea,2026-09-28 11:00,2026-09-28 06:00,2026-09-28,3.387666666666667,3.19,3.57,30,101.63000000000001
gz-09-riego-http,presionLinea,2026-09-28 12:00,2026-09-28 07:00,2026-09-28,0.5968965517241379,0.56,0.64,29,17.31
gz-09-riego-http,presionLinea,2026-09-28 13:00,2026-09-28 08:00,2026-09-28,0.6203333333333333,0.59,0.64,30,18.61
gz-09-riego-http,presionLinea,2026-09-28 14:00,2026-09-28 09:00,2026-09-28,0.6048275862068965,0.56,0.63,29,17.54
gz-09-riego-http,presionLinea,2026-09-28 15:00,2026-09-28 10:00,2026-09-28,0.5936666666666667,0.56,0.64,30,17.81
gz-09-riego-http,presionLinea,2026-09-28 16:00,2026-09-28 11:00,2026-09-28,0.6149999999999999,0.57,0.64,30,18.449999999999996
gz-09-riego-http,presionLinea,2026-09-28 17:00,2026-09-28 12:00,2026-09-28,0.5958620689655173,0.57,0.62,29,17.28
gz-09-riego-http,presionLinea,2026-09-28 18:00,2026-09-28 13:00,2026-09-28,0.5963333333333334,0.56,0.62,30,17.89
gz-09-riego-http,presionLinea,2026-09-28 19:00,2026-09-28 14:00,2026-09-28,0.6046666666666666,0.55,0.65,30,18.139999999999997
gz-09-riego-http,presionLinea,2026-09-28 20:00,2026-09-28 15:00,2026-09-28,0.5973333333333334,0.55,0.64,30,17.92
gz-09-riego-http,presionLinea,2026-09-28 21:00,2026-09-28 16:00,2026-09-28,0.5982758620689655,0.56,0.65,29,17.35
gz-09-riego-http,presionLinea,2026-09-28 22:00,2026-09-28 17:00,2026-09-28,3.359333333333333,3.19,3.59,30,100.77999999999999
gz-09-riego-http,presionLinea,2026-09-28 23:00,2026-09-28 18:00,2026-09-28,2.0243333333333333,0.56,3.56,30,60.730000000000004
gz-09-riego-http,presionLinea,2026-09-29 00:00,2026-09-28 19:00,2026-09-28,0.5910526315789474,0.55,0.62,19,11.23
gz-09-riego-http,volumenAcumulado,2026-09-22 03:00,2026-09-21 22:00,2026-09-21,0,0,0,20,0
gz-09-riego-http,volumenAcumulado,2026-09-22 04:00,2026-09-21 23:00,2026-09-21,0,0,0,30,0
gz-09-riego-http,volumenAcumulado,2026-09-22 05:00,2026-09-22 00:00,2026-09-22,0,0,0,30,0
gz-09-riego-http,volumenAcumulado,2026-09-22 06:00,2026-09-22 01:00,2026-09-22,0,0,0,30,0
gz-09-riego-http,volumenAcumulado,2026-09-22 07:00,2026-09-22 02:00,2026-09-22,0,0,0,30,0
gz-09-riego-http,volumenAcumulado,2026-09-22 08:00,2026-09-22 03:00,2026-09-22,0,0,0,29,0
gz-09-riego-http,volumenAcumulado,2026-09-22 09:00,2026-09-22 04:00,2026-09-22,0,0,0,30,0
gz-09-riego-http,volumenAcumulado,2026-09-22 10:00,2026-09-22 05:00,2026-09-22,0.9510333333333332,0,3.525,30,28.530999999999995
gz-09-riego-http,volumenAcumulado,2026-09-22 11:00,2026-09-22 06:00,2026-09-22,7.2506206896551735,3.763,10.67,29,210.26800000000003
gz-09-riego-http,volumenAcumulado,2026-09-22 12:00,2026-09-22 07:00,2026-09-22,10.669999999999998,10.67,10.67,30,320.09999999999997
gz-09-riego-http,volumenAcumulado,2026-09-22 13:00,2026-09-22 08:00,2026-09-22,10.669999999999998,10.67,10.67,30,320.09999999999997
gz-09-riego-http,volumenAcumulado,2026-09-22 14:00,2026-09-22 09:00,2026-09-22,10.669999999999998,10.67,10.67,30,320.09999999999997
gz-09-riego-http,volumenAcumulado,2026-09-22 15:00,2026-09-22 10:00,2026-09-22,10.669999999999998,10.67,10.67,29,309.42999999999995
gz-09-riego-http,volumenAcumulado,2026-09-22 16:00,2026-09-22 11:00,2026-09-22,10.669999999999998,10.67,10.67,30,320.09999999999997
gz-09-riego-http,volumenAcumulado,2026-09-22 17:00,2026-09-22 12:00,2026-09-22,10.669999999999998,10.67,10.67,30,320.09999999999997
gz-09-riego-http,volumenAcumulado,2026-09-22 18:00,2026-09-22 13:00,2026-09-22,10.669999999999998,10.67,10.67,30,320.09999999999997
gz-09-riego-http,volumenAcumulado,2026-09-22 19:00,2026-09-22 14:00,2026-09-22,10.669999999999998,10.67,10.67,29,309.42999999999995
gz-09-riego-http,volumenAcumulado,2026-09-22 20:00,2026-09-22 15:00,2026-09-22,10.669999999999998,10.67,10.67,30,320.09999999999997
gz-09-riego-http,volumenAcumulado,2026-09-22 21:00,2026-09-22 16:00,2026-09-22,10.669999999999998,10.67,10.67,30,320.09999999999997
gz-09-riego-http,volumenAcumulado,2026-09-22 22:00,2026-09-22 17:00,2026-09-22,14.422600000000001,10.911,17.865,30,432.67800000000005
gz-09-riego-http,volumenAcumulado,2026-09-22 23:00,2026-09-22 18:00,2026-09-22,20.7862,18.099,21.728,30,623.586
gz-09-riego-http,volumenAcumulado,2026-09-23 00:00,2026-09-22 19:00,2026-09-22,21.727999999999994,21.728,21.728,29,630.1119999999999
gz-09-riego-http,volumenAcumulado,2026-09-23 01:00,2026-09-22 20:00,2026-09-22,21.727999999999994,21.728,21.728,30,651.8399999999998
gz-09-riego-http,volumenAcumulado,2026-09-23 02:00,2026-09-22 21:00,2026-09-22,21.728000000000005,21.728,21.728,30,651.8400000000001
gz-09-riego-http,volumenAcumulado,2026-09-23 03:00,2026-09-22 22:00,2026-09-22,21.727999999999994,21.728,21.728,30,651.8399999999998
gz-09-riego-http,volumenAcumulado,2026-09-23 04:00,2026-09-22 23:00,2026-09-22,21.727999999999994,21.728,21.728,30,651.8399999999998
gz-09-riego-http,volumenAcumulado,2026-09-23 05:00,2026-09-23 00:00,2026-09-23,0,0,0,29,0
gz-09-riego-http,volumenAcumulado,2026-09-23 06:00,2026-09-23 01:00,2026-09-23,0,0,0,30,0
gz-09-riego-http,volumenAcumulado,2026-09-23 07:00,2026-09-23 02:00,2026-09-23,0,0,0,30,0
gz-09-riego-http,volumenAcumulado,2026-09-23 08:00,2026-09-23 03:00,2026-09-23,0,0,0,30,0
gz-09-riego-http,volumenAcumulado,2026-09-23 09:00,2026-09-23 04:00,2026-09-23,0,0,0,29,0
gz-09-riego-http,volumenAcumulado,2026-09-23 10:00,2026-09-23 05:00,2026-09-23,0.9713333333333335,0,3.801,30,29.140000000000004
gz-09-riego-http,volumenAcumulado,2026-09-23 11:00,2026-09-23 06:00,2026-09-23,7.4382666666666655,4.028,10.884,30,223.14799999999997
gz-09-riego-http,volumenAcumulado,2026-09-23 12:00,2026-09-23 07:00,2026-09-23,10.88400000000001,10.884,10.884,29,315.63600000000025
gz-09-riego-http,volumenAcumulado,2026-09-23 13:00,2026-09-23 08:00,2026-09-23,10.88400000000001,10.884,10.884,30,326.52000000000027
gz-09-riego-http,volumenAcumulado,2026-09-23 14:00,2026-09-23 09:00,2026-09-23,10.88400000000001,10.884,10.884,30,326.52000000000027
gz-09-riego-http,volumenAcumulado,2026-09-23 15:00,2026-09-23 10:00,2026-09-23,10.88400000000001,10.884,10.884,30,326.52000000000027
gz-09-riego-http,volumenAcumulado,2026-09-23 16:00,2026-09-23 11:00,2026-09-23,10.88400000000001,10.884,10.884,30,326.52000000000027
gz-09-riego-http,volumenAcumulado,2026-09-23 17:00,2026-09-23 12:00,2026-09-23,10.88400000000001,10.884,10.884,30,326.52000000000027
gz-09-riego-http,volumenAcumulado,2026-09-23 18:00,2026-09-23 13:00,2026-09-23,10.88400000000001,10.884,10.884,30,326.52000000000027
gz-09-riego-http,volumenAcumulado,2026-09-23 19:00,2026-09-23 14:00,2026-09-23,10.88400000000001,10.884,10.884,29,315.63600000000025
gz-09-riego-http,volumenAcumulado,2026-09-23 20:00,2026-09-23 15:00,2026-09-23,10.88400000000001,10.884,10.884,30,326.52000000000027
gz-09-riego-http,volumenAcumulado,2026-09-23 21:00,2026-09-23 16:00,2026-09-23,10.88400000000001,10.884,10.884,30,326.52000000000027
gz-09-riego-http,volumenAcumulado,2026-09-23 22:00,2026-09-23 17:00,2026-09-23,14.964103448275862,11.132,18.561,29,433.959
gz-09-riego-http,volumenAcumulado,2026-09-23 23:00,2026-09-23 18:00,2026-09-23,21.236033333333328,18.793,22.046,30,637.0809999999998
gz-09-riego-http,volumenAcumulado,2026-09-24 00:00,2026-09-23 19:00,2026-09-23,22.046000000000006,22.046,22.046,30,661.3800000000002
gz-09-riego-http,volumenAcumulado,2026-09-24 01:00,2026-09-23 20:00,2026-09-23,22.046000000000006,22.046,22.046,30,661.3800000000002
gz-09-riego-http,volumenAcumulado,2026-09-24 02:00,2026-09-23 21:00,2026-09-23,22.045999999999996,22.046,22.046,30,661.3799999999999
gz-09-riego-http,volumenAcumulado,2026-09-24 03:00,2026-09-23 22:00,2026-09-23,22.046000000000006,22.046,22.046,30,661.3800000000002
gz-09-riego-http,volumenAcumulado,2026-09-24 04:00,2026-09-23 23:00,2026-09-23,22.046000000000006,22.046,22.046,30,661.3800000000002
gz-09-riego-http,volumenAcumulado,2026-09-24 05:00,2026-09-24 00:00,2026-09-24,0,0,0,30,0
gz-09-riego-http,volumenAcumulado,2026-09-24 06:00,2026-09-24 01:00,2026-09-24,0,0,0,29,0
gz-09-riego-http,volumenAcumulado,2026-09-24 07:00,2026-09-24 02:00,2026-09-24,0,0,0,30,0
gz-09-riego-http,volumenAcumulado,2026-09-24 08:00,2026-09-24 03:00,2026-09-24,0,0,0,30,0
gz-09-riego-http,volumenAcumulado,2026-09-24 09:00,2026-09-24 04:00,2026-09-24,0,0,0,30,0
gz-09-riego-http,volumenAcumulado,2026-09-24 10:00,2026-09-24 05:00,2026-09-24,0.9402000000000003,0,3.531,30,28.206000000000007
gz-09-riego-http,volumenAcumulado,2026-09-24 11:00,2026-09-24 06:00,2026-09-24,7.416344827586209,3.756,11.005,29,215.07400000000007
gz-09-riego-http,volumenAcumulado,2026-09-24 12:00,2026-09-24 07:00,2026-09-24,11.004999999999997,11.005,11.005,30,330.1499999999999
gz-09-riego-http,volumenAcumulado,2026-09-24 13:00,2026-09-24 08:00,2026-09-24,11.004999999999997,11.005,11.005,30,330.1499999999999
gz-09-riego-http,volumenAcumulado,2026-09-24 14:00,2026-09-24 09:00,2026-09-24,11.004999999999997,11.005,11.005,30,330.1499999999999
gz-09-riego-http,volumenAcumulado,2026-09-24 15:00,2026-09-24 10:00,2026-09-24,11.004999999999997,11.005,11.005,30,330.1499999999999
gz-09-riego-http,volumenAcumulado,2026-09-24 16:00,2026-09-24 11:00,2026-09-24,11.004999999999997,11.005,11.005,29,319.1449999999999
gz-09-riego-http,volumenAcumulado,2026-09-24 17:00,2026-09-24 12:00,2026-09-24,11.004999999999997,11.005,11.005,30,330.1499999999999
gz-09-riego-http,volumenAcumulado,2026-09-24 18:00,2026-09-24 13:00,2026-09-24,11.004999999999997,11.005,11.005,29,319.1449999999999
gz-09-riego-http,volumenAcumulado,2026-09-24 19:00,2026-09-24 14:00,2026-09-24,11.004999999999997,11.005,11.005,30,330.1499999999999
gz-09-riego-http,volumenAcumulado,2026-09-24 20:00,2026-09-24 15:00,2026-09-24,11.004999999999997,11.005,11.005,30,330.1499999999999
gz-09-riego-http,volumenAcumulado,2026-09-24 21:00,2026-09-24 16:00,2026-09-24,11.004999999999997,11.005,11.005,30,330.1499999999999
gz-09-riego-http,volumenAcumulado,2026-09-24 22:00,2026-09-24 17:00,2026-09-24,14.709566666666664,11.232,18.165,30,441.2869999999999
gz-09-riego-http,volumenAcumulado,2026-09-24 23:00,2026-09-24 18:00,2026-09-24,20.9318,18.408,21.774,30,627.954
gz-09-riego-http,volumenAcumulado,2026-09-25 00:00,2026-09-24 19:00,2026-09-24,21.774,21.774,21.774,30,653.22
gz-09-riego-http,volumenAcumulado,2026-09-25 01:00,2026-09-24 20:00,2026-09-24,21.774,21.774,21.774,30,653.22
gz-09-riego-http,volumenAcumulado,2026-09-25 02:00,2026-09-24 21:00,2026-09-24,21.774,21.774,21.774,29,631.446
gz-09-riego-http,volumenAcumulado,2026-09-25 03:00,2026-09-24 22:00,2026-09-24,21.774,21.774,21.774,30,653.22
gz-09-riego-http,volumenAcumulado,2026-09-25 04:00,2026-09-24 23:00,2026-09-24,21.774,21.774,21.774,30,653.22
gz-09-riego-http,volumenAcumulado,2026-09-25 05:00,2026-09-25 00:00,2026-09-25,0,0,0,30,0
gz-09-riego-http,volumenAcumulado,2026-09-25 06:00,2026-09-25 01:00,2026-09-25,0,0,0,29,0
gz-09-riego-http,volumenAcumulado,2026-09-25 07:00,2026-09-25 02:00,2026-09-25,0,0,0,30,0
gz-09-riego-http,volumenAcumulado,2026-09-25 08:00,2026-09-25 03:00,2026-09-25,0,0,0,30,0
gz-09-riego-http,volumenAcumulado,2026-09-25 09:00,2026-09-25 04:00,2026-09-25,0,0,0,30,0
gz-09-riego-http,volumenAcumulado,2026-09-25 10:00,2026-09-25 05:00,2026-09-25,0.8716206896551724,0,3.37,29,25.276999999999997
gz-09-riego-http,volumenAcumulado,2026-09-25 11:00,2026-09-25 06:00,2026-09-25,3.742677419354838,0.244,6.994,31,116.02299999999998
gz-09-riego-http,volumenAcumulado,2026-09-25 12:00,2026-09-25 07:00,2026-09-25,6.994,6.994,6.994,30,209.82
gz-09-riego-http,volumenAcumulado,2026-09-25 13:00,2026-09-25 08:00,2026-09-25,6.994,6.994,6.994,30,209.82
gz-09-riego-http,volumenAcumulado,2026-09-25 14:00,2026-09-25 09:00,2026-09-25,6.994,6.994,6.994,30,209.82
gz-09-riego-http,volumenAcumulado,2026-09-25 15:00,2026-09-25 10:00,2026-09-25,6.994,6.994,6.994,29,202.826
gz-09-riego-http,volumenAcumulado,2026-09-25 16:00,2026-09-25 11:00,2026-09-25,6.994,6.994,6.994,30,209.82
gz-09-riego-http,volumenAcumulado,2026-09-25 17:00,2026-09-25 12:00,2026-09-25,6.994,6.994,6.994,30,209.82
gz-09-riego-http,volumenAcumulado,2026-09-25 18:00,2026-09-25 13:00,2026-09-25,6.994,6.994,6.994,30,209.82
gz-09-riego-http,volumenAcumulado,2026-09-25 19:00,2026-09-25 14:00,2026-09-25,6.994,6.994,6.994,30,209.82
gz-09-riego-http,volumenAcumulado,2026-09-25 20:00,2026-09-25 15:00,2026-09-25,6.994,6.994,6.994,30,209.82
gz-09-riego-http,volumenAcumulado,2026-09-25 21:00,2026-09-25 16:00,2026-09-25,6.994,6.994,6.994,30,209.82
gz-09-riego-http,volumenAcumulado,2026-09-25 22:00,2026-09-25 17:00,2026-09-25,10.701033333333335,7.222,14.057,30,321.03100000000006
gz-09-riego-http,volumenAcumulado,2026-09-25 23:00,2026-09-25 18:00,2026-09-25,16.820931034482758,14.28,17.591,29,487.807
gz-09-riego-http,volumenAcumulado,2026-09-26 00:00,2026-09-25 19:00,2026-09-25,17.591000000000005,17.591,17.591,30,527.7300000000001
gz-09-riego-http,volumenAcumulado,2026-09-26 01:00,2026-09-25 20:00,2026-09-25,17.591000000000005,17.591,17.591,30,527.7300000000001
gz-09-riego-http,volumenAcumulado,2026-09-26 02:00,2026-09-25 21:00,2026-09-25,17.591000000000005,17.591,17.591,29,510.1390000000001
gz-09-riego-http,volumenAcumulado,2026-09-26 03:00,2026-09-25 22:00,2026-09-25,17.591000000000005,17.591,17.591,30,527.7300000000001
gz-09-riego-http,volumenAcumulado,2026-09-26 04:00,2026-09-25 23:00,2026-09-25,17.591000000000005,17.591,17.591,30,527.7300000000001
gz-09-riego-http,volumenAcumulado,2026-09-26 05:00,2026-09-26 00:00,2026-09-26,0,0,0,30,0
gz-09-riego-http,volumenAcumulado,2026-09-26 06:00,2026-09-26 01:00,2026-09-26,0,0,0,30,0
gz-09-riego-http,volumenAcumulado,2026-09-26 07:00,2026-09-26 02:00,2026-09-26,0,0,0,30,0
gz-09-riego-http,volumenAcumulado,2026-09-26 08:00,2026-09-26 03:00,2026-09-26,0,0,0,30,0
gz-09-riego-http,volumenAcumulado,2026-09-26 09:00,2026-09-26 04:00,2026-09-26,0,0,0,30,0
gz-09-riego-http,volumenAcumulado,2026-09-26 10:00,2026-09-26 05:00,2026-09-26,0.9382413793103449,0,3.658,29,27.209000000000003
gz-09-riego-http,volumenAcumulado,2026-09-26 11:00,2026-09-26 06:00,2026-09-26,7.632700000000002,3.905,11.379,30,228.98100000000005
gz-09-riego-http,volumenAcumulado,2026-09-26 12:00,2026-09-26 07:00,2026-09-26,11.379000000000001,11.379,11.379,30,341.37000000000006
gz-09-riego-http,volumenAcumulado,2026-09-26 13:00,2026-09-26 08:00,2026-09-26,11.379000000000001,11.379,11.379,29,329.99100000000004
gz-09-riego-http,volumenAcumulado,2026-09-26 14:00,2026-09-26 09:00,2026-09-26,11.379000000000001,11.379,11.379,30,341.37000000000006
gz-09-riego-http,volumenAcumulado,2026-09-26 15:00,2026-09-26 10:00,2026-09-26,11.379000000000001,11.379,11.379,30,341.37000000000006
gz-09-riego-http,volumenAcumulado,2026-09-26 16:00,2026-09-26 11:00,2026-09-26,11.379000000000001,11.379,11.379,30,341.37000000000006
gz-09-riego-http,volumenAcumulado,2026-09-26 17:00,2026-09-26 12:00,2026-09-26,11.379000000000001,11.379,11.379,30,341.37000000000006
gz-09-riego-http,volumenAcumulado,2026-09-26 18:00,2026-09-26 13:00,2026-09-26,11.379000000000001,11.379,11.379,29,329.99100000000004
gz-09-riego-http,volumenAcumulado,2026-09-26 19:00,2026-09-26 14:00,2026-09-26,11.379000000000001,11.379,11.379,30,341.37000000000006
gz-09-riego-http,volumenAcumulado,2026-09-26 20:00,2026-09-26 15:00,2026-09-26,11.379000000000001,11.379,11.379,30,341.37000000000006
gz-09-riego-http,volumenAcumulado,2026-09-26 21:00,2026-09-26 16:00,2026-09-26,11.379000000000001,11.379,11.379,30,341.37000000000006
gz-09-riego-http,volumenAcumulado,2026-09-26 22:00,2026-09-26 17:00,2026-09-26,14.441699999999999,11.379,17.994,30,433.251
gz-09-riego-http,volumenAcumulado,2026-09-26 23:00,2026-09-26 18:00,2026-09-26,20.6493,18.227,21.461,30,619.479
gz-09-riego-http,volumenAcumulado,2026-09-27 00:00,2026-09-26 19:00,2026-09-26,21.46100000000001,21.461,21.461,30,643.8300000000003
gz-09-riego-http,volumenAcumulado,2026-09-27 01:00,2026-09-26 20:00,2026-09-26,21.46100000000001,21.461,21.461,29,622.3690000000003
gz-09-riego-http,volumenAcumulado,2026-09-27 02:00,2026-09-26 21:00,2026-09-26,21.461000000000006,21.461,21.461,30,643.8300000000002
gz-09-riego-http,volumenAcumulado,2026-09-27 03:00,2026-09-26 22:00,2026-09-26,21.46100000000001,21.461,21.461,30,643.8300000000003
gz-09-riego-http,volumenAcumulado,2026-09-27 04:00,2026-09-26 23:00,2026-09-26,21.46100000000001,21.461,21.461,30,643.8300000000003
gz-09-riego-http,volumenAcumulado,2026-09-27 05:00,2026-09-27 00:00,2026-09-27,0,0,0,30,0
gz-09-riego-http,volumenAcumulado,2026-09-27 06:00,2026-09-27 01:00,2026-09-27,0,0,0,29,0
gz-09-riego-http,volumenAcumulado,2026-09-27 07:00,2026-09-27 02:00,2026-09-27,0,0,0,30,0
gz-09-riego-http,volumenAcumulado,2026-09-27 08:00,2026-09-27 03:00,2026-09-27,0,0,0,29,0
gz-09-riego-http,volumenAcumulado,2026-09-27 09:00,2026-09-27 04:00,2026-09-27,0,0,0,30,0
gz-09-riego-http,volumenAcumulado,2026-09-27 10:00,2026-09-27 05:00,2026-09-27,1.0006666666666668,0,3.792,30,30.020000000000003
gz-09-riego-http,volumenAcumulado,2026-09-27 11:00,2026-09-27 06:00,2026-09-27,7.513233333333334,4.028,11.082,30,225.39700000000002
gz-09-riego-http,volumenAcumulado,2026-09-27 12:00,2026-09-27 07:00,2026-09-27,11.081999999999995,11.082,11.082,30,332.45999999999987
gz-09-riego-http,volumenAcumulado,2026-09-27 13:00,2026-09-27 08:00,2026-09-27,11.081999999999995,11.082,11.082,29,321.3779999999999
gz-09-riego-http,volumenAcumulado,2026-09-27 14:00,2026-09-27 09:00,2026-09-27,11.081999999999995,11.082,11.082,30,332.45999999999987
gz-09-riego-http,volumenAcumulado,2026-09-27 15:00,2026-09-27 10:00,2026-09-27,11.081999999999995,11.082,11.082,30,332.45999999999987
gz-09-riego-http,volumenAcumulado,2026-09-27 16:00,2026-09-27 11:00,2026-09-27,11.081999999999995,11.082,11.082,30,332.45999999999987
gz-09-riego-http,volumenAcumulado,2026-09-27 17:00,2026-09-27 12:00,2026-09-27,11.081999999999995,11.082,11.082,30,332.45999999999987
gz-09-riego-http,volumenAcumulado,2026-09-27 18:00,2026-09-27 13:00,2026-09-27,11.081999999999995,11.082,11.082,30,332.45999999999987
gz-09-riego-http,volumenAcumulado,2026-09-27 19:00,2026-09-27 14:00,2026-09-27,11.081999999999995,11.082,11.082,29,321.3779999999999
gz-09-riego-http,volumenAcumulado,2026-09-27 20:00,2026-09-27 15:00,2026-09-27,11.081999999999995,11.082,11.082,30,332.45999999999987
gz-09-riego-http,volumenAcumulado,2026-09-27 21:00,2026-09-27 16:00,2026-09-27,11.081999999999995,11.082,11.082,30,332.45999999999987
gz-09-riego-http,volumenAcumulado,2026-09-27 22:00,2026-09-27 17:00,2026-09-27,14.882066666666665,11.308,18.354,30,446.46199999999993
gz-09-riego-http,volumenAcumulado,2026-09-27 23:00,2026-09-27 18:00,2026-09-27,21.106966666666665,18.596,21.942,30,633.209
gz-09-riego-http,volumenAcumulado,2026-09-28 00:00,2026-09-27 19:00,2026-09-27,21.942000000000004,21.942,21.942,30,658.2600000000001
gz-09-riego-http,volumenAcumulado,2026-09-28 01:00,2026-09-27 20:00,2026-09-27,21.942000000000004,21.942,21.942,29,636.3180000000001
gz-09-riego-http,volumenAcumulado,2026-09-28 02:00,2026-09-27 21:00,2026-09-27,21.942,21.942,21.942,30,658.26
gz-09-riego-http,volumenAcumulado,2026-09-28 03:00,2026-09-27 22:00,2026-09-27,21.942,21.942,21.942,30,658.26
gz-09-riego-http,volumenAcumulado,2026-09-28 04:00,2026-09-27 23:00,2026-09-27,21.942,21.942,21.942,29,636.318
gz-09-riego-http,volumenAcumulado,2026-09-28 05:00,2026-09-28 00:00,2026-09-28,0,0,0,30,0
gz-09-riego-http,volumenAcumulado,2026-09-28 06:00,2026-09-28 01:00,2026-09-28,0,0,0,30,0
gz-09-riego-http,volumenAcumulado,2026-09-28 07:00,2026-09-28 02:00,2026-09-28,0,0,0,30,0
gz-09-riego-http,volumenAcumulado,2026-09-28 08:00,2026-09-28 03:00,2026-09-28,0,0,0,29,0
gz-09-riego-http,volumenAcumulado,2026-09-28 09:00,2026-09-28 04:00,2026-09-28,0,0,0,30,0
gz-09-riego-http,volumenAcumulado,2026-09-28 10:00,2026-09-28 05:00,2026-09-28,0.9534666666666667,0,3.602,30,28.604
gz-09-riego-http,volumenAcumulado,2026-09-28 11:00,2026-09-28 06:00,2026-09-28,7.750533333333332,3.852,11.334,30,232.51599999999996
gz-09-riego-http,volumenAcumulado,2026-09-28 12:00,2026-09-28 07:00,2026-09-28,11.334,11.334,11.334,29,328.686
gz-09-riego-http,volumenAcumulado,2026-09-28 13:00,2026-09-28 08:00,2026-09-28,11.334,11.334,11.334,30,340.02
gz-09-riego-http,volumenAcumulado,2026-09-28 14:00,2026-09-28 09:00,2026-09-28,11.334,11.334,11.334,29,328.686
gz-09-riego-http,volumenAcumulado,2026-09-28 15:00,2026-09-28 10:00,2026-09-28,11.334,11.334,11.334,30,340.02
gz-09-riego-http,volumenAcumulado,2026-09-28 16:00,2026-09-28 11:00,2026-09-28,11.334000000000001,11.334,11.334,30,340.02000000000004
gz-09-riego-http,volumenAcumulado,2026-09-28 17:00,2026-09-28 12:00,2026-09-28,11.334,11.334,11.334,29,328.686
gz-09-riego-http,volumenAcumulado,2026-09-28 18:00,2026-09-28 13:00,2026-09-28,11.334,11.334,11.334,30,340.02
gz-09-riego-http,volumenAcumulado,2026-09-28 19:00,2026-09-28 14:00,2026-09-28,11.334000000000001,11.334,11.334,30,340.02000000000004
gz-09-riego-http,volumenAcumulado,2026-09-28 20:00,2026-09-28 15:00,2026-09-28,11.334,11.334,11.334,30,340.02
gz-09-riego-http,volumenAcumulado,2026-09-28 21:00,2026-09-28 16:00,2026-09-28,11.334,11.334,11.334,29,328.686
gz-09-riego-http,volumenAcumulado,2026-09-28 22:00,2026-09-28 17:00,2026-09-28,15.392966666666666,11.577,18.91,30,461.789
gz-09-riego-http,volumenAcumulado,2026-09-28 23:00,2026-09-28 18:00,2026-09-28,21.577966666666665,19.134,22.404,30,647.3389999999999
gz-09-riego-http,volumenAcumulado,2026-09-29 00:00,2026-09-28 19:00,2026-09-28,22.404,22.404,22.404,19,425.676
gz-09-riego-http,volumenTanque,2026-09-22 03:00,2026-09-21 22:00,2026-09-21,39.185500000000005,38.3,39.76,20,783.71
gz-09-riego-http,volumenTanque,2026-09-22 04:00,2026-09-21 23:00,2026-09-21,38.422666666666665,38.3,38.48,30,1152.6799999999998
gz-09-riego-http,volumenTanque,2026-09-22 05:00,2026-09-22 00:00,2026-09-22,39.055666666666674,38.44,39.32,30,1171.6700000000003
gz-09-riego-http,volumenTanque,2026-09-22 06:00,2026-09-22 01:00,2026-09-22,38.996666666666655,38.89,39.09,30,1169.8999999999996
gz-09-riego-http,volumenTanque,2026-09-22 07:00,2026-09-22 02:00,2026-09-22,37.998000000000005,36.48,39.01,30,1139.94
gz-09-riego-http,volumenTanque,2026-09-22 08:00,2026-09-22 03:00,2026-09-22,36.384482758620685,36.23,36.5,29,1055.1499999999999
gz-09-riego-http,volumenTanque,2026-09-22 09:00,2026-09-22 04:00,2026-09-22,34.604000000000006,33.48,36.18,30,1038.1200000000001
gz-09-riego-http,volumenTanque,2026-09-22 10:00,2026-09-22 05:00,2026-09-22,33.179,32.77,33.64,30,995.37
gz-09-riego-http,volumenTanque,2026-09-22 11:00,2026-09-22 06:00,2026-09-22,31.639655172413793,30.83,33.53,29,917.55
gz-09-riego-http,volumenTanque,2026-09-22 12:00,2026-09-22 07:00,2026-09-22,30.55933333333334,29.72,30.95,30,916.7800000000002
gz-09-riego-http,volumenTanque,2026-09-22 13:00,2026-09-22 08:00,2026-09-22,28.69599999999999,27.55,29.67,30,860.8799999999998
gz-09-riego-http,volumenTanque,2026-09-22 14:00,2026-09-22 09:00,2026-09-22,27.493666666666666,26.92,27.84,30,824.81
gz-09-riego-http,volumenTanque,2026-09-22 15:00,2026-09-22 10:00,2026-09-22,26.39103448275862,25.45,26.9,29,765.34
gz-09-riego-http,volumenTanque,2026-09-22 16:00,2026-09-22 11:00,2026-09-22,25.676333333333325,25.37,26.58,30,770.2899999999997
gz-09-riego-http,volumenTanque,2026-09-22 17:00,2026-09-22 12:00,2026-09-22,26.391000000000002,25.99,27.02,30,791.73
gz-09-riego-http,volumenTanque,2026-09-22 18:00,2026-09-22 13:00,2026-09-22,26.702000000000005,26,27.75,30,801.0600000000002
gz-09-riego-http,volumenTanque,2026-09-22 19:00,2026-09-22 14:00,2026-09-22,27.562758620689653,26.99,27.8,29,799.3199999999999
gz-09-riego-http,volumenTanque,2026-09-22 20:00,2026-09-22 15:00,2026-09-22,28.533333333333335,27.01,30,30,856
gz-09-riego-http,volumenTanque,2026-09-22 21:00,2026-09-22 16:00,2026-09-22,30.622999999999998,30.06,31.31,30,918.6899999999999
gz-09-riego-http,volumenTanque,2026-09-22 22:00,2026-09-22 17:00,2026-09-22,31.927000000000003,31.37,32.22,30,957.8100000000001
gz-09-riego-http,volumenTanque,2026-09-22 23:00,2026-09-22 18:00,2026-09-22,33.12766666666666,32.13,34.54,30,993.8299999999999
gz-09-riego-http,volumenTanque,2026-09-23 00:00,2026-09-22 19:00,2026-09-22,35.62137931034483,34.6,36.12,29,1033.02
gz-09-riego-http,volumenTanque,2026-09-23 01:00,2026-09-22 20:00,2026-09-22,36.82266666666668,35.76,38.06,30,1104.6800000000003
gz-09-riego-http,volumenTanque,2026-09-23 02:00,2026-09-22 21:00,2026-09-22,37.980000000000004,37.5,38.74,30,1139.4
gz-09-riego-http,volumenTanque,2026-09-23 03:00,2026-09-22 22:00,2026-09-22,38.85933333333333,38.72,38.98,30,1165.78
gz-09-riego-http,volumenTanque,2026-09-23 04:00,2026-09-22 23:00,2026-09-22,39.23066666666667,38.74,39.52,30,1176.92
gz-09-riego-http,volumenTanque,2026-09-23 05:00,2026-09-23 00:00,2026-09-23,39.16758620689655,38.92,39.52,29,1135.86
gz-09-riego-http,volumenTanque,2026-09-23 06:00,2026-09-23 01:00,2026-09-23,38.73766666666667,38.49,38.91,30,1162.13
gz-09-riego-http,volumenTanque,2026-09-23 07:00,2026-09-23 02:00,2026-09-23,37.841666666666676,36.66,38.46,30,1135.2500000000002
gz-09-riego-http,volumenTanque,2026-09-23 08:00,2026-09-23 03:00,2026-09-23,36.325333333333326,35.96,36.68,30,1089.7599999999998
gz-09-riego-http,volumenTanque,2026-09-23 09:00,2026-09-23 04:00,2026-09-23,35.50241379310346,35.01,36.59,29,1029.5700000000002
gz-09-riego-http,volumenTanque,2026-09-23 10:00,2026-09-23 05:00,2026-09-23,33.54733333333334,32.81,35.23,30,1006.4200000000002
gz-09-riego-http,volumenTanque,2026-09-23 11:00,2026-09-23 06:00,2026-09-23,32.468,31.49,33.11,30,974.0400000000001
gz-09-riego-http,volumenTanque,2026-09-23 12:00,2026-09-23 07:00,2026-09-23,30.08137931034483,29.39,31.43,29,872.36
gz-09-riego-http,volumenTanque,2026-09-23 13:00,2026-09-23 08:00,2026-09-23,28.417666666666666,27.72,29.95,30,852.53
gz-09-riego-http,volumenTanque,2026-09-23 14:00,2026-09-23 09:00,2026-09-23,27.675,26.86,28.1,30,830.25
gz-09-riego-http,volumenTanque,2026-09-23 15:00,2026-09-23 10:00,2026-09-23,26.055999999999997,25.74,26.83,30,781.68
gz-09-riego-http,volumenTanque,2026-09-23 16:00,2026-09-23 11:00,2026-09-23,25.80366666666667,25.35,26.66,30,774.11
gz-09-riego-http,volumenTanque,2026-09-23 17:00,2026-09-23 12:00,2026-09-23,26.444999999999997,26.14,26.66,30,793.3499999999999
gz-09-riego-http,volumenTanque,2026-09-23 18:00,2026-09-23 13:00,2026-09-23,29.212999999999997,26.16,32.82,30,876.3899999999999
gz-09-riego-http,volumenTanque,2026-09-23 19:00,2026-09-23 14:00,2026-09-23,34.37551724137932,33.01,34.88,29,996.8900000000002
gz-09-riego-http,volumenTanque,2026-09-23 20:00,2026-09-23 15:00,2026-09-23,30.752666666666663,29.13,33.79,30,922.5799999999999
gz-09-riego-http,volumenTanque,2026-09-23 21:00,2026-09-23 16:00,2026-09-23,30.187,29.66,30.89,30,905.61
gz-09-riego-http,volumenTanque,2026-09-23 22:00,2026-09-23 17:00,2026-09-23,31.766551724137933,30.95,32.23,29,921.23
gz-09-riego-http,volumenTanque,2026-09-23 23:00,2026-09-23 18:00,2026-09-23,33.916666666666664,31.83,35.26,30,1017.4999999999999
gz-09-riego-http,volumenTanque,2026-09-24 00:00,2026-09-23 19:00,2026-09-23,35.45133333333333,34.98,36.38,30,1063.54
gz-09-riego-http,volumenTanque,2026-09-24 01:00,2026-09-23 20:00,2026-09-23,36.69666666666667,36.22,37.77,30,1100.9
gz-09-riego-http,volumenTanque,2026-09-24 02:00,2026-09-23 21:00,2026-09-23,38.282333333333334,37.81,38.79,30,1148.47
gz-09-riego-http,volumenTanque,2026-09-24 03:00,2026-09-23 22:00,2026-09-23,39.150666666666666,38.8,39.49,30,1174.52
gz-09-riego-http,volumenTanque,2026-09-24 04:00,2026-09-23 23:00,2026-09-23,39.101,38.57,39.5,30,1173.03
gz-09-riego-http,volumenTanque,2026-09-24 05:00,2026-09-24 00:00,2026-09-24,39.26366666666666,38.58,39.88,30,1177.9099999999999
gz-09-riego-http,volumenTanque,2026-09-24 06:00,2026-09-24 01:00,2026-09-24,38.72206896551725,38.2,39,29,1122.9400000000003
gz-09-riego-http,volumenTanque,2026-09-24 07:00,2026-09-24 02:00,2026-09-24,37.81133333333334,37.44,38.17,30,1134.3400000000001
gz-09-riego-http,volumenTanque,2026-09-24 08:00,2026-09-24 03:00,2026-09-24,37.31966666666666,36.64,38.1,30,1119.59
gz-09-riego-http,volumenTanque,2026-09-24 09:00,2026-09-24 04:00,2026-09-24,35.595666666666666,35.19,36.59,30,1067.87
gz-09-riego-http,volumenTanque,2026-09-24 10:00,2026-09-24 05:00,2026-09-24,33.465999999999994,31.81,35.14,30,1003.9799999999999
gz-09-riego-http,volumenTanque,2026-09-24 11:00,2026-09-24 06:00,2026-09-24,31.900689655172414,30.76,32.57,29,925.12
gz-09-riego-http,volumenTanque,2026-09-24 12:00,2026-09-24 07:00,2026-09-24,30.33133333333334,28.9,30.95,30,909.9400000000002
gz-09-riego-http,volumenTanque,2026-09-24 13:00,2026-09-24 08:00,2026-09-24,28.137999999999998,27.74,28.85,30,844.14
gz-09-riego-http,volumenTanque,2026-09-24 14:00,2026-09-24 09:00,2026-09-24,27.639333333333333,27.22,28.11,30,829.18
gz-09-riego-http,volumenTanque,2026-09-24 15:00,2026-09-24 10:00,2026-09-24,27.021333333333335,26.4,27.3,30,810.64
gz-09-riego-http,volumenTanque,2026-09-24 16:00,2026-09-24 11:00,2026-09-24,25.99827586206897,25.72,26.39,29,753.95
gz-09-riego-http,volumenTanque,2026-09-24 17:00,2026-09-24 12:00,2026-09-24,25.694333333333336,25.26,26.54,30,770.83
gz-09-riego-http,volumenTanque,2026-09-24 18:00,2026-09-24 13:00,2026-09-24,26.73620689655172,26.37,27.67,29,775.3499999999999
gz-09-riego-http,volumenTanque,2026-09-24 19:00,2026-09-24 14:00,2026-09-24,27.591333333333345,27.23,28.15,30,827.7400000000004
gz-09-riego-http,volumenTanque,2026-09-24 20:00,2026-09-24 15:00,2026-09-24,28.805333333333337,28.2,29.24,30,864.1600000000001
gz-09-riego-http,volumenTanque,2026-09-24 21:00,2026-09-24 16:00,2026-09-24,30.281000000000002,28.69,31.09,30,908.4300000000001
gz-09-riego-http,volumenTanque,2026-09-24 22:00,2026-09-24 17:00,2026-09-24,31.585666666666672,31.09,32.81,30,947.5700000000002
gz-09-riego-http,volumenTanque,2026-09-24 23:00,2026-09-24 18:00,2026-09-24,33.533666666666676,32.87,33.92,30,1006.0100000000002
gz-09-riego-http,volumenTanque,2026-09-25 00:00,2026-09-24 19:00,2026-09-24,35.25433333333333,33.63,36.08,30,1057.6299999999999
gz-09-riego-http,volumenTanque,2026-09-25 01:00,2026-09-24 20:00,2026-09-24,36.821999999999996,35.37,37.39,30,1104.6599999999999
gz-09-riego-http,volumenTanque,2026-09-25 02:00,2026-09-24 21:00,2026-09-24,37.8403448275862,37.44,38.12,29,1097.37
gz-09-riego-http,volumenTanque,2026-09-25 03:00,2026-09-24 22:00,2026-09-24,38.67933333333334,37.74,39.06,30,1160.38
gz-09-riego-http,volumenTanque,2026-09-25 04:00,2026-09-24 23:00,2026-09-24,39.35133333333332,39.06,40.13,30,1180.5399999999997
gz-09-riego-http,volumenTanque,2026-09-25 05:00,2026-09-25 00:00,2026-09-25,39.654999999999994,38.71,40.13,30,1189.6499999999999
gz-09-riego-http,volumenTanque,2026-09-25 06:00,2026-09-25 01:00,2026-09-25,38.56793103448276,37.55,39,29,1118.47
gz-09-riego-http,volumenTanque,2026-09-25 07:00,2026-09-25 02:00,2026-09-25,37.82333333333334,37.49,38.19,30,1134.7
gz-09-riego-http,volumenTanque,2026-09-25 08:00,2026-09-25 03:00,2026-09-25,36.55400000000001,35.72,38.13,30,1096.6200000000003
gz-09-riego-http,volumenTanque,2026-09-25 09:00,2026-09-25 04:00,2026-09-25,34.88733333333333,34.21,35.66,30,1046.62
gz-09-riego-http,volumenTanque,2026-09-25 10:00,2026-09-25 05:00,2026-09-25,33.579310344827576,33.24,34.15,29,973.7999999999997
gz-09-riego-http,volumenTanque,2026-09-25 11:00,2026-09-25 06:00,2026-09-25,32.196451612903225,31.54,33.5,31,998.0899999999999
gz-09-riego-http,volumenTanque,2026-09-25 12:00,2026-09-25 07:00,2026-09-25,29.868666666666666,29,31.49,30,896.06
gz-09-riego-http,volumenTanque,2026-09-25 13:00,2026-09-25 08:00,2026-09-25,28.18366666666667,27.37,28.95,30,845.5100000000001
gz-09-riego-http,volumenTanque,2026-09-25 14:00,2026-09-25 09:00,2026-09-25,27.545666666666662,27.31,27.69,30,826.3699999999999
gz-09-riego-http,volumenTanque,2026-09-25 15:00,2026-09-25 10:00,2026-09-25,26.940344827586213,26.67,27.52,29,781.2700000000002
gz-09-riego-http,volumenTanque,2026-09-25 16:00,2026-09-25 11:00,2026-09-25,25.65733333333333,25.09,26.66,30,769.7199999999999
gz-09-riego-http,volumenTanque,2026-09-25 17:00,2026-09-25 12:00,2026-09-25,25.949999999999992,25.76,26.22,30,778.4999999999998
gz-09-riego-http,volumenTanque,2026-09-25 18:00,2026-09-25 13:00,2026-09-25,26.613,26.24,26.93,30,798.39
gz-09-riego-http,volumenTanque,2026-09-25 19:00,2026-09-25 14:00,2026-09-25,26.892999999999997,26.44,27.85,30,806.79
gz-09-riego-http,volumenTanque,2026-09-25 20:00,2026-09-25 15:00,2026-09-25,28.229666666666667,27.71,29.46,30,846.89
gz-09-riego-http,volumenTanque,2026-09-25 21:00,2026-09-25 16:00,2026-09-25,30.604666666666667,29.52,31.46,30,918.14
gz-09-riego-http,volumenTanque,2026-09-25 22:00,2026-09-25 17:00,2026-09-25,32.108,31.51,33.53,30,963.24
gz-09-riego-http,volumenTanque,2026-09-25 23:00,2026-09-25 18:00,2026-09-25,33.46724137931036,32.96,34.28,29,970.5500000000004
gz-09-riego-http,volumenTanque,2026-09-26 00:00,2026-09-25 19:00,2026-09-25,34.739000000000004,34.21,36.04,30,1042.17
gz-09-riego-http,volumenTanque,2026-09-26 01:00,2026-09-25 20:00,2026-09-25,36.507,35.84,38.09,30,1095.21
gz-09-riego-http,volumenTanque,2026-09-26 02:00,2026-09-25 21:00,2026-09-25,38.22931034482759,38.13,38.35,29,1108.65
gz-09-riego-http,volumenTanque,2026-09-26 03:00,2026-09-25 22:00,2026-09-25,38.71833333333334,38.18,38.93,30,1161.5500000000002
gz-09-riego-http,volumenTanque,2026-09-26 04:00,2026-09-25 23:00,2026-09-25,38.726000000000006,38.46,38.95,30,1161.7800000000002
gz-09-riego-http,volumenTanque,2026-09-26 05:00,2026-09-26 00:00,2026-09-26,39.33666666666667,38.46,39.97,30,1180.1000000000001
gz-09-riego-http,volumenTanque,2026-09-26 06:00,2026-09-26 01:00,2026-09-26,39.234,38.76,39.95,30,1177.02
gz-09-riego-http,volumenTanque,2026-09-26 07:00,2026-09-26 02:00,2026-09-26,38.04333333333333,37.31,39.38,30,1141.3
gz-09-riego-http,volumenTanque,2026-09-26 08:00,2026-09-26 03:00,2026-09-26,36.53433333333333,35.35,37.27,30,1096.03
gz-09-riego-http,volumenTanque,2026-09-26 09:00,2026-09-26 04:00,2026-09-26,35.354,34.07,36.08,30,1060.62
gz-09-riego-http,volumenTanque,2026-09-26 10:00,2026-09-26 05:00,2026-09-26,33.33379310344827,32.25,34.02,29,966.6799999999998
gz-09-riego-http,volumenTanque,2026-09-26 11:00,2026-09-26 06:00,2026-09-26,31.54066666666666,30.78,32.18,30,946.2199999999998
gz-09-riego-http,volumenTanque,2026-09-26 12:00,2026-09-26 07:00,2026-09-26,30.101666666666656,28.6,30.73,30,903.0499999999997
gz-09-riego-http,volumenTanque,2026-09-26 13:00,2026-09-26 08:00,2026-09-26,29.014827586206895,28.56,29.48,29,841.43
gz-09-riego-http,volumenTanque,2026-09-26 14:00,2026-09-26 09:00,2026-09-26,27.175000000000004,26.58,28.53,30,815.2500000000001
gz-09-riego-http,volumenTanque,2026-09-26 15:00,2026-09-26 10:00,2026-09-26,26.684333333333328,25.25,27.33,30,800.5299999999999
gz-09-riego-http,volumenTanque,2026-09-26 16:00,2026-09-26 11:00,2026-09-26,25.96033333333334,25.01,26.83,30,778.8100000000003
gz-09-riego-http,volumenTanque,2026-09-26 17:00,2026-09-26 12:00,2026-09-26,25.571,25.01,26.6,30,767.13
gz-09-riego-http,volumenTanque,2026-09-26 18:00,2026-09-26 13:00,2026-09-26,26.587241379310345,26.21,27.35,29,771.03
gz-09-riego-http,volumenTanque,2026-09-26 19:00,2026-09-26 14:00,2026-09-26,27.009333333333327,26.37,27.86,30,810.2799999999999
gz-09-riego-http,volumenTanque,2026-09-26 20:00,2026-09-26 15:00,2026-09-26,28.247000000000007,27.88,29.17,30,847.4100000000002
gz-09-riego-http,volumenTanque,2026-09-26 21:00,2026-09-26 16:00,2026-09-26,36.589000000000006,29.96,38.35,30,1097.67
gz-09-riego-http,volumenTanque,2026-09-26 22:00,2026-09-26 17:00,2026-09-26,32.55433333333334,31.47,35.02,30,976.6300000000001
gz-09-riego-http,volumenTanque,2026-09-26 23:00,2026-09-26 18:00,2026-09-26,33.24233333333334,32.74,34.24,30,997.2700000000002
gz-09-riego-http,volumenTanque,2026-09-27 00:00,2026-09-26 19:00,2026-09-26,35.32833333333333,34.3,36.06,30,1059.85
gz-09-riego-http,volumenTanque,2026-09-27 01:00,2026-09-26 20:00,2026-09-26,36.974137931034484,36.11,37.52,29,1072.25
gz-09-riego-http,volumenTanque,2026-09-27 02:00,2026-09-26 21:00,2026-09-26,37.86666666666667,37.31,39.21,30,1136
gz-09-riego-http,volumenTanque,2026-09-27 03:00,2026-09-26 22:00,2026-09-26,39.531666666666666,39.25,39.96,30,1185.95
gz-09-riego-http,volumenTanque,2026-09-27 04:00,2026-09-26 23:00,2026-09-26,39.981333333333325,39.88,40.03,30,1199.4399999999998
gz-09-riego-http,volumenTanque,2026-09-27 05:00,2026-09-27 00:00,2026-09-27,39.292666666666655,38.87,39.87,30,1178.7799999999997
gz-09-riego-http,volumenTanque,2026-09-27 06:00,2026-09-27 01:00,2026-09-27,39.14931034482758,37.65,39.74,29,1135.33
gz-09-riego-http,volumenTanque,2026-09-27 07:00,2026-09-27 02:00,2026-09-27,38.231666666666676,37.44,38.94,30,1146.9500000000003
gz-09-riego-http,volumenTanque,2026-09-27 08:00,2026-09-27 03:00,2026-09-27,37.185172413793104,36.21,37.62,29,1078.3700000000001
gz-09-riego-http,volumenTanque,2026-09-27 09:00,2026-09-27 04:00,2026-09-27,34.92333333333334,33.94,36.16,30,1047.7000000000003
gz-09-riego-http,volumenTanque,2026-09-27 10:00,2026-09-27 05:00,2026-09-27,32.815333333333335,32.18,33.88,30,984.4600000000002
gz-09-riego-http,volumenTanque,2026-09-27 11:00,2026-09-27 06:00,2026-09-27,31.894,31.47,32.12,30,956.8199999999999
gz-09-riego-http,volumenTanque,2026-09-27 12:00,2026-09-27 07:00,2026-09-27,30.147999999999993,29.32,31.41,30,904.4399999999998
gz-09-riego-http,volumenTanque,2026-09-27 13:00,2026-09-27 08:00,2026-09-27,28.680344827586207,27.86,29.27,29,831.73
gz-09-riego-http,volumenTanque,2026-09-27 14:00,2026-09-27 09:00,2026-09-27,26.852999999999998,26.11,27.81,30,805.5899999999999
gz-09-riego-http,volumenTanque,2026-09-27 15:00,2026-09-27 10:00,2026-09-27,26.068333333333328,25.65,26.93,30,782.0499999999998
gz-09-riego-http,volumenTanque,2026-09-27 16:00,2026-09-27 11:00,2026-09-27,26.543666666666656,25.48,26.93,30,796.3099999999997
gz-09-riego-http,volumenTanque,2026-09-27 17:00,2026-09-27 12:00,2026-09-27,25.638,25.12,26.82,30,769.1400000000001
gz-09-riego-http,volumenTanque,2026-09-27 18:00,2026-09-27 13:00,2026-09-27,32.67999999999999,26.83,34.28,30,980.3999999999999
gz-09-riego-http,volumenTanque,2026-09-27 19:00,2026-09-27 14:00,2026-09-27,28.488275862068964,27.15,33.28,29,826.16
gz-09-riego-http,volumenTanque,2026-09-27 20:00,2026-09-27 15:00,2026-09-27,28.912666666666667,28.35,29.45,30,867.38
gz-09-riego-http,volumenTanque,2026-09-27 21:00,2026-09-27 16:00,2026-09-27,29.797999999999995,28.38,31.31,30,893.9399999999998
gz-09-riego-http,volumenTanque,2026-09-27 22:00,2026-09-27 17:00,2026-09-27,31.991666666666667,31.37,32.83,30,959.75
gz-09-riego-http,volumenTanque,2026-09-27 23:00,2026-09-27 18:00,2026-09-27,33.856,32.89,34.38,30,1015.68
gz-09-riego-http,volumenTanque,2026-09-28 00:00,2026-09-27 19:00,2026-09-27,35.503333333333345,34.44,36.6,30,1065.1000000000004
gz-09-riego-http,volumenTanque,2026-09-28 01:00,2026-09-27 20:00,2026-09-27,36.52862068965516,36.4,36.67,29,1059.3299999999997
gz-09-riego-http,volumenTanque,2026-09-28 02:00,2026-09-27 21:00,2026-09-27,37.67633333333334,36.58,38.29,30,1130.2900000000002
gz-09-riego-http,volumenTanque,2026-09-28 03:00,2026-09-27 22:00,2026-09-27,38.94533333333333,37.6,39.64,30,1168.36
gz-09-riego-http,volumenTanque,2026-09-28 04:00,2026-09-27 23:00,2026-09-27,38.926206896551726,38.37,40.04,29,1128.8600000000001
gz-09-riego-http,volumenTanque,2026-09-28 05:00,2026-09-28 00:00,2026-09-28,39.498333333333335,39.22,40.05,30,1184.95
gz-09-riego-http,volumenTanque,2026-09-28 06:00,2026-09-28 01:00,2026-09-28,39.30766666666667,38.19,39.8,30,1179.23
gz-09-riego-http,volumenTanque,2026-09-28 07:00,2026-09-28 02:00,2026-09-28,37.619666666666674,37.23,38.16,30,1128.5900000000001
gz-09-riego-http,volumenTanque,2026-09-28 08:00,2026-09-28 03:00,2026-09-28,36.974137931034484,35.98,37.74,29,1072.25
gz-09-riego-http,volumenTanque,2026-09-28 09:00,2026-09-28 04:00,2026-09-28,35.37800000000001,33.9,35.94,30,1061.3400000000001
gz-09-riego-http,volumenTanque,2026-09-28 10:00,2026-09-28 05:00,2026-09-28,33.10033333333333,32.6,33.83,30,993.01
gz-09-riego-http,volumenTanque,2026-09-28 11:00,2026-09-28 06:00,2026-09-28,31.66,30.8,33.17,30,949.8
gz-09-riego-http,volumenTanque,2026-09-28 12:00,2026-09-28 07:00,2026-09-28,30.642758620689655,29.98,31.73,29,888.64
gz-09-riego-http,volumenTanque,2026-09-28 13:00,2026-09-28 08:00,2026-09-28,28.859333333333332,27.87,29.93,30,865.78
gz-09-riego-http,volumenTanque,2026-09-28 14:00,2026-09-28 09:00,2026-09-28,27.516551724137933,26.3,28.03,29,797.98
gz-09-riego-http,volumenTanque,2026-09-28 15:00,2026-09-28 10:00,2026-09-28,26.157666666666668,25.85,26.67,30,784.73
gz-09-riego-http,volumenTanque,2026-09-28 16:00,2026-09-28 11:00,2026-09-28,25.972666666666665,25.58,26.65,30,779.18
gz-09-riego-http,volumenTanque,2026-09-28 17:00,2026-09-28 12:00,2026-09-28,26.29310344827586,25.58,26.84,29,762.5
gz-09-riego-http,volumenTanque,2026-09-28 18:00,2026-09-28 13:00,2026-09-28,26.703666666666667,25.92,27.38,30,801.11
gz-09-riego-http,volumenTanque,2026-09-28 19:00,2026-09-28 14:00,2026-09-28,27.60033333333333,26.22,31.31,30,828.01
gz-09-riego-http,volumenTanque,2026-09-28 20:00,2026-09-28 15:00,2026-09-28,35.23066666666667,31.79,37.13,30,1056.92
gz-09-riego-http,volumenTanque,2026-09-28 21:00,2026-09-28 16:00,2026-09-28,32.24344827586207,30.36,36.23,29,935.0600000000001
gz-09-riego-http,volumenTanque,2026-09-28 22:00,2026-09-28 17:00,2026-09-28,32.378,31.86,33.02,30,971.3399999999999
gz-09-riego-http,volumenTanque,2026-09-28 23:00,2026-09-28 18:00,2026-09-28,34.12866666666666,33.08,34.93,30,1023.8599999999999
gz-09-riego-http,volumenTanque,2026-09-29 00:00,2026-09-28 19:00,2026-09-28,34.76263157894737,34.52,35.02,19,660.49
gz-10-perimetro-paho,eventosAcceso,2026-09-22 03:00,2026-09-21 22:00,2026-09-21,0.5443037974683544,0,1,79,43
gz-10-perimetro-paho,eventosAcceso,2026-09-22 04:00,2026-09-21 23:00,2026-09-21,2.230769230769231,1,4,104,232
gz-10-perimetro-paho,eventosAcceso,2026-09-22 05:00,2026-09-22 00:00,2026-09-22,4.90625,4,6,96,471
gz-10-perimetro-paho,eventosAcceso,2026-09-22 06:00,2026-09-22 01:00,2026-09-22,6.586538461538462,6,7,104,685
gz-10-perimetro-paho,eventosAcceso,2026-09-22 07:00,2026-09-22 02:00,2026-09-22,7.03960396039604,7,8,101,711
gz-10-perimetro-paho,eventosAcceso,2026-09-22 08:00,2026-09-22 03:00,2026-09-22,9.375,8,11,112,1050
gz-10-perimetro-paho,eventosAcceso,2026-09-22 09:00,2026-09-22 04:00,2026-09-22,11.029702970297029,11,12,101,1114
gz-10-perimetro-paho,eventosAcceso,2026-09-22 10:00,2026-09-22 05:00,2026-09-22,12,12,12,101,1212
gz-10-perimetro-paho,eventosAcceso,2026-09-22 11:00,2026-09-22 06:00,2026-09-22,20.582608695652173,12,29,115,2367
gz-10-perimetro-paho,eventosAcceso,2026-09-22 12:00,2026-09-22 07:00,2026-09-22,36.00961538461539,29,42,104,3745
gz-10-perimetro-paho,eventosAcceso,2026-09-22 13:00,2026-09-22 08:00,2026-09-22,53.851485148514854,43,63,101,5439
gz-10-perimetro-paho,eventosAcceso,2026-09-22 14:00,2026-09-22 09:00,2026-09-22,69.30392156862744,63,80,102,7069
gz-10-perimetro-paho,eventosAcceso,2026-09-22 15:00,2026-09-22 10:00,2026-09-22,90.57522123893806,80,100,113,10235
gz-10-perimetro-paho,eventosAcceso,2026-09-22 16:00,2026-09-22 11:00,2026-09-22,108.6875,101,118,96,10434
gz-10-perimetro-paho,eventosAcceso,2026-09-22 17:00,2026-09-22 12:00,2026-09-22,126.28571428571429,118,136,105,13260
gz-10-perimetro-paho,eventosAcceso,2026-09-22 18:00,2026-09-22 13:00,2026-09-22,144.25806451612902,137,152,93,13416
gz-10-perimetro-paho,eventosAcceso,2026-09-22 19:00,2026-09-22 14:00,2026-09-22,161.6595744680851,152,169,94,15196
gz-10-perimetro-paho,eventosAcceso,2026-09-22 20:00,2026-09-22 15:00,2026-09-22,177.32978723404256,170,186,94,16669
gz-10-perimetro-paho,eventosAcceso,2026-09-22 21:00,2026-09-22 16:00,2026-09-22,196.71428571428572,186,203,91,17901
gz-10-perimetro-paho,eventosAcceso,2026-09-22 22:00,2026-09-22 17:00,2026-09-22,203.19,203,204,100,20319
gz-10-perimetro-paho,eventosAcceso,2026-09-22 23:00,2026-09-22 18:00,2026-09-22,205.14705882352942,204,206,102,20925
gz-10-perimetro-paho,eventosAcceso,2026-09-23 00:00,2026-09-22 19:00,2026-09-22,206.91743119266056,206,207,109,22554
gz-10-perimetro-paho,eventosAcceso,2026-09-23 01:00,2026-09-22 20:00,2026-09-22,207.03061224489795,207,208,98,20289
gz-10-perimetro-paho,eventosAcceso,2026-09-23 02:00,2026-09-22 21:00,2026-09-22,208,208,208,96,19968
gz-10-perimetro-paho,eventosAcceso,2026-09-23 03:00,2026-09-22 22:00,2026-09-22,208,208,208,97,20176
gz-10-perimetro-paho,eventosAcceso,2026-09-23 04:00,2026-09-22 23:00,2026-09-22,210.0097087378641,208,211,103,21631
gz-10-perimetro-paho,eventosAcceso,2026-09-23 05:00,2026-09-23 00:00,2026-09-23,211.83333333333334,211,212,90,19065
gz-10-perimetro-paho,eventosAcceso,2026-09-23 06:00,2026-09-23 01:00,2026-09-23,212.46391752577318,212,213,97,20609
gz-10-perimetro-paho,eventosAcceso,2026-09-23 07:00,2026-09-23 02:00,2026-09-23,213.66990291262135,213,214,103,22008
gz-10-perimetro-paho,eventosAcceso,2026-09-23 08:00,2026-09-23 03:00,2026-09-23,214.83333333333334,214,216,96,20624
gz-10-perimetro-paho,eventosAcceso,2026-09-23 09:00,2026-09-23 04:00,2026-09-23,216.25,216,217,100,21625
gz-10-perimetro-paho,eventosAcceso,2026-09-23 10:00,2026-09-23 05:00,2026-09-23,219.3653846153846,217,220,104,22814
gz-10-perimetro-paho,eventosAcceso,2026-09-23 11:00,2026-09-23 06:00,2026-09-23,226.96938775510205,220,237,98,22243
gz-10-perimetro-paho,eventosAcceso,2026-09-23 12:00,2026-09-23 07:00,2026-09-23,246.6138613861386,237,256,101,24908
gz-10-perimetro-paho,eventosAcceso,2026-09-23 13:00,2026-09-23 08:00,2026-09-23,264.96938775510205,256,274,98,25967
gz-10-perimetro-paho,eventosAcceso,2026-09-23 14:00,2026-09-23 09:00,2026-09-23,281.38613861386136,274,288,101,28420
gz-10-perimetro-paho,eventosAcceso,2026-09-23 15:00,2026-09-23 10:00,2026-09-23,295.1636363636364,288,305,110,32468
gz-10-perimetro-paho,eventosAcceso,2026-09-23 16:00,2026-09-23 11:00,2026-09-23,314.9375,306,325,96,30234
gz-10-perimetro-paho,eventosAcceso,2026-09-23 17:00,2026-09-23 12:00,2026-09-23,334.04,325,343,100,33404
gz-10-perimetro-paho,eventosAcceso,2026-09-23 18:00,2026-09-23 13:00,2026-09-23,350.4299065420561,343,360,107,37496
gz-10-perimetro-paho,eventosAcceso,2026-09-23 19:00,2026-09-23 14:00,2026-09-23,366.8514851485148,360,376,101,37052
gz-10-perimetro-paho,eventosAcceso,2026-09-23 20:00,2026-09-23 15:00,2026-09-23,385.3529411764706,377,392,102,39306
gz-10-perimetro-paho,eventosAcceso,2026-09-23 21:00,2026-09-23 16:00,2026-09-23,400.35779816513764,392,409,109,43639
gz-10-perimetro-paho,eventosAcceso,2026-09-23 22:00,2026-09-23 17:00,2026-09-23,409,409,409,113,46217
gz-10-perimetro-paho,eventosAcceso,2026-09-23 23:00,2026-09-23 18:00,2026-09-23,409,409,409,106,43354
gz-10-perimetro-paho,eventosAcceso,2026-09-24 00:00,2026-09-23 19:00,2026-09-23,409,409,409,111,45399
gz-10-perimetro-paho,eventosAcceso,2026-09-24 01:00,2026-09-23 20:00,2026-09-23,409,409,409,102,41718
gz-10-perimetro-paho,eventosAcceso,2026-09-24 02:00,2026-09-23 21:00,2026-09-23,409.65384615384613,409,410,104,42604
gz-10-perimetro-paho,eventosAcceso,2026-09-24 03:00,2026-09-23 22:00,2026-09-23,410.5765765765766,410,412,111,45574
gz-10-perimetro-paho,eventosAcceso,2026-09-24 04:00,2026-09-23 23:00,2026-09-23,412,412,412,102,42024
gz-10-perimetro-paho,eventosAcceso,2026-09-24 05:00,2026-09-24 00:00,2026-09-24,412.44117647058823,412,413,102,42069
gz-10-perimetro-paho,eventosAcceso,2026-09-24 06:00,2026-09-24 01:00,2026-09-24,413.73,413,415,100,41373
gz-10-perimetro-paho,eventosAcceso,2026-09-24 07:00,2026-09-24 02:00,2026-09-24,415.7090909090909,415,416,110,45728
gz-10-perimetro-paho,eventosAcceso,2026-09-24 08:00,2026-09-24 03:00,2026-09-24,416,416,416,112,46592
gz-10-perimetro-paho,eventosAcceso,2026-09-24 09:00,2026-09-24 04:00,2026-09-24,416.6788990825688,416,419,109,45418
gz-10-perimetro-paho,eventosAcceso,2026-09-24 10:00,2026-09-24 05:00,2026-09-24,419.1,419,420,100,41910
gz-10-perimetro-paho,eventosAcceso,2026-09-24 11:00,2026-09-24 06:00,2026-09-24,429.5140186915888,420,435,107,45958
gz-10-perimetro-paho,eventosAcceso,2026-09-24 12:00,2026-09-24 07:00,2026-09-24,444.8490566037736,435,455,106,47154
gz-10-perimetro-paho,eventosAcceso,2026-09-24 13:00,2026-09-24 08:00,2026-09-24,462.24528301886795,455,469,106,48998
gz-10-perimetro-paho,eventosAcceso,2026-09-24 14:00,2026-09-24 09:00,2026-09-24,477.52884615384613,469,488,104,49663
gz-10-perimetro-paho,eventosAcceso,2026-09-24 15:00,2026-09-24 10:00,2026-09-24,494.39639639639637,488,503,111,54878
gz-10-perimetro-paho,eventosAcceso,2026-09-24 16:00,2026-09-24 11:00,2026-09-24,513.3142857142857,503,522,105,53898
gz-10-perimetro-paho,eventosAcceso,2026-09-24 17:00,2026-09-24 12:00,2026-09-24,530.360824742268,522,540,97,51445
gz-10-perimetro-paho,eventosAcceso,2026-09-24 18:00,2026-09-24 13:00,2026-09-24,547.0194174757281,541,555,103,56343
gz-10-perimetro-paho,eventosAcceso,2026-09-24 19:00,2026-09-24 14:00,2026-09-24,565.1176470588235,555,575,102,57642
gz-10-perimetro-paho,eventosAcceso,2026-09-24 20:00,2026-09-24 15:00,2026-09-24,584.8867924528302,575,595,106,61998
gz-10-perimetro-paho,eventosAcceso,2026-09-24 21:00,2026-09-24 16:00,2026-09-24,604.1683168316831,596,613,101,61021
gz-10-perimetro-paho,eventosAcceso,2026-09-24 22:00,2026-09-24 17:00,2026-09-24,613.0729166666666,613,614,96,58855
gz-10-perimetro-paho,eventosAcceso,2026-09-24 23:00,2026-09-24 18:00,2026-09-24,614.7722772277227,614,617,101,62092
gz-10-perimetro-paho,eventosAcceso,2026-09-25 00:00,2026-09-24 19:00,2026-09-24,617.5963302752293,617,618,109,67318
gz-10-perimetro-paho,eventosAcceso,2026-09-25 01:00,2026-09-24 20:00,2026-09-24,618,618,618,112,69216
gz-10-perimetro-paho,eventosAcceso,2026-09-25 02:00,2026-09-24 21:00,2026-09-24,618.75,618,619,112,69300
gz-10-perimetro-paho,eventosAcceso,2026-09-25 03:00,2026-09-24 22:00,2026-09-24,619.0849056603773,619,620,106,65623
gz-10-perimetro-paho,eventosAcceso,2026-09-25 04:00,2026-09-24 23:00,2026-09-24,620.0673076923077,620,621,104,64487
gz-10-perimetro-paho,eventosAcceso,2026-09-25 05:00,2026-09-25 00:00,2026-09-25,621.7545454545455,621,623,110,68393
gz-10-perimetro-paho,eventosAcceso,2026-09-25 06:00,2026-09-25 01:00,2026-09-25,623,623,623,101,62923
gz-10-perimetro-paho,eventosAcceso,2026-09-25 07:00,2026-09-25 02:00,2026-09-25,624.6792452830189,623,625,106,66216
gz-10-perimetro-paho,eventosAcceso,2026-09-25 08:00,2026-09-25 03:00,2026-09-25,625,625,625,101,63125
gz-10-perimetro-paho,eventosAcceso,2026-09-25 09:00,2026-09-25 04:00,2026-09-25,625,625,625,106,66250
gz-10-perimetro-paho,eventosAcceso,2026-09-25 10:00,2026-09-25 05:00,2026-09-25,625.757281553398,625,627,103,64453
gz-10-perimetro-paho,eventosAcceso,2026-09-25 11:00,2026-09-25 06:00,2026-09-25,34.553719008264466,0,628,121,4181
gz-10-perimetro-paho,eventosAcceso,2026-09-25 12:00,2026-09-25 07:00,2026-09-25,31.65686274509804,20,43,102,3229
gz-10-perimetro-paho,eventosAcceso,2026-09-25 13:00,2026-09-25 08:00,2026-09-25,52.861111111111114,43,64,108,5709
gz-10-perimetro-paho,eventosAcceso,2026-09-25 14:00,2026-09-25 09:00,2026-09-25,73.99009900990099,65,84,101,7473
gz-10-perimetro-paho,eventosAcceso,2026-09-25 15:00,2026-09-25 10:00,2026-09-25,92,84,101,109,10028
gz-10-perimetro-paho,eventosAcceso,2026-09-25 16:00,2026-09-25 11:00,2026-09-25,108.3047619047619,101,115,105,11372
gz-10-perimetro-paho,eventosAcceso,2026-09-25 17:00,2026-09-25 12:00,2026-09-25,120.49532710280374,115,129,107,12893
gz-10-perimetro-paho,eventosAcceso,2026-09-25 18:00,2026-09-25 13:00,2026-09-25,138.875,129,149,104,14443
gz-10-perimetro-paho,eventosAcceso,2026-09-25 19:00,2026-09-25 14:00,2026-09-25,157.39814814814815,149,165,108,16999
gz-10-perimetro-paho,eventosAcceso,2026-09-25 20:00,2026-09-25 15:00,2026-09-25,177.50943396226415,166,188,106,18816
gz-10-perimetro-paho,eventosAcceso,2026-09-25 21:00,2026-09-25 16:00,2026-09-25,195.60576923076923,188,203,104,20343
gz-10-perimetro-paho,eventosAcceso,2026-09-25 22:00,2026-09-25 17:00,2026-09-25,203,203,203,96,19488
gz-10-perimetro-paho,eventosAcceso,2026-09-25 23:00,2026-09-25 18:00,2026-09-25,203,203,203,106,21518
gz-10-perimetro-paho,eventosAcceso,2026-09-26 00:00,2026-09-25 19:00,2026-09-25,203.68867924528303,203,204,106,21591
gz-10-perimetro-paho,eventosAcceso,2026-09-26 01:00,2026-09-25 20:00,2026-09-25,205.77777777777777,204,208,99,20372
gz-10-perimetro-paho,eventosAcceso,2026-09-26 02:00,2026-09-25 21:00,2026-09-25,208,208,208,98,20384
gz-10-perimetro-paho,eventosAcceso,2026-09-26 03:00,2026-09-25 22:00,2026-09-25,208.59595959595958,208,210,99,20651
gz-10-perimetro-paho,eventosAcceso,2026-09-26 04:00,2026-09-25 23:00,2026-09-25,211,210,213,106,22366
gz-10-perimetro-paho,eventosAcceso,2026-09-26 05:00,2026-09-26 00:00,2026-09-26,213,213,213,104,22152
gz-10-perimetro-paho,eventosAcceso,2026-09-26 06:00,2026-09-26 01:00,2026-09-26,213.52475247524754,213,215,101,21566
gz-10-perimetro-paho,eventosAcceso,2026-09-26 07:00,2026-09-26 02:00,2026-09-26,215,215,215,106,22790
gz-10-perimetro-paho,eventosAcceso,2026-09-26 08:00,2026-09-26 03:00,2026-09-26,215.6530612244898,215,217,98,21134
gz-10-perimetro-paho,eventosAcceso,2026-09-26 09:00,2026-09-26 04:00,2026-09-26,217.21212121212122,217,218,99,21504
gz-10-perimetro-paho,eventosAcceso,2026-09-26 10:00,2026-09-26 05:00,2026-09-26,218.04504504504504,218,219,111,24203
gz-10-perimetro-paho,eventosAcceso,2026-09-26 11:00,2026-09-26 06:00,2026-09-26,225.75,219,231,100,22575
gz-10-perimetro-paho,eventosAcceso,2026-09-26 12:00,2026-09-26 07:00,2026-09-26,238.70192307692307,231,247,104,24825
gz-10-perimetro-paho,eventosAcceso,2026-09-26 13:00,2026-09-26 08:00,2026-09-26,256.3181818181818,247,268,110,28195
gz-10-perimetro-paho,eventosAcceso,2026-09-26 14:00,2026-09-26 09:00,2026-09-26,277.71153846153845,268,286,104,28882
gz-10-perimetro-paho,eventosAcceso,2026-09-26 15:00,2026-09-26 10:00,2026-09-26,294.1734693877551,286,302,98,28829
gz-10-perimetro-paho,eventosAcceso,2026-09-26 16:00,2026-09-26 11:00,2026-09-26,311,302,319,89,27679
gz-10-perimetro-paho,eventosAcceso,2026-09-26 17:00,2026-09-26 12:00,2026-09-26,329,320,336,87,28623
gz-10-perimetro-paho,eventosAcceso,2026-09-26 18:00,2026-09-26 13:00,2026-09-26,343.85714285714283,336,351,91,31291
gz-10-perimetro-paho,eventosAcceso,2026-09-26 19:00,2026-09-26 14:00,2026-09-26,359.1978021978022,351,368,91,32687
gz-10-perimetro-paho,eventosAcceso,2026-09-26 20:00,2026-09-26 15:00,2026-09-26,375.63953488372096,369,384,86,32305
gz-10-perimetro-paho,eventosAcceso,2026-09-26 21:00,2026-09-26 16:00,2026-09-26,391.15294117647056,385,401,85,33248
gz-10-perimetro-paho,eventosAcceso,2026-09-26 22:00,2026-09-26 17:00,2026-09-26,401.9255319148936,401,402,94,37781
gz-10-perimetro-paho,eventosAcceso,2026-09-26 23:00,2026-09-26 18:00,2026-09-26,402,402,402,86,34572
gz-10-perimetro-paho,eventosAcceso,2026-09-27 00:00,2026-09-26 19:00,2026-09-26,402.7471264367816,402,403,87,35039
gz-10-perimetro-paho,eventosAcceso,2026-09-27 01:00,2026-09-26 20:00,2026-09-26,403.6990291262136,403,404,103,41581
gz-10-perimetro-paho,eventosAcceso,2026-09-27 02:00,2026-09-26 21:00,2026-09-26,405.92727272727274,404,408,110,44652
gz-10-perimetro-paho,eventosAcceso,2026-09-27 03:00,2026-09-26 22:00,2026-09-26,408.8070175438597,408,410,114,46604
gz-10-perimetro-paho,eventosAcceso,2026-09-27 04:00,2026-09-26 23:00,2026-09-26,410.9809523809524,410,411,105,43153
gz-10-perimetro-paho,eventosAcceso,2026-09-27 05:00,2026-09-27 00:00,2026-09-27,411,411,411,113,46443
gz-10-perimetro-paho,eventosAcceso,2026-09-27 06:00,2026-09-27 01:00,2026-09-27,411,411,411,112,46032
gz-10-perimetro-paho,eventosAcceso,2026-09-27 07:00,2026-09-27 02:00,2026-09-27,412.712962962963,411,414,108,44573
gz-10-perimetro-paho,eventosAcceso,2026-09-27 08:00,2026-09-27 03:00,2026-09-27,414,414,414,98,40572
gz-10-perimetro-paho,eventosAcceso,2026-09-27 09:00,2026-09-27 04:00,2026-09-27,414,414,414,108,44712
gz-10-perimetro-paho,eventosAcceso,2026-09-27 10:00,2026-09-27 05:00,2026-09-27,414.73333333333335,414,416,105,43547
gz-10-perimetro-paho,eventosAcceso,2026-09-27 11:00,2026-09-27 06:00,2026-09-27,425.57142857142856,417,434,105,44685
gz-10-perimetro-paho,eventosAcceso,2026-09-27 12:00,2026-09-27 07:00,2026-09-27,440.45714285714286,434,449,105,46248
gz-10-perimetro-paho,eventosAcceso,2026-09-27 13:00,2026-09-27 08:00,2026-09-27,460.5729166666667,450,470,96,44215
gz-10-perimetro-paho,eventosAcceso,2026-09-27 14:00,2026-09-27 09:00,2026-09-27,480.18811881188117,471,487,101,48499
gz-10-perimetro-paho,eventosAcceso,2026-09-27 15:00,2026-09-27 10:00,2026-09-27,496.92233009708735,487,505,103,51183
gz-10-perimetro-paho,eventosAcceso,2026-09-27 16:00,2026-09-27 11:00,2026-09-27,513.5277777777778,505,521,108,55461
gz-10-perimetro-paho,eventosAcceso,2026-09-27 17:00,2026-09-27 12:00,2026-09-27,530.8349514563107,521,540,103,54676
gz-10-perimetro-paho,eventosAcceso,2026-09-27 18:00,2026-09-27 13:00,2026-09-27,546.9266055045872,541,553,109,59615
gz-10-perimetro-paho,eventosAcceso,2026-09-27 19:00,2026-09-27 14:00,2026-09-27,565.0857142857143,554,574,105,59334
gz-10-perimetro-paho,eventosAcceso,2026-09-27 20:00,2026-09-27 15:00,2026-09-27,581.0754716981132,574,589,106,61594
gz-10-perimetro-paho,eventosAcceso,2026-09-27 21:00,2026-09-27 16:00,2026-09-27,596.4117647058823,589,604,102,60834
gz-10-perimetro-paho,eventosAcceso,2026-09-27 22:00,2026-09-27 17:00,2026-09-27,604.5566037735849,604,605,106,64083
gz-10-perimetro-paho,eventosAcceso,2026-09-27 23:00,2026-09-27 18:00,2026-09-27,606.3469387755102,605,609,98,59422
gz-10-perimetro-paho,eventosAcceso,2026-09-28 00:00,2026-09-27 19:00,2026-09-27,609,609,609,112,68208
gz-10-perimetro-paho,eventosAcceso,2026-09-28 01:00,2026-09-27 20:00,2026-09-27,610.3025210084033,609,612,119,72626
gz-10-perimetro-paho,eventosAcceso,2026-09-28 02:00,2026-09-27 21:00,2026-09-27,612,612,612,100,61200
gz-10-perimetro-paho,eventosAcceso,2026-09-28 03:00,2026-09-27 22:00,2026-09-27,612.7788461538462,612,613,104,63729
gz-10-perimetro-paho,eventosAcceso,2026-09-28 04:00,2026-09-27 23:00,2026-09-27,613,613,613,109,66817
gz-10-perimetro-paho,eventosAcceso,2026-09-28 05:00,2026-09-28 00:00,2026-09-28,613.6868686868687,613,614,99,60755
gz-10-perimetro-paho,eventosAcceso,2026-09-28 06:00,2026-09-28 01:00,2026-09-28,615.4854368932039,614,616,103,63395
gz-10-perimetro-paho,eventosAcceso,2026-09-28 07:00,2026-09-28 02:00,2026-09-28,616.122641509434,616,617,106,65309
gz-10-perimetro-paho,eventosAcceso,2026-09-28 08:00,2026-09-28 03:00,2026-09-28,618.2616822429907,617,619,107,66154
gz-10-perimetro-paho,eventosAcceso,2026-09-28 09:00,2026-09-28 04:00,2026-09-28,619,619,619,104,64376
gz-10-perimetro-paho,eventosAcceso,2026-09-28 10:00,2026-09-28 05:00,2026-09-28,620.4421052631579,619,621,95,58942
gz-10-perimetro-paho,eventosAcceso,2026-09-28 11:00,2026-09-28 06:00,2026-09-28,629.14,621,637,100,62914
gz-10-perimetro-paho,eventosAcceso,2026-09-28 12:00,2026-09-28 07:00,2026-09-28,646.5363636363636,637,655,110,71119
gz-10-perimetro-paho,eventosAcceso,2026-09-28 13:00,2026-09-28 08:00,2026-09-28,663.252427184466,655,674,103,68315
gz-10-perimetro-paho,eventosAcceso,2026-09-28 14:00,2026-09-28 09:00,2026-09-28,682.1844660194175,674,689,103,70265
gz-10-perimetro-paho,eventosAcceso,2026-09-28 15:00,2026-09-28 10:00,2026-09-28,698.969387755102,691,707,98,68499
gz-10-perimetro-paho,eventosAcceso,2026-09-28 16:00,2026-09-28 11:00,2026-09-28,716.1619047619048,708,726,105,75197
gz-10-perimetro-paho,eventosAcceso,2026-09-28 17:00,2026-09-28 12:00,2026-09-28,735.8514851485148,727,743,101,74321
gz-10-perimetro-paho,eventosAcceso,2026-09-28 18:00,2026-09-28 13:00,2026-09-28,755.1851851851852,744,763,108,81560
gz-10-perimetro-paho,eventosAcceso,2026-09-28 19:00,2026-09-28 14:00,2026-09-28,773.1359223300971,763,782,103,79633
gz-10-perimetro-paho,eventosAcceso,2026-09-28 20:00,2026-09-28 15:00,2026-09-28,789.8679245283018,782,799,106,83726
gz-10-perimetro-paho,eventosAcceso,2026-09-28 21:00,2026-09-28 16:00,2026-09-28,807.6574074074074,799,816,108,87227
gz-10-perimetro-paho,eventosAcceso,2026-09-28 22:00,2026-09-28 17:00,2026-09-28,816.8653846153846,816,817,104,84954
gz-10-perimetro-paho,eventosAcceso,2026-09-28 23:00,2026-09-28 18:00,2026-09-28,818.1090909090909,817,819,110,89992
gz-10-perimetro-paho,eventosAcceso,2026-09-29 00:00,2026-09-28 19:00,2026-09-28,819,819,819,67,54873
gz-10-perimetro-paho,hrBodega,2026-09-22 03:00,2026-09-21 22:00,2026-09-21,64.02911392405063,61.7,65.3,79,5058.3
gz-10-perimetro-paho,hrBodega,2026-09-22 04:00,2026-09-21 23:00,2026-09-21,63.611538461538466,60.5,66.3,104,6615.6
gz-10-perimetro-paho,hrBodega,2026-09-22 05:00,2026-09-22 00:00,2026-09-22,62.86354166666666,60.5,66.8,96,6034.9
gz-10-perimetro-paho,hrBodega,2026-09-22 06:00,2026-09-22 01:00,2026-09-22,64.66057692307693,63.6,66.9,104,6724.700000000001
gz-10-perimetro-paho,hrBodega,2026-09-22 07:00,2026-09-22 02:00,2026-09-22,62.78316831683168,60.1,65.1,101,6341.099999999999
gz-10-perimetro-paho,hrBodega,2026-09-22 08:00,2026-09-22 03:00,2026-09-22,60.30357142857141,60.1,60.4,112,6753.999999999998
gz-10-perimetro-paho,hrBodega,2026-09-22 09:00,2026-09-22 04:00,2026-09-22,62.88712871287128,60.1,67,101,6351.599999999999
gz-10-perimetro-paho,hrBodega,2026-09-22 10:00,2026-09-22 05:00,2026-09-22,64.3772277227723,60.7,66.9,101,6502.100000000003
gz-10-perimetro-paho,hrBodega,2026-09-22 11:00,2026-09-22 06:00,2026-09-22,60.373043478260875,59.2,63.1,115,6942.900000000001
gz-10-perimetro-paho,hrBodega,2026-09-22 12:00,2026-09-22 07:00,2026-09-22,60.601923076922986,56,63,104,6302.59999999999
gz-10-perimetro-paho,hrBodega,2026-09-22 13:00,2026-09-22 08:00,2026-09-22,57.65841584158416,54.5,62,101,5823.5
gz-10-perimetro-paho,hrBodega,2026-09-22 14:00,2026-09-22 09:00,2026-09-22,55.49411764705877,54.9,56,102,5660.399999999995
gz-10-perimetro-paho,hrBodega,2026-09-22 15:00,2026-09-22 10:00,2026-09-22,54.50530973451326,52.9,55.9,113,6159.0999999999985
gz-10-perimetro-paho,hrBodega,2026-09-22 16:00,2026-09-22 11:00,2026-09-22,53.39166666666667,50.7,56.5,96,5125.6
gz-10-perimetro-paho,hrBodega,2026-09-22 17:00,2026-09-22 12:00,2026-09-22,53.64857142857145,51.5,54.9,105,5633.100000000002
gz-10-perimetro-paho,hrBodega,2026-09-22 18:00,2026-09-22 13:00,2026-09-22,54.59032258064518,53,55.6,93,5076.9000000000015
gz-10-perimetro-paho,hrBodega,2026-09-22 19:00,2026-09-22 14:00,2026-09-22,53.55106382978722,51.5,55.5,94,5033.799999999998
gz-10-perimetro-paho,hrBodega,2026-09-22 20:00,2026-09-22 15:00,2026-09-22,56.934042553191475,54.9,59.7,94,5351.799999999998
gz-10-perimetro-paho,hrBodega,2026-09-22 21:00,2026-09-22 16:00,2026-09-22,58.9978021978022,54.9,63.3,91,5368.8
gz-10-perimetro-paho,hrBodega,2026-09-22 22:00,2026-09-22 17:00,2026-09-22,63.557999999999986,59.6,65.1,100,6355.799999999998
gz-10-perimetro-paho,hrBodega,2026-09-22 23:00,2026-09-22 18:00,2026-09-22,62.62647058823526,59.7,67,102,6387.899999999996
gz-10-perimetro-paho,hrBodega,2026-09-23 00:00,2026-09-22 19:00,2026-09-22,62.28348623853211,60.5,66.2,109,6788.900000000001
gz-10-perimetro-paho,hrBodega,2026-09-23 01:00,2026-09-22 20:00,2026-09-22,61.7061224489796,60.4,66.2,98,6047.200000000001
gz-10-perimetro-paho,hrBodega,2026-09-23 02:00,2026-09-22 21:00,2026-09-22,62.20312499999998,59.2,64.2,96,5971.499999999998
gz-10-perimetro-paho,hrBodega,2026-09-23 03:00,2026-09-22 22:00,2026-09-22,63.26288659793813,59.1,66.2,97,6136.499999999998
gz-10-perimetro-paho,hrBodega,2026-09-23 04:00,2026-09-22 23:00,2026-09-22,62.61650485436894,59.1,63.8,103,6449.500000000001
gz-10-perimetro-paho,hrBodega,2026-09-23 05:00,2026-09-23 00:00,2026-09-23,62.09333333333334,59.5,63.8,90,5588.400000000001
gz-10-perimetro-paho,hrBodega,2026-09-23 06:00,2026-09-23 01:00,2026-09-23,60.40824742268039,59.2,63,97,5859.599999999998
gz-10-perimetro-paho,hrBodega,2026-09-23 07:00,2026-09-23 02:00,2026-09-23,63.22621359223303,61.8,66.6,103,6512.300000000002
gz-10-perimetro-paho,hrBodega,2026-09-23 08:00,2026-09-23 03:00,2026-09-23,62.00312500000003,59.6,66.6,96,5952.300000000003
gz-10-perimetro-paho,hrBodega,2026-09-23 09:00,2026-09-23 04:00,2026-09-23,62.903999999999996,59.4,66.2,100,6290.4
gz-10-perimetro-paho,hrBodega,2026-09-23 10:00,2026-09-23 05:00,2026-09-23,62.611538461538466,60.2,65.7,104,6511.6
gz-10-perimetro-paho,hrBodega,2026-09-23 11:00,2026-09-23 06:00,2026-09-23,60.83163265306124,58.9,62.5,98,5961.500000000002
gz-10-perimetro-paho,hrBodega,2026-09-23 12:00,2026-09-23 07:00,2026-09-23,59.31980198019803,55.8,63.1,101,5991.300000000001
gz-10-perimetro-paho,hrBodega,2026-09-23 13:00,2026-09-23 08:00,2026-09-23,56.31734693877551,53.7,59.6,98,5519.099999999999
gz-10-perimetro-paho,hrBodega,2026-09-23 14:00,2026-09-23 09:00,2026-09-23,55.77128712871288,52.4,60.1,101,5632.900000000001
gz-10-perimetro-paho,hrBodega,2026-09-23 15:00,2026-09-23 10:00,2026-09-23,54.300909090909094,52.3,55.9,110,5973.1
gz-10-perimetro-paho,hrBodega,2026-09-23 16:00,2026-09-23 11:00,2026-09-23,53.70416666666669,52.6,54.5,96,5155.600000000002
gz-10-perimetro-paho,hrBodega,2026-09-23 17:00,2026-09-23 12:00,2026-09-23,54.551000000000016,52.3,57.6,100,5455.100000000001
gz-10-perimetro-paho,hrBodega,2026-09-23 18:00,2026-09-23 13:00,2026-09-23,56.754205607476635,55.7,57.6,107,6072.7
gz-10-perimetro-paho,hrBodega,2026-09-23 19:00,2026-09-23 14:00,2026-09-23,57.05643564356432,55.8,58.3,101,5762.699999999996
gz-10-perimetro-paho,hrBodega,2026-09-23 20:00,2026-09-23 15:00,2026-09-23,57.66372549019608,53.2,61.1,102,5881.7
gz-10-perimetro-paho,hrBodega,2026-09-23 21:00,2026-09-23 16:00,2026-09-23,58.334862385321095,55.8,60.5,109,6358.499999999999
gz-10-perimetro-paho,hrBodega,2026-09-23 22:00,2026-09-23 17:00,2026-09-23,60.91504424778764,59,62,113,6883.400000000003
gz-10-perimetro-paho,hrBodega,2026-09-23 23:00,2026-09-23 18:00,2026-09-23,63.363207547169786,61.4,64.3,106,6716.499999999997
gz-10-perimetro-paho,hrBodega,2026-09-24 00:00,2026-09-23 19:00,2026-09-23,60.15495495495499,59.2,63.7,111,6677.2000000000035
gz-10-perimetro-paho,hrBodega,2026-09-24 01:00,2026-09-23 20:00,2026-09-23,60.72352941176471,59.2,62.7,102,6193.8
gz-10-perimetro-paho,hrBodega,2026-09-24 02:00,2026-09-23 21:00,2026-09-23,62.29423076923076,59.3,63.9,104,6478.5999999999985
gz-10-perimetro-paho,hrBodega,2026-09-24 03:00,2026-09-23 22:00,2026-09-23,62.340540540540516,59.1,65.2,111,6919.799999999997
gz-10-perimetro-paho,hrBodega,2026-09-24 04:00,2026-09-23 23:00,2026-09-23,63.09901960784313,60,65.3,102,6436.099999999999
gz-10-perimetro-paho,hrBodega,2026-09-24 05:00,2026-09-24 00:00,2026-09-24,63.14509803921569,62,65.3,102,6440.8
gz-10-perimetro-paho,hrBodega,2026-09-24 06:00,2026-09-24 01:00,2026-09-24,63.28799999999999,62.1,64.7,100,6328.799999999999
gz-10-perimetro-paho,hrBodega,2026-09-24 07:00,2026-09-24 02:00,2026-09-24,62.595454545454565,61,66.4,110,6885.500000000002
gz-10-perimetro-paho,hrBodega,2026-09-24 08:00,2026-09-24 03:00,2026-09-24,62.97589285714281,61.9,66.4,112,7053.299999999995
gz-10-perimetro-paho,hrBodega,2026-09-24 09:00,2026-09-24 04:00,2026-09-24,60.960550458715616,59.3,62.8,109,6644.700000000003
gz-10-perimetro-paho,hrBodega,2026-09-24 10:00,2026-09-24 05:00,2026-09-24,63.77400000000001,60.8,65.1,100,6377.400000000001
gz-10-perimetro-paho,hrBodega,2026-09-24 11:00,2026-09-24 06:00,2026-09-24,60.971028037383114,58.4,62.5,107,6523.899999999993
gz-10-perimetro-paho,hrBodega,2026-09-24 12:00,2026-09-24 07:00,2026-09-24,58.773584905660385,56.5,61.8,106,6230.000000000001
gz-10-perimetro-paho,hrBodega,2026-09-24 13:00,2026-09-24 08:00,2026-09-24,58.26415094339624,56.5,61.8,106,6176.000000000001
gz-10-perimetro-paho,hrBodega,2026-09-24 14:00,2026-09-24 09:00,2026-09-24,56.603846153846185,51.2,58.9,104,5886.800000000003
gz-10-perimetro-paho,hrBodega,2026-09-24 15:00,2026-09-24 10:00,2026-09-24,52.43153153153151,51,56.1,111,5819.899999999998
gz-10-perimetro-paho,hrBodega,2026-09-24 16:00,2026-09-24 11:00,2026-09-24,53.71619047619049,50.6,57,105,5640.200000000002
gz-10-perimetro-paho,hrBodega,2026-09-24 17:00,2026-09-24 12:00,2026-09-24,55.71134020618556,51.2,57.7,97,5403.999999999999
gz-10-perimetro-paho,hrBodega,2026-09-24 18:00,2026-09-24 13:00,2026-09-24,52.56504854368932,51.2,53.6,103,5414.2
gz-10-perimetro-paho,hrBodega,2026-09-24 19:00,2026-09-24 14:00,2026-09-24,54.736274509803934,52.8,57.5,102,5583.100000000001
gz-10-perimetro-paho,hrBodega,2026-09-24 20:00,2026-09-24 15:00,2026-09-24,58.08962264150937,54.3,59.8,106,6157.499999999994
gz-10-perimetro-paho,hrBodega,2026-09-24 21:00,2026-09-24 16:00,2026-09-24,59.83663366336634,55.5,61.2,101,6043.500000000001
gz-10-perimetro-paho,hrBodega,2026-09-24 22:00,2026-09-24 17:00,2026-09-24,58.75833333333332,57.3,60.5,96,5640.799999999998
gz-10-perimetro-paho,hrBodega,2026-09-24 23:00,2026-09-24 18:00,2026-09-24,62.820792079207926,59.5,64.8,101,6344.900000000001
gz-10-perimetro-paho,hrBodega,2026-09-25 00:00,2026-09-24 19:00,2026-09-24,65.6330275229358,60.3,67,109,7154.000000000003
gz-10-perimetro-paho,hrBodega,2026-09-25 01:00,2026-09-24 20:00,2026-09-24,64.36250000000001,61.3,67,112,7208.600000000001
gz-10-perimetro-paho,hrBodega,2026-09-25 02:00,2026-09-24 21:00,2026-09-24,63.737500000000004,62,65.2,112,7138.6
gz-10-perimetro-paho,hrBodega,2026-09-25 03:00,2026-09-24 22:00,2026-09-24,61.816981132075476,60.1,64.3,106,6552.6
gz-10-perimetro-paho,hrBodega,2026-09-25 04:00,2026-09-24 23:00,2026-09-24,63.04423076923077,61.6,64.2,104,6556.6
gz-10-perimetro-paho,hrBodega,2026-09-25 05:00,2026-09-25 00:00,2026-09-25,60.80363636363636,59.2,63.7,110,6688.4
gz-10-perimetro-paho,hrBodega,2026-09-25 06:00,2026-09-25 01:00,2026-09-25,64.26534653465347,62.5,65.4,101,6490.800000000001
gz-10-perimetro-paho,hrBodega,2026-09-25 07:00,2026-09-25 02:00,2026-09-25,62.571698113207525,60.4,65.7,106,6632.599999999998
gz-10-perimetro-paho,hrBodega,2026-09-25 08:00,2026-09-25 03:00,2026-09-25,62.781188118811876,60.6,64.6,101,6340.9
gz-10-perimetro-paho,hrBodega,2026-09-25 09:00,2026-09-25 04:00,2026-09-25,61.97735849056605,60.3,64.6,106,6569.600000000001
gz-10-perimetro-paho,hrBodega,2026-09-25 10:00,2026-09-25 05:00,2026-09-25,62.903883495145614,61.6,65.8,103,6479.0999999999985
gz-10-perimetro-paho,hrBodega,2026-09-25 11:00,2026-09-25 06:00,2026-09-25,63.47603305785127,58.4,65.8,121,7680.600000000003
gz-10-perimetro-paho,hrBodega,2026-09-25 12:00,2026-09-25 07:00,2026-09-25,59.194117647058796,55.5,60.3,102,6037.799999999997
gz-10-perimetro-paho,hrBodega,2026-09-25 13:00,2026-09-25 08:00,2026-09-25,57.61203703703697,52.8,59.7,108,6222.099999999993
gz-10-perimetro-paho,hrBodega,2026-09-25 14:00,2026-09-25 09:00,2026-09-25,54.24158415841584,52.8,55.3,101,5478.4
gz-10-perimetro-paho,hrBodega,2026-09-25 15:00,2026-09-25 10:00,2026-09-25,54.54954128440368,53.4,55.3,109,5945.9000000000015
gz-10-perimetro-paho,hrBodega,2026-09-25 16:00,2026-09-25 11:00,2026-09-25,52.93142857142855,51.3,54.2,105,5557.799999999997
gz-10-perimetro-paho,hrBodega,2026-09-25 17:00,2026-09-25 12:00,2026-09-25,54.277570093457925,50.4,56.7,107,5807.699999999998
gz-10-perimetro-paho,hrBodega,2026-09-25 18:00,2026-09-25 13:00,2026-09-25,54.92884615384612,50.4,58.5,104,5712.599999999997
gz-10-perimetro-paho,hrBodega,2026-09-25 19:00,2026-09-25 14:00,2026-09-25,57.527777777777814,56.4,58.7,108,6213.000000000004
gz-10-perimetro-paho,hrBodega,2026-09-25 20:00,2026-09-25 15:00,2026-09-25,57.819811320754724,54.9,61.1,106,6128.900000000001
gz-10-perimetro-paho,hrBodega,2026-09-25 21:00,2026-09-25 16:00,2026-09-25,61.0701923076923,58.1,62.5,104,6351.299999999999
gz-10-perimetro-paho,hrBodega,2026-09-25 22:00,2026-09-25 17:00,2026-09-25,61.947916666666664,58.2,65.6,96,5947
gz-10-perimetro-paho,hrBodega,2026-09-25 23:00,2026-09-25 18:00,2026-09-25,65.45094339622646,63.8,66.1,106,6937.800000000006
gz-10-perimetro-paho,hrBodega,2026-09-26 00:00,2026-09-25 19:00,2026-09-25,64.14056603773585,61,66.6,106,6798.900000000001
gz-10-perimetro-paho,hrBodega,2026-09-26 01:00,2026-09-25 20:00,2026-09-25,62.23030303030306,60.6,64.6,99,6160.800000000003
gz-10-perimetro-paho,hrBodega,2026-09-26 02:00,2026-09-25 21:00,2026-09-25,60.90408163265307,59.6,63.1,98,5968.6
gz-10-perimetro-paho,hrBodega,2026-09-26 03:00,2026-09-25 22:00,2026-09-25,61.37171717171716,59.6,66.5,99,6075.799999999998
gz-10-perimetro-paho,hrBodega,2026-09-26 04:00,2026-09-25 23:00,2026-09-25,61.94811320754719,59.6,66.6,106,6566.500000000002
gz-10-perimetro-paho,hrBodega,2026-09-26 05:00,2026-09-26 00:00,2026-09-26,63.20865384615384,60,65.8,104,6573.699999999999
gz-10-perimetro-paho,hrBodega,2026-09-26 06:00,2026-09-26 01:00,2026-09-26,62.342574257425746,60,65.2,101,6296.6
gz-10-perimetro-paho,hrBodega,2026-09-26 07:00,2026-09-26 02:00,2026-09-26,63.866037735849076,62,65.2,106,6769.800000000002
gz-10-perimetro-paho,hrBodega,2026-09-26 08:00,2026-09-26 03:00,2026-09-26,61.955102040816314,60.2,63.8,98,6071.5999999999985
gz-10-perimetro-paho,hrBodega,2026-09-26 09:00,2026-09-26 04:00,2026-09-26,62.77777777777778,59.4,66.3,99,6215
gz-10-perimetro-paho,hrBodega,2026-09-26 10:00,2026-09-26 05:00,2026-09-26,63.76396396396398,62.6,65,111,7077.800000000002
gz-10-perimetro-paho,hrBodega,2026-09-26 11:00,2026-09-26 06:00,2026-09-26,62.672000000000004,58.1,65,100,6267.200000000001
gz-10-perimetro-paho,hrBodega,2026-09-26 12:00,2026-09-26 07:00,2026-09-26,56.95576923076923,56,58,104,5923.4
gz-10-perimetro-paho,hrBodega,2026-09-26 13:00,2026-09-26 08:00,2026-09-26,55.48363636363637,53.3,57.8,110,6103.200000000001
gz-10-perimetro-paho,hrBodega,2026-09-26 14:00,2026-09-26 09:00,2026-09-26,57.21346153846154,52.6,58.6,104,5950.2
gz-10-perimetro-paho,hrBodega,2026-09-26 15:00,2026-09-26 10:00,2026-09-26,56.48877551020408,52.5,57.9,98,5535.9
gz-10-perimetro-paho,hrBodega,2026-09-26 16:00,2026-09-26 11:00,2026-09-26,54.708988764044946,53.1,57.9,89,4869.1
gz-10-perimetro-paho,hrBodega,2026-09-26 17:00,2026-09-26 12:00,2026-09-26,54.45287356321837,53.7,55.5,87,4737.399999999998
gz-10-perimetro-paho,hrBodega,2026-09-26 18:00,2026-09-26 13:00,2026-09-26,54.557142857142836,52.1,58,91,4964.699999999998
gz-10-perimetro-paho,hrBodega,2026-09-26 19:00,2026-09-26 14:00,2026-09-26,55.60439560439559,53.7,58,91,5059.999999999999
gz-10-perimetro-paho,hrBodega,2026-09-26 20:00,2026-09-26 15:00,2026-09-26,57.92558139534883,55.8,59.1,86,4981.599999999999
gz-10-perimetro-paho,hrBodega,2026-09-26 21:00,2026-09-26 16:00,2026-09-26,59.23411764705881,56.9,60.7,85,5034.899999999999
gz-10-perimetro-paho,hrBodega,2026-09-26 22:00,2026-09-26 17:00,2026-09-26,60.29680851063827,57.8,61.3,94,5667.899999999998
gz-10-perimetro-paho,hrBodega,2026-09-26 23:00,2026-09-26 18:00,2026-09-26,61.02906976744186,59.4,61.9,86,5248.5
gz-10-perimetro-paho,hrBodega,2026-09-27 00:00,2026-09-26 19:00,2026-09-26,63.30344827586205,61.9,66.3,87,5507.399999999999
gz-10-perimetro-paho,hrBodega,2026-09-27 01:00,2026-09-26 20:00,2026-09-26,62.88640776699032,60.4,66.3,103,6477.300000000003
gz-10-perimetro-paho,hrBodega,2026-09-27 02:00,2026-09-26 21:00,2026-09-26,61.280909090909084,59.5,62.5,110,6740.9
gz-10-perimetro-paho,hrBodega,2026-09-27 03:00,2026-09-26 22:00,2026-09-26,62.5122807017544,59.5,66.1,114,7126.4000000000015
gz-10-perimetro-paho,hrBodega,2026-09-27 04:00,2026-09-26 23:00,2026-09-26,61.214285714285715,59.1,65.4,105,6427.5
gz-10-perimetro-paho,hrBodega,2026-09-27 05:00,2026-09-27 00:00,2026-09-27,62.261061946902636,59,65.4,113,7035.499999999998
gz-10-perimetro-paho,hrBodega,2026-09-27 06:00,2026-09-27 01:00,2026-09-27,62.96875,60.5,64.6,112,7052.5
gz-10-perimetro-paho,hrBodega,2026-09-27 07:00,2026-09-27 02:00,2026-09-27,62.235185185185166,59.2,67,108,6721.399999999998
gz-10-perimetro-paho,hrBodega,2026-09-27 08:00,2026-09-27 03:00,2026-09-27,65.17244897959186,64.1,67,98,6386.900000000002
gz-10-perimetro-paho,hrBodega,2026-09-27 09:00,2026-09-27 04:00,2026-09-27,63.21759259259261,60.3,65,108,6827.500000000002
gz-10-perimetro-paho,hrBodega,2026-09-27 10:00,2026-09-27 05:00,2026-09-27,63.74095238095237,62.8,64.8,105,6692.799999999999
gz-10-perimetro-paho,hrBodega,2026-09-27 11:00,2026-09-27 06:00,2026-09-27,60.27047619047619,56.8,64,105,6328.4
gz-10-perimetro-paho,hrBodega,2026-09-27 12:00,2026-09-27 07:00,2026-09-27,59.13809523809525,56.8,60.2,105,6209.500000000001
gz-10-perimetro-paho,hrBodega,2026-09-27 13:00,2026-09-27 08:00,2026-09-27,57.83125000000004,55.1,60.4,96,5551.800000000004
gz-10-perimetro-paho,hrBodega,2026-09-27 14:00,2026-09-27 09:00,2026-09-27,55.144554455445515,52.7,56.7,101,5569.599999999997
gz-10-perimetro-paho,hrBodega,2026-09-27 15:00,2026-09-27 10:00,2026-09-27,54.63106796116505,53.3,57.4,103,5627
gz-10-perimetro-paho,hrBodega,2026-09-27 16:00,2026-09-27 11:00,2026-09-27,55.495370370370374,53.5,57.4,108,5993.5
gz-10-perimetro-paho,hrBodega,2026-09-27 17:00,2026-09-27 12:00,2026-09-27,53.553398058252434,50.9,55.5,103,5516.000000000001
gz-10-perimetro-paho,hrBodega,2026-09-27 18:00,2026-09-27 13:00,2026-09-27,52.11743119266053,50.8,54.5,109,5680.799999999998
gz-10-perimetro-paho,hrBodega,2026-09-27 19:00,2026-09-27 14:00,2026-09-27,54.387619047619026,53.2,56.9,105,5710.699999999998
gz-10-perimetro-paho,hrBodega,2026-09-27 20:00,2026-09-27 15:00,2026-09-27,57.77830188679244,55.7,58.8,106,6124.499999999999
gz-10-perimetro-paho,hrBodega,2026-09-27 21:00,2026-09-27 16:00,2026-09-27,58.59901960784314,55.7,61.9,102,5977.1
gz-10-perimetro-paho,hrBodega,2026-09-27 22:00,2026-09-27 17:00,2026-09-27,61.409433962264146,57.9,64.8,106,6509.4
gz-10-perimetro-paho,hrBodega,2026-09-27 23:00,2026-09-27 18:00,2026-09-27,63.55612244897954,62,65,98,6228.499999999995
gz-10-perimetro-paho,hrBodega,2026-09-28 00:00,2026-09-27 19:00,2026-09-27,62.54910714285715,60.6,64,112,7005.500000000001
gz-10-perimetro-paho,hrBodega,2026-09-28 01:00,2026-09-27 20:00,2026-09-27,62.563865546218466,60.6,62.9,119,7445.099999999998
gz-10-perimetro-paho,hrBodega,2026-09-28 02:00,2026-09-27 21:00,2026-09-27,62.51800000000002,61.4,63.7,100,6251.800000000002
gz-10-perimetro-paho,hrBodega,2026-09-28 03:00,2026-09-27 22:00,2026-09-27,64.67499999999998,62.3,66,104,6726.199999999999
gz-10-perimetro-paho,hrBodega,2026-09-28 04:00,2026-09-27 23:00,2026-09-27,64.6467889908257,62.8,65.7,109,7046.500000000002
gz-10-perimetro-paho,hrBodega,2026-09-28 05:00,2026-09-28 00:00,2026-09-28,62.25454545454545,59.3,66.1,99,6163.2
gz-10-perimetro-paho,hrBodega,2026-09-28 06:00,2026-09-28 01:00,2026-09-28,63.59126213592233,61.3,66.1,103,6549.9
gz-10-perimetro-paho,hrBodega,2026-09-28 07:00,2026-09-28 02:00,2026-09-28,63.07830188679246,61.7,64.9,106,6686.300000000001
gz-10-perimetro-paho,hrBodega,2026-09-28 08:00,2026-09-28 03:00,2026-09-28,64.92803738317758,62.8,66.8,107,6947.300000000001
gz-10-perimetro-paho,hrBodega,2026-09-28 09:00,2026-09-28 04:00,2026-09-28,63.96057692307693,61,66.1,104,6651.900000000001
gz-10-perimetro-paho,hrBodega,2026-09-28 10:00,2026-09-28 05:00,2026-09-28,64.60105263157895,64,65.6,95,6137.1
gz-10-perimetro-paho,hrBodega,2026-09-28 11:00,2026-09-28 06:00,2026-09-28,60.65,56.6,64.2,100,6065
gz-10-perimetro-paho,hrBodega,2026-09-28 12:00,2026-09-28 07:00,2026-09-28,59.002727272727284,56.6,61.3,110,6490.300000000001
gz-10-perimetro-paho,hrBodega,2026-09-28 13:00,2026-09-28 08:00,2026-09-28,57.38252427184466,53.6,61.3,103,5910.4
gz-10-perimetro-paho,hrBodega,2026-09-28 14:00,2026-09-28 09:00,2026-09-28,54.766019417475725,53.5,57.9,103,5640.9
gz-10-perimetro-paho,hrBodega,2026-09-28 15:00,2026-09-28 10:00,2026-09-28,53.01734693877551,50.6,54.1,98,5195.7
gz-10-perimetro-paho,hrBodega,2026-09-28 16:00,2026-09-28 11:00,2026-09-28,54.097142857142856,50.6,57.9,105,5680.2
gz-10-perimetro-paho,hrBodega,2026-09-28 17:00,2026-09-28 12:00,2026-09-28,55.042574257425734,53.4,57.9,101,5559.299999999999
gz-10-perimetro-paho,hrBodega,2026-09-28 18:00,2026-09-28 13:00,2026-09-28,52.208333333333336,51.3,53.4,108,5638.5
gz-10-perimetro-paho,hrBodega,2026-09-28 19:00,2026-09-28 14:00,2026-09-28,54.101941747572816,53.2,55.6,103,5572.5
gz-10-perimetro-paho,hrBodega,2026-09-28 20:00,2026-09-28 15:00,2026-09-28,58.905660377358494,53.7,61.1,106,6244
gz-10-perimetro-paho,hrBodega,2026-09-28 21:00,2026-09-28 16:00,2026-09-28,58.11203703703704,55.3,61.1,108,6276.1
gz-10-perimetro-paho,hrBodega,2026-09-28 22:00,2026-09-28 17:00,2026-09-28,62.04615384615385,57.4,65.7,104,6452.8
gz-10-perimetro-paho,hrBodega,2026-09-28 23:00,2026-09-28 18:00,2026-09-28,64.88272727272728,60.3,66.6,110,7137.1
gz-10-perimetro-paho,hrBodega,2026-09-29 00:00,2026-09-28 19:00,2026-09-28,64.755223880597,63.3,65.4,67,4338.599999999999
gz-10-perimetro-paho,nivelBateriaRespaldo,2026-09-22 03:00,2026-09-21 22:00,2026-09-21,86.48101265822785,86,87,79,6832
gz-10-perimetro-paho,nivelBateriaRespaldo,2026-09-22 04:00,2026-09-21 23:00,2026-09-21,86.96153846153847,86,89,104,9044
gz-10-perimetro-paho,nivelBateriaRespaldo,2026-09-22 05:00,2026-09-22 00:00,2026-09-22,90.375,89,91,96,8676
gz-10-perimetro-paho,nivelBateriaRespaldo,2026-09-22 06:00,2026-09-22 01:00,2026-09-22,92.0673076923077,91,93,104,9575
gz-10-perimetro-paho,nivelBateriaRespaldo,2026-09-22 07:00,2026-09-22 02:00,2026-09-22,93.77227722772277,93,94,101,9471
gz-10-perimetro-paho,nivelBateriaRespaldo,2026-09-22 08:00,2026-09-22 03:00,2026-09-22,91.64285714285714,87,94,112,10264
gz-10-perimetro-paho,nivelBateriaRespaldo,2026-09-22 09:00,2026-09-22 04:00,2026-09-22,81.91089108910892,79,87,101,8273
gz-10-perimetro-paho,nivelBateriaRespaldo,2026-09-22 10:00,2026-09-22 05:00,2026-09-22,82.1980198019802,79,87,101,8302
gz-10-perimetro-paho,nivelBateriaRespaldo,2026-09-22 11:00,2026-09-22 06:00,2026-09-22,93.26086956521739,88,96,115,10725
gz-10-perimetro-paho,nivelBateriaRespaldo,2026-09-22 12:00,2026-09-22 07:00,2026-09-22,95.03846153846153,94,96,104,9884
gz-10-perimetro-paho,nivelBateriaRespaldo,2026-09-22 13:00,2026-09-22 08:00,2026-09-22,91.97029702970298,91,94,101,9289
gz-10-perimetro-paho,nivelBateriaRespaldo,2026-09-22 14:00,2026-09-22 09:00,2026-09-22,89.13725490196079,85,91,102,9092
gz-10-perimetro-paho,nivelBateriaRespaldo,2026-09-22 15:00,2026-09-22 10:00,2026-09-22,81.61946902654867,80,85,113,9223
gz-10-perimetro-paho,nivelBateriaRespaldo,2026-09-22 16:00,2026-09-22 11:00,2026-09-22,82.1875,80,86,96,7890
gz-10-perimetro-paho,nivelBateriaRespaldo,2026-09-22 17:00,2026-09-22 12:00,2026-09-22,90.79047619047618,86,93,105,9533
gz-10-perimetro-paho,nivelBateriaRespaldo,2026-09-22 18:00,2026-09-22 13:00,2026-09-22,91.23655913978494,88,93,93,8485
gz-10-perimetro-paho,nivelBateriaRespaldo,2026-09-22 19:00,2026-09-22 14:00,2026-09-22,83.84042553191489,82,87,94,7881
gz-10-perimetro-paho,nivelBateriaRespaldo,2026-09-22 20:00,2026-09-22 15:00,2026-09-22,83.92553191489361,82,88,94,7889
gz-10-perimetro-paho,nivelBateriaRespaldo,2026-09-22 21:00,2026-09-22 16:00,2026-09-22,91.98901098901099,88,94,91,8371
gz-10-perimetro-paho,nivelBateriaRespaldo,2026-09-22 22:00,2026-09-22 17:00,2026-09-22,93.11,91,94,100,9311
gz-10-perimetro-paho,nivelBateriaRespaldo,2026-09-22 23:00,2026-09-22 18:00,2026-09-22,88.36274509803921,87,91,102,9013
gz-10-perimetro-paho,nivelBateriaRespaldo,2026-09-23 00:00,2026-09-22 19:00,2026-09-22,88.1743119266055,87,90,109,9611
gz-10-perimetro-paho,nivelBateriaRespaldo,2026-09-23 01:00,2026-09-22 20:00,2026-09-22,91.38775510204081,90,92,98,8956
gz-10-perimetro-paho,nivelBateriaRespaldo,2026-09-23 02:00,2026-09-22 21:00,2026-09-22,90.125,86,92,96,8652
gz-10-perimetro-paho,nivelBateriaRespaldo,2026-09-23 03:00,2026-09-22 22:00,2026-09-22,82.28865979381443,80,86,97,7982
gz-10-perimetro-paho,nivelBateriaRespaldo,2026-09-23 04:00,2026-09-22 23:00,2026-09-22,81.47572815533981,80,84,103,8392
gz-10-perimetro-paho,nivelBateriaRespaldo,2026-09-23 05:00,2026-09-23 00:00,2026-09-23,86.46666666666667,84,88,90,7782
gz-10-perimetro-paho,nivelBateriaRespaldo,2026-09-23 06:00,2026-09-23 01:00,2026-09-23,87,85,88,97,8439
gz-10-perimetro-paho,nivelBateriaRespaldo,2026-09-23 07:00,2026-09-23 02:00,2026-09-23,83.50485436893204,82,85,103,8601
gz-10-perimetro-paho,nivelBateriaRespaldo,2026-09-23 08:00,2026-09-23 03:00,2026-09-23,84.21875,82,87,96,8085
gz-10-perimetro-paho,nivelBateriaRespaldo,2026-09-23 09:00,2026-09-23 04:00,2026-09-23,90.56,88,92,100,9056
gz-10-perimetro-paho,nivelBateriaRespaldo,2026-09-23 10:00,2026-09-23 05:00,2026-09-23,91.66346153846153,90,92,104,9533
gz-10-perimetro-paho,nivelBateriaRespaldo,2026-09-23 11:00,2026-09-23 06:00,2026-09-23,89.09183673469387,88,90,98,8731
gz-10-perimetro-paho,nivelBateriaRespaldo,2026-09-23 12:00,2026-09-23 07:00,2026-09-23,87.47524752475248,86,88,101,8835
gz-10-perimetro-paho,nivelBateriaRespaldo,2026-09-23 13:00,2026-09-23 08:00,2026-09-23,84.59183673469387,84,86,98,8290
gz-10-perimetro-paho,nivelBateriaRespaldo,2026-09-23 14:00,2026-09-23 09:00,2026-09-23,83.41584158415841,83,84,101,8425
gz-10-perimetro-paho,nivelBateriaRespaldo,2026-09-23 15:00,2026-09-23 10:00,2026-09-23,82.10909090909091,82,83,110,9032
gz-10-perimetro-paho,nivelBateriaRespaldo,2026-09-23 16:00,2026-09-23 11:00,2026-09-23,83,82,85,96,7968
gz-10-perimetro-paho,nivelBateriaRespaldo,2026-09-23 17:00,2026-09-23 12:00,2026-09-23,87.28,85,89,100,8728
gz-10-perimetro-paho,nivelBateriaRespaldo,2026-09-23 18:00,2026-09-23 13:00,2026-09-23,88.14953271028037,87,89,107,9432
gz-10-perimetro-paho,nivelBateriaRespaldo,2026-09-23 19:00,2026-09-23 14:00,2026-09-23,86.67326732673267,86,87,101,8754
gz-10-perimetro-paho,nivelBateriaRespaldo,2026-09-23 20:00,2026-09-23 15:00,2026-09-23,85.63725490196079,85,86,102,8735
gz-10-perimetro-paho,nivelBateriaRespaldo,2026-09-23 21:00,2026-09-23 16:00,2026-09-23,83.44954128440367,83,85,109,9096
gz-10-perimetro-paho,nivelBateriaRespaldo,2026-09-23 22:00,2026-09-23 17:00,2026-09-23,83.38938053097345,83,84,113,9423
gz-10-perimetro-paho,nivelBateriaRespaldo,2026-09-23 23:00,2026-09-23 18:00,2026-09-23,85.33018867924528,84,86,106,9045
gz-10-perimetro-paho,nivelBateriaRespaldo,2026-09-24 00:00,2026-09-23 19:00,2026-09-23,87.73873873873873,86,91,111,9739
gz-10-perimetro-paho,nivelBateriaRespaldo,2026-09-24 01:00,2026-09-23 20:00,2026-09-23,94.40196078431373,91,96,102,9629
gz-10-perimetro-paho,nivelBateriaRespaldo,2026-09-24 02:00,2026-09-23 21:00,2026-09-23,94.02884615384616,90,96,104,9779
gz-10-perimetro-paho,nivelBateriaRespaldo,2026-09-24 03:00,2026-09-23 22:00,2026-09-23,86.53153153153153,84,90,111,9605
gz-10-perimetro-paho,nivelBateriaRespaldo,2026-09-24 04:00,2026-09-23 23:00,2026-09-23,85.02941176470588,84,86,102,8673
gz-10-perimetro-paho,nivelBateriaRespaldo,2026-09-24 05:00,2026-09-24 00:00,2026-09-24,87.49019607843137,86,88,102,8924
gz-10-perimetro-paho,nivelBateriaRespaldo,2026-09-24 06:00,2026-09-24 01:00,2026-09-24,88,88,88,100,8800
gz-10-perimetro-paho,nivelBateriaRespaldo,2026-09-24 07:00,2026-09-24 02:00,2026-09-24,87.16363636363636,87,88,110,9588
gz-10-perimetro-paho,nivelBateriaRespaldo,2026-09-24 08:00,2026-09-24 03:00,2026-09-24,88.21428571428571,87,90,112,9880
gz-10-perimetro-paho,nivelBateriaRespaldo,2026-09-24 09:00,2026-09-24 04:00,2026-09-24,92.39449541284404,90,94,109,10071
gz-10-perimetro-paho,nivelBateriaRespaldo,2026-09-24 10:00,2026-09-24 05:00,2026-09-24,94,94,94,100,9400
gz-10-perimetro-paho,nivelBateriaRespaldo,2026-09-24 11:00,2026-09-24 06:00,2026-09-24,94.54205607476635,94,95,107,10116
gz-10-perimetro-paho,nivelBateriaRespaldo,2026-09-24 12:00,2026-09-24 07:00,2026-09-24,92.59433962264151,89,95,106,9815
gz-10-perimetro-paho,nivelBateriaRespaldo,2026-09-24 13:00,2026-09-24 08:00,2026-09-24,85.02830188679245,83,89,106,9013
gz-10-perimetro-paho,nivelBateriaRespaldo,2026-09-24 14:00,2026-09-24 09:00,2026-09-24,85.11538461538461,83,89,104,8852
gz-10-perimetro-paho,nivelBateriaRespaldo,2026-09-24 15:00,2026-09-24 10:00,2026-09-24,92.7927927927928,89,95,111,10300
gz-10-perimetro-paho,nivelBateriaRespaldo,2026-09-24 16:00,2026-09-24 11:00,2026-09-24,93.02857142857142,89,95,105,9768
gz-10-perimetro-paho,nivelBateriaRespaldo,2026-09-24 17:00,2026-09-24 12:00,2026-09-24,85.81443298969072,84,89,97,8324
gz-10-perimetro-paho,nivelBateriaRespaldo,2026-09-24 18:00,2026-09-24 13:00,2026-09-24,85.32038834951456,84,88,103,8788
gz-10-perimetro-paho,nivelBateriaRespaldo,2026-09-24 19:00,2026-09-24 14:00,2026-09-24,90.55882352941177,88,92,102,9237
gz-10-perimetro-paho,nivelBateriaRespaldo,2026-09-24 20:00,2026-09-24 15:00,2026-09-24,90.16037735849056,87,92,106,9557
gz-10-perimetro-paho,nivelBateriaRespaldo,2026-09-24 21:00,2026-09-24 16:00,2026-09-24,83.64356435643565,82,87,101,8448
gz-10-perimetro-paho,nivelBateriaRespaldo,2026-09-24 22:00,2026-09-24 17:00,2026-09-24,83.08333333333333,82,86,96,7976
gz-10-perimetro-paho,nivelBateriaRespaldo,2026-09-24 23:00,2026-09-24 18:00,2026-09-24,88.16831683168317,86,90,101,8905
gz-10-perimetro-paho,nivelBateriaRespaldo,2026-09-25 00:00,2026-09-24 19:00,2026-09-24,88.68807339449542,87,90,109,9667
gz-10-perimetro-paho,nivelBateriaRespaldo,2026-09-25 01:00,2026-09-24 20:00,2026-09-24,85.72321428571429,85,87,112,9601
gz-10-perimetro-paho,nivelBateriaRespaldo,2026-09-25 02:00,2026-09-24 21:00,2026-09-24,84.73214285714286,84,85,112,9490
gz-10-perimetro-paho,nivelBateriaRespaldo,2026-09-25 03:00,2026-09-24 22:00,2026-09-24,84,84,84,106,8904
gz-10-perimetro-paho,nivelBateriaRespaldo,2026-09-25 04:00,2026-09-24 23:00,2026-09-24,83.26923076923077,82,84,104,8660
gz-10-perimetro-paho,nivelBateriaRespaldo,2026-09-25 05:00,2026-09-25 00:00,2026-09-25,81.43636363636364,81,82,110,8958
gz-10-perimetro-paho,nivelBateriaRespaldo,2026-09-25 06:00,2026-09-25 01:00,2026-09-25,82.63366336633663,81,85,101,8346
gz-10-perimetro-paho,nivelBateriaRespaldo,2026-09-25 07:00,2026-09-25 02:00,2026-09-25,88.30188679245283,85,90,106,9360
gz-10-perimetro-paho,nivelBateriaRespaldo,2026-09-25 08:00,2026-09-25 03:00,2026-09-25,90.8019801980198,90,92,101,9171
gz-10-perimetro-paho,nivelBateriaRespaldo,2026-09-25 09:00,2026-09-25 04:00,2026-09-25,93.9245283018868,92,95,106,9956
gz-10-perimetro-paho,nivelBateriaRespaldo,2026-09-25 10:00,2026-09-25 05:00,2026-09-25,95,95,95,103,9785
gz-10-perimetro-paho,nivelBateriaRespaldo,2026-09-25 11:00,2026-09-25 06:00,2026-09-25,95.94214876033058,95,96,121,11609
gz-10-perimetro-paho,nivelBateriaRespaldo,2026-09-25 12:00,2026-09-25 07:00,2026-09-25,96,96,96,102,9792
gz-10-perimetro-paho,nivelBateriaRespaldo,2026-09-25 13:00,2026-09-25 08:00,2026-09-25,95.18518518518519,95,96,108,10280
gz-10-perimetro-paho,nivelBateriaRespaldo,2026-09-25 14:00,2026-09-25 09:00,2026-09-25,93.01980198019803,89,95,101,9395
gz-10-perimetro-paho,nivelBateriaRespaldo,2026-09-25 15:00,2026-09-25 10:00,2026-09-25,85.75229357798165,84,89,109,9347
gz-10-perimetro-paho,nivelBateriaRespaldo,2026-09-25 16:00,2026-09-25 11:00,2026-09-25,85.71428571428571,84,89,105,9000
gz-10-perimetro-paho,nivelBateriaRespaldo,2026-09-25 17:00,2026-09-25 12:00,2026-09-25,92.78504672897196,89,95,107,9928
gz-10-perimetro-paho,nivelBateriaRespaldo,2026-09-25 18:00,2026-09-25 13:00,2026-09-25,93.5,91,95,104,9724
gz-10-perimetro-paho,nivelBateriaRespaldo,2026-09-25 19:00,2026-09-25 14:00,2026-09-25,89.25,88,91,108,9639
gz-10-perimetro-paho,nivelBateriaRespaldo,2026-09-25 20:00,2026-09-25 15:00,2026-09-25,87.13207547169812,85,88,106,9236
gz-10-perimetro-paho,nivelBateriaRespaldo,2026-09-25 21:00,2026-09-25 16:00,2026-09-25,83.79807692307692,83,85,104,8715
gz-10-perimetro-paho,nivelBateriaRespaldo,2026-09-25 22:00,2026-09-25 17:00,2026-09-25,84.16666666666667,83,86,96,8080
gz-10-perimetro-paho,nivelBateriaRespaldo,2026-09-25 23:00,2026-09-25 18:00,2026-09-25,88.69811320754717,86,90,106,9402
gz-10-perimetro-paho,nivelBateriaRespaldo,2026-09-26 00:00,2026-09-25 19:00,2026-09-25,88.21698113207547,85,90,106,9351
gz-10-perimetro-paho,nivelBateriaRespaldo,2026-09-26 01:00,2026-09-25 20:00,2026-09-25,81.1010101010101,79,85,99,8029
gz-10-perimetro-paho,nivelBateriaRespaldo,2026-09-26 02:00,2026-09-25 21:00,2026-09-25,79.70408163265306,79,81,98,7811
gz-10-perimetro-paho,nivelBateriaRespaldo,2026-09-26 03:00,2026-09-25 22:00,2026-09-25,82.18181818181819,81,83,99,8136
gz-10-perimetro-paho,nivelBateriaRespaldo,2026-09-26 04:00,2026-09-25 23:00,2026-09-25,83.89622641509433,83,86,106,8893
gz-10-perimetro-paho,nivelBateriaRespaldo,2026-09-26 05:00,2026-09-26 00:00,2026-09-26,88.02884615384616,86,89,104,9155
gz-10-perimetro-paho,nivelBateriaRespaldo,2026-09-26 06:00,2026-09-26 01:00,2026-09-26,88.08910891089108,86,89,101,8897
gz-10-perimetro-paho,nivelBateriaRespaldo,2026-09-26 07:00,2026-09-26 02:00,2026-09-26,84.63207547169812,84,86,106,8971
gz-10-perimetro-paho,nivelBateriaRespaldo,2026-09-26 08:00,2026-09-26 03:00,2026-09-26,83.13265306122449,83,84,98,8147
gz-10-perimetro-paho,nivelBateriaRespaldo,2026-09-26 09:00,2026-09-26 04:00,2026-09-26,82.20202020202021,82,83,99,8138
gz-10-perimetro-paho,nivelBateriaRespaldo,2026-09-26 10:00,2026-09-26 05:00,2026-09-26,81.63063063063063,81,82,111,9061
gz-10-perimetro-paho,nivelBateriaRespaldo,2026-09-26 11:00,2026-09-26 06:00,2026-09-26,80.29,80,81,100,8029
gz-10-perimetro-paho,nivelBateriaRespaldo,2026-09-26 12:00,2026-09-26 07:00,2026-09-26,80.25,80,81,104,8346
gz-10-perimetro-paho,nivelBateriaRespaldo,2026-09-26 13:00,2026-09-26 08:00,2026-09-26,81.54545454545455,81,82,110,8970
gz-10-perimetro-paho,nivelBateriaRespaldo,2026-09-26 14:00,2026-09-26 09:00,2026-09-26,82.95192307692308,82,85,104,8627
gz-10-perimetro-paho,nivelBateriaRespaldo,2026-09-26 15:00,2026-09-26 10:00,2026-09-26,86.88775510204081,85,88,98,8515
gz-10-perimetro-paho,nivelBateriaRespaldo,2026-09-26 16:00,2026-09-26 11:00,2026-09-26,87,85,88,89,7743
gz-10-perimetro-paho,nivelBateriaRespaldo,2026-09-26 17:00,2026-09-26 12:00,2026-09-26,83.28735632183908,82,85,87,7246
gz-10-perimetro-paho,nivelBateriaRespaldo,2026-09-26 18:00,2026-09-26 13:00,2026-09-26,83.56043956043956,82,86,91,7604
gz-10-perimetro-paho,nivelBateriaRespaldo,2026-09-26 19:00,2026-09-26 14:00,2026-09-26,88.21978021978022,86,90,91,8028
gz-10-perimetro-paho,nivelBateriaRespaldo,2026-09-26 20:00,2026-09-26 15:00,2026-09-26,87.96511627906976,85,90,86,7565
gz-10-perimetro-paho,nivelBateriaRespaldo,2026-09-26 21:00,2026-09-26 16:00,2026-09-26,82.65882352941176,81,85,85,7026
gz-10-perimetro-paho,nivelBateriaRespaldo,2026-09-26 22:00,2026-09-26 17:00,2026-09-26,81.48936170212765,81,82,94,7660
gz-10-perimetro-paho,nivelBateriaRespaldo,2026-09-26 23:00,2026-09-26 18:00,2026-09-26,82.72093023255815,82,83,86,7114
gz-10-perimetro-paho,nivelBateriaRespaldo,2026-09-27 00:00,2026-09-26 19:00,2026-09-26,82.8735632183908,82,83,87,7210
gz-10-perimetro-paho,nivelBateriaRespaldo,2026-09-27 01:00,2026-09-26 20:00,2026-09-26,82,82,82,103,8446
gz-10-perimetro-paho,nivelBateriaRespaldo,2026-09-27 02:00,2026-09-26 21:00,2026-09-26,82.65454545454546,82,84,110,9092
gz-10-perimetro-paho,nivelBateriaRespaldo,2026-09-27 03:00,2026-09-26 22:00,2026-09-26,85.87719298245614,84,87,114,9790
gz-10-perimetro-paho,nivelBateriaRespaldo,2026-09-27 04:00,2026-09-26 23:00,2026-09-26,87.03809523809524,87,88,105,9139
gz-10-perimetro-paho,nivelBateriaRespaldo,2026-09-27 05:00,2026-09-27 00:00,2026-09-27,88,88,88,113,9944
gz-10-perimetro-paho,nivelBateriaRespaldo,2026-09-27 06:00,2026-09-27 01:00,2026-09-27,86.71428571428571,84,88,112,9712
gz-10-perimetro-paho,nivelBateriaRespaldo,2026-09-27 07:00,2026-09-27 02:00,2026-09-27,81.48148148148148,80,84,108,8800
gz-10-perimetro-paho,nivelBateriaRespaldo,2026-09-27 08:00,2026-09-27 03:00,2026-09-27,80.23469387755102,80,81,98,7863
gz-10-perimetro-paho,nivelBateriaRespaldo,2026-09-27 09:00,2026-09-27 04:00,2026-09-27,81.6574074074074,81,82,108,8819
gz-10-perimetro-paho,nivelBateriaRespaldo,2026-09-27 10:00,2026-09-27 05:00,2026-09-27,82,82,82,105,8610
gz-10-perimetro-paho,nivelBateriaRespaldo,2026-09-27 11:00,2026-09-27 06:00,2026-09-27,82,82,82,105,8610
gz-10-perimetro-paho,nivelBateriaRespaldo,2026-09-27 12:00,2026-09-27 07:00,2026-09-27,83.19047619047619,82,85,105,8735
gz-10-perimetro-paho,nivelBateriaRespaldo,2026-09-27 13:00,2026-09-27 08:00,2026-09-27,87.375,85,89,96,8388
gz-10-perimetro-paho,nivelBateriaRespaldo,2026-09-27 14:00,2026-09-27 09:00,2026-09-27,86.94059405940594,84,89,101,8781
gz-10-perimetro-paho,nivelBateriaRespaldo,2026-09-27 15:00,2026-09-27 10:00,2026-09-27,81.19417475728156,80,84,103,8363
gz-10-perimetro-paho,nivelBateriaRespaldo,2026-09-27 16:00,2026-09-27 11:00,2026-09-27,82.76851851851852,80,88,108,8939
gz-10-perimetro-paho,nivelBateriaRespaldo,2026-09-27 17:00,2026-09-27 12:00,2026-09-27,93.41747572815534,88,96,103,9622
gz-10-perimetro-paho,nivelBateriaRespaldo,2026-09-27 18:00,2026-09-27 13:00,2026-09-27,96,96,96,109,10464
gz-10-perimetro-paho,nivelBateriaRespaldo,2026-09-27 19:00,2026-09-27 14:00,2026-09-27,95.3047619047619,95,96,105,10007
gz-10-perimetro-paho,nivelBateriaRespaldo,2026-09-27 20:00,2026-09-27 15:00,2026-09-27,93.56603773584905,91,95,106,9918
gz-10-perimetro-paho,nivelBateriaRespaldo,2026-09-27 21:00,2026-09-27 16:00,2026-09-27,88.1470588235294,87,91,102,8991
gz-10-perimetro-paho,nivelBateriaRespaldo,2026-09-27 22:00,2026-09-27 17:00,2026-09-27,87.88679245283019,87,90,106,9316
gz-10-perimetro-paho,nivelBateriaRespaldo,2026-09-27 23:00,2026-09-27 18:00,2026-09-27,92.26530612244898,90,94,98,9042
gz-10-perimetro-paho,nivelBateriaRespaldo,2026-09-28 00:00,2026-09-27 19:00,2026-09-27,93.49107142857143,93,94,112,10471
gz-10-perimetro-paho,nivelBateriaRespaldo,2026-09-28 01:00,2026-09-27 20:00,2026-09-27,93,93,93,119,11067
gz-10-perimetro-paho,nivelBateriaRespaldo,2026-09-28 02:00,2026-09-27 21:00,2026-09-27,91.03,88,93,100,9103
gz-10-perimetro-paho,nivelBateriaRespaldo,2026-09-28 03:00,2026-09-27 22:00,2026-09-27,84.21153846153847,82,88,104,8758
gz-10-perimetro-paho,nivelBateriaRespaldo,2026-09-28 04:00,2026-09-27 23:00,2026-09-27,81.92660550458716,81,82,109,8930
gz-10-perimetro-paho,nivelBateriaRespaldo,2026-09-28 05:00,2026-09-28 00:00,2026-09-28,80.75757575757575,80,81,99,7995
gz-10-perimetro-paho,nivelBateriaRespaldo,2026-09-28 06:00,2026-09-28 01:00,2026-09-28,81.10679611650485,80,82,103,8354
gz-10-perimetro-paho,nivelBateriaRespaldo,2026-09-28 07:00,2026-09-28 02:00,2026-09-28,83.45283018867924,82,84,106,8846
gz-10-perimetro-paho,nivelBateriaRespaldo,2026-09-28 08:00,2026-09-28 03:00,2026-09-28,86.25233644859813,84,90,107,9229
gz-10-perimetro-paho,nivelBateriaRespaldo,2026-09-28 09:00,2026-09-28 04:00,2026-09-28,93.76923076923077,90,96,104,9752
gz-10-perimetro-paho,nivelBateriaRespaldo,2026-09-28 10:00,2026-09-28 05:00,2026-09-28,93.77894736842106,90,96,95,8909
gz-10-perimetro-paho,nivelBateriaRespaldo,2026-09-28 11:00,2026-09-28 06:00,2026-09-28,85.99,84,90,100,8599
gz-10-perimetro-paho,nivelBateriaRespaldo,2026-09-28 12:00,2026-09-28 07:00,2026-09-28,84,84,84,110,9240
gz-10-perimetro-paho,nivelBateriaRespaldo,2026-09-28 13:00,2026-09-28 08:00,2026-09-28,83.10679611650485,83,84,103,8560
gz-10-perimetro-paho,nivelBateriaRespaldo,2026-09-28 14:00,2026-09-28 09:00,2026-09-28,83.58252427184466,83,84,103,8609
gz-10-perimetro-paho,nivelBateriaRespaldo,2026-09-28 15:00,2026-09-28 10:00,2026-09-28,84.64285714285714,84,85,98,8295
gz-10-perimetro-paho,nivelBateriaRespaldo,2026-09-28 16:00,2026-09-28 11:00,2026-09-28,86.74285714285715,85,90,105,9108
gz-10-perimetro-paho,nivelBateriaRespaldo,2026-09-28 17:00,2026-09-28 12:00,2026-09-28,93.66336633663366,90,96,101,9460
gz-10-perimetro-paho,nivelBateriaRespaldo,2026-09-28 18:00,2026-09-28 13:00,2026-09-28,94.08333333333333,92,96,108,10161
gz-10-perimetro-paho,nivelBateriaRespaldo,2026-09-28 19:00,2026-09-28 14:00,2026-09-28,89.2621359223301,88,92,103,9194
gz-10-perimetro-paho,nivelBateriaRespaldo,2026-09-28 20:00,2026-09-28 15:00,2026-09-28,89.18867924528301,88,92,106,9454
gz-10-perimetro-paho,nivelBateriaRespaldo,2026-09-28 21:00,2026-09-28 16:00,2026-09-28,93.87962962962963,92,95,108,10139
gz-10-perimetro-paho,nivelBateriaRespaldo,2026-09-28 22:00,2026-09-28 17:00,2026-09-28,92.14423076923077,87,95,104,9583
gz-10-perimetro-paho,nivelBateriaRespaldo,2026-09-28 23:00,2026-09-28 18:00,2026-09-28,81.73636363636363,79,87,110,8991
gz-10-perimetro-paho,nivelBateriaRespaldo,2026-09-29 00:00,2026-09-28 19:00,2026-09-28,79.32835820895522,79,80,67,5315
gz-10-perimetro-paho,tempBodega,2026-09-22 03:00,2026-09-21 22:00,2026-09-21,21.567088607594943,21.3,21.7,79,1703.8000000000004
gz-10-perimetro-paho,tempBodega,2026-09-22 04:00,2026-09-21 23:00,2026-09-21,21.82692307692307,21.3,22,104,2269.999999999999
gz-10-perimetro-paho,tempBodega,2026-09-22 05:00,2026-09-22 00:00,2026-09-22,21.60104166666665,21.3,22.1,96,2073.6999999999985
gz-10-perimetro-paho,tempBodega,2026-09-22 06:00,2026-09-22 01:00,2026-09-22,21.66249999999998,21.5,22,104,2252.899999999998
gz-10-perimetro-paho,tempBodega,2026-09-22 07:00,2026-09-22 02:00,2026-09-22,21.74554455445544,21.3,22,101,2196.2999999999993
gz-10-perimetro-paho,tempBodega,2026-09-22 08:00,2026-09-22 03:00,2026-09-22,21.55178571428574,21.1,22,112,2413.800000000003
gz-10-perimetro-paho,tempBodega,2026-09-22 09:00,2026-09-22 04:00,2026-09-22,21.672277227722756,21.1,21.9,101,2188.8999999999983
gz-10-perimetro-paho,tempBodega,2026-09-22 10:00,2026-09-22 05:00,2026-09-22,21.206930693069285,21,21.5,101,2141.899999999998
gz-10-perimetro-paho,tempBodega,2026-09-22 11:00,2026-09-22 06:00,2026-09-22,22.639130434782604,21.1,23.7,115,2603.4999999999995
gz-10-perimetro-paho,tempBodega,2026-09-22 12:00,2026-09-22 07:00,2026-09-22,24.34711538461541,23.8,25.3,104,2532.1000000000026
gz-10-perimetro-paho,tempBodega,2026-09-22 13:00,2026-09-22 08:00,2026-09-22,25.41881188118813,25,25.8,101,2567.300000000001
gz-10-perimetro-paho,tempBodega,2026-09-22 14:00,2026-09-22 09:00,2026-09-22,26.211764705882334,25.5,27.5,102,2673.599999999998
gz-10-perimetro-paho,tempBodega,2026-09-22 15:00,2026-09-22 10:00,2026-09-22,27.331858407079675,26.8,27.9,113,3088.500000000003
gz-10-perimetro-paho,tempBodega,2026-09-22 16:00,2026-09-22 11:00,2026-09-22,27.831250000000008,27.3,28.3,96,2671.8000000000006
gz-10-perimetro-paho,tempBodega,2026-09-22 17:00,2026-09-22 12:00,2026-09-22,27.999999999999996,27.5,28.3,105,2939.9999999999995
gz-10-perimetro-paho,tempBodega,2026-09-22 18:00,2026-09-22 13:00,2026-09-22,27.378494623655904,26.8,28,93,2546.199999999999
gz-10-perimetro-paho,tempBodega,2026-09-22 19:00,2026-09-22 14:00,2026-09-22,26.625531914893624,26.4,27,94,2502.8000000000006
gz-10-perimetro-paho,tempBodega,2026-09-22 20:00,2026-09-22 15:00,2026-09-22,25.801063829787232,24.8,26.7,94,2425.2999999999997
gz-10-perimetro-paho,tempBodega,2026-09-22 21:00,2026-09-22 16:00,2026-09-22,24.26043956043957,23.6,24.8,91,2207.7000000000007
gz-10-perimetro-paho,tempBodega,2026-09-22 22:00,2026-09-22 17:00,2026-09-22,22.726999999999997,22,23.5,100,2272.7
gz-10-perimetro-paho,tempBodega,2026-09-22 23:00,2026-09-22 18:00,2026-09-22,21.86176470588235,21.7,22,102,2229.8999999999996
gz-10-perimetro-paho,tempBodega,2026-09-23 00:00,2026-09-22 19:00,2026-09-22,21.70275229357796,21.4,21.9,109,2365.5999999999976
gz-10-perimetro-paho,tempBodega,2026-09-23 01:00,2026-09-22 20:00,2026-09-22,21.408163265306136,21.1,21.7,98,2098.0000000000014
gz-10-perimetro-paho,tempBodega,2026-09-23 02:00,2026-09-22 21:00,2026-09-22,21.221874999999986,21,21.8,96,2037.2999999999986
gz-10-perimetro-paho,tempBodega,2026-09-23 03:00,2026-09-22 22:00,2026-09-22,21.711340206185568,21.2,22,97,2106
gz-10-perimetro-paho,tempBodega,2026-09-23 04:00,2026-09-22 23:00,2026-09-22,21.54174757281554,21,22.1,103,2218.8000000000006
gz-10-perimetro-paho,tempBodega,2026-09-23 05:00,2026-09-23 00:00,2026-09-23,21.651111111111113,21.2,22.1,90,1948.6000000000004
gz-10-perimetro-paho,tempBodega,2026-09-23 06:00,2026-09-23 01:00,2026-09-23,21.373195876288673,21.1,21.9,97,2073.200000000001
gz-10-perimetro-paho,tempBodega,2026-09-23 07:00,2026-09-23 02:00,2026-09-23,21.216504854368935,21,21.4,103,2185.3
gz-10-perimetro-paho,tempBodega,2026-09-23 08:00,2026-09-23 03:00,2026-09-23,21.497916666666708,21.4,22,96,2063.800000000004
gz-10-perimetro-paho,tempBodega,2026-09-23 09:00,2026-09-23 04:00,2026-09-23,21.835999999999995,21.6,22,100,2183.5999999999995
gz-10-perimetro-paho,tempBodega,2026-09-23 10:00,2026-09-23 05:00,2026-09-23,21.248076923076926,21.1,21.6,104,2209.8
gz-10-perimetro-paho,tempBodega,2026-09-23 11:00,2026-09-23 06:00,2026-09-23,22.338775510204094,21.2,22.8,98,2189.200000000001
gz-10-perimetro-paho,tempBodega,2026-09-23 12:00,2026-09-23 07:00,2026-09-23,23.972277227722774,22.8,24.7,101,2421.2000000000003
gz-10-perimetro-paho,tempBodega,2026-09-23 13:00,2026-09-23 08:00,2026-09-23,25.548979591836755,24.7,26.2,98,2503.800000000002
gz-10-perimetro-paho,tempBodega,2026-09-23 14:00,2026-09-23 09:00,2026-09-23,26.313861386138626,25.6,26.6,101,2657.700000000001
gz-10-perimetro-paho,tempBodega,2026-09-23 15:00,2026-09-23 10:00,2026-09-23,27.429090909090895,26.6,27.8,110,3017.1999999999985
gz-10-perimetro-paho,tempBodega,2026-09-23 16:00,2026-09-23 11:00,2026-09-23,27.62916666666669,27.4,27.9,96,2652.4000000000024
gz-10-perimetro-paho,tempBodega,2026-09-23 17:00,2026-09-23 12:00,2026-09-23,27.533999999999974,27.4,27.7,100,2753.3999999999974
gz-10-perimetro-paho,tempBodega,2026-09-23 18:00,2026-09-23 13:00,2026-09-23,27.13364485981308,26.5,27.6,107,2903.2999999999997
gz-10-perimetro-paho,tempBodega,2026-09-23 19:00,2026-09-23 14:00,2026-09-23,26.734653465346536,26.5,26.9,101,2700.2000000000003
gz-10-perimetro-paho,tempBodega,2026-09-23 20:00,2026-09-23 15:00,2026-09-23,25.53137254901961,24.6,26.6,102,2604.2000000000003
gz-10-perimetro-paho,tempBodega,2026-09-23 21:00,2026-09-23 16:00,2026-09-23,23.898165137614694,23.5,24.6,109,2604.9000000000015
gz-10-perimetro-paho,tempBodega,2026-09-23 22:00,2026-09-23 17:00,2026-09-23,22.535398230088504,22,23.7,113,2546.500000000001
gz-10-perimetro-paho,tempBodega,2026-09-23 23:00,2026-09-23 18:00,2026-09-23,21.578301886792463,21.1,22,106,2287.300000000001
gz-10-perimetro-paho,tempBodega,2026-09-24 00:00,2026-09-23 19:00,2026-09-23,21.690990990990972,21.2,22.1,111,2407.699999999998
gz-10-perimetro-paho,tempBodega,2026-09-24 01:00,2026-09-23 20:00,2026-09-23,21.19999999999998,21,21.6,102,2162.3999999999983
gz-10-perimetro-paho,tempBodega,2026-09-24 02:00,2026-09-23 21:00,2026-09-23,21.544230769230772,21,21.8,104,2240.6000000000004
gz-10-perimetro-paho,tempBodega,2026-09-24 03:00,2026-09-23 22:00,2026-09-23,21.42522522522521,21.1,21.8,111,2378.199999999998
gz-10-perimetro-paho,tempBodega,2026-09-24 04:00,2026-09-23 23:00,2026-09-23,21.63725490196077,21.2,22.1,102,2206.9999999999986
gz-10-perimetro-paho,tempBodega,2026-09-24 05:00,2026-09-24 00:00,2026-09-24,21.154901960784336,20.9,21.6,102,2157.8000000000025
gz-10-perimetro-paho,tempBodega,2026-09-24 06:00,2026-09-24 01:00,2026-09-24,21.65599999999997,21.5,21.8,100,2165.599999999997
gz-10-perimetro-paho,tempBodega,2026-09-24 07:00,2026-09-24 02:00,2026-09-24,21.289999999999974,21,21.9,110,2341.8999999999974
gz-10-perimetro-paho,tempBodega,2026-09-24 08:00,2026-09-24 03:00,2026-09-24,21.680357142857154,21.5,21.9,112,2428.200000000001
gz-10-perimetro-paho,tempBodega,2026-09-24 09:00,2026-09-24 04:00,2026-09-24,21.637614678899105,21.2,22.1,109,2358.5000000000023
gz-10-perimetro-paho,tempBodega,2026-09-24 10:00,2026-09-24 05:00,2026-09-24,21.476000000000003,21.1,22.1,100,2147.6000000000004
gz-10-perimetro-paho,tempBodega,2026-09-24 11:00,2026-09-24 06:00,2026-09-24,22.42897196261682,21.1,23.6,107,2399.8999999999996
gz-10-perimetro-paho,tempBodega,2026-09-24 12:00,2026-09-24 07:00,2026-09-24,24.112264150943393,23.6,24.4,106,2555.8999999999996
gz-10-perimetro-paho,tempBodega,2026-09-24 13:00,2026-09-24 08:00,2026-09-24,25.034905660377373,24.3,25.6,106,2653.7000000000016
gz-10-perimetro-paho,tempBodega,2026-09-24 14:00,2026-09-24 09:00,2026-09-24,26.49903846153845,25.6,27.6,104,2755.8999999999987
gz-10-perimetro-paho,tempBodega,2026-09-24 15:00,2026-09-24 10:00,2026-09-24,27.94774774774775,27.6,28.1,111,3102.2000000000003
gz-10-perimetro-paho,tempBodega,2026-09-24 16:00,2026-09-24 11:00,2026-09-24,27.845714285714298,27.7,28.1,105,2923.800000000001
gz-10-perimetro-paho,tempBodega,2026-09-24 17:00,2026-09-24 12:00,2026-09-24,27.82783505154639,27.6,28.1,97,2699.2999999999997
gz-10-perimetro-paho,tempBodega,2026-09-24 18:00,2026-09-24 13:00,2026-09-24,27.469902912621368,26.5,28,103,2829.400000000001
gz-10-perimetro-paho,tempBodega,2026-09-24 19:00,2026-09-24 14:00,2026-09-24,26.36470588235293,26,26.7,102,2689.199999999999
gz-10-perimetro-paho,tempBodega,2026-09-24 20:00,2026-09-24 15:00,2026-09-24,25.41509433962264,24.5,26.6,106,2694
gz-10-perimetro-paho,tempBodega,2026-09-24 21:00,2026-09-24 16:00,2026-09-24,24.098019801980204,23.7,24.5,101,2433.9000000000005
gz-10-perimetro-paho,tempBodega,2026-09-24 22:00,2026-09-24 17:00,2026-09-24,22.893749999999997,22.3,23.6,96,2197.7999999999997
gz-10-perimetro-paho,tempBodega,2026-09-24 23:00,2026-09-24 18:00,2026-09-24,21.613861386138606,21.2,22.3,101,2182.999999999999
gz-10-perimetro-paho,tempBodega,2026-09-25 00:00,2026-09-24 19:00,2026-09-24,21.64311926605503,21.2,21.8,109,2359.0999999999985
gz-10-perimetro-paho,tempBodega,2026-09-25 01:00,2026-09-24 20:00,2026-09-24,21.19375000000004,20.9,21.4,112,2373.7000000000044
gz-10-perimetro-paho,tempBodega,2026-09-25 02:00,2026-09-24 21:00,2026-09-24,21.300892857142877,20.9,22,112,2385.700000000002
gz-10-perimetro-paho,tempBodega,2026-09-25 03:00,2026-09-24 22:00,2026-09-24,21.501886792452826,21.1,22,106,2279.1999999999994
gz-10-perimetro-paho,tempBodega,2026-09-25 04:00,2026-09-24 23:00,2026-09-24,21.450961538461513,21.1,21.8,104,2230.8999999999974
gz-10-perimetro-paho,tempBodega,2026-09-25 05:00,2026-09-25 00:00,2026-09-25,21.537272727272722,21.1,22.1,110,2369.0999999999995
gz-10-perimetro-paho,tempBodega,2026-09-25 06:00,2026-09-25 01:00,2026-09-25,21.44158415841584,21.1,21.7,101,2165.6
gz-10-perimetro-paho,tempBodega,2026-09-25 07:00,2026-09-25 02:00,2026-09-25,21.422641509433948,21,21.9,106,2270.7999999999984
gz-10-perimetro-paho,tempBodega,2026-09-25 08:00,2026-09-25 03:00,2026-09-25,21.209900990098987,21,21.7,101,2142.1999999999975
gz-10-perimetro-paho,tempBodega,2026-09-25 09:00,2026-09-25 04:00,2026-09-25,21.63207547169814,21.4,21.9,106,2293.0000000000027
gz-10-perimetro-paho,tempBodega,2026-09-25 10:00,2026-09-25 05:00,2026-09-25,21.868932038834995,21.8,21.9,103,2252.5000000000045
gz-10-perimetro-paho,tempBodega,2026-09-25 11:00,2026-09-25 06:00,2026-09-25,22.485123966942165,21.7,23.8,121,2720.700000000002
gz-10-perimetro-paho,tempBodega,2026-09-25 12:00,2026-09-25 07:00,2026-09-25,24.0843137254902,23.8,24.8,102,2456.6000000000004
gz-10-perimetro-paho,tempBodega,2026-09-25 13:00,2026-09-25 08:00,2026-09-25,25.68333333333334,24.8,26.5,108,2773.8000000000006
gz-10-perimetro-paho,tempBodega,2026-09-25 14:00,2026-09-25 09:00,2026-09-25,26.52871287128713,25.8,27.4,101,2679.4
gz-10-perimetro-paho,tempBodega,2026-09-25 15:00,2026-09-25 10:00,2026-09-25,27.265137614678885,27,27.7,109,2971.8999999999983
gz-10-perimetro-paho,tempBodega,2026-09-25 16:00,2026-09-25 11:00,2026-09-25,27.738095238095234,27.3,28.3,105,2912.4999999999995
gz-10-perimetro-paho,tempBodega,2026-09-25 17:00,2026-09-25 12:00,2026-09-25,27.724299065420542,27.6,28,107,2966.499999999998
gz-10-perimetro-paho,tempBodega,2026-09-25 18:00,2026-09-25 13:00,2026-09-25,27.549038461538466,26.7,28,104,2865.1000000000004
gz-10-perimetro-paho,tempBodega,2026-09-25 19:00,2026-09-25 14:00,2026-09-25,26.737962962962953,26.3,27.4,108,2887.699999999999
gz-10-perimetro-paho,tempBodega,2026-09-25 20:00,2026-09-25 15:00,2026-09-25,25.889622641509483,25.1,26.3,106,2744.300000000005
gz-10-perimetro-paho,tempBodega,2026-09-25 21:00,2026-09-25 16:00,2026-09-25,23.933653846153838,23.1,25.1,104,2489.099999999999
gz-10-perimetro-paho,tempBodega,2026-09-25 22:00,2026-09-25 17:00,2026-09-25,22.265625,21.6,23,96,2137.5
gz-10-perimetro-paho,tempBodega,2026-09-25 23:00,2026-09-25 18:00,2026-09-25,21.448113207547163,21.2,21.7,106,2273.499999999999
gz-10-perimetro-paho,tempBodega,2026-09-26 00:00,2026-09-25 19:00,2026-09-25,21.83679245283018,21.2,22.1,106,2314.6999999999994
gz-10-perimetro-paho,tempBodega,2026-09-26 01:00,2026-09-25 20:00,2026-09-25,21.25959595959596,20.9,21.7,99,2104.7
gz-10-perimetro-paho,tempBodega,2026-09-26 02:00,2026-09-25 21:00,2026-09-25,21.48877551020406,21.3,21.7,98,2105.899999999998
gz-10-perimetro-paho,tempBodega,2026-09-26 03:00,2026-09-25 22:00,2026-09-25,21.41515151515153,21.2,21.6,99,2120.1000000000013
gz-10-perimetro-paho,tempBodega,2026-09-26 04:00,2026-09-25 23:00,2026-09-25,21.383962264150924,21.2,21.6,106,2266.699999999998
gz-10-perimetro-paho,tempBodega,2026-09-26 05:00,2026-09-26 00:00,2026-09-26,21.715384615384608,21.4,22.1,104,2258.399999999999
gz-10-perimetro-paho,tempBodega,2026-09-26 06:00,2026-09-26 01:00,2026-09-26,21.407920792079207,21,21.9,101,2162.2
gz-10-perimetro-paho,tempBodega,2026-09-26 07:00,2026-09-26 02:00,2026-09-26,21.375471698113184,21.2,21.5,106,2265.7999999999975
gz-10-perimetro-paho,tempBodega,2026-09-26 08:00,2026-09-26 03:00,2026-09-26,21.80918367346938,21.4,22,98,2137.2999999999993
gz-10-perimetro-paho,tempBodega,2026-09-26 09:00,2026-09-26 04:00,2026-09-26,21.688888888888886,21.2,22.1,99,2147.2
gz-10-perimetro-paho,tempBodega,2026-09-26 10:00,2026-09-26 05:00,2026-09-26,21.531531531531527,21.2,22.1,111,2389.9999999999995
gz-10-perimetro-paho,tempBodega,2026-09-26 11:00,2026-09-26 06:00,2026-09-26,22.52500000000001,21.3,23.3,100,2252.500000000001
gz-10-perimetro-paho,tempBodega,2026-09-26 12:00,2026-09-26 07:00,2026-09-26,23.666346153846163,22.7,24.6,104,2461.300000000001
gz-10-perimetro-paho,tempBodega,2026-09-26 13:00,2026-09-26 08:00,2026-09-26,25.52363636363635,24.6,26,110,2807.5999999999985
gz-10-perimetro-paho,tempBodega,2026-09-26 14:00,2026-09-26 09:00,2026-09-26,26.88653846153849,26,27.6,104,2796.200000000003
gz-10-perimetro-paho,tempBodega,2026-09-26 15:00,2026-09-26 10:00,2026-09-26,27.252040816326524,26.8,27.6,98,2670.6999999999994
gz-10-perimetro-paho,tempBodega,2026-09-26 16:00,2026-09-26 11:00,2026-09-26,27.430337078651686,27.2,27.6,89,2441.3
gz-10-perimetro-paho,tempBodega,2026-09-26 17:00,2026-09-26 12:00,2026-09-26,28.151724137931016,27.5,28.4,87,2449.1999999999985
gz-10-perimetro-paho,tempBodega,2026-09-26 18:00,2026-09-26 13:00,2026-09-26,27.67582417582415,27.2,28.2,91,2518.4999999999977
gz-10-perimetro-paho,tempBodega,2026-09-26 19:00,2026-09-26 14:00,2026-09-26,26.7725274725275,26.2,27.4,91,2436.3000000000025
gz-10-perimetro-paho,tempBodega,2026-09-26 20:00,2026-09-26 15:00,2026-09-26,25.523255813953487,24.5,26.5,86,2195
gz-10-perimetro-paho,tempBodega,2026-09-26 21:00,2026-09-26 16:00,2026-09-26,24.26470588235293,23.3,24.8,85,2062.499999999999
gz-10-perimetro-paho,tempBodega,2026-09-26 22:00,2026-09-26 17:00,2026-09-26,22.63829787234044,21.9,23.4,94,2128.0000000000014
gz-10-perimetro-paho,tempBodega,2026-09-26 23:00,2026-09-26 18:00,2026-09-26,21.470930232558153,20.9,22.2,86,1846.5000000000011
gz-10-perimetro-paho,tempBodega,2026-09-27 00:00,2026-09-26 19:00,2026-09-26,21.403448275862065,21,21.6,87,1862.0999999999997
gz-10-perimetro-paho,tempBodega,2026-09-27 01:00,2026-09-26 20:00,2026-09-26,21.408737864077672,21.2,21.6,103,2205.1000000000004
gz-10-perimetro-paho,tempBodega,2026-09-27 02:00,2026-09-26 21:00,2026-09-26,21.45818181818183,21.3,22,110,2360.4000000000015
gz-10-perimetro-paho,tempBodega,2026-09-27 03:00,2026-09-26 22:00,2026-09-26,21.320175438596483,21,22,114,2430.499999999999
gz-10-perimetro-paho,tempBodega,2026-09-27 04:00,2026-09-26 23:00,2026-09-26,21.409523809523808,21.3,21.5,105,2248
gz-10-perimetro-paho,tempBodega,2026-09-27 05:00,2026-09-27 00:00,2026-09-27,21.119469026548668,20.9,21.4,113,2386.4999999999995
gz-10-perimetro-paho,tempBodega,2026-09-27 06:00,2026-09-27 01:00,2026-09-27,21.388392857142854,20.9,22,112,2395.4999999999995
gz-10-perimetro-paho,tempBodega,2026-09-27 07:00,2026-09-27 02:00,2026-09-27,21.853703703703715,21.6,22,108,2360.200000000001
gz-10-perimetro-paho,tempBodega,2026-09-27 08:00,2026-09-27 03:00,2026-09-27,21.658163265306133,21.6,21.8,98,2122.500000000001
gz-10-perimetro-paho,tempBodega,2026-09-27 09:00,2026-09-27 04:00,2026-09-27,21.571296296296282,21.3,21.9,108,2329.6999999999985
gz-10-perimetro-paho,tempBodega,2026-09-27 10:00,2026-09-27 05:00,2026-09-27,21.506666666666685,21.1,22,105,2258.200000000002
gz-10-perimetro-paho,tempBodega,2026-09-27 11:00,2026-09-27 06:00,2026-09-27,22.233333333333338,21.7,22.8,105,2334.5000000000005
gz-10-perimetro-paho,tempBodega,2026-09-27 12:00,2026-09-27 07:00,2026-09-27,24.128571428571433,22.8,24.9,105,2533.5000000000005
gz-10-perimetro-paho,tempBodega,2026-09-27 13:00,2026-09-27 08:00,2026-09-27,25.495833333333337,24.9,26.3,96,2447.6000000000004
gz-10-perimetro-paho,tempBodega,2026-09-27 14:00,2026-09-27 09:00,2026-09-27,26.50891089108912,26.1,27.2,101,2677.400000000001
gz-10-perimetro-paho,tempBodega,2026-09-27 15:00,2026-09-27 10:00,2026-09-27,27.477669902912623,26.9,28.1,103,2830.2000000000003
gz-10-perimetro-paho,tempBodega,2026-09-27 16:00,2026-09-27 11:00,2026-09-27,28.105555555555537,28,28.3,108,3035.399999999998
gz-10-perimetro-paho,tempBodega,2026-09-27 17:00,2026-09-27 12:00,2026-09-27,27.900970873786413,27.3,28.3,103,2873.8000000000006
gz-10-perimetro-paho,tempBodega,2026-09-27 18:00,2026-09-27 13:00,2026-09-27,27.41376146788996,26.8,27.8,109,2988.1000000000054
gz-10-perimetro-paho,tempBodega,2026-09-27 19:00,2026-09-27 14:00,2026-09-27,26.587619047619068,26,27.2,105,2791.700000000002
gz-10-perimetro-paho,tempBodega,2026-09-27 20:00,2026-09-27 15:00,2026-09-27,25.708490566037757,25.1,26.3,106,2725.100000000002
gz-10-perimetro-paho,tempBodega,2026-09-27 21:00,2026-09-27 16:00,2026-09-27,24.106862745098045,23.2,25.4,102,2458.9000000000005
gz-10-perimetro-paho,tempBodega,2026-09-27 22:00,2026-09-27 17:00,2026-09-27,22.890566037735816,21.8,23.3,106,2426.3999999999965
gz-10-perimetro-paho,tempBodega,2026-09-27 23:00,2026-09-27 18:00,2026-09-27,21.6030612244898,21.5,21.8,98,2117.1000000000004
gz-10-perimetro-paho,tempBodega,2026-09-28 00:00,2026-09-27 19:00,2026-09-27,21.495535714285747,21,22,112,2407.5000000000036
gz-10-perimetro-paho,tempBodega,2026-09-28 01:00,2026-09-27 20:00,2026-09-27,21.6159663865546,21.2,21.8,119,2572.2999999999975
gz-10-perimetro-paho,tempBodega,2026-09-28 02:00,2026-09-27 21:00,2026-09-27,21.343000000000004,20.9,21.6,100,2134.3
gz-10-perimetro-paho,tempBodega,2026-09-28 03:00,2026-09-27 22:00,2026-09-27,21.641346153846158,20.9,22.1,104,2250.7000000000003
gz-10-perimetro-paho,tempBodega,2026-09-28 04:00,2026-09-27 23:00,2026-09-27,21.548623853211012,21,21.8,109,2348.8
gz-10-perimetro-paho,tempBodega,2026-09-28 05:00,2026-09-28 00:00,2026-09-28,21.309090909090912,21,21.5,99,2109.6000000000004
gz-10-perimetro-paho,tempBodega,2026-09-28 06:00,2026-09-28 01:00,2026-09-28,21.300970873786408,21.1,21.9,103,2194
gz-10-perimetro-paho,tempBodega,2026-09-28 07:00,2026-09-28 02:00,2026-09-28,21.63679245283019,21,22,106,2293.5
gz-10-perimetro-paho,tempBodega,2026-09-28 08:00,2026-09-28 03:00,2026-09-28,21.749532710280373,21.6,21.9,107,2327.2
gz-10-perimetro-paho,tempBodega,2026-09-28 09:00,2026-09-28 04:00,2026-09-28,21.4375,20.9,21.9,104,2229.5
gz-10-perimetro-paho,tempBodega,2026-09-28 10:00,2026-09-28 05:00,2026-09-28,21.633684210526315,21.4,21.8,95,2055.2
gz-10-perimetro-paho,tempBodega,2026-09-28 11:00,2026-09-28 06:00,2026-09-28,22.13,21.5,22.9,100,2213
gz-10-perimetro-paho,tempBodega,2026-09-28 12:00,2026-09-28 07:00,2026-09-28,24.178181818181823,22.9,24.6,110,2659.6000000000004
gz-10-perimetro-paho,tempBodega,2026-09-28 13:00,2026-09-28 08:00,2026-09-28,25.35242718446602,24.2,26.4,103,2611.3
gz-10-perimetro-paho,tempBodega,2026-09-28 14:00,2026-09-28 09:00,2026-09-28,26.733009708737868,26.4,27.3,103,2753.5000000000005
gz-10-perimetro-paho,tempBodega,2026-09-28 15:00,2026-09-28 10:00,2026-09-28,27.353061224489796,26.7,28,98,2680.6
gz-10-perimetro-paho,tempBodega,2026-09-28 16:00,2026-09-28 11:00,2026-09-28,28.063809523809518,27.9,28.3,105,2946.6999999999994
gz-10-perimetro-paho,tempBodega,2026-09-28 17:00,2026-09-28 12:00,2026-09-28,27.91881188118812,27.8,28.1,101,2819.8
gz-10-perimetro-paho,tempBodega,2026-09-28 18:00,2026-09-28 13:00,2026-09-28,27.470370370370368,27,27.8,108,2966.7999999999997
gz-10-perimetro-paho,tempBodega,2026-09-28 19:00,2026-09-28 14:00,2026-09-28,26.559223300970874,26.2,27.7,103,2735.6
gz-10-perimetro-paho,tempBodega,2026-09-28 20:00,2026-09-28 15:00,2026-09-28,25.466037735849056,24.5,26.2,106,2699.4
gz-10-perimetro-paho,tempBodega,2026-09-28 21:00,2026-09-28 16:00,2026-09-28,24.389814814814812,23.9,24.5,108,2634.1
gz-10-perimetro-paho,tempBodega,2026-09-28 22:00,2026-09-28 17:00,2026-09-28,22.97692307692307,22.3,23.9,104,2389.5999999999995
gz-10-perimetro-paho,tempBodega,2026-09-28 23:00,2026-09-28 18:00,2026-09-28,21.46363636363637,21,22.2,110,2361.0000000000005
gz-10-perimetro-paho,tempBodega,2026-09-29 00:00,2026-09-28 19:00,2026-09-28,21.113432835820895,21,21.2,67,1414.6
